סמל ועדה,ברזל,שם ישוב,סמל ישוב,קלפי,ריכוז,שופט,בזב,מצביעים,פסולים,כשרים,מחל,נב,ל,דמ,שס,ג,ום,עם,ד,ט,עי,יר,כל
9,4135,אלוני יצחק,868,1.0,2,0,134,27,0,27,1,6,3,4,0,0,0,0,0,1,3,8,1
18,9808,הר עמשא,1261,1.0,1,0,140,102,0,102,4,33,4,22,0,2,0,0,0,0,3,30,4
18,9820,זרועה,2064,1.0,1,0,361,251,0,251,89,25,1,3,30,8,0,0,0,9,34,46,6
18,10420,יהל,1158,1.0,1,0,241,147,2,145,17,40,8,26,0,0,1,0,0,0,4,44,5
17,9516,קוממיות,766,1.0,3,0,277,220,0,220,2,0,0,0,12,193,0,0,0,0,13,0,0
17,9602,אחווה,1157,1.0,1,0,195,151,0,151,15,47,5,27,2,4,0,0,0,4,4,36,7
18,10415,אילות,1126,1.0,1,0,297,191,0,191,8,31,6,62,4,2,0,0,0,2,2,69,5
17,9479,אליאב,1365,1.0,1,0,356,309,1,308,20,64,9,71,0,4,0,0,0,17,16,103,4
18,9818,גבעולים,2014,1.0,2,0,340,257,1,256,92,11,0,0,41,12,0,0,0,14,59,23,4
17,9487,ורדון,1133,1.0,2,0,230,165,0,165,43,19,4,12,18,1,0,0,0,3,24,34,7
17,9489,זוהר,44,1.0,1,0,272,188,0,188,63,19,6,4,33,6,0,0,0,10,13,33,1
17,9496,כרמי קטיף,1374,1.0,1,0,361,284,1,283,49,12,0,0,3,0,0,0,0,48,116,46,9
18,10423,לוטן,1255,1.0,1,0,192,110,0,110,8,24,8,33,0,0,3,0,0,0,1,32,1
17,9647,מחנה מרים,1414,1.0,1,0,89,52,0,52,4,11,3,6,0,0,0,0,0,4,5,17,2
18,9823,מלילות,2044,1.0,1,0,318,241,1,240,94,10,1,11,36,15,0,0,0,10,47,13,3
18,9810,מעון,3657,1.0,1,0,328,230,0,230,39,14,0,0,0,4,0,0,0,44,61,67,1
17,9508,נועם,15,1.0,1,0,340,247,3,244,105,11,1,1,40,3,0,0,0,14,48,18,3
18,10426,סמר,1156,1.0,1,0,257,149,0,149,1,28,3,79,0,0,13,0,0,0,0,24,1
18,10428,שחרות,1266,1.0,1,0,162,90,0,90,2,28,8,22,0,0,1,0,0,0,2,22,5
18,9881,שיבולים,865,1.0,2,0,303,214,0,214,84,14,1,4,23,2,0,3,0,7,33,35,8
9,3909,שער מנשה,921,1.0,1,0,142,22,1,21,5,2,2,2,5,0,1,0,0,0,0,3,1
18,9882,שרשרת,398,1.0,2,0,301,211,0,211,67,20,3,3,36,4,0,0,0,21,29,27,1
17,9603,איבים,338,1.0,1,0,202,66,0,66,22,9,4,2,2,0,0,0,0,9,6,10,2
18,10416,אליפז,1248,1.0,1,0,130,92,1,91,5,26,13,17,0,0,1,0,0,0,0,26,3
18,9927,אשל הנשיא,2021,1.0,2,0,119,67,0,67,23,5,14,1,0,0,0,0,0,1,5,17,1
17,9616,ברור חיל,428,1.1,1,0,420,286,1,285,23,66,18,48,0,0,8,1,0,1,10,96,14
17,9617,ברור חיל,428,1.2,1,0,419,291,0,291,22,83,13,78,0,0,0,0,0,3,5,82,5
18,10419,גרופית,1129,1.0,1,0,314,186,0,186,16,53,18,41,0,0,1,0,0,0,6,43,8
18,10424,מחנה יוכבד,1416,1.0,1,0,116,60,0,60,11,12,5,1,2,1,0,0,0,1,5,19,3
18,10425,נאות סמדר,1197,1.0,1,0,288,179,0,179,8,48,3,57,1,0,3,0,0,0,0,56,3
18,9937,פדויים,750,1.0,1,0,373,260,1,259,64,33,0,15,40,4,0,0,0,16,36,47,4
18,9942,שבי דרום,1377,1.0,1,0,183,154,2,152,15,10,0,0,1,1,0,0,0,32,61,32,0
18,9880,שוקדה,415,1.0,1,0,325,256,0,256,94,33,0,1,25,12,0,0,0,14,44,32,1
20,11348,אבטליון,1275,1.0,1,0,347,274,0,274,6,65,23,83,0,0,3,5,0,0,0,80,9
5,1733,ברק,141,1.0,1,0,319,230,1,229,40,25,10,15,7,9,0,0,0,11,27,69,16
5,1735,גדיש,145,1.0,1,0,304,205,1,204,86,18,1,2,17,4,0,0,0,16,28,24,8
5,1736,גדעונה,442,1.0,1,0,344,236,1,235,69,33,0,15,5,22,0,0,0,11,23,52,5
5,2160,כפר גדעון,106,1.0,2,0,227,158,0,158,17,4,1,2,34,44,0,0,0,11,31,12,2
8,3273,כפר גלים,427,1.0,1,0,125,72,1,71,16,12,8,5,0,2,0,0,0,1,3,20,4
8,3357,כפר חסידים ב,889,1.0,2,0,243,163,1,162,29,13,11,19,11,2,0,0,0,17,18,39,3
18,9809,כרמל,3656,1.0,1,0,310,217,0,217,17,11,0,0,3,1,0,0,0,72,76,37,0
5,2163,מחנה יהודית,1413,1.0,1,0,146,105,0,105,20,16,6,13,1,0,0,0,0,2,6,36,5
5,1775,מלאה,164,1.0,1,0,298,216,0,216,75,27,6,8,22,7,0,0,0,11,26,29,5
4,1537,מצפה,58,1.0,1,0,121,92,0,92,17,24,4,11,1,0,0,0,0,3,2,23,7
5,1782,נורית,833,1.0,1,0,159,124,0,124,9,24,3,10,10,0,1,0,0,4,10,46,7
18,9878,עלומים,1146,1.0,2,0,373,257,3,254,29,40,5,19,8,2,0,0,0,36,53,55,7
5,1789,פרזון,2053,1.0,1,0,358,245,2,243,76,20,0,1,36,17,9,0,0,19,20,41,4
18,9944,תאשור,2062,1.0,1,0,332,237,0,237,48,67,4,20,5,10,0,0,0,5,17,53,8
5,1731,אדירים,113,1.0,1,0,253,180,1,179,36,8,4,2,79,3,0,0,0,1,28,15,3
5,2093,בית זיד,353,1.0,3,0,116,80,1,79,0,19,1,25,2,0,0,0,0,0,0,27,5
4,1559,גשור,4022,1.0,1,0,257,171,0,171,9,23,8,29,0,0,0,0,0,3,7,89,3
5,1741,דבורה,146,1.0,1,0,243,153,0,153,19,22,10,24,2,1,0,0,0,1,9,58,7
4,1563,האון,702,1.0,1,0,169,94,0,94,12,25,8,15,2,0,2,0,0,0,1,20,9
19,11115,ירקונה,183,1.0,1,0,332,253,0,253,15,95,13,31,0,0,1,0,0,1,13,66,18
6,2782,כישור,1153,1.0,1,0,141,109,2,107,3,23,13,18,0,0,0,0,0,0,0,45,5
8,3467,כפר המכבי,254,1.0,1,0,347,266,0,266,23,70,29,48,0,0,0,0,0,1,2,69,24
19,10871,כפר מלל,98,1.0,1,0,293,234,0,234,6,60,6,91,0,1,0,0,0,0,1,64,5
17,9642,כפר סילבר,107,1.0,2,0,91,31,0,31,1,6,2,5,0,0,0,0,0,2,1,13,1
6,2794,לפידות,1173,1.0,1,0,127,93,0,93,33,13,0,2,13,3,0,0,0,5,7,15,2
4,1577,מסדה,263,1.0,1,0,312,202,0,202,10,44,16,29,0,0,4,0,0,2,9,81,7
16,8835,מקווה ישראל,22,1.0,1,0,169,120,0,120,7,22,4,21,1,1,0,0,0,5,14,42,3
6,2795,מתת,1184,1.0,1,0,191,117,0,117,8,30,9,39,3,0,0,0,0,1,4,23,0
19,11118,עדנים,2035,1.0,1,0,315,245,0,245,6,69,18,36,0,0,3,5,0,2,3,96,7
17,9513,עוזה,826,1.0,1,0,368,269,1,268,63,21,0,1,99,9,0,0,0,27,23,17,8
19,11026,צור נתן,1148,1.0,2,0,245,170,0,170,50,42,6,6,2,3,0,0,0,1,2,38,20
17,9525,שקף,1233,1.0,1,0,347,287,0,287,15,57,19,61,0,0,0,0,0,1,6,108,20
6,2759,אבירים,1220,1.0,1,0,253,175,2,173,1,24,11,77,0,0,1,0,0,1,3,41,14
2,1143,אדורה,3759,1.0,1,0,284,213,1,212,40,23,14,5,10,1,0,0,0,27,47,43,2
5,1633,אחוזת ברק,1330,1.0,1,0,528,360,1,359,81,56,6,28,0,0,0,0,0,15,32,130,11
5,1634,אחוזת ברק,1330,4.1,3,0,732,537,3,534,124,115,31,31,4,0,0,0,0,22,38,157,12
5,1635,אחוזת ברק,1330,4.2,3,0,731,527,0,527,143,64,17,66,9,14,0,0,0,2,78,88,46
4,1505,אלומות,330,1.0,1,0,358,253,1,252,28,63,17,66,1,0,0,0,0,1,5,59,12
4,1506,אלמגור,1125,1.0,1,0,322,252,0,252,11,73,2,22,0,0,3,0,0,0,1,115,25
6,2704,אלקוש,603,1.0,1,0,275,172,0,172,59,17,1,0,19,1,0,0,0,12,28,32,3
17,9480,אמציה,23,1.0,1,0,160,110,0,110,17,23,6,9,0,0,0,0,0,7,15,31,2
4,1550,אפיק,4301,1.0,1,0,290,215,2,213,4,52,22,42,3,0,0,0,0,14,7,65,4
10,4716,ארסוף,1324,1.0,1,0,158,90,0,90,8,19,6,12,3,0,0,0,0,0,3,37,2
17,9089,אשדוד,70,1.1,102,0,672,282,0,282,56,42,15,1,56,0,0,0,3,13,22,62,12
17,9090,אשדוד,70,1.2,102,0,672,201,0,201,41,17,31,10,9,8,0,2,0,3,19,53,8
17,9091,אשדוד,70,1.3,102,0,672,256,4,252,66,34,21,7,38,4,0,0,0,8,20,51,3
17,9092,אשדוד,70,1.4,102,0,669,207,8,199,34,55,37,9,6,1,0,0,0,21,5,27,4
17,9094,אשדוד,70,5.0,2,0,717,359,16,343,94,30,37,13,60,12,0,0,0,8,23,53,13
17,9095,אשדוד,70,7.0,2,0,614,308,1,307,69,44,69,2,28,25,0,0,0,5,15,41,9
17,9096,אשדוד,70,8.1,31,0,541,219,3,216,67,17,25,8,34,4,0,0,0,5,7,28,21
17,9097,אשדוד,70,8.2,31,0,540,218,4,214,51,18,24,7,26,10,0,0,0,6,9,50,13
17,9098,אשדוד,70,9.1,32,0,613,386,2,384,56,33,2,2,209,37,0,0,0,7,15,19,4
17,9099,אשדוד,70,9.2,32,0,613,407,0,407,62,21,17,4,218,52,0,0,0,0,4,27,2
17,9100,אשדוד,70,9.3,32,0,612,392,3,389,56,26,34,4,143,78,0,0,0,6,15,27,0
17,9101,אשדוד,70,10.0,25,0,573,244,6,238,81,26,39,0,30,6,0,0,0,2,15,36,3
17,9102,אשדוד,70,11.0,6,0,561,252,0,252,108,41,21,1,21,2,0,0,0,1,23,20,14
17,9103,אשדוד,70,12.0,49,0,608,215,3,212,56,18,35,3,28,11,0,0,0,13,7,39,2
17,9104,אשדוד,70,13.0,11,0,655,271,0,271,78,13,34,1,91,8,0,0,0,2,16,16,12
17,9105,אשדוד,70,14.0,88,0,517,244,1,243,68,20,40,4,47,5,3,0,0,1,12,39,4
17,9106,אשדוד,70,15.0,71,0,530,300,3,297,71,40,19,8,41,1,0,1,0,10,31,66,9
17,9107,אשדוד,70,19.0,21,0,679,219,3,216,62,29,32,4,25,5,0,0,0,11,12,30,6
17,9108,אשדוד,70,20.0,35,0,723,385,9,376,94,55,24,9,104,7,0,0,0,11,22,33,17
17,9109,אשדוד,70,21.0,22,0,553,360,0,360,93,48,14,26,29,6,0,0,0,29,30,81,4
17,9110,אשדוד,70,22.0,6,0,534,235,1,234,55,19,18,7,43,1,0,0,0,13,32,27,19
17,9111,אשדוד,70,24.1,4,0,747,474,2,472,86,10,9,0,199,94,0,0,0,20,31,19,4
17,9112,אשדוד,70,24.2,4,0,747,509,3,506,79,10,13,5,143,199,1,2,0,13,22,17,2
17,9113,אשדוד,70,24.3,4,0,747,498,1,497,44,17,9,1,197,183,0,0,0,1,25,20,0
17,9114,אשדוד,70,24.4,4,0,747,468,2,466,63,10,7,5,50,284,0,0,0,2,12,20,13
17,9115,אשדוד,70,26.0,27,0,592,340,4,336,62,27,36,0,52,76,0,0,0,7,24,46,6
17,9116,אשדוד,70,28.0,36,0,534,293,3,290,47,30,10,27,29,33,0,0,0,3,37,67,7
17,9117,אשדוד,70,29.0,11,0,686,310,4,306,53,28,25,3,48,26,1,0,0,27,35,53,7
17,9118,אשדוד,70,30.0,78,0,643,544,4,540,75,2,0,0,344,78,0,0,0,2,39,0,0
17,9119,אשדוד,70,31.0,12,0,627,414,2,412,39,12,0,0,232,50,0,0,0,1,56,19,3
17,9120,אשדוד,70,33.0,12,0,688,389,6,383,44,31,20,14,141,49,0,0,0,11,23,46,4
17,9121,אשדוד,70,34.1,79,0,674,436,3,433,61,6,4,5,164,130,0,0,0,1,21,29,12
17,9122,אשדוד,70,34.2,79,0,674,465,2,463,54,24,16,1,109,165,0,0,0,3,50,19,22
17,9123,אשדוד,70,34.3,79,0,674,469,0,469,25,7,19,0,180,198,0,0,0,15,14,11,0
17,9124,אשדוד,70,34.4,79,0,674,461,6,455,48,4,9,0,190,181,0,0,0,2,6,15,0
17,9125,אשדוד,70,34.5,79,0,674,436,1,435,88,11,7,0,124,95,0,0,1,5,62,35,7
17,9126,אשדוד,70,34.6,79,0,674,457,2,455,31,32,34,0,127,158,0,0,0,3,38,28,4
17,9127,אשדוד,70,34.7,79,0,671,460,2,458,32,8,25,11,46,281,0,0,0,26,21,8,0
17,9128,אשדוד,70,38.1,84,0,743,328,3,325,85,25,46,7,66,8,0,0,0,6,23,38,21
17,9129,אשדוד,70,38.2,84,0,743,271,2,269,106,24,26,28,33,1,0,0,0,3,16,30,2
17,9130,אשדוד,70,39.0,25,0,565,271,3,268,49,37,34,19,42,1,3,0,2,2,18,54,7
17,9131,אשדוד,70,40.0,21,0,503,194,2,192,38,19,31,7,16,3,0,0,0,4,28,41,5
17,9132,אשדוד,70,41.0,25,0,498,243,0,243,47,25,29,4,60,2,0,0,0,3,25,40,8
17,9133,אשדוד,70,42.0,21,0,514,241,0,241,76,18,52,5,22,16,0,0,0,3,20,25,4
17,9134,אשדוד,70,43.0,25,0,513,233,3,230,34,42,27,5,33,11,0,0,0,6,10,47,15
17,9135,אשדוד,70,45.1,26,0,635,384,0,384,149,53,1,11,31,7,0,0,0,24,56,46,6
17,9136,אשדוד,70,45.2,26,0,635,363,2,361,70,61,9,27,26,18,0,0,0,4,52,84,10
17,9137,אשדוד,70,45.3,26,0,635,376,3,373,86,62,21,12,7,7,1,0,0,30,22,103,22
17,9138,אשדוד,70,45.4,26,0,632,333,5,328,71,45,23,44,26,12,0,0,0,8,30,53,16
17,9139,אשדוד,70,46.0,16,0,592,295,5,290,64,44,27,6,37,4,0,0,0,3,39,60,6
17,9140,אשדוד,70,48.0,18,1,519,286,1,285,39,7,17,2,21,161,0,0,0,0,16,21,1
17,9141,אשדוד,70,49.0,18,0,689,397,3,394,59,40,56,2,55,82,0,0,0,4,22,70,4
17,9142,אשדוד,70,53.1,17,1,641,414,3,411,74,50,17,1,130,13,0,0,0,21,32,61,12
17,9143,אשדוד,70,53.2,17,0,641,370,5,365,66,44,57,11,86,8,0,0,0,8,24,55,6
17,9144,אשדוד,70,53.3,17,0,641,411,3,408,123,57,16,4,61,4,0,11,0,20,26,69,17
17,9145,אשדוד,70,53.4,17,0,641,406,2,404,70,36,39,25,71,12,0,0,0,14,52,64,21
17,9146,אשדוד,70,53.5,17,0,641,389,3,386,61,81,50,2,40,26,1,0,0,23,38,34,30
17,9147,אשדוד,70,53.6,17,0,635,374,2,372,74,44,38,20,31,8,2,0,0,10,64,78,3
17,9148,אשדוד,70,58.0,1,0,661,341,3,338,18,23,47,3,73,104,0,0,0,14,23,17,16
17,9149,אשדוד,70,59.0,1,0,513,354,4,350,19,30,5,0,108,123,0,0,0,2,39,24,0
17,9150,אשדוד,70,61.0,71,0,541,233,2,231,71,21,13,2,33,8,0,0,0,14,41,20,8
17,9151,אשדוד,70,62.0,78,1,571,399,0,399,44,5,12,2,135,151,0,0,0,1,28,16,5
17,9152,אשדוד,70,63.0,1,0,644,457,1,456,96,11,10,0,115,120,0,0,3,34,44,19,4
17,9153,אשדוד,70,65.1,45,0,733,431,0,431,109,49,31,26,91,3,0,0,0,10,36,58,18
17,9154,אשדוד,70,65.2,45,0,733,393,3,390,100,57,29,4,56,11,0,0,0,18,36,71,8
17,9155,אשדוד,70,65.3,45,0,733,398,1,397,87,87,30,5,53,12,0,0,0,19,23,65,16
17,9156,אשדוד,70,65.4,45,0,730,376,3,373,88,58,43,24,53,4,0,0,0,10,35,49,9
17,9157,אשדוד,70,66.0,22,0,614,398,2,396,156,40,23,18,30,8,0,0,0,13,39,60,9
17,9158,אשדוד,70,68.0,66,0,651,353,5,348,65,44,50,21,30,6,0,0,0,9,47,69,7
17,9159,אשדוד,70,71.0,18,0,486,286,4,282,42,25,15,4,72,72,0,0,0,8,17,19,8
17,9160,אשדוד,70,72.0,27,0,528,275,2,273,66,32,26,2,59,24,0,0,0,8,19,36,1
17,9161,אשדוד,70,73.0,18,0,505,335,3,332,24,10,1,0,121,141,0,0,0,4,15,16,0
17,9162,אשדוד,70,74.0,27,0,658,455,4,451,85,34,2,1,99,115,0,3,0,7,33,55,17
17,9163,אשדוד,70,75.1,24,0,643,328,5,323,79,16,16,2,78,81,0,0,0,4,20,20,7
17,9164,אשדוד,70,75.2,24,0,643,342,2,340,113,25,16,0,87,58,0,0,0,1,18,18,4
17,9165,אשדוד,70,75.3,24,0,643,347,2,345,35,30,41,3,107,57,0,0,0,14,25,33,0
17,9166,אשדוד,70,75.4,24,0,643,337,3,334,41,30,22,1,124,57,0,0,0,2,30,24,3
17,9167,אשדוד,70,75.5,24,0,639,359,3,356,46,16,36,3,91,119,0,0,0,6,5,30,4
17,9168,אשדוד,70,79.1,40,0,732,450,4,446,119,47,16,22,70,18,0,0,0,11,27,105,11
17,9169,אשדוד,70,79.2,40,0,732,454,2,452,99,85,41,23,54,15,0,0,0,8,49,69,9
17,9170,אשדוד,70,79.3,40,0,732,490,2,488,111,42,28,13,89,18,0,0,0,42,49,86,10
17,9171,אשדוד,70,79.4,40,0,732,453,3,450,132,47,47,27,33,16,0,0,0,34,46,63,5
17,9172,אשדוד,70,79.5,40,0,732,455,3,452,132,31,92,6,33,18,0,0,0,9,18,111,2
17,9173,אשדוד,70,80.0,22,0,541,262,2,260,77,19,34,3,27,6,0,0,0,15,50,22,7
17,9174,אשדוד,70,81.0,22,0,668,413,6,407,90,84,20,33,49,5,0,0,0,17,41,58,10
17,9175,אשדוד,70,82.0,46,0,616,348,2,346,104,30,6,29,60,6,0,0,0,2,33,59,17
17,9176,אשדוד,70,86.0,46,0,671,354,3,351,73,64,34,6,45,15,0,0,0,8,58,44,4
17,9177,אשדוד,70,88.0,16,0,571,252,6,246,54,36,33,9,26,6,0,0,0,1,10,60,11
17,9178,אשדוד,70,89.0,47,0,529,324,0,324,83,74,28,20,17,0,0,0,0,12,19,67,4
17,9179,אשדוד,70,93.0,16,0,619,369,5,364,118,39,37,9,26,13,0,0,0,19,12,53,38
17,9180,אשדוד,70,94.0,7,0,500,259,3,256,60,22,10,0,62,44,0,0,0,5,26,16,11
17,9181,אשדוד,70,95.0,7,0,583,347,3,344,79,21,10,0,61,121,0,0,0,5,22,24,1
17,9182,אשדוד,70,97.0,7,0,531,259,0,259,49,32,21,0,45,15,0,0,0,9,54,29,5
17,9183,אשדוד,70,99.0,51,0,651,397,1,396,80,28,37,9,111,5,0,0,0,20,42,60,4
17,9184,אשדוד,70,106.0,47,0,704,486,2,484,94,76,9,13,44,1,0,0,0,54,31,147,15
17,9185,אשדוד,70,107.0,47,0,636,389,1,388,77,77,24,4,60,8,0,0,0,35,41,46,16
17,9186,אשדוד,70,109.1,80,0,666,452,5,447,108,66,21,5,66,4,0,0,0,33,36,89,19
17,9187,אשדוד,70,109.2,80,0,666,466,0,466,127,90,3,35,37,7,20,0,0,6,31,92,18
17,9188,אשדוד,70,109.3,80,0,666,480,2,478,99,73,7,15,78,6,0,0,0,46,38,100,16
17,9189,אשדוד,70,109.4,80,0,666,449,0,449,140,57,72,16,74,1,0,0,0,7,22,53,7
17,9190,אשדוד,70,109.5,80,0,664,456,0,456,137,61,72,29,33,9,0,0,0,13,20,78,4
17,9191,אשדוד,70,110.0,47,0,682,389,3,386,80,105,39,45,7,9,0,0,0,26,17,55,3
17,9192,אשדוד,70,111.1,15,0,697,416,4,412,93,60,20,7,72,24,0,0,0,22,29,64,21
17,9193,אשדוד,70,111.2,15,0,697,412,2,410,96,63,22,8,74,15,0,0,0,12,29,83,8
17,9194,אשדוד,70,111.3,15,0,697,403,1,402,98,50,24,7,57,9,0,0,0,14,37,101,5
17,9195,אשדוד,70,111.4,15,0,697,381,3,378,70,49,55,19,55,1,3,0,0,4,37,75,10
17,9196,אשדוד,70,111.5,15,0,697,412,3,409,62,67,27,21,54,4,0,0,0,9,30,118,17
17,9197,אשדוד,70,111.6,15,0,692,404,4,400,70,79,54,9,64,4,2,0,0,31,38,39,10
17,9198,אשדוד,70,114.1,63,0,607,367,1,366,103,34,16,43,37,2,0,0,0,3,13,111,4
17,9199,אשדוד,70,114.2,63,0,607,350,2,348,59,39,55,29,35,5,0,0,0,22,21,64,19
17,9200,אשדוד,70,114.3,63,0,607,348,2,346,80,23,24,52,49,4,0,0,0,2,32,68,12
17,9201,אשדוד,70,114.4,63,0,604,331,3,328,31,62,47,21,50,2,0,0,0,5,17,85,8
17,9202,אשדוד,70,118.0,69,0,679,410,3,407,95,37,59,9,85,5,0,0,0,9,28,75,5
17,9203,אשדוד,70,119.0,38,0,567,359,2,357,89,82,37,5,9,10,0,0,2,10,32,74,7
17,9204,אשדוד,70,120.1,48,0,625,393,0,393,155,30,9,32,58,10,0,0,0,32,26,28,13
17,9205,אשדוד,70,120.2,48,0,625,397,0,397,71,84,24,5,30,2,0,0,0,8,44,99,30
17,9206,אשדוד,70,120.3,48,0,625,402,3,399,100,47,24,6,25,6,0,0,0,38,53,79,21
17,9207,אשדוד,70,120.4,48,0,625,383,2,381,73,67,35,14,28,9,0,0,0,3,17,121,14
17,9208,אשדוד,70,120.5,48,0,622,377,3,374,94,53,26,23,46,15,0,0,0,3,24,84,6
17,9209,אשדוד,70,124.0,41,0,545,346,4,342,60,59,84,12,6,0,0,0,0,3,31,69,18
17,9210,אשדוד,70,125.0,37,0,590,345,6,339,14,31,91,7,1,29,0,0,0,5,6,144,11
17,9211,אשדוד,70,126.0,41,0,527,369,2,367,99,25,29,18,97,1,0,0,0,16,29,36,17
17,9212,אשדוד,70,127.0,37,0,650,458,0,458,78,29,42,15,89,44,0,0,0,2,95,52,12
17,9213,אשדוד,70,128.0,39,0,632,337,8,329,46,40,96,14,14,10,0,0,0,10,5,80,14
17,9214,אשדוד,70,129.0,37,0,547,422,0,422,43,4,2,1,207,67,0,0,0,8,65,18,7
17,9215,אשדוד,70,130.0,39,0,498,326,4,322,54,43,61,3,54,10,0,0,0,18,10,62,7
17,9216,אשדוד,70,131.0,29,0,665,394,3,391,82,28,98,9,18,9,0,0,0,17,28,88,14
17,9217,אשדוד,70,132.0,29,0,629,371,6,365,56,63,69,23,7,2,0,0,0,1,41,95,8
17,9218,אשדוד,70,133.0,29,0,621,358,1,357,62,69,50,13,27,18,0,0,0,25,10,54,29
17,9219,אשדוד,70,134.0,44,0,713,413,1,412,46,77,93,26,7,5,0,0,0,4,43,78,33
17,9220,אשדוד,70,135.0,44,0,555,351,1,350,72,47,77,9,32,5,0,0,0,4,18,76,10
17,9221,אשדוד,70,138.0,91,0,606,372,1,371,90,76,24,30,12,30,0,0,0,19,17,54,19
17,9222,אשדוד,70,140.0,53,0,643,379,8,371,56,64,123,19,4,0,0,0,0,4,4,86,11
17,9223,אשדוד,70,142.0,53,0,620,408,2,406,92,55,92,13,14,1,0,0,0,1,19,96,23
17,9224,אשדוד,70,143.1,23,0,659,396,2,394,66,60,78,27,4,0,0,0,0,10,16,120,13
17,9225,אשדוד,70,143.2,23,0,659,391,8,383,74,59,99,18,4,10,0,0,0,14,10,93,2
17,9226,אשדוד,70,143.3,23,0,659,397,4,393,82,77,71,22,24,0,0,0,0,2,17,82,16
17,9227,אשדוד,70,143.4,23,0,658,394,5,389,77,73,66,13,7,0,0,0,0,8,45,93,7
17,9228,אשדוד,70,147.1,42,0,704,408,1,407,73,97,91,4,9,2,0,0,0,1,5,103,22
17,9229,אשדוד,70,147.2,42,0,704,438,3,435,82,47,124,31,12,6,0,0,0,11,23,77,22
17,9230,אשדוד,70,147.3,42,0,704,403,3,400,67,65,58,44,23,1,1,0,0,4,17,114,6
17,9231,אשדוד,70,148.0,53,0,746,359,0,359,80,54,88,19,1,4,0,0,0,9,6,97,1
17,9232,אשדוד,70,150.1,60,0,706,458,6,452,142,59,64,4,38,1,0,0,0,17,52,68,7
17,9233,אשדוד,70,150.2,60,0,706,474,6,468,83,137,45,14,23,15,0,0,0,12,51,84,4
17,9234,אשדוד,70,150.3,60,0,706,457,8,449,81,96,52,43,11,2,0,0,0,2,48,100,14
17,9235,אשדוד,70,150.4,60,0,706,456,4,452,50,83,112,13,9,0,0,0,0,56,19,103,7
17,9236,אשדוד,70,151.0,29,0,588,338,5,333,34,56,78,14,4,3,0,0,0,7,10,94,33
17,9237,אשדוד,70,152.0,91,0,672,408,1,407,90,52,23,21,60,32,0,0,0,23,22,59,25
17,9238,אשדוד,70,153.0,44,0,569,318,6,312,71,32,83,6,13,1,0,0,5,5,33,51,12
17,9239,אשדוד,70,154.0,30,0,600,398,3,395,116,60,47,13,35,3,0,0,0,19,38,62,2
17,9241,אשדוד,70,156.0,44,0,636,338,4,334,39,63,49,21,19,5,0,0,0,5,13,94,26
17,9242,אשדוד,70,158.0,30,0,644,370,2,368,46,53,81,11,54,8,0,0,0,1,42,71,1
17,9243,אשדוד,70,159.0,69,0,692,418,2,416,82,70,34,19,41,28,0,0,0,13,10,97,22
17,9244,אשדוד,70,160.1,55,0,726,396,3,393,94,41,27,13,39,29,0,0,0,38,33,74,5
17,9245,אשדוד,70,160.2,55,0,726,382,3,379,116,18,57,14,69,24,0,0,0,5,17,51,8
17,9246,אשדוד,70,160.3,55,0,726,343,2,341,78,46,28,3,38,41,0,0,0,9,9,64,25
17,9247,אשדוד,70,161.0,51,0,721,469,2,467,72,65,105,30,37,4,0,0,0,22,16,98,18
17,9248,אשדוד,70,163.1,58,0,723,469,2,467,80,52,99,29,59,17,0,0,0,6,47,40,38
17,9249,אשדוד,70,163.2,58,0,723,480,4,476,128,58,35,6,84,9,0,0,0,14,68,65,9
17,9250,אשדוד,70,163.3,58,0,723,483,6,477,123,28,164,2,12,5,0,0,0,26,27,72,18
17,9251,אשדוד,70,163.4,58,0,723,441,0,441,120,87,53,8,54,3,0,0,0,3,29,71,13
17,9252,אשדוד,70,163.5,58,0,723,466,0,466,133,59,37,8,18,5,0,0,1,15,53,127,10
17,9253,אשדוד,70,163.6,58,0,723,468,3,465,83,63,60,35,43,5,0,0,0,33,42,78,23
17,9255,אשדוד,70,163.8,58,0,721,501,3,498,69,69,111,27,6,92,0,0,0,2,10,103,9
17,9256,אשדוד,70,164.0,57,0,669,419,1,418,152,47,9,19,32,5,0,0,0,8,14,115,17
17,9257,אשדוד,70,165.0,59,0,658,421,3,418,141,56,40,5,33,8,0,2,0,9,11,85,28
17,9258,אשדוד,70,166.0,56,0,686,403,2,401,96,71,23,19,37,8,0,0,0,26,36,75,10
17,9259,אשדוד,70,167.0,59,0,746,486,2,484,53,97,107,14,58,11,0,0,0,42,12,87,3
17,9260,אשדוד,70,168.0,57,0,615,390,2,388,86,65,45,32,20,6,0,0,0,24,17,58,35
17,9261,אשדוד,70,169.0,56,0,662,460,2,458,112,62,22,18,33,54,0,0,0,8,29,102,18
17,9262,אשדוד,70,170.0,38,0,532,358,2,356,94,56,48,17,29,4,0,0,0,16,30,50,12
17,9263,אשדוד,70,171.0,56,0,579,371,3,368,123,67,57,7,4,7,0,2,0,7,13,69,12
17,9264,אשדוד,70,173.0,38,0,692,442,4,438,46,89,99,44,45,16,0,0,0,8,10,65,16
17,9265,אשדוד,70,178.0,38,0,555,355,1,354,88,51,46,17,14,5,0,0,0,8,37,79,9
17,9266,אשדוד,70,184.1,74,0,650,556,1,555,50,7,0,0,185,265,0,0,0,1,47,0,0
17,9267,אשדוד,70,184.2,74,0,650,570,3,567,17,0,0,0,81,452,0,0,0,1,15,1,0
17,9268,אשדוד,70,184.3,74,0,650,565,0,565,6,0,0,0,152,372,0,0,0,0,34,1,0
17,9269,אשדוד,70,184.4,74,0,650,587,1,586,14,10,0,0,167,362,0,1,0,0,22,10,0
17,9270,אשדוד,70,184.5,74,0,650,573,0,573,0,16,0,0,112,408,0,0,0,28,9,0,0
17,9271,אשדוד,70,184.6,74,0,647,582,3,579,39,0,0,0,86,418,0,0,0,0,36,0,0
17,9272,אשדוד,70,189.0,37,0,576,316,4,312,27,47,54,31,7,0,0,0,0,3,17,120,6
17,9273,אשדוד,70,190.0,41,0,624,368,9,359,30,49,109,14,16,2,0,0,0,25,26,79,9
17,9274,אשדוד,70,191.0,39,0,592,418,1,417,137,86,26,10,68,7,0,0,0,12,16,38,17
17,9275,אשדוד,70,192.0,37,0,633,410,2,408,61,63,89,3,60,11,0,0,0,9,16,89,7
17,9276,אשדוד,70,193.0,41,0,553,288,2,286,32,37,88,10,2,2,0,0,0,5,20,79,11
17,9277,אשדוד,70,194.0,39,0,570,404,2,402,56,22,24,5,171,9,0,0,0,40,40,33,2
17,9278,אשדוד,70,196.0,51,0,749,490,6,484,97,103,87,28,18,6,0,0,0,1,33,85,26
17,9279,אשדוד,70,197.0,7,0,633,450,6,444,70,77,73,7,43,4,0,1,0,27,14,116,12
17,9280,אשדוד,70,199.1,52,0,643,438,1,437,181,56,13,4,34,1,0,0,0,20,36,76,16
17,9281,אשדוד,70,199.2,52,0,643,439,2,437,110,63,32,22,30,2,0,0,0,20,39,108,11
17,9282,אשדוד,70,199.3,52,0,643,447,0,447,80,72,49,45,38,4,0,0,0,12,52,80,15
17,9283,אשדוד,70,199.4,52,0,643,393,0,393,76,66,10,6,78,2,0,0,0,7,47,97,4
17,9284,אשדוד,70,199.5,52,0,642,417,1,416,109,54,23,38,16,5,0,0,0,36,28,87,20
17,9285,אשדוד,70,205.0,46,0,572,359,2,357,109,75,6,5,42,3,0,0,2,16,44,55,0
17,9286,אשדוד,70,207.1,28,0,631,406,1,405,95,58,31,25,45,4,0,0,0,30,35,79,3
17,9287,אשדוד,70,207.2,28,0,631,380,4,376,118,43,20,19,43,10,0,3,0,11,31,72,6
17,9288,אשדוד,70,207.3,28,0,630,361,2,359,66,47,22,55,16,21,0,0,0,15,31,75,11
17,9289,אשדוד,70,210.1,5,0,620,473,3,470,43,16,0,5,153,195,0,0,0,1,50,7,0
17,9290,אשדוד,70,210.2,5,0,620,508,1,507,29,8,1,0,159,260,0,0,0,2,32,16,0
17,9291,אשדוד,70,210.3,5,0,618,514,4,510,8,0,5,6,180,261,0,0,0,0,43,3,4
17,9292,אשדוד,70,212.0,78,0,571,503,1,502,9,0,0,0,165,305,0,0,0,0,22,1,0
17,9293,אשדוד,70,213.0,1,0,542,188,1,187,28,15,48,5,23,17,0,0,0,17,8,24,2
17,9294,אשדוד,70,214.0,2,0,608,269,1,268,90,26,13,5,32,3,0,0,0,9,19,64,7
17,9295,אשדוד,70,215.1,75,0,684,342,0,342,78,38,16,8,55,22,0,0,0,34,47,40,4
17,9296,אשדוד,70,215.2,75,0,684,317,3,314,85,42,3,13,42,7,0,0,0,14,19,79,10
17,9297,אשדוד,70,215.3,75,0,684,340,1,339,91,63,32,10,20,3,0,0,0,11,33,66,10
17,9298,אשדוד,70,215.4,75,0,684,307,3,304,90,42,37,11,31,3,2,0,1,5,39,38,5
17,9299,אשדוד,70,215.5,75,0,684,304,2,302,41,47,39,7,37,19,1,0,0,9,41,58,3
17,9300,אשדוד,70,218.0,73,0,592,394,0,394,135,85,31,5,18,18,0,0,0,6,14,68,14
17,9301,אשדוד,70,219.0,73,0,701,470,9,461,156,66,77,10,10,20,0,0,0,15,23,77,7
17,9302,אשדוד,70,220.0,73,0,710,504,3,501,125,61,74,13,55,5,0,0,0,21,45,98,4
17,9303,אשדוד,70,221.0,73,0,662,428,1,427,99,57,64,13,67,3,0,0,0,12,27,54,31
17,9304,אשדוד,70,222.0,76,0,491,319,1,318,74,41,29,12,48,4,0,0,0,4,34,59,13
17,9305,אשדוד,70,225.0,85,0,708,495,4,491,138,64,34,18,87,0,0,0,0,39,39,66,6
17,9306,אשדוד,70,228.0,59,0,600,306,4,302,93,21,28,15,18,9,0,0,0,17,44,46,11
17,9307,אשדוד,70,229.0,59,0,599,363,2,361,83,32,52,2,23,2,0,0,0,3,43,119,2
17,9308,אשדוד,70,231.0,57,0,689,410,2,408,85,58,28,9,38,17,0,0,0,47,58,63,5
17,9309,אשדוד,70,232.0,56,0,556,333,0,333,71,34,41,2,18,15,1,0,0,20,46,76,9
17,9310,אשדוד,70,234.0,57,0,688,416,2,414,84,55,29,11,34,8,0,0,0,14,9,135,35
17,9311,אשדוד,70,236.0,22,0,570,375,1,374,80,62,27,8,35,11,0,0,0,22,20,95,14
17,9312,אשדוד,70,237.1,86,0,691,450,0,450,131,64,9,5,86,8,0,0,0,42,34,53,18
17,9313,אשדוד,70,237.2,86,0,691,447,2,445,70,59,88,25,34,28,0,0,0,5,18,115,3
17,9314,אשדוד,70,237.3,86,0,691,461,3,458,127,66,37,6,64,3,0,0,0,12,30,66,47
17,9315,אשדוד,70,237.4,86,0,691,435,2,433,114,51,106,17,5,4,0,0,0,29,10,81,16
17,9316,אשדוד,70,238.0,73,0,735,541,3,538,160,50,24,21,48,15,0,0,1,25,63,128,3
17,9318,אשדוד,70,240.2,89,0,713,500,6,494,87,125,33,24,56,23,0,0,0,4,10,128,4
17,9319,אשדוד,70,240.3,89,0,713,484,1,483,99,72,81,35,17,10,0,0,0,9,28,107,25
17,9320,אשדוד,70,240.4,89,0,710,487,0,487,120,96,21,35,59,32,0,0,0,12,14,90,8
17,9321,אשדוד,70,241.1,64,0,692,451,4,447,134,94,21,21,48,7,0,0,0,15,35,64,8
17,9322,אשדוד,70,241.2,64,0,692,429,2,427,115,56,67,33,39,2,0,1,0,3,14,66,31
17,9323,אשדוד,70,241.3,64,0,692,458,2,456,127,47,12,14,56,19,0,0,0,6,78,96,1
17,9324,אשדוד,70,241.4,64,0,692,453,3,450,131,50,43,37,48,1,0,0,0,6,47,81,6
17,9325,אשדוד,70,241.5,64,0,692,443,0,443,95,61,23,7,30,6,0,0,0,15,19,177,10
17,9326,אשדוד,70,241.6,64,0,688,423,2,421,68,61,99,19,46,0,0,0,0,7,25,72,24
17,9327,אשדוד,70,244.0,85,0,665,411,3,408,132,36,7,24,23,4,0,0,0,33,53,86,10
17,9329,אשדוד,70,246.1,14,0,606,469,1,468,48,25,14,1,68,215,0,0,0,48,34,11,4
17,9330,אשדוד,70,246.2,14,0,606,525,1,524,15,4,8,0,58,408,0,0,0,0,25,5,1
17,9331,אשדוד,70,246.3,14,0,606,484,0,484,20,18,11,10,48,356,0,0,0,0,10,9,2
17,9332,אשדוד,70,246.4,14,0,606,483,5,478,40,4,0,6,56,318,0,0,0,6,11,37,0
17,9333,אשדוד,70,246.5,14,0,603,520,2,518,17,2,1,0,46,399,0,0,0,0,40,13,0
17,9334,אשדוד,70,248.0,6,0,399,181,3,178,48,17,17,3,21,11,0,0,0,4,25,31,1
17,9335,אשדוד,70,249.0,12,0,548,429,4,425,32,14,6,5,196,82,0,0,0,7,27,33,23
17,9336,אשדוד,70,250.0,21,0,577,245,2,243,88,42,28,5,40,10,0,0,0,1,11,18,0
17,9337,אשדוד,70,251.0,76,0,628,430,3,427,118,55,28,14,27,3,6,0,0,21,21,124,10
17,9338,אשדוד,70,253.0,78,0,597,515,5,510,16,5,0,0,173,293,0,0,0,7,10,6,0
17,9339,אשדוד,70,254.0,59,0,643,372,2,370,76,43,22,14,56,18,0,0,0,16,34,87,4
17,9340,אשדוד,70,255.0,47,0,559,348,1,347,61,73,15,25,29,30,0,0,0,12,24,63,15
17,9341,אשדוד,70,260.1,87,0,662,439,0,439,108,65,6,31,21,38,0,0,0,41,43,37,49
17,9342,אשדוד,70,260.2,87,0,662,460,3,457,145,59,57,32,49,1,0,0,0,15,36,49,14
17,9343,אשדוד,70,260.3,87,0,662,469,1,468,116,34,11,11,114,10,0,0,0,48,44,57,23
17,9344,אשדוד,70,260.4,87,0,662,453,1,452,74,108,44,20,66,1,0,0,2,22,29,80,6
17,9345,אשדוד,70,260.5,87,0,661,434,3,431,137,43,27,17,81,7,0,0,0,1,24,81,13
17,9346,אשדוד,70,261.0,73,0,629,419,2,417,98,55,45,16,20,3,0,0,0,10,32,117,21
17,9347,אשדוד,70,264.0,57,0,603,405,4,401,109,29,43,34,60,11,0,0,0,2,29,76,8
17,9348,אשדוד,70,274.0,56,0,719,335,1,334,82,33,78,3,29,8,0,0,0,5,28,47,21
17,9349,אשדוד,70,276.1,72,0,678,472,2,470,91,51,5,10,107,39,0,0,0,13,53,78,23
17,9350,אשדוד,70,276.2,72,0,678,427,4,423,84,65,27,9,48,2,0,0,0,40,20,100,28
17,9351,אשדוד,70,276.3,72,0,678,432,1,431,142,55,36,21,71,4,0,0,0,6,15,81,0
17,9352,אשדוד,70,276.4,72,0,678,451,2,449,116,52,37,35,48,11,0,0,0,20,71,57,2
17,9353,אשדוד,70,276.5,72,0,678,425,1,424,68,69,48,1,54,5,0,0,0,28,28,113,10
17,9354,אשדוד,70,276.6,72,0,674,439,3,436,108,49,55,40,46,5,0,0,0,11,15,90,17
17,9355,אשדוד,70,281.1,92,0,679,486,3,483,114,102,7,10,70,7,0,0,6,39,50,74,4
17,9356,אשדוד,70,281.2,92,0,679,486,2,484,171,47,50,7,60,21,0,0,0,9,26,78,15
17,9357,אשדוד,70,281.3,92,0,679,499,2,497,126,104,26,12,44,8,0,0,0,3,59,107,8
17,9358,אשדוד,70,281.4,92,0,679,494,0,494,161,37,45,22,40,10,0,0,0,14,64,60,41
17,9359,אשדוד,70,281.5,92,0,679,473,0,473,81,137,12,47,15,1,0,0,0,30,16,118,16
17,9360,אשדוד,70,281.6,92,0,679,496,6,490,85,142,43,31,28,8,0,0,0,17,7,120,9
17,9361,אשדוד,70,281.7,92,0,673,491,4,487,85,121,53,25,20,32,0,0,2,8,14,97,30
17,9362,אשדוד,70,283.1,9,0,747,481,3,478,129,68,14,24,74,2,1,0,0,41,62,56,7
17,9363,אשדוד,70,283.2,9,0,747,454,3,451,131,42,18,35,52,2,0,0,0,11,52,100,8
17,9364,אשדוד,70,283.3,9,0,747,424,1,423,154,42,43,34,38,0,1,0,0,12,31,62,6
17,9365,אשדוד,70,283.4,9,0,747,445,2,443,124,49,20,15,65,3,0,0,0,18,39,106,4
17,9366,אשדוד,70,283.5,9,0,747,428,0,428,135,69,10,35,26,9,0,0,0,11,32,67,34
17,9367,אשדוד,70,284.1,68,0,737,612,0,612,23,0,0,0,143,407,0,0,0,0,37,1,1
17,9368,אשדוד,70,284.2,68,0,737,711,9,702,12,1,0,0,131,555,0,0,0,0,3,0,0
17,9369,אשדוד,70,284.3,68,0,737,618,3,615,37,7,0,0,163,345,0,0,0,3,60,0,0
17,9370,אשדוד,70,284.4,68,0,737,666,3,663,14,0,0,0,91,494,0,0,0,0,35,29,0
17,9371,אשדוד,70,284.5,68,0,737,649,2,647,10,0,0,0,54,562,1,0,0,0,20,0,0
17,9372,אשדוד,70,284.6,68,0,733,651,4,647,35,0,0,0,91,465,0,0,0,0,45,11,0
17,9373,אשדוד,70,285.0,88,0,545,228,4,224,58,26,32,0,19,5,2,0,0,1,14,59,8
17,9374,אשדוד,70,290.0,41,0,527,364,0,364,100,25,15,0,74,12,0,0,0,22,40,66,10
17,9375,אשדוד,70,291.0,7,0,584,372,2,370,64,19,35,9,101,22,0,0,0,16,34,58,12
17,9376,אשדוד,70,292.0,7,0,596,369,2,367,54,72,60,12,85,14,0,0,0,1,10,50,9
17,9377,אשדוד,70,296.1,54,0,644,558,2,556,49,8,0,0,244,234,0,0,0,1,13,7,0
17,9378,אשדוד,70,296.2,54,0,644,553,2,551,3,0,0,0,99,401,0,0,0,0,48,0,0
17,9379,אשדוד,70,296.3,54,0,644,555,0,555,63,0,0,0,171,266,0,0,0,0,54,1,0
17,9380,אשדוד,70,296.4,54,0,644,572,1,571,27,3,0,0,193,321,0,0,0,3,24,0,0
17,9381,אשדוד,70,296.5,54,0,642,570,2,568,14,0,0,0,136,399,0,0,0,0,18,1,0
17,9382,אשדוד,70,301.0,85,0,688,470,4,466,102,44,52,8,73,57,0,0,0,15,63,51,1
17,9383,אשדוד,70,306.0,37,0,540,401,1,400,54,18,0,0,189,73,0,0,0,21,35,10,0
17,9384,אשדוד,70,952.1,10,0,723,415,2,413,83,71,6,10,66,26,0,0,0,5,48,83,15
17,9385,אשדוד,70,952.2,10,0,723,426,1,425,110,69,26,20,31,0,0,0,0,11,32,114,12
17,9386,אשדוד,70,952.3,10,0,723,392,2,390,114,28,30,20,68,11,0,0,0,21,27,57,14
17,9387,אשדוד,70,952.4,10,0,723,448,0,448,116,74,6,68,31,13,0,0,0,4,12,101,23
17,9388,אשדוד,70,952.5,10,0,723,409,0,409,138,44,27,31,52,6,0,0,0,16,21,66,8
17,9389,אשדוד,70,952.6,10,0,722,435,2,433,81,41,42,4,65,35,0,0,0,6,42,104,13
17,9390,אשדוד,70,954.0,85,0,669,466,3,463,155,42,43,34,76,30,0,0,0,31,22,28,2
17,8891,אשקלון,7100,1.0,46,0,579,182,1,181,61,22,15,7,6,2,3,0,0,11,22,26,6
17,8892,אשקלון,7100,2.0,46,0,502,305,0,305,108,21,52,1,18,7,0,0,0,5,33,53,7
17,8893,אשקלון,7100,3.0,92,0,686,415,2,413,124,39,12,5,96,8,0,0,0,15,36,71,7
17,8894,אשקלון,7100,4.1,76,0,649,349,5,344,96,51,15,18,23,16,5,0,0,2,8,97,13
17,8895,אשקלון,7100,4.2,76,0,649,337,4,333,62,21,77,5,14,0,0,0,0,9,23,113,9
17,8896,אשקלון,7100,4.3,76,0,649,386,5,381,87,61,66,23,16,4,0,0,0,12,41,58,13
17,8897,אשקלון,7100,4.4,76,0,649,331,4,327,92,51,39,20,9,7,0,0,0,18,4,81,6
17,8898,אשקלון,7100,4.5,76,0,649,315,1,314,70,60,48,17,21,16,0,0,0,7,9,46,20
17,8899,אשקלון,7100,5.1,68,0,743,485,3,482,135,66,45,7,50,5,0,0,0,5,59,108,2
17,8900,אשקלון,7100,5.2,68,0,743,449,1,448,143,63,25,17,27,17,0,2,0,10,49,89,6
17,8901,אשקלון,7100,5.3,68,0,743,496,4,492,97,44,81,25,63,21,0,0,0,40,36,66,19
17,8902,אשקלון,7100,5.4,68,0,743,478,2,476,74,34,55,5,166,11,0,0,0,17,55,45,14
17,8903,אשקלון,7100,5.5,68,0,743,473,5,468,118,72,44,18,44,28,2,0,0,28,28,77,9
17,8904,אשקלון,7100,5.6,68,0,740,460,4,456,88,77,58,30,16,4,2,0,0,21,36,99,25
17,8905,אשקלון,7100,6.0,46,0,663,377,5,372,95,33,95,10,71,4,0,0,0,5,12,38,9
17,8906,אשקלון,7100,7.1,70,0,589,338,6,332,94,26,7,0,60,3,0,0,0,6,37,88,11
17,8907,אשקלון,7100,7.2,70,0,589,336,9,327,134,24,13,8,37,26,0,0,0,13,19,44,9
17,8908,אשקלון,7100,9.0,6,0,559,332,3,329,112,37,7,8,58,14,0,0,0,20,17,41,15
17,8909,אשקלון,7100,13.0,11,0,614,393,1,392,78,43,5,28,67,18,0,0,0,29,41,63,20
17,8910,אשקלון,7100,14.0,21,0,731,395,3,392,90,27,9,23,117,24,0,0,0,20,39,29,14
17,8911,אשקלון,7100,15.0,21,0,550,391,2,389,81,23,16,10,89,5,0,0,0,38,83,28,16
17,8912,אשקלון,7100,17.0,46,0,508,241,1,240,48,43,53,9,29,5,0,0,0,1,11,24,17
17,8913,אשקלון,7100,18.1,3,0,673,402,0,402,59,18,1,5,147,10,0,0,0,36,28,93,5
17,8914,אשקלון,7100,18.2,3,0,673,337,3,334,62,26,21,3,74,8,0,0,0,15,68,53,4
17,8915,אשקלון,7100,18.3,3,0,673,387,2,385,131,23,0,1,97,6,0,0,0,37,73,14,3
17,8916,אשקלון,7100,18.4,3,0,673,405,3,402,91,37,4,2,120,8,0,0,0,14,55,66,5
17,8917,אשקלון,7100,18.5,3,0,671,310,4,306,80,27,12,3,49,11,0,0,0,9,60,51,4
17,8918,אשקלון,7100,21.0,11,0,701,468,4,464,161,34,5,5,84,14,0,0,0,42,82,37,0
17,8919,אשקלון,7100,22.0,11,0,620,400,1,399,94,43,30,1,122,3,0,0,0,36,40,29,1
17,8920,אשקלון,7100,23.0,85,0,710,184,4,180,46,11,30,1,26,1,0,4,0,12,22,20,7
17,8921,אשקלון,7100,24.0,28,0,686,319,9,310,72,42,36,15,38,12,0,1,0,13,34,39,8
17,8922,אשקלון,7100,25.0,21,0,673,393,3,390,124,14,7,6,115,10,0,0,0,10,51,36,17
17,8923,אשקלון,7100,26.1,26,0,654,334,4,330,98,22,39,0,100,2,0,0,0,8,37,23,1
17,8924,אשקלון,7100,26.2,26,0,654,329,9,320,94,29,60,5,41,2,0,0,0,17,18,53,1
17,8925,אשקלון,7100,27.0,24,0,535,227,6,221,43,18,72,6,18,2,0,0,0,6,9,45,2
17,8926,אשקלון,7100,28.1,8,0,526,264,1,263,108,24,15,4,31,7,1,0,0,18,15,32,8
17,8927,אשקלון,7100,28.2,8,0,526,257,2,255,65,79,21,1,27,5,0,3,0,15,9,25,5
17,8928,אשקלון,7100,28.3,8,0,526,208,6,202,64,24,27,1,28,10,0,0,0,8,6,26,8
17,8929,אשקלון,7100,29.0,24,0,542,253,2,251,70,7,51,13,33,8,0,0,0,9,29,25,6
17,8930,אשקלון,7100,30.0,2,0,490,240,2,238,78,22,53,2,15,4,0,0,0,8,17,33,6
17,8931,אשקלון,7100,32.0,2,0,478,226,3,223,58,28,18,18,31,1,0,0,0,3,22,37,7
17,8932,אשקלון,7100,33.1,10,0,687,356,1,355,119,47,3,2,71,2,0,0,0,5,78,22,6
17,8933,אשקלון,7100,33.2,10,0,687,327,4,323,66,54,17,33,82,5,0,0,0,6,33,15,12
17,8934,אשקלון,7100,33.3,10,0,687,292,3,289,75,16,41,12,65,1,0,0,0,14,19,41,5
17,8935,אשקלון,7100,34.0,25,0,598,250,9,241,90,14,37,1,46,0,0,0,0,10,27,14,2
17,8936,אשקלון,7100,35.0,2,0,497,293,4,289,91,18,9,1,64,20,0,0,0,10,17,54,5
17,8937,אשקלון,7100,37.0,85,0,612,277,6,271,46,47,46,5,49,7,0,0,0,3,19,45,4
17,8938,אשקלון,7100,38.0,25,0,630,246,6,240,53,16,33,2,54,4,0,0,0,28,32,13,5
17,8939,אשקלון,7100,39.0,28,0,637,304,4,300,94,36,33,7,33,4,0,0,0,12,24,45,12
17,8940,אשקלון,7100,40.0,29,0,602,424,0,424,68,97,11,67,3,4,0,0,0,41,28,95,10
17,8941,אשקלון,7100,41.0,30,0,624,420,5,415,77,62,37,44,38,6,0,0,0,23,36,89,3
17,8942,אשקלון,7100,43.0,13,0,691,383,1,382,99,62,14,18,18,2,0,2,0,14,44,75,34
17,8943,אשקלון,7100,44.1,32,0,737,316,2,314,97,51,16,30,30,6,2,0,0,8,19,42,13
17,8944,אשקלון,7100,44.2,32,1,737,300,8,292,124,49,16,13,36,2,0,0,0,3,3,38,8
17,8945,אשקלון,7100,44.3,32,0,737,343,11,332,74,38,19,28,12,7,0,0,0,38,16,96,4
17,8946,אשקלון,7100,44.4,32,0,737,332,0,332,93,28,94,15,18,1,2,0,0,12,37,28,4
17,8947,אשקלון,7100,44.5,32,0,736,310,1,309,47,71,63,28,8,6,0,0,0,1,4,62,19
17,8948,אשקלון,7100,47.0,7,0,617,368,0,368,80,83,24,32,24,11,0,0,0,4,26,78,6
17,8949,אשקלון,7100,50.0,7,0,729,444,0,444,122,88,1,23,21,13,0,0,0,4,84,52,36
17,8950,אשקלון,7100,52.1,31,0,744,476,3,473,149,62,14,9,29,0,0,0,0,23,38,97,52
17,8951,אשקלון,7100,52.2,31,0,744,478,4,474,153,92,16,7,32,4,0,0,0,12,76,53,29
17,8952,אשקלון,7100,52.3,31,0,743,458,1,457,118,77,29,18,8,7,19,0,0,14,48,101,18
17,8953,אשקלון,7100,53.0,37,0,627,220,1,219,44,61,2,9,9,9,0,0,0,15,19,50,1
17,8954,אשקלון,7100,54.0,23,0,433,227,0,227,58,22,10,11,38,1,0,0,0,25,14,45,3
17,8955,אשקלון,7100,55.1,9,0,650,316,5,311,108,16,22,6,36,1,0,0,0,12,82,24,4
17,8956,אשקלון,7100,55.2,9,0,650,366,10,356,73,44,46,8,42,18,0,0,0,6,33,68,18
17,8957,אשקלון,7100,55.3,9,0,650,309,4,305,86,30,31,8,55,3,0,0,0,8,15,46,23
17,8958,אשקלון,7100,58.0,16,0,634,359,9,350,71,59,49,3,68,2,0,0,0,22,25,34,17
17,8959,אשקלון,7100,61.1,1,0,565,311,1,310,57,31,20,9,51,32,0,0,0,14,53,40,3
17,8960,אשקלון,7100,61.2,1,0,565,304,5,299,165,36,13,1,20,5,0,0,0,2,25,29,3
17,8961,אשקלון,7100,61.3,1,0,563,252,3,249,61,29,35,6,37,15,0,0,0,3,17,45,1
17,8962,אשקלון,7100,63.0,16,0,656,379,4,375,120,78,3,9,40,3,0,0,0,29,56,33,4
17,8963,אשקלון,7100,68.0,24,0,630,338,4,334,160,23,12,3,58,5,0,1,0,3,11,29,29
17,8964,אשקלון,7100,70.0,30,0,743,474,2,472,149,61,8,11,40,5,0,0,0,26,42,115,15
17,8965,אשקלון,7100,72.1,44,0,718,420,2,418,104,27,7,11,33,4,0,0,0,23,74,120,15
17,8966,אשקלון,7100,72.2,44,0,718,446,1,445,76,48,38,36,56,18,0,0,0,12,34,117,10
17,8967,אשקלון,7100,72.3,44,0,718,419,4,415,100,64,16,37,35,8,2,0,0,22,28,98,5
17,8968,אשקלון,7100,73.0,13,0,627,164,1,163,68,20,15,4,17,0,0,0,0,6,8,21,4
17,8969,אשקלון,7100,76.0,30,0,682,408,3,405,69,51,33,32,51,11,0,0,0,19,27,107,5
17,8970,אשקלון,7100,77.0,29,0,659,410,2,408,79,73,10,15,50,5,0,0,0,13,34,110,19
17,8971,אשקלון,7100,78.0,23,0,462,275,0,275,52,26,8,17,59,5,0,0,0,6,24,61,17
17,8972,אשקלון,7100,80.0,15,0,650,333,4,329,127,32,32,4,38,1,0,0,0,12,33,44,6
17,8973,אשקלון,7100,81.0,12,0,660,371,6,365,67,65,81,2,28,8,0,0,0,4,15,78,17
17,8974,אשקלון,7100,82.0,12,0,567,325,10,315,79,87,39,14,14,8,0,0,0,11,24,23,16
17,8975,אשקלון,7100,83.0,64,0,561,316,1,315,59,49,75,7,25,2,0,8,0,4,32,47,7
17,8976,אשקלון,7100,84.0,64,0,513,300,4,296,63,41,85,6,2,1,0,0,0,1,26,70,1
17,8977,אשקלון,7100,85.0,64,0,583,260,3,257,81,12,27,8,23,4,0,0,0,26,28,41,7
17,8978,אשקלון,7100,86.0,16,0,469,239,8,231,70,19,39,13,15,0,0,0,2,23,16,27,7
17,8979,אשקלון,7100,87.1,38,0,610,370,6,364,69,14,21,5,96,7,0,0,0,21,37,92,2
17,8980,אשקלון,7100,87.2,38,0,610,357,0,357,94,26,19,12,82,14,0,0,0,15,40,40,15
17,8981,אשקלון,7100,87.3,38,0,608,319,1,318,53,44,56,22,14,4,1,0,0,8,48,62,6
17,8982,אשקלון,7100,90.0,20,0,596,349,5,344,48,72,105,2,11,11,0,0,0,4,24,64,3
17,8983,אשקלון,7100,91.0,6,0,612,309,2,307,63,66,69,7,4,1,1,5,0,3,12,70,6
17,8984,אשקלון,7100,92.0,20,0,582,314,3,311,51,32,104,6,0,0,0,0,0,4,17,74,23
17,8985,אשקלון,7100,93.0,20,0,484,243,2,241,31,53,76,4,1,0,0,0,0,6,12,55,3
17,8986,אשקלון,7100,94.0,6,0,643,324,9,315,53,65,91,10,1,1,0,0,0,19,18,55,2
17,8987,אשקלון,7100,100.0,46,0,690,509,3,506,117,53,41,41,68,7,0,0,0,17,37,98,27
17,8988,אשקלון,7100,103.0,79,0,564,389,0,389,119,34,41,23,40,5,0,0,0,5,19,87,16
17,8989,אשקלון,7100,104.0,92,0,736,433,2,431,85,56,57,14,76,6,0,0,0,12,59,58,8
17,8990,אשקלון,7100,107.0,46,0,625,344,0,344,117,58,49,4,22,10,0,0,0,8,16,49,11
17,8991,אשקלון,7100,110.1,4,0,628,346,5,341,108,45,37,7,52,4,0,0,0,10,33,35,10
17,8992,אשקלון,7100,110.2,4,0,628,371,6,365,99,41,43,2,81,7,0,0,0,3,20,64,5
17,8993,אשקלון,7100,110.3,4,0,628,360,6,354,95,31,31,6,41,10,0,0,0,14,44,73,9
17,8994,אשקלון,7100,110.4,4,0,628,350,3,347,103,42,37,11,28,1,0,0,0,16,30,67,12
17,8995,אשקלון,7100,110.5,4,0,628,344,4,340,102,40,43,8,68,2,0,0,0,3,17,51,6
17,8996,אשקלון,7100,110.6,4,0,627,326,5,321,70,59,83,7,24,0,0,0,6,7,12,48,5
17,8997,אשקלון,7100,114.0,13,0,650,438,1,437,158,66,22,6,52,9,0,0,0,22,23,71,8
17,8998,אשקלון,7100,115.0,13,0,714,459,2,457,109,71,34,44,39,2,0,0,0,7,90,42,19
17,8999,אשקלון,7100,116.0,30,0,749,485,3,482,135,36,32,10,48,9,0,0,0,7,58,140,7
17,9000,אשקלון,7100,117.1,34,0,604,386,1,385,153,75,7,7,39,3,0,0,0,15,21,57,8
17,9001,אשקלון,7100,117.2,34,0,604,345,3,342,52,38,22,36,72,2,0,0,0,9,28,80,3
17,9002,אשקלון,7100,117.3,34,0,604,373,1,372,127,41,23,12,49,6,0,0,0,5,58,47,4
17,9003,אשקלון,7100,117.4,34,0,604,370,0,370,116,76,10,6,36,1,0,0,0,13,61,45,6
17,9004,אשקלון,7100,117.5,34,0,604,357,0,357,58,65,54,39,14,17,0,0,0,9,30,45,26
17,9005,אשקלון,7100,120.0,21,0,635,445,5,440,153,39,7,2,81,9,0,0,0,20,74,48,7
17,9006,אשקלון,7100,123.0,101,0,662,416,2,414,99,66,9,10,30,12,0,0,0,20,26,135,7
17,9007,אשקלון,7100,126.1,14,0,632,434,2,432,118,36,28,2,73,16,0,0,0,25,59,67,8
17,9008,אשקלון,7100,126.2,14,0,632,385,5,380,96,31,33,1,76,30,1,0,0,31,32,46,3
17,9009,אשקלון,7100,126.3,14,0,632,395,1,394,65,19,16,0,165,12,0,0,0,41,47,26,3
17,9010,אשקלון,7100,126.4,14,0,631,379,3,376,81,67,31,0,89,17,0,0,0,12,45,28,6
17,9011,אשקלון,7100,127.0,24,0,472,155,2,153,59,4,8,2,34,3,0,0,0,6,25,8,4
17,9012,אשקלון,7100,128.0,64,0,591,327,9,318,62,14,119,15,22,1,0,0,0,3,5,60,17
17,9013,אשקלון,7100,129.0,29,0,722,499,1,498,98,90,15,16,38,11,0,0,0,27,81,98,24
17,9014,אשקלון,7100,130.1,66,1,547,269,0,269,54,34,43,17,26,18,0,0,1,2,20,50,4
17,9015,אשקלון,7100,130.2,66,0,546,225,2,223,46,26,54,2,10,7,4,0,0,6,37,28,3
17,9016,אשקלון,7100,131.1,103,0,387,212,2,210,77,24,5,4,24,5,0,0,0,4,40,23,4
17,9017,אשקלון,7100,131.2,103,0,386,198,2,196,50,22,13,14,22,4,0,0,0,5,9,44,13
17,9018,אשקלון,7100,132.0,42,0,854,448,5,443,131,46,34,20,21,10,0,0,0,32,42,101,6
17,9019,אשקלון,7100,133.0,81,0,747,450,5,445,131,21,40,24,26,10,0,0,0,23,27,115,28
17,9020,אשקלון,7100,138.1,48,0,665,403,3,400,93,48,49,17,34,2,0,0,0,13,42,88,14
17,9021,אשקלון,7100,138.2,48,0,665,398,2,396,131,35,84,9,24,11,0,0,0,12,19,65,6
17,9022,אשקלון,7100,138.3,48,0,665,373,4,369,52,68,27,15,24,9,0,0,0,33,47,74,20
17,9023,אשקלון,7100,138.4,48,0,664,366,1,365,111,28,33,17,33,3,0,0,0,11,22,100,7
17,9024,אשקלון,7100,139.1,22,0,698,401,1,400,99,59,57,4,32,4,0,0,0,16,30,92,7
17,9025,אשקלון,7100,139.2,22,0,698,427,3,424,94,36,33,9,23,7,0,0,0,7,40,139,36
17,9026,אשקלון,7100,139.3,22,0,698,425,1,424,81,74,78,18,17,1,0,0,0,17,34,94,10
17,9027,אשקלון,7100,139.4,22,0,698,468,2,466,94,86,107,5,37,2,0,0,0,10,60,62,3
17,9028,אשקלון,7100,139.5,22,0,698,422,3,419,70,59,110,16,9,12,0,0,0,28,41,61,13
17,9029,אשקלון,7100,139.6,22,0,698,422,3,419,112,90,52,30,11,1,0,0,0,2,37,76,8
17,9030,אשקלון,7100,142.0,13,0,680,428,1,427,94,72,18,9,96,13,0,0,0,40,11,59,15
17,9031,אשקלון,7100,146.0,79,0,746,503,2,501,113,66,53,16,22,3,0,0,2,17,67,129,13
17,9032,אשקלון,7100,148.0,20,0,677,398,4,394,58,56,94,11,25,8,0,0,0,25,13,89,15
17,9033,אשקלון,7100,149.1,80,0,699,457,1,456,162,54,24,27,55,9,0,0,0,13,39,52,21
17,9034,אשקלון,7100,149.2,80,0,699,440,1,439,138,66,34,22,39,1,0,0,0,25,30,67,17
17,9035,אשקלון,7100,149.3,80,0,699,467,3,464,90,86,41,14,28,8,0,0,4,12,56,103,22
17,9036,אשקלון,7100,149.4,80,0,699,464,3,461,147,86,9,19,32,3,0,0,0,12,32,112,9
17,9037,אשקלון,7100,149.5,80,0,694,409,4,405,105,71,58,16,34,10,0,0,0,3,21,75,12
17,9038,אשקלון,7100,152.0,30,0,700,452,9,443,101,79,52,6,41,4,0,0,0,11,39,99,11
17,9039,אשקלון,7100,153.0,21,0,634,469,1,468,108,13,6,10,88,23,0,0,0,21,108,89,2
17,9040,אשקלון,7100,154.0,12,0,732,402,5,397,120,39,76,21,8,2,0,0,0,7,7,107,10
17,9041,אשקלון,7100,156.0,30,0,672,487,0,487,139,31,49,10,32,14,0,0,0,36,44,119,13
17,9042,אשקלון,7100,157.0,86,0,686,446,2,444,139,87,24,20,21,7,0,0,0,27,19,85,15
17,9043,אשקלון,7100,159.0,86,0,703,512,3,509,138,81,25,20,25,9,0,0,3,25,49,127,7
17,9044,אשקלון,7100,160.1,89,0,493,336,0,336,51,26,19,3,30,4,0,0,0,24,56,123,0
17,9045,אשקלון,7100,160.2,89,0,493,342,2,340,95,58,24,7,40,11,0,0,0,40,33,28,4
17,9046,אשקלון,7100,168.0,13,0,634,358,4,354,71,33,47,50,52,3,0,0,0,20,24,40,14
17,9047,אשקלון,7100,170.1,84,0,721,480,0,480,139,62,21,16,37,9,0,0,0,14,51,111,20
17,9048,אשקלון,7100,170.2,84,0,721,531,3,528,176,47,20,15,79,5,0,0,0,10,78,95,3
17,9049,אשקלון,7100,170.3,84,0,721,535,5,530,129,130,51,16,18,5,0,0,0,17,50,92,22
17,9050,אשקלון,7100,170.4,84,0,721,523,0,523,143,58,35,38,34,4,0,0,0,13,41,149,8
17,9051,אשקלון,7100,170.5,84,0,721,524,0,524,159,52,22,32,41,16,1,0,0,22,25,151,3
17,9052,אשקלון,7100,170.6,84,0,721,501,2,499,184,44,9,11,27,3,0,0,0,20,71,110,20
17,9053,אשקלון,7100,170.7,84,0,721,508,3,505,144,60,24,27,64,1,0,0,0,10,59,104,12
17,9054,אשקלון,7100,170.8,84,0,721,481,2,479,107,48,51,19,10,6,0,0,0,16,53,137,32
17,9055,אשקלון,7100,170.9,84,0,714,507,1,506,147,91,26,57,24,15,0,0,0,4,16,118,8
17,9056,אשקלון,7100,175.1,35,0,742,482,2,480,166,61,21,59,12,9,0,0,0,26,54,52,20
17,9057,אשקלון,7100,175.2,35,0,742,515,5,510,109,82,21,24,43,16,0,0,0,36,46,92,41
17,9058,אשקלון,7100,175.3,35,0,741,484,1,483,107,86,19,29,27,2,0,0,0,54,39,93,27
17,9059,אשקלון,7100,182.1,104,0,672,472,3,469,129,39,21,2,80,13,0,0,0,11,60,108,6
17,9060,אשקלון,7100,182.2,104,0,672,439,2,437,112,86,33,18,59,0,0,0,0,9,49,53,18
17,9061,אשקלון,7100,186.0,86,0,576,404,1,403,77,53,40,28,41,35,0,0,0,10,39,73,7
17,9062,אשקלון,7100,187.1,82,0,736,535,3,532,191,55,28,30,19,17,1,0,0,10,78,94,9
17,9063,אשקלון,7100,187.2,82,0,736,549,4,545,111,93,22,28,72,7,0,0,0,27,67,76,42
17,9064,אשקלון,7100,187.3,82,0,736,489,5,484,142,40,49,60,20,1,0,0,0,27,67,64,14
17,9065,אשקלון,7100,187.4,82,0,736,509,2,507,161,78,19,12,80,4,0,0,0,33,45,70,5
17,9066,אשקלון,7100,187.5,82,0,736,520,8,512,166,61,56,11,56,15,0,0,0,16,47,63,21
17,9067,אשקלון,7100,187.6,82,0,736,509,1,508,125,87,104,18,19,9,0,0,0,8,56,76,6
17,9068,אשקלון,7100,190.1,91,0,710,490,0,490,214,31,11,15,47,10,0,0,0,16,37,95,14
17,9069,אשקלון,7100,190.2,91,0,710,509,1,508,85,58,37,15,37,10,0,0,0,36,43,167,20
17,9070,אשקלון,7100,190.3,91,0,710,507,1,506,147,67,17,4,27,3,0,0,0,31,47,139,24
17,9071,אשקלון,7100,190.4,91,0,708,494,2,492,132,111,20,31,68,3,0,0,0,14,22,71,20
17,9072,אשקלון,7100,193.1,93,0,661,458,3,455,116,55,16,6,59,5,0,0,0,23,58,94,23
17,9073,אשקלון,7100,193.2,93,0,661,502,1,501,112,69,35,35,59,8,0,0,0,14,42,121,6
17,9074,אשקלון,7100,193.3,93,0,661,486,1,485,131,48,14,13,84,3,0,0,0,33,58,82,19
17,9075,אשקלון,7100,193.4,93,0,661,466,3,463,118,37,31,34,66,7,0,0,0,31,57,68,14
17,9076,אשקלון,7100,193.5,93,0,659,446,3,443,90,37,53,3,33,18,0,0,0,70,26,97,16
17,9077,אשקלון,7100,195.1,87,0,668,482,3,479,125,74,30,37,44,33,0,0,0,11,32,82,11
17,9078,אשקלון,7100,195.2,87,0,668,463,1,462,140,56,14,18,38,15,0,0,0,32,47,91,11
17,9079,אשקלון,7100,195.3,87,0,668,461,1,460,162,50,50,10,37,13,0,0,0,19,35,61,23
17,9080,אשקלון,7100,195.4,87,0,668,463,3,460,85,73,4,33,52,1,0,0,0,25,91,80,16
17,9081,אשקלון,7100,195.5,87,0,663,443,8,435,68,64,18,38,17,54,0,0,0,18,48,79,31
17,9082,אשקלון,7100,206.1,98,0,651,365,3,362,67,34,39,5,10,8,0,0,0,10,50,112,27
17,9083,אשקלון,7100,206.2,98,0,651,374,2,372,98,90,40,2,18,12,0,0,0,11,35,45,21
17,9084,אשקלון,7100,206.3,98,0,651,399,5,394,129,73,23,6,13,2,0,0,0,48,36,59,5
17,9085,אשקלון,7100,206.4,98,0,651,338,3,335,94,28,50,10,25,6,0,0,0,14,27,73,8
17,9086,אשקלון,7100,206.5,98,0,651,364,1,363,112,58,27,4,37,3,0,0,1,24,11,80,6
17,9087,אשקלון,7100,206.6,98,0,648,351,4,347,132,41,22,17,11,0,0,0,0,3,22,86,13
17,9088,אשקלון,7100,952.0,41,0,763,435,2,433,121,34,76,24,71,15,0,0,0,14,26,43,9
17,9481,בית גוברין,619,1.0,1,0,325,259,0,259,0,68,13,76,0,0,1,0,0,0,1,92,8
13,6588,בית עובד,202,1.0,1,0,274,211,1,210,5,34,18,46,0,0,0,0,0,3,7,86,11
13,6775,בית רבן,848,1.0,1,0,321,214,1,213,20,6,0,0,43,4,0,0,0,20,73,41,6
16,8365,בת ים,6200,5.0,3,0,731,318,3,315,76,34,24,3,64,5,0,0,0,16,19,55,19
16,8366,בת ים,6200,6.0,20,0,599,339,3,336,73,29,7,13,80,9,0,0,0,22,26,75,2
16,8367,בת ים,6200,7.0,30,0,728,416,5,411,115,34,1,0,121,16,1,0,0,32,38,46,7
16,8368,בת ים,6200,8.0,20,0,682,270,2,268,51,43,28,4,34,7,0,0,0,13,29,47,12
16,8369,בת ים,6200,9.0,20,0,697,391,2,389,70,17,9,7,134,32,0,0,0,14,46,52,8
16,8370,בת ים,6200,11.0,20,0,532,202,3,199,44,22,28,10,25,0,0,0,0,1,16,49,4
16,8371,בת ים,6200,12.0,20,0,512,202,0,202,24,46,36,4,32,13,0,0,0,11,10,25,1
16,8372,בת ים,6200,13.0,3,0,583,379,4,375,124,13,1,2,110,11,0,0,0,7,28,78,1
16,8373,בת ים,6200,14.0,3,0,614,294,6,288,54,29,40,5,80,10,0,0,0,4,23,37,6
16,8374,בת ים,6200,16.0,5,0,530,202,2,200,62,25,31,3,13,2,2,0,1,6,2,49,4
16,8375,בת ים,6200,17.0,5,0,610,268,4,264,56,43,65,4,8,2,0,3,0,9,16,49,9
16,8376,בת ים,6200,18.0,5,0,692,281,1,280,113,32,32,18,9,13,0,0,0,5,21,32,5
16,8377,בת ים,6200,19.0,5,0,550,250,2,248,39,24,17,16,29,8,40,2,6,2,6,43,16
16,8378,בת ים,6200,20.0,5,0,546,190,4,186,46,27,21,12,7,8,0,0,0,11,15,29,10
16,8379,בת ים,6200,21.0,5,0,697,274,0,274,74,62,22,11,28,0,4,3,0,10,8,49,3
16,8380,בת ים,6200,22.0,5,0,708,250,3,247,73,23,43,5,38,4,0,1,0,7,6,43,4
16,8381,בת ים,6200,23.0,5,0,703,338,9,329,86,24,65,15,33,3,0,0,0,2,6,85,10
16,8382,בת ים,6200,26.0,5,0,487,199,1,198,21,15,26,9,47,1,0,1,0,3,22,44,9
16,8383,בת ים,6200,27.0,5,0,599,202,3,199,46,31,45,9,14,5,0,1,0,2,12,24,10
16,8384,בת ים,6200,37.0,30,0,706,308,2,306,88,37,33,1,39,6,3,8,1,5,46,30,9
16,8385,בת ים,6200,38.0,81,0,650,306,1,305,73,45,26,6,14,1,1,0,0,7,17,95,20
16,8386,בת ים,6200,41.0,81,0,678,318,0,318,67,67,19,11,39,5,0,0,0,7,16,82,5
16,8387,בת ים,6200,81.0,5,0,671,296,3,293,22,63,57,11,44,0,10,0,0,9,5,59,13
16,8388,בת ים,6200,90.0,20,0,644,255,1,254,61,53,21,5,34,2,0,0,0,2,6,57,13
16,8389,בת ים,6200,106.0,30,0,726,351,9,342,58,39,40,19,62,14,9,3,4,5,36,43,10
16,8390,בת ים,6200,108.0,3,0,661,444,4,440,109,30,6,2,106,9,5,0,0,22,53,66,32
16,8391,בת ים,6200,112.0,5,0,736,182,1,181,31,49,16,14,11,2,3,0,0,4,9,33,9
16,8392,בת ים,6200,114.0,89,0,447,151,2,149,37,36,20,11,2,0,0,0,0,12,4,26,1
16,8393,בת ים,6200,115.0,89,0,590,222,1,221,40,40,22,9,22,21,0,0,0,2,6,48,11
16,8394,בת ים,6200,143.0,81,0,590,285,4,281,54,63,35,16,8,6,0,0,0,6,11,71,11
16,8395,בת ים,6200,145.0,81,0,542,292,3,289,65,47,22,17,7,1,0,0,0,2,26,99,3
16,8396,בת ים,6200,187.0,89,0,602,213,2,211,56,35,22,16,12,9,0,0,0,0,9,47,5
16,8397,בת ים,6200,192.0,89,0,497,233,2,231,39,26,29,54,16,0,1,0,6,2,8,43,7
16,8398,בת ים,6200,1.0,31,0,655,374,4,370,120,27,13,3,81,16,0,0,0,20,42,22,26
16,8399,בת ים,6200,2.0,16,0,577,287,5,282,54,26,55,5,40,18,0,0,0,9,7,61,7
16,8400,בת ים,6200,3.0,31,0,596,283,1,282,65,28,25,16,62,7,0,0,0,2,27,45,5
16,8401,בת ים,6200,4.0,16,0,611,287,3,284,65,52,54,15,10,0,0,1,0,11,16,59,1
16,8402,בת ים,6200,10.0,16,0,670,264,3,261,40,37,34,11,18,9,0,0,0,16,19,71,6
16,8403,בת ים,6200,15.0,31,0,636,276,3,273,58,63,29,15,29,2,1,0,0,3,22,42,9
16,8404,בת ים,6200,53.1,79,0,675,387,6,381,75,49,50,22,30,6,0,0,0,16,14,84,35
16,8405,בת ים,6200,53.2,79,0,675,371,8,363,65,47,45,12,23,3,0,0,0,29,24,101,14
16,8406,בת ים,6200,53.3,79,0,675,375,2,373,105,50,13,4,41,15,0,0,0,8,47,75,15
16,8407,בת ים,6200,53.4,79,0,675,363,2,361,101,21,15,12,18,24,0,0,0,35,40,76,19
16,8408,בת ים,6200,53.5,79,0,675,340,3,337,69,60,40,24,26,11,0,0,0,12,12,75,8
16,8409,בת ים,6200,53.6,79,0,670,328,5,323,64,37,35,9,29,3,0,0,0,6,43,93,4
16,8410,בת ים,6200,55.1,49,0,682,381,5,376,77,34,34,13,40,1,0,0,0,23,49,81,24
16,8411,בת ים,6200,55.2,49,0,682,364,4,360,119,36,13,16,48,17,0,0,0,22,27,32,30
16,8412,בת ים,6200,55.3,49,0,682,326,2,324,52,83,40,6,22,10,0,0,0,6,15,89,1
16,8413,בת ים,6200,55.4,49,0,682,394,1,393,102,45,26,3,18,3,0,0,0,53,40,74,29
16,8414,בת ים,6200,55.5,49,0,682,379,3,376,92,71,15,17,59,4,0,1,0,24,27,62,4
16,8415,בת ים,6200,55.6,49,0,682,370,0,370,103,40,51,10,33,8,1,0,2,11,31,65,15
16,8416,בת ים,6200,55.7,49,0,682,322,3,319,50,59,29,26,12,11,0,0,0,14,10,88,20
16,8417,בת ים,6200,55.8,49,0,676,380,3,377,119,42,38,30,16,19,0,0,0,11,27,59,16
16,8418,בת ים,6200,72.0,29,0,674,352,1,351,61,42,50,50,15,13,0,0,0,6,21,82,11
16,8419,בת ים,6200,73.0,29,0,611,252,4,248,51,40,20,20,9,3,0,0,0,10,5,64,26
16,8420,בת ים,6200,74.0,16,0,583,271,1,270,74,48,35,17,5,0,0,0,0,1,29,58,3
16,8421,בת ים,6200,75.0,16,0,522,211,4,207,71,29,13,15,4,3,0,2,0,6,23,38,3
16,8422,בת ים,6200,76.0,16,0,616,233,2,231,52,18,15,3,43,3,0,0,0,19,20,51,7
16,8423,בת ים,6200,77.0,29,0,478,226,3,223,27,40,24,10,11,0,0,0,0,2,35,58,16
16,8424,בת ים,6200,79.0,29,0,677,365,4,361,61,46,43,16,37,5,0,0,0,7,25,106,15
16,8425,בת ים,6200,80.0,29,0,577,289,2,287,32,32,50,24,23,0,1,0,0,2,22,97,4
16,8426,בת ים,6200,83.0,12,0,648,284,3,281,70,43,37,3,21,2,0,0,0,15,15,68,7
16,8427,בת ים,6200,86.0,12,0,512,239,0,239,57,26,27,12,27,2,0,0,0,28,12,46,2
16,8428,בת ים,6200,87.0,12,0,631,267,3,264,37,35,31,6,27,3,17,0,0,12,30,60,6
16,8429,בת ים,6200,88.0,12,0,639,281,1,280,93,23,36,3,34,1,0,0,0,22,23,38,7
16,8430,בת ים,6200,91.0,14,0,520,202,0,202,44,29,37,7,24,0,0,0,0,7,20,28,6
16,8431,בת ים,6200,92.0,14,0,507,204,3,201,44,29,38,17,10,9,0,0,0,7,4,31,12
16,8432,בת ים,6200,94.0,14,0,561,146,0,146,32,13,30,5,5,0,0,0,0,10,18,29,4
16,8433,בת ים,6200,103.0,12,0,583,286,1,285,25,38,38,11,48,7,0,0,0,2,34,75,7
16,8434,בת ים,6200,105.1,22,0,685,368,3,365,87,47,46,9,20,11,0,0,0,10,33,88,14
16,8435,בת ים,6200,105.2,22,0,685,338,2,336,54,55,48,21,34,3,0,0,0,20,55,44,2
16,8436,בת ים,6200,105.3,22,0,685,316,4,312,68,63,41,20,4,4,2,0,0,9,18,70,13
16,8437,בת ים,6200,105.4,22,0,685,369,5,364,73,50,57,22,18,0,0,0,0,9,31,88,16
16,8438,בת ים,6200,105.5,22,0,685,342,1,341,70,31,42,9,18,4,20,0,0,9,34,97,7
16,8439,בת ים,6200,105.6,22,0,685,325,0,325,42,44,25,20,46,1,0,0,0,10,20,107,10
16,8440,בת ים,6200,105.7,22,0,680,339,2,337,58,62,49,7,30,5,0,0,0,14,36,71,5
16,8441,בת ים,6200,188.0,29,0,560,276,0,276,53,34,11,17,11,3,0,0,0,45,29,29,44
16,8442,בת ים,6200,189.0,14,0,421,154,0,154,46,9,20,9,12,3,0,0,0,3,19,32,1
16,8443,בת ים,6200,210.0,31,0,461,207,2,205,58,19,27,5,15,5,0,0,0,4,24,32,16
16,8444,בת ים,6200,28.1,18,0,722,352,2,350,89,47,29,22,19,0,1,0,0,9,37,82,15
16,8445,בת ים,6200,28.2,18,0,722,289,3,286,47,19,79,29,19,1,2,0,0,3,22,59,6
16,8446,בת ים,6200,28.3,18,0,722,317,3,314,85,57,44,24,34,2,0,0,0,9,14,43,2
16,8447,בת ים,6200,28.4,18,0,722,281,2,279,51,56,45,11,23,5,5,0,1,8,12,51,11
16,8448,בת ים,6200,28.5,18,0,721,286,4,282,53,53,33,21,14,10,0,0,0,13,6,75,4
16,8449,בת ים,6200,34.1,23,0,745,322,2,320,78,66,21,6,11,6,0,0,0,13,23,79,17
16,8450,בת ים,6200,34.2,23,0,745,300,1,299,71,31,43,11,14,20,0,0,0,5,15,82,7
16,8451,בת ים,6200,34.3,23,0,745,343,1,342,80,28,17,47,14,8,11,0,0,25,32,64,16
16,8452,בת ים,6200,34.4,23,0,745,269,1,268,76,25,25,10,26,0,0,0,0,7,28,56,15
16,8453,בת ים,6200,34.5,23,0,745,281,2,279,90,18,38,12,5,4,0,0,0,5,16,76,15
16,8454,בת ים,6200,34.6,23,0,743,246,1,245,84,40,15,6,29,8,0,0,0,9,16,28,10
16,8455,בת ים,6200,51.1,21,0,620,325,3,322,57,56,33,10,28,23,0,0,0,2,7,104,2
16,8456,בת ים,6200,51.2,21,0,620,295,1,294,95,19,30,13,20,1,0,0,0,31,29,50,6
16,8457,בת ים,6200,51.3,21,0,620,323,4,319,59,39,22,25,29,19,0,0,0,23,31,63,9
16,8458,בת ים,6200,51.4,21,0,620,333,1,332,75,57,29,26,17,2,0,0,0,10,26,62,28
16,8459,בת ים,6200,51.5,21,0,616,297,2,295,28,45,36,18,39,16,0,0,0,10,26,50,27
16,8460,בת ים,6200,52.0,80,0,710,319,4,315,103,40,18,20,29,6,0,0,1,19,11,61,7
16,8461,בת ים,6200,57.0,80,0,531,272,3,269,48,63,28,15,14,12,0,0,0,8,25,44,12
16,8462,בת ים,6200,62.0,80,0,565,269,3,266,61,33,24,8,40,7,0,0,0,15,29,30,19
16,8463,בת ים,6200,63.0,80,0,507,275,2,273,66,35,32,21,7,0,0,0,0,3,41,65,3
16,8464,בת ים,6200,102.1,24,0,699,291,3,288,107,25,0,13,37,6,7,0,0,10,14,66,3
16,8465,בת ים,6200,102.2,24,0,699,293,5,288,55,39,23,26,43,2,0,0,0,11,42,38,9
16,8466,בת ים,6200,102.3,24,0,699,270,1,269,48,50,37,9,13,0,0,0,0,3,10,96,3
16,8467,בת ים,6200,102.4,24,0,699,332,3,329,77,79,22,23,13,10,0,0,0,4,30,56,15
16,8468,בת ים,6200,102.5,24,0,699,296,6,290,63,32,21,19,40,4,5,0,0,5,30,66,5
16,8469,בת ים,6200,102.6,24,0,699,280,2,278,59,33,39,14,22,12,1,0,0,10,7,72,9
16,8470,בת ים,6200,102.7,24,0,699,271,4,267,51,60,42,20,11,1,0,0,0,8,13,60,1
16,8471,בת ים,6200,102.8,24,0,691,278,3,275,72,54,50,11,10,0,0,0,0,6,30,38,4
16,8472,בת ים,6200,128.1,32,0,654,354,4,350,89,34,30,2,44,7,0,0,0,36,14,78,16
16,8473,בת ים,6200,128.2,32,0,654,342,2,340,91,53,38,6,23,15,0,0,0,2,39,54,19
16,8474,בת ים,6200,128.3,32,0,654,332,4,328,82,72,16,13,17,1,0,0,0,8,3,100,16
16,8475,בת ים,6200,128.4,32,0,654,307,2,305,57,71,36,10,35,5,0,0,0,10,10,45,26
16,8476,בת ים,6200,128.5,32,0,650,297,3,294,80,44,33,28,16,4,0,0,0,20,18,42,9
16,8477,בת ים,6200,193.1,70,0,659,370,3,367,103,42,18,11,30,18,0,0,0,23,14,102,6
16,8478,בת ים,6200,193.2,70,0,659,340,2,338,74,67,7,22,22,6,7,0,2,13,36,72,10
16,8479,בת ים,6200,193.3,70,0,659,370,3,367,62,39,44,21,35,9,0,0,0,4,47,94,12
16,8480,בת ים,6200,193.4,70,0,659,362,4,358,89,78,13,34,4,2,1,0,0,25,28,76,8
16,8481,בת ים,6200,193.5,70,0,659,339,3,336,79,53,29,15,12,18,0,0,0,15,9,92,14
16,8482,בת ים,6200,193.6,70,0,658,319,2,317,63,52,30,24,24,3,0,0,0,20,22,70,9
16,8483,בת ים,6200,109.1,13,0,698,401,4,397,108,57,16,16,70,6,0,0,0,13,23,70,18
16,8484,בת ים,6200,109.2,13,0,698,357,1,356,107,41,58,17,12,2,0,0,0,13,39,58,9
16,8485,בת ים,6200,109.3,13,0,698,347,2,345,87,51,8,10,30,9,0,0,0,18,30,80,22
16,8486,בת ים,6200,109.4,13,0,698,360,3,357,86,28,41,10,67,7,0,0,0,8,27,74,9
16,8487,בת ים,6200,109.5,13,0,698,382,2,380,134,44,16,3,25,0,0,0,0,15,37,89,17
16,8488,בת ים,6200,109.6,13,0,698,325,2,323,94,74,18,20,19,11,0,0,0,11,23,45,8
16,8489,בת ים,6200,109.7,13,0,698,314,4,310,78,57,19,6,31,0,1,0,0,3,47,59,9
16,8490,בת ים,6200,109.8,13,0,698,347,2,345,107,28,32,26,20,4,0,0,0,7,25,91,5
16,8491,בת ים,6200,137.1,6,0,704,359,4,355,115,52,21,16,17,15,0,0,0,18,36,60,5
16,8492,בת ים,6200,137.2,6,0,704,404,3,401,92,96,28,15,25,6,0,0,0,9,24,103,3
16,8493,בת ים,6200,137.3,6,0,704,339,2,337,82,46,41,5,37,14,0,0,0,2,15,86,9
16,8494,בת ים,6200,137.4,6,0,704,339,1,338,117,40,29,13,15,13,0,0,0,39,16,42,14
16,8495,בת ים,6200,137.5,6,0,702,354,4,350,88,81,20,16,18,5,0,0,0,22,23,70,7
16,8496,בת ים,6200,164.1,71,0,597,406,5,401,85,100,24,15,39,14,0,0,0,16,56,51,1
16,8497,בת ים,6200,164.2,71,0,597,400,4,396,107,55,37,45,14,1,0,1,0,26,24,77,9
16,8498,בת ים,6200,164.3,71,0,597,412,0,412,93,79,16,5,14,13,0,0,0,62,25,89,16
16,8499,בת ים,6200,164.4,71,0,596,386,1,385,95,74,13,50,4,0,1,0,0,22,31,72,23
16,8500,בת ים,6200,165.0,27,0,432,284,0,284,101,25,24,11,16,21,0,0,0,10,19,53,4
16,8501,בת ים,6200,166.0,73,0,729,478,2,476,92,98,56,24,45,2,0,0,0,25,52,79,3
16,8502,בת ים,6200,168.0,27,0,624,337,1,336,76,83,53,5,36,1,0,0,0,4,18,46,14
16,8503,בת ים,6200,170.0,27,0,614,314,0,314,54,41,29,22,34,1,1,0,0,10,51,68,3
16,8504,בת ים,6200,173.0,73,0,741,455,1,454,76,62,21,14,48,5,0,0,0,40,74,80,34
16,8505,בת ים,6200,195.1,19,0,676,405,5,400,145,21,17,19,15,8,0,0,0,12,62,65,36
16,8506,בת ים,6200,195.2,19,0,676,383,4,379,114,47,23,13,17,2,5,0,1,43,45,59,10
16,8507,בת ים,6200,195.3,19,0,676,419,4,415,104,54,45,18,43,2,0,0,0,9,22,114,4
16,8508,בת ים,6200,195.4,19,0,676,398,2,396,75,35,31,52,27,21,0,0,0,27,54,54,20
16,8509,בת ים,6200,195.5,19,0,675,347,2,345,91,63,33,12,22,0,0,0,0,22,23,76,3
16,8510,בת ים,6200,209.0,27,0,411,278,1,277,45,42,23,3,22,0,0,0,0,31,36,54,21
16,8511,בת ים,6200,46.0,4,0,631,370,6,364,92,69,35,41,21,1,0,0,0,6,37,46,16
16,8512,בת ים,6200,47.0,4,0,683,355,2,353,65,44,47,20,40,7,0,0,0,25,11,84,10
16,8513,בת ים,6200,48.0,15,0,604,296,3,293,64,54,26,11,34,0,0,0,0,17,35,33,19
16,8514,בת ים,6200,56.0,2,0,548,284,1,283,59,63,37,11,12,8,0,0,0,7,20,50,16
16,8515,בת ים,6200,123.0,15,0,585,294,5,289,101,33,18,22,16,6,0,0,0,11,33,40,9
16,8516,בת ים,6200,132.0,15,0,549,284,2,282,51,50,9,12,12,7,0,0,0,23,24,68,26
16,8517,בת ים,6200,133.0,15,0,582,306,3,303,67,67,27,3,34,4,2,2,0,23,11,60,3
16,8518,בת ים,6200,134.0,15,0,486,246,3,243,65,33,50,10,9,1,0,0,0,12,24,38,1
16,8519,בת ים,6200,135.0,2,0,587,278,10,268,64,29,58,4,10,1,0,0,0,5,31,48,18
16,8520,בת ים,6200,136.0,15,0,586,330,3,327,68,61,50,14,10,5,0,0,0,11,25,73,10
16,8521,בת ים,6200,138.0,4,0,678,348,0,348,60,32,28,46,29,12,0,0,0,16,47,61,17
16,8522,בת ים,6200,139.0,2,0,692,391,3,388,91,71,60,2,8,0,0,1,1,7,35,106,6
16,8523,בת ים,6200,146.0,4,0,524,259,0,259,58,42,24,8,10,1,2,1,0,4,24,68,17
16,8524,בת ים,6200,147.0,4,0,640,284,3,281,70,54,23,8,21,14,0,0,0,21,12,51,7
16,8525,בת ים,6200,148.0,15,0,540,235,2,233,56,33,21,24,3,0,0,0,0,8,34,45,9
16,8526,בת ים,6200,150.1,28,0,662,345,5,340,89,43,31,45,29,8,0,0,0,4,32,56,3
16,8527,בת ים,6200,150.2,28,0,662,325,4,321,58,64,34,17,27,3,0,0,0,16,13,79,10
16,8528,בת ים,6200,150.3,28,0,662,314,3,311,87,44,30,17,23,5,0,0,0,18,25,51,11
16,8529,בת ים,6200,150.4,28,0,662,312,4,308,83,75,15,7,45,7,0,0,0,1,24,46,5
16,8530,בת ים,6200,150.5,28,0,661,306,5,301,65,24,40,31,31,1,0,1,0,3,13,85,7
16,8531,בת ים,6200,154.1,48,0,641,406,2,404,33,63,39,19,120,27,0,0,0,43,25,26,9
16,8532,בת ים,6200,154.2,48,0,641,356,3,353,62,33,20,22,50,43,0,0,0,7,61,50,5
16,8533,בת ים,6200,154.3,48,0,641,441,1,440,44,15,33,27,104,15,0,0,0,11,79,105,7
16,8534,בת ים,6200,154.4,48,0,641,418,6,412,75,26,13,18,130,28,0,0,0,11,47,63,1
16,8535,בת ים,6200,154.5,48,0,641,403,2,401,67,21,31,17,78,70,0,0,0,13,27,75,2
16,8536,בת ים,6200,161.0,8,0,649,417,3,414,66,70,28,12,29,4,0,0,0,17,71,97,20
16,8537,בת ים,6200,163.0,8,0,694,319,0,319,42,79,45,8,34,12,0,0,0,3,27,68,1
16,8538,בת ים,6200,174.0,8,0,679,341,3,338,70,41,41,5,50,9,0,0,0,21,19,64,18
16,8539,בת ים,6200,190.0,2,0,666,294,3,291,70,51,11,12,50,0,0,0,0,9,23,54,11
16,8540,בת ים,6200,196.0,15,0,422,187,0,187,65,22,26,3,7,0,0,0,0,8,18,25,13
16,8541,בת ים,6200,197.0,15,0,476,271,1,270,70,30,31,14,24,2,0,0,0,25,7,62,5
16,8542,בת ים,6200,198.0,15,0,460,241,2,239,40,50,14,14,22,18,0,0,0,9,18,40,14
16,8543,בת ים,6200,203.0,15,0,541,272,1,271,54,31,17,17,19,17,0,3,0,18,39,55,1
16,8544,בת ים,6200,206.0,4,0,649,329,2,327,57,86,15,14,35,10,0,0,0,8,41,54,7
16,8545,בת ים,6200,207.0,2,0,501,17,0,17,3,4,4,0,0,2,0,0,0,0,1,2,1
16,8546,בת ים,6200,212.0,4,0,717,442,0,442,82,102,33,56,18,19,0,5,0,31,16,66,14
16,8547,בת ים,6200,213.0,4,0,560,300,1,299,62,30,11,20,23,9,0,0,0,9,26,80,29
16,8548,בת ים,6200,215.0,4,0,696,402,4,398,99,83,8,21,23,1,0,0,0,20,25,96,22
16,8549,בת ים,6200,950.0,2,0,605,326,3,323,52,51,32,23,17,6,0,1,0,34,48,54,5
16,8550,בת ים,6200,82.1,25,0,614,275,5,270,47,52,23,2,35,2,0,0,0,11,34,59,5
16,8551,בת ים,6200,82.2,25,0,614,303,4,299,53,54,37,22,46,0,0,0,0,2,13,67,5
16,8552,בת ים,6200,82.3,25,0,614,260,1,259,69,39,9,9,46,3,0,0,0,7,22,47,8
16,8553,בת ים,6200,82.4,25,0,611,261,1,260,41,43,46,20,33,2,0,1,0,1,6,42,25
16,8554,בת ים,6200,93.1,26,0,616,287,4,283,85,40,17,11,9,4,0,0,0,4,40,56,17
16,8555,בת ים,6200,93.2,26,0,616,295,5,290,92,37,44,14,14,1,0,0,0,6,23,54,5
16,8556,בת ים,6200,93.3,26,0,616,274,2,272,52,34,56,14,15,0,0,0,0,7,28,46,20
16,8557,בת ים,6200,95.0,11,0,506,239,1,238,43,31,50,7,15,7,0,0,2,7,11,62,3
16,8558,בת ים,6200,97.1,10,0,691,389,4,385,77,41,29,8,34,15,0,0,0,45,70,33,33
16,8559,בת ים,6200,97.2,10,0,691,327,3,324,45,52,31,7,24,14,0,0,0,9,46,93,3
16,8560,בת ים,6200,97.3,10,0,691,381,4,377,93,29,56,15,66,6,0,0,0,1,33,68,10
16,8561,בת ים,6200,97.4,10,0,691,379,4,375,127,60,47,4,66,10,0,0,0,8,8,37,8
16,8562,בת ים,6200,97.5,10,0,687,360,1,359,51,89,27,11,36,4,0,0,0,7,30,97,7
16,8563,בת ים,6200,98.0,11,0,536,312,2,310,76,28,27,7,53,1,0,0,0,14,11,84,9
16,8564,בת ים,6200,155.0,33,0,718,359,4,355,84,54,64,25,26,0,0,0,0,16,26,48,12
16,8565,בת ים,6200,156.0,1,0,592,279,4,275,90,46,49,6,27,4,0,0,0,1,6,45,1
16,8566,בת ים,6200,157.0,1,0,611,301,3,298,81,46,23,4,36,0,0,0,0,10,29,46,23
16,8567,בת ים,6200,158.0,33,0,647,218,0,218,45,48,32,14,11,5,0,0,0,6,3,45,9
16,8568,בת ים,6200,171.0,33,0,596,279,3,276,69,51,50,10,15,1,0,0,0,16,15,46,3
16,8569,בת ים,6200,172.0,11,0,624,365,5,360,37,64,42,41,12,5,0,0,0,12,41,95,11
16,8570,בת ים,6200,178.1,9,0,641,331,2,329,64,78,46,8,18,0,0,0,0,10,10,85,10
16,8571,בת ים,6200,178.2,9,0,641,322,5,317,64,31,69,28,25,1,0,0,0,8,21,67,3
16,8572,בת ים,6200,178.3,9,0,641,299,1,298,31,39,18,20,41,2,0,0,0,12,40,93,2
16,8573,בת ים,6200,178.4,9,0,641,308,1,307,78,46,18,29,75,3,0,0,0,9,20,23,6
16,8574,בת ים,6200,178.5,9,0,637,291,3,288,72,61,25,33,9,10,0,0,0,4,14,54,6
16,8575,בת ים,6200,191.0,11,0,520,249,5,244,69,20,27,9,18,3,0,0,0,3,12,79,4
13,6400,גיבתון,196,1.0,1,0,297,242,0,242,10,86,7,45,0,5,1,0,0,5,8,67,8
2,902,גיזו,1043,1.0,2,0,161,127,0,127,25,31,6,20,7,3,0,0,0,1,5,21,8
5,2150,גיניגר,92,1.0,1,0,597,416,4,412,22,84,27,102,1,0,0,0,0,1,22,143,10
13,6589,גן שורק,311,1.0,1,0,286,216,1,215,47,52,19,9,0,4,0,0,0,1,2,75,6
12,5923,גני הדר,1103,1.0,1,0,307,254,0,254,16,62,12,60,0,0,0,0,0,0,19,77,8
19,11034,גני עם,218,1.0,1,0,226,192,1,191,14,41,8,28,0,0,3,0,0,0,0,88,9
2,885,גפן,39,1.0,1,0,290,224,0,224,71,14,1,5,42,11,0,0,0,11,44,12,13
11,5392,גת רימון,128,1.0,1,0,206,156,0,156,19,28,9,33,1,2,1,0,0,1,9,43,10
5,1638,דחי,475,1.0,2,0,587,212,1,211,1,0,1,10,0,0,64,97,24,0,1,12,1
2,1144,חברון,3400,1.0,1,0,363,217,0,217,18,29,0,0,3,2,0,0,0,47,82,36,0
19,10854,חורשים,355,1.0,1,0,330,233,0,233,20,53,17,67,2,0,2,0,0,1,11,57,3
7,2812,חיפה,4000,2.0,33,0,590,158,1,157,8,18,8,17,1,0,33,20,13,1,8,26,4
7,2813,חיפה,4000,50.0,5,0,553,210,6,204,1,11,0,7,0,0,128,21,17,0,0,17,2
7,2814,חיפה,4000,74.0,33,0,617,120,0,120,10,30,11,33,0,0,2,0,1,0,0,30,3
7,2815,חיפה,4000,75.0,236,0,748,346,9,337,23,3,2,27,0,0,179,43,37,0,2,19,2
7,2816,חיפה,4000,77.0,236,0,678,299,4,295,0,9,0,23,0,0,183,13,29,2,0,34,2
7,2817,חיפה,4000,79.0,5,0,478,217,0,217,4,7,0,22,0,0,128,25,21,0,5,3,2
7,2818,חיפה,4000,80.0,5,0,546,265,4,261,11,1,0,20,0,0,178,13,30,0,0,8,0
7,2819,חיפה,4000,81.0,58,0,734,315,3,312,7,9,2,37,0,0,141,56,30,0,0,30,0
7,2820,חיפה,4000,83.0,114,0,501,198,4,194,12,12,0,19,0,0,105,12,17,0,0,9,8
7,2821,חיפה,4000,88.0,273,0,654,281,4,277,1,26,6,28,0,0,143,11,51,0,0,11,0
7,2822,חיפה,4000,275.1,26,0,624,341,0,341,7,14,1,27,0,0,140,78,67,0,0,7,0
7,2823,חיפה,4000,275.2,26,0,624,319,0,319,3,4,1,31,0,0,195,35,23,1,0,25,1
7,2824,חיפה,4000,275.3,26,0,624,303,4,299,7,28,11,40,0,0,160,2,21,1,0,28,1
7,2825,חיפה,4000,275.4,26,0,624,314,3,311,0,8,0,30,0,0,172,29,54,0,0,12,6
7,2826,חיפה,4000,275.5,26,0,621,322,2,320,12,23,3,53,1,0,132,22,50,0,0,23,1
7,2827,חיפה,4000,277.0,114,0,492,233,2,231,16,27,14,19,0,0,101,10,32,0,0,11,1
7,2828,חיפה,4000,279.0,273,0,524,245,2,243,10,4,3,39,0,0,121,26,25,0,0,15,0
7,2829,חיפה,4000,280.0,186,0,640,195,2,193,21,11,14,21,3,8,61,4,20,0,5,18,7
7,2830,חיפה,4000,281.0,186,0,603,304,1,303,4,18,12,14,0,0,177,43,18,0,4,8,5
7,2831,חיפה,4000,290.0,150,0,706,323,4,319,4,27,11,40,0,6,144,27,27,1,0,29,3
7,2832,חיפה,4000,291.0,150,0,598,236,1,235,22,47,16,19,1,0,51,13,12,1,4,41,8
7,2833,חיפה,4000,297.0,114,0,639,233,4,229,29,26,11,30,0,12,36,8,35,0,4,36,2
7,2834,חיפה,4000,298.1,68,0,399,164,3,161,27,3,4,9,1,0,58,24,17,0,12,6,0
7,2835,חיפה,4000,298.2,68,0,398,145,0,145,6,17,2,23,0,0,37,27,22,0,1,8,2
7,2836,חיפה,4000,299.0,114,0,680,211,3,208,16,27,17,14,2,2,69,10,13,2,1,31,4
7,2837,חיפה,4000,301.0,58,0,626,152,1,151,7,4,2,16,1,2,76,6,10,1,1,20,5
7,2838,חיפה,4000,52.1,47,0,688,260,5,255,25,19,20,7,9,4,93,29,8,2,6,29,4
7,2839,חיפה,4000,52.2,47,0,688,205,4,201,7,2,14,32,4,0,53,40,9,0,6,26,8
7,2840,חיפה,4000,52.3,47,0,688,186,6,180,8,5,13,11,4,4,72,29,7,4,10,13,0
7,2841,חיפה,4000,52.4,47,0,688,218,2,216,31,27,10,25,0,11,34,28,6,10,3,29,2
7,2842,חיפה,4000,306.0,189,0,572,145,5,140,20,18,22,11,2,0,16,5,5,2,16,19,4
7,2843,חיפה,4000,335.1,185,0,574,221,0,221,23,17,39,7,11,55,4,9,0,1,6,40,9
7,2844,חיפה,4000,335.2,185,0,574,227,3,224,23,25,13,6,8,80,11,0,3,0,2,48,5
7,2845,חיפה,4000,339.0,93,0,642,239,4,235,57,19,37,11,14,4,1,0,0,7,12,67,6
7,2846,חיפה,4000,375.0,256,0,684,236,1,235,48,35,51,13,8,0,7,6,7,1,13,40,6
7,2847,חיפה,4000,377.0,195,0,684,235,3,232,57,43,26,9,27,4,1,0,0,2,21,30,12
7,2848,חיפה,4000,379.0,93,0,663,148,2,146,46,12,16,3,3,4,1,0,3,2,18,34,4
7,2849,חיפה,4000,381.0,93,0,573,230,6,224,49,37,45,8,9,1,2,0,0,7,8,51,7
7,2850,חיפה,4000,382.0,195,0,676,226,1,225,64,39,54,6,8,2,12,7,5,0,6,21,1
7,2851,חיפה,4000,384.0,255,0,568,191,2,189,8,0,3,7,3,4,98,38,23,0,0,2,3
7,2852,חיפה,4000,387.1,134,0,716,246,1,245,23,31,37,9,3,1,35,9,0,6,38,45,8
7,2853,חיפה,4000,387.2,134,0,716,198,2,196,19,33,29,14,1,5,21,1,18,3,10,39,3
7,2854,חיפה,4000,388.0,256,0,648,211,2,209,36,15,55,17,1,1,11,11,4,2,4,48,4
7,2855,חיפה,4000,430.0,255,0,547,202,0,202,8,22,15,8,2,1,93,18,10,0,1,21,3
7,2856,חיפה,4000,58.1,199,0,570,186,3,183,18,17,10,19,7,1,32,33,6,2,5,29,4
7,2857,חיפה,4000,58.2,199,0,570,178,2,176,16,20,19,23,5,0,33,11,6,0,3,36,4
7,2858,חיפה,4000,304.1,270,0,732,220,1,219,23,30,18,17,3,1,56,10,16,5,9,30,1
7,2859,חיפה,4000,304.2,270,0,731,235,0,235,18,22,29,48,0,7,39,10,9,0,8,43,2
7,2860,חיפה,4000,318.1,122,0,504,216,0,216,25,16,8,13,28,43,1,0,0,7,18,36,21
7,2861,חיפה,4000,318.2,122,0,504,180,1,179,24,11,23,21,5,9,0,0,0,14,10,50,12
7,2862,חיפה,4000,318.3,197,0,503,225,0,225,29,23,29,18,26,37,0,0,0,7,23,30,3
7,2863,חיפה,4000,320.1,188,0,668,373,1,372,36,17,29,3,77,137,0,0,0,6,46,9,12
7,2864,חיפה,4000,320.2,188,0,668,401,2,399,41,17,13,3,47,216,0,0,0,6,18,38,0
7,2865,חיפה,4000,320.3,188,0,668,384,4,380,10,34,37,1,39,206,0,4,0,5,28,15,1
7,2866,חיפה,4000,320.4,188,0,668,379,1,378,24,15,25,12,64,180,2,0,0,6,13,33,4
7,2867,חיפה,4000,320.5,188,0,668,428,3,425,6,16,45,2,49,241,0,0,0,2,22,42,0
7,2868,חיפה,4000,320.6,188,0,663,403,0,403,41,7,29,2,47,233,0,0,0,0,22,20,2
7,2869,חיפה,4000,327.0,72,0,603,252,0,252,32,31,23,24,11,77,0,0,0,5,14,29,6
7,2870,חיפה,4000,328.0,72,1,616,390,0,390,45,5,3,0,42,246,0,0,0,13,10,16,10
7,2871,חיפה,4000,343.1,130,0,625,342,2,340,23,15,5,1,70,202,0,0,1,1,6,16,0
7,2872,חיפה,4000,343.2,130,0,625,436,1,435,17,13,11,0,21,317,2,6,0,2,39,7,0
7,2873,חיפה,4000,343.3,130,0,625,405,0,405,32,8,2,7,33,304,0,0,0,1,6,4,8
7,2874,חיפה,4000,343.4,130,0,625,380,3,377,9,10,22,2,32,258,9,0,0,0,16,19,0
7,2875,חיפה,4000,343.5,130,0,620,456,4,452,5,4,7,0,38,354,1,0,0,0,35,8,0
7,2876,חיפה,4000,344.1,63,0,653,240,1,239,26,45,27,24,9,22,15,5,10,11,1,32,12
7,2877,חיפה,4000,344.2,63,0,653,244,3,241,22,48,20,34,3,15,19,7,1,3,16,45,8
7,2878,חיפה,4000,344.3,63,0,653,255,3,252,33,45,27,48,1,3,20,1,9,4,9,52,0
7,2879,חיפה,4000,344.4,63,0,653,235,2,233,47,28,43,22,0,1,11,5,2,4,20,40,10
7,2880,חיפה,4000,344.5,63,0,653,214,5,209,22,29,46,30,14,7,6,0,6,1,3,40,5
7,2881,חיפה,4000,344.6,63,0,649,232,3,229,23,29,39,39,8,3,2,11,2,7,23,33,10
7,2882,חיפה,4000,990.1,231,0,606,155,2,153,19,10,10,18,6,0,46,15,7,2,3,16,1
7,2883,חיפה,4000,990.2,231,0,606,143,1,142,24,11,10,10,10,0,31,11,4,6,10,8,7
7,2884,חיפה,4000,267.0,151,0,454,204,2,202,21,34,5,43,0,8,22,2,18,0,11,36,2
7,2885,חיפה,4000,268.0,258,0,519,212,1,211,19,27,24,39,0,0,9,1,5,5,11,60,11
7,2886,חיפה,4000,283.1,30,0,727,343,1,342,60,77,33,20,4,10,26,7,1,1,13,77,13
7,2887,חיפה,4000,283.2,30,0,727,332,0,332,28,52,38,49,0,0,19,3,6,1,7,117,12
7,2888,חיפה,4000,283.3,30,0,727,314,0,314,41,40,40,13,0,4,26,6,2,2,11,85,44
7,2889,חיפה,4000,284.0,151,0,614,233,1,232,13,48,27,27,7,2,8,0,2,7,6,68,17
7,2890,חיפה,4000,287.1,24,0,659,268,0,268,34,28,16,59,10,19,16,0,2,1,12,63,8
7,2891,חיפה,4000,287.2,24,0,659,265,1,264,36,29,52,35,7,5,39,2,16,1,11,30,1
7,2892,חיפה,4000,287.3,24,1,659,258,5,253,25,32,27,42,2,12,17,9,4,1,6,57,19
7,2893,חיפה,4000,287.4,24,0,659,256,2,254,16,44,41,27,0,29,35,6,3,5,1,42,5
7,2894,חיפה,4000,287.5,24,0,656,250,1,249,50,24,19,53,4,5,26,2,2,6,8,47,3
7,2895,חיפה,4000,319.0,77,0,540,331,1,330,64,91,24,7,19,7,0,0,0,9,10,87,12
7,2896,חיפה,4000,325.0,77,0,471,289,2,287,34,59,40,22,7,13,7,1,1,0,4,78,21
7,2897,חיפה,4000,337.1,38,0,628,248,2,246,38,15,11,10,13,110,11,0,0,0,12,19,7
7,2898,חיפה,4000,337.2,38,0,628,248,0,248,7,33,19,22,17,113,4,0,3,0,4,25,1
7,2899,חיפה,4000,337.3,38,0,626,242,2,240,33,18,30,10,13,105,7,0,0,2,7,15,0
7,2900,חיפה,4000,345.1,73,0,707,375,3,372,79,59,32,52,21,0,2,5,0,7,22,69,24
7,2901,חיפה,4000,345.2,73,0,707,374,0,374,47,71,21,28,8,6,11,0,39,2,43,88,10
7,2902,חיפה,4000,345.3,73,0,705,357,2,355,41,62,43,43,0,4,11,7,2,0,9,108,25
7,2903,חיפה,4000,347.0,258,0,518,267,4,263,35,57,55,19,2,0,0,1,0,2,6,69,17
7,2904,חיפה,4000,348.0,258,0,732,373,2,371,41,69,47,48,1,0,2,15,0,1,6,134,7
7,2905,חיפה,4000,354.1,28,0,655,388,3,385,48,6,19,29,50,146,0,0,0,26,12,48,1
7,2906,חיפה,4000,354.2,28,0,655,410,3,407,27,27,16,18,140,116,0,0,0,5,7,38,13
7,2907,חיפה,4000,354.3,28,1,655,402,5,397,55,32,30,7,32,169,0,0,0,6,15,46,5
7,2908,חיפה,4000,1.1,88,0,570,269,5,264,59,30,53,14,1,1,6,12,3,1,15,60,9
7,2909,חיפה,4000,1.2,88,0,570,286,3,283,43,44,25,58,4,5,18,0,12,3,5,60,6
7,2910,חיפה,4000,1.3,88,0,570,281,0,281,43,57,17,28,1,0,12,2,28,14,23,49,7
7,2911,חיפה,4000,1.4,25,0,570,262,2,260,45,45,48,51,4,0,7,0,1,0,8,34,17
7,2912,חיפה,4000,71.0,240,1,740,294,2,292,9,56,1,28,1,0,97,43,24,0,0,27,6
7,2913,חיפה,4000,72.0,240,0,671,246,3,243,17,25,10,18,1,1,79,6,22,5,8,48,3
7,2914,חיפה,4000,85.0,31,0,653,276,2,274,17,27,34,35,1,6,92,5,14,0,5,36,2
7,2915,חיפה,4000,86.0,240,0,745,305,1,304,9,63,2,15,3,0,106,20,27,14,1,40,4
7,2916,חיפה,4000,87.0,31,0,660,198,1,197,0,10,1,53,0,0,80,11,20,0,0,22,0
7,2917,חיפה,4000,89.1,46,0,708,321,3,318,46,36,60,34,0,6,45,12,19,4,4,29,23
7,2918,חיפה,4000,89.2,46,0,708,290,4,286,19,16,35,17,2,10,65,13,28,3,9,52,17
7,2919,חיפה,4000,89.3,46,0,708,289,3,286,20,43,10,28,7,1,113,11,5,1,14,20,13
7,2920,חיפה,4000,89.4,46,0,708,325,4,321,25,38,20,30,0,0,97,22,44,0,0,39,6
7,2921,חיפה,4000,89.5,46,0,707,297,9,288,22,82,41,27,3,0,29,4,6,3,5,56,10
7,2922,חיפה,4000,90.1,50,0,592,251,4,247,38,15,49,18,6,1,23,5,25,12,7,43,5
7,2923,חיפה,4000,90.2,50,0,592,292,5,287,31,33,56,14,5,0,63,15,10,5,4,42,9
7,2924,חיפה,4000,90.3,50,0,592,269,2,267,23,53,28,18,3,0,72,4,3,3,10,35,15
7,2925,חיפה,4000,90.4,50,0,590,249,4,245,64,29,29,18,0,9,21,1,12,2,16,36,8
7,2926,חיפה,4000,93.0,18,0,703,348,2,346,58,46,46,48,4,3,5,4,1,0,11,104,16
7,2927,חיפה,4000,101.1,37,0,660,268,0,268,77,54,15,46,2,0,4,4,0,0,20,37,9
7,2928,חיפה,4000,101.2,37,0,660,265,4,261,60,26,26,31,6,5,6,10,4,2,24,53,8
7,2929,חיפה,4000,101.3,37,0,660,271,3,268,29,80,16,34,3,0,4,0,0,1,12,84,5
7,2930,חיפה,4000,101.4,37,0,658,225,2,223,12,50,29,26,3,5,3,0,5,9,28,46,7
7,2931,חיפה,4000,121.0,18,0,750,359,5,354,22,35,18,26,4,2,100,36,23,4,20,55,9
7,2932,חיפה,4000,126.0,18,0,741,312,4,308,43,57,124,6,0,0,1,0,0,1,4,59,13
7,2933,חיפה,4000,127.0,18,0,693,330,3,327,42,26,45,25,1,0,63,28,13,11,8,64,1
7,2934,חיפה,4000,128.0,18,0,722,262,5,257,60,19,33,12,5,4,17,0,4,20,22,53,8
7,2935,חיפה,4000,130.0,18,0,588,247,2,245,64,25,15,18,2,0,21,1,8,6,16,55,14
7,2936,חיפה,4000,131.0,137,0,597,289,1,288,29,61,19,88,16,0,2,0,4,0,10,50,9
7,2937,חיפה,4000,132.0,237,1,744,387,4,383,15,13,21,35,0,0,181,44,45,0,0,28,1
7,2938,חיפה,4000,133.0,25,0,677,313,10,303,48,44,40,17,14,0,17,2,17,5,17,65,17
7,2939,חיפה,4000,134.0,86,0,562,311,8,303,43,39,74,9,17,8,0,0,0,5,11,76,21
7,2940,חיפה,4000,135.0,86,0,521,215,0,215,32,32,28,16,6,0,2,1,0,2,20,72,4
7,2941,חיפה,4000,136.0,86,0,602,245,5,240,42,11,65,29,14,0,4,0,0,4,17,39,15
7,2942,חיפה,4000,138.0,25,0,469,196,6,190,43,20,63,7,4,0,4,0,0,9,2,36,2
7,2943,חיפה,4000,141.0,137,0,743,305,2,303,33,49,62,51,11,2,3,0,0,11,10,61,10
7,2944,חיפה,4000,143.0,137,0,640,337,2,335,52,87,24,86,1,1,2,0,0,0,13,64,5
7,2945,חיפה,4000,146.0,137,0,693,244,1,243,29,36,24,40,5,8,16,1,4,11,6,55,8
7,2946,חיפה,4000,159.0,237,0,551,252,5,247,37,40,64,22,2,0,11,2,4,2,12,44,7
7,2947,חיפה,4000,149.1,45,0,685,385,1,384,79,68,28,55,14,2,2,0,0,9,27,95,5
7,2948,חיפה,4000,149.2,45,1,685,372,3,369,123,63,29,7,20,1,4,5,0,1,31,79,6
7,2949,חיפה,4000,149.3,45,0,685,385,1,384,70,73,45,19,16,3,0,0,1,6,17,98,36
7,2950,חיפה,4000,149.4,45,0,682,322,1,321,49,63,25,29,12,6,1,0,1,11,5,115,4
7,2951,חיפה,4000,219.0,103,0,477,313,0,313,39,45,19,61,14,0,20,6,3,5,4,87,10
7,2952,חיפה,4000,220.0,103,0,543,318,1,317,32,71,10,60,4,0,0,1,5,10,6,79,39
7,2953,חיפה,4000,228.0,48,0,610,241,3,238,48,26,45,17,11,6,0,0,0,4,13,60,8
7,2954,חיפה,4000,229.0,48,0,674,342,3,339,73,57,64,24,11,0,1,0,1,2,22,56,28
7,2955,חיפה,4000,231.1,106,0,627,382,1,381,135,50,18,24,0,2,25,0,0,10,8,93,16
7,2956,חיפה,4000,231.2,106,0,627,381,0,381,75,56,15,61,1,29,6,10,1,3,15,81,28
7,2957,חיפה,4000,231.3,106,0,627,389,3,386,60,71,25,95,0,6,30,0,4,7,12,73,3
7,2958,חיפה,4000,232.0,226,0,677,443,2,441,31,126,28,47,9,6,9,0,15,1,2,156,11
7,2959,חיפה,4000,235.0,232,0,577,379,1,378,35,100,18,42,1,1,4,0,0,7,20,141,9
7,2960,חיפה,4000,236.1,15,0,736,474,0,474,42,101,26,79,2,2,62,6,10,10,26,88,20
7,2961,חיפה,4000,236.2,15,0,736,410,0,410,17,83,33,80,0,1,39,4,2,11,1,118,21
7,2962,חיפה,4000,236.3,15,0,736,472,0,472,53,84,29,80,0,0,58,9,51,0,6,84,18
7,2963,חיפה,4000,236.4,15,0,736,446,1,445,58,70,42,89,0,1,59,1,14,5,0,95,11
7,2964,חיפה,4000,236.5,15,0,735,436,2,434,26,77,27,65,0,0,35,3,0,29,17,141,14
7,2965,חיפה,4000,244.0,48,0,559,312,2,310,99,47,51,8,12,9,16,0,2,2,7,51,6
7,2966,חיפה,4000,257.0,232,0,686,434,2,432,19,86,35,91,11,0,4,5,0,0,2,167,12
7,2967,חיפה,4000,261.0,48,0,602,316,6,310,35,43,35,30,4,0,1,0,0,8,23,104,27
7,2968,חיפה,4000,265.1,127,0,744,440,2,438,30,65,21,91,4,0,89,6,18,9,15,76,14
7,2969,חיפה,4000,265.2,127,0,744,423,1,422,21,96,50,22,4,0,98,3,15,11,3,69,30
7,2970,חיפה,4000,265.3,127,0,744,432,1,431,35,35,25,36,1,2,136,13,26,3,11,89,19
7,2971,חיפה,4000,265.4,127,0,743,395,2,393,25,64,31,96,3,1,38,0,4,2,21,74,34
7,2972,חיפה,4000,282.0,230,0,558,308,0,308,1,11,6,57,0,0,118,32,15,0,5,57,6
7,2973,חיפה,4000,334.0,103,0,544,386,2,384,50,73,60,56,0,4,2,0,0,2,5,119,13
7,2974,חיפה,4000,426.0,229,0,650,432,1,431,126,59,17,69,9,0,29,2,15,5,10,71,19
7,2975,חיפה,4000,463.1,8,0,640,432,0,432,87,106,21,68,13,4,15,0,9,23,13,55,18
7,2976,חיפה,4000,463.2,8,0,640,398,1,397,60,80,46,52,2,1,3,0,2,6,14,96,35
7,2977,חיפה,4000,463.3,8,0,640,398,0,398,80,70,18,23,11,0,23,2,16,5,13,126,11
7,2978,חיפה,4000,463.4,8,0,640,421,0,421,85,54,22,30,15,2,34,13,2,11,17,132,4
7,2979,חיפה,4000,463.5,8,0,635,430,3,427,42,94,23,30,22,0,6,3,1,8,17,159,22
7,2980,חיפה,4000,140.0,196,0,571,318,3,315,10,20,9,51,6,0,121,41,16,5,2,31,3
7,2981,חיפה,4000,147.0,224,0,596,290,0,290,25,21,16,27,61,3,84,18,8,1,4,13,9
7,2982,חיפה,4000,148.0,99,0,741,387,6,381,25,22,8,24,1,19,158,24,55,1,3,38,3
7,2983,חיפה,4000,151.0,249,0,607,322,2,320,64,37,17,10,12,5,0,0,0,18,49,91,17
7,2984,חיפה,4000,152.0,227,0,657,338,4,334,111,35,28,1,53,6,0,0,0,13,37,44,6
7,2985,חיפה,4000,154.0,40,1,691,323,5,318,110,29,33,10,17,2,0,0,0,5,39,66,7
7,2986,חיפה,4000,155.1,36,0,700,346,5,341,49,81,25,22,38,0,0,0,4,11,32,74,5
7,2987,חיפה,4000,155.2,36,0,700,344,4,340,111,28,40,32,14,15,0,0,3,1,22,64,10
7,2988,חיפה,4000,155.3,36,0,700,335,2,333,89,64,26,34,17,1,0,0,1,4,18,71,8
7,2989,חיפה,4000,155.4,36,0,700,344,4,340,49,53,32,12,35,2,22,2,8,22,12,81,10
7,2990,חיפה,4000,155.5,36,0,700,317,3,314,31,49,66,34,20,5,11,1,1,10,22,56,8
7,2991,חיפה,4000,161.0,249,0,633,302,4,298,37,74,62,11,25,11,0,0,1,3,6,64,4
7,2992,חיפה,4000,162.0,23,0,619,310,3,307,79,45,39,14,15,0,0,0,0,23,22,68,2
7,2993,חיפה,4000,163.0,23,0,636,331,5,326,67,39,48,31,17,3,0,0,0,7,18,84,12
7,2994,חיפה,4000,164.0,249,0,730,343,1,342,94,43,70,17,33,3,0,0,0,2,24,49,7
7,2995,חיפה,4000,165.0,123,0,559,275,3,272,63,73,21,25,4,1,0,0,0,6,16,58,5
7,2996,חיפה,4000,166.0,123,1,562,330,5,325,55,36,32,36,23,2,1,0,0,5,18,93,24
7,2997,חיפה,4000,167.0,40,0,745,331,5,326,101,26,47,11,37,5,0,0,0,13,31,46,9
7,2998,חיפה,4000,168.0,123,0,593,322,3,319,121,23,44,8,8,1,0,0,0,22,16,65,11
7,2999,חיפה,4000,227.0,23,0,697,273,3,270,46,55,49,17,16,5,1,10,0,2,10,44,15
7,3000,חיפה,4000,245.0,23,0,519,242,3,239,67,31,46,15,15,0,0,0,0,2,13,33,17
7,3001,חיפה,4000,272.0,250,0,628,448,0,448,24,155,37,51,1,20,32,5,9,6,4,103,1
7,3002,חיפה,4000,300.0,250,0,625,485,1,484,67,66,67,38,2,9,17,15,9,2,22,149,21
7,3003,חיפה,4000,439.0,248,0,703,545,5,540,117,67,54,112,1,1,37,1,3,2,14,104,27
7,3004,חיפה,4000,440.0,248,0,585,446,1,445,91,99,18,48,0,0,20,0,14,4,19,123,9
7,3005,חיפה,4000,441.0,248,0,626,515,0,515,81,85,59,38,1,1,20,10,2,23,51,139,5
7,3006,חיפה,4000,466.0,250,0,728,503,3,500,79,86,80,29,14,2,15,4,7,4,33,132,15
7,3007,חיפה,4000,960.1,34,0,668,264,2,262,61,38,24,4,9,0,1,9,1,7,23,75,10
7,3008,חיפה,4000,960.2,34,0,668,242,3,239,77,28,27,18,13,0,3,0,2,9,18,43,1
7,3009,חיפה,4000,960.3,34,0,668,216,3,213,52,20,36,9,1,1,0,0,4,14,19,55,2
7,3010,חיפה,4000,966.0,248,0,722,546,3,543,169,73,33,57,4,0,5,3,0,22,18,140,19
7,3011,חיפה,4000,968.0,248,0,662,486,2,484,101,104,30,39,2,1,23,1,2,55,13,87,26
7,3012,חיפה,4000,202.0,22,1,610,394,2,392,13,112,22,80,0,0,15,0,4,0,10,130,6
7,3013,חיפה,4000,203.1,276,0,747,448,0,448,21,62,46,98,1,2,16,16,2,2,17,129,36
7,3014,חיפה,4000,203.2,276,0,747,438,0,438,59,68,22,50,0,2,47,7,10,6,6,143,18
7,3015,חיפה,4000,203.3,276,0,745,443,2,441,31,118,26,86,12,6,15,3,0,7,10,122,5
7,3016,חיפה,4000,212.1,260,0,675,459,2,457,11,104,73,63,4,17,1,0,0,3,17,149,15
7,3017,חיפה,4000,212.2,260,0,675,454,1,453,5,132,21,96,2,2,3,1,7,3,16,140,25
7,3018,חיפה,4000,212.3,260,0,673,454,0,454,15,140,35,101,2,1,1,0,0,6,4,138,11
7,3019,חיפה,4000,213.0,22,0,734,506,3,503,26,113,51,87,2,0,5,0,0,1,15,178,25
7,3020,חיפה,4000,214.0,22,0,551,344,0,344,45,46,41,81,3,3,26,1,3,2,1,84,8
7,3021,חיפה,4000,216.0,102,0,563,360,1,359,21,112,19,59,0,0,5,5,1,5,8,101,23
7,3022,חיפה,4000,241.0,98,1,719,527,0,527,33,167,32,120,0,0,4,0,1,3,1,161,5
7,3023,חיפה,4000,250.1,52,0,621,401,2,399,19,123,13,57,1,1,10,0,0,17,51,96,11
7,3024,חיפה,4000,250.2,52,0,621,393,2,391,23,145,32,69,3,0,2,0,0,1,8,101,7
7,3025,חיפה,4000,250.3,52,0,621,364,4,360,53,101,16,45,4,0,10,0,0,0,9,107,15
7,3026,חיפה,4000,250.4,52,0,621,368,0,368,13,82,26,60,0,13,17,0,1,2,5,140,9
7,3027,חיפה,4000,250.5,52,0,621,386,0,386,47,119,24,43,2,0,1,0,0,1,17,107,25
7,3028,חיפה,4000,254.1,269,0,733,538,2,536,54,146,21,109,3,4,6,0,1,1,0,167,24
7,3029,חיפה,4000,254.2,269,0,733,537,1,536,47,109,45,110,0,0,4,0,0,2,13,179,27
7,3030,חיפה,4000,254.3,269,0,732,519,1,518,24,122,45,76,0,3,0,0,0,26,22,189,11
7,3031,חיפה,4000,255.1,7,0,633,374,0,374,3,36,12,117,0,0,70,21,13,0,8,69,25
7,3032,חיפה,4000,255.2,7,0,633,373,2,371,15,44,11,44,0,1,113,14,11,1,3,114,0
7,3033,חיפה,4000,255.3,7,0,633,377,1,376,14,24,2,53,15,8,116,40,24,2,1,71,6
7,3034,חיפה,4000,255.4,7,0,633,406,8,398,0,13,7,50,0,0,264,25,26,1,0,11,1
7,3035,חיפה,4000,255.5,7,0,632,387,6,381,22,37,6,56,0,0,149,19,24,2,4,44,18
7,3036,חיפה,4000,256.0,22,0,720,483,0,483,60,99,81,74,0,0,0,0,0,1,7,141,20
7,3037,חיפה,4000,259.1,62,0,751,445,1,444,57,64,78,85,1,3,22,0,0,14,10,96,14
7,3038,חיפה,4000,259.2,62,0,751,457,1,456,37,112,24,56,1,1,24,6,0,0,14,141,40
7,3039,חיפה,4000,259.3,62,0,751,448,2,446,35,168,13,61,0,2,19,0,1,1,2,129,15
7,3040,חיפה,4000,259.4,62,0,751,468,3,465,4,117,53,86,1,1,5,13,0,3,1,169,12
7,3041,חיפה,4000,260.0,124,0,632,296,0,296,17,103,43,36,0,1,1,0,0,1,8,70,16
7,3042,חיפה,4000,302.0,102,0,535,324,2,322,46,51,33,51,0,1,2,4,0,12,1,102,19
7,3043,חיפה,4000,322.0,124,0,588,330,1,329,39,66,37,26,12,8,27,7,1,3,9,68,26
7,3044,חיפה,4000,180.0,42,0,646,292,2,290,41,31,22,30,8,1,5,0,0,13,33,81,25
7,3045,חיפה,4000,184.0,42,0,614,401,2,399,25,70,43,55,0,3,19,0,0,2,5,165,12
7,3046,חיפה,4000,186.0,42,0,541,317,3,314,24,76,15,59,0,0,0,0,0,0,6,121,13
7,3047,חיפה,4000,195.0,42,1,561,317,5,312,44,61,82,21,1,0,0,0,0,1,1,94,7
7,3048,חיפה,4000,199.1,70,0,589,388,1,387,44,95,14,115,5,1,2,0,0,1,7,75,28
7,3049,חיפה,4000,199.2,70,0,589,393,1,392,25,112,30,66,0,14,1,0,0,4,4,116,20
7,3050,חיפה,4000,199.3,70,0,589,375,0,375,21,105,21,76,2,1,1,7,0,3,27,99,12
7,3051,חיפה,4000,199.4,70,0,589,374,0,374,37,84,14,69,0,0,1,0,0,2,9,150,8
7,3052,חיפה,4000,200.0,200,0,657,381,0,381,37,88,23,101,4,0,8,0,0,2,7,95,16
7,3053,חיפה,4000,262.0,42,0,484,279,1,278,33,39,50,49,0,1,0,0,1,1,28,54,22
7,3054,חיפה,4000,273.1,2,0,678,437,1,436,30,66,59,125,0,7,4,0,0,7,10,114,14
7,3055,חיפה,4000,273.2,2,0,678,423,0,423,33,79,28,85,2,3,30,0,1,1,4,129,28
7,3056,חיפה,4000,273.3,2,0,678,410,0,410,43,90,35,60,3,1,2,0,0,4,15,141,16
7,3057,חיפה,4000,273.4,2,0,678,445,4,441,28,89,37,80,0,0,0,0,0,0,11,178,18
7,3058,חיפה,4000,273.5,2,0,678,446,1,445,25,112,36,101,6,0,11,2,0,3,14,127,8
7,3059,חיפה,4000,364.0,42,0,617,455,1,454,37,154,53,83,0,0,1,0,0,2,4,94,26
7,3060,חיפה,4000,365.0,262,0,645,190,3,187,20,41,23,19,2,2,0,0,0,0,5,73,2
7,3061,חיפה,4000,425.0,274,0,651,478,1,477,47,143,31,61,1,11,2,0,0,11,19,125,26
7,3062,חיפה,4000,428.0,274,0,726,558,0,558,82,95,40,68,13,6,2,0,0,10,13,161,68
7,3063,חיפה,4000,429.0,218,0,586,447,0,447,58,94,35,61,2,1,1,0,4,2,7,170,12
7,3064,חיפה,4000,434.0,275,0,732,526,2,524,48,167,21,48,1,6,0,0,1,13,13,193,13
7,3065,חיפה,4000,461.1,108,0,733,503,0,503,56,150,52,66,6,3,3,0,0,8,9,126,24
7,3066,חיפה,4000,461.2,108,0,733,500,0,500,22,110,48,112,0,0,0,0,0,23,13,142,30
7,3067,חיפה,4000,461.3,108,0,733,479,3,476,41,135,34,78,0,11,6,0,0,8,20,125,18
7,3068,חיפה,4000,461.4,108,0,730,484,3,481,24,98,74,79,0,0,0,0,0,4,8,164,30
7,3069,חיפה,4000,169.0,223,0,651,519,1,518,92,134,17,77,8,0,0,0,5,10,3,151,21
7,3070,חיפה,4000,171.1,241,0,378,295,1,294,26,62,14,40,2,0,2,0,0,0,8,137,3
7,3071,חיפה,4000,171.2,241,0,377,283,0,283,13,51,37,71,2,4,0,0,0,1,14,87,3
7,3072,חיפה,4000,172.1,96,0,612,398,1,397,40,105,27,32,3,1,31,0,6,7,12,117,16
7,3073,חיפה,4000,172.2,96,0,611,407,3,404,51,103,29,89,0,1,0,0,0,0,0,93,38
7,3074,חיפה,4000,179.0,9,0,520,383,2,381,33,130,16,70,0,0,0,0,0,1,14,111,6
7,3075,חיפה,4000,181.1,43,0,601,423,1,422,80,74,27,44,4,0,4,0,0,13,26,128,22
7,3076,חיפה,4000,181.2,43,0,601,390,0,390,23,78,12,74,1,6,2,0,0,10,20,154,10
7,3077,חיפה,4000,181.3,43,0,601,399,0,399,26,76,22,85,0,0,1,0,0,0,22,157,10
7,3078,חיפה,4000,181.4,43,0,599,412,2,410,5,72,20,67,0,1,1,0,0,19,12,190,23
7,3079,חיפה,4000,187.0,9,0,602,410,0,410,37,79,22,69,6,6,10,3,0,6,1,169,2
7,3080,חיפה,4000,190.0,211,0,545,421,2,419,26,121,73,50,10,0,6,0,0,6,1,104,22
7,3081,חיפה,4000,192.1,263,0,663,376,0,376,17,77,23,56,1,0,0,3,0,9,5,178,7
7,3082,חיפה,4000,192.2,263,0,663,358,3,355,25,77,22,80,6,4,0,0,11,12,3,108,7
7,3083,חיפה,4000,192.3,263,0,663,364,0,364,21,82,16,48,0,0,4,0,5,6,11,164,7
7,3084,חיפה,4000,192.4,263,0,663,385,0,385,38,78,38,73,4,5,1,0,0,2,10,112,24
7,3085,חיפה,4000,194.1,6,0,714,420,0,420,29,80,13,52,0,17,16,0,0,35,14,125,39
7,3086,חיפה,4000,194.2,6,0,714,436,1,435,50,99,25,44,0,4,0,0,0,3,28,157,25
7,3087,חיפה,4000,194.3,6,0,714,455,2,453,33,81,23,76,12,0,5,0,0,2,8,194,19
7,3088,חיפה,4000,194.4,6,0,714,416,0,416,32,106,43,99,0,7,1,0,0,0,13,104,11
7,3089,חיפה,4000,194.5,6,0,714,478,0,478,21,105,70,53,1,1,0,2,5,0,6,197,17
7,3090,חיפה,4000,194.6,6,0,711,451,0,451,15,84,68,79,1,15,0,0,0,8,5,167,9
7,3091,חיפה,4000,197.1,257,0,711,506,0,506,51,128,11,105,3,1,4,0,0,3,28,123,49
7,3092,חיפה,4000,197.2,257,0,711,487,2,485,21,120,35,62,4,3,0,0,0,9,12,200,19
7,3093,חיפה,4000,269.0,9,0,728,542,2,540,39,212,46,102,4,0,22,0,0,4,8,81,22
7,3094,חיפה,4000,359.0,9,0,545,418,2,416,15,103,49,71,0,0,0,0,0,10,2,162,4
7,3095,חיפה,4000,363.0,9,0,588,420,0,420,33,109,39,94,1,0,2,0,6,5,1,124,6
7,3096,חיפה,4000,449.1,182,0,747,525,0,525,53,138,88,75,11,1,9,0,0,0,30,106,14
7,3097,חיפה,4000,449.2,182,0,747,548,0,548,13,111,79,105,0,0,1,0,0,5,13,204,17
7,3098,חיפה,4000,449.3,182,0,747,513,1,512,19,196,23,84,1,6,0,0,0,0,3,163,17
7,3099,חיפה,4000,449.4,182,0,746,561,0,561,32,93,63,124,1,1,7,10,0,0,14,188,28
7,3100,חיפה,4000,102.1,222,0,740,535,0,535,94,144,27,60,15,2,0,0,0,1,18,160,14
7,3101,חיפה,4000,102.2,222,0,740,537,1,536,40,135,38,157,0,12,0,0,0,1,3,116,34
7,3102,חיפה,4000,102.3,222,0,740,545,1,544,89,144,47,42,3,3,0,0,5,13,26,158,14
7,3103,חיפה,4000,102.4,222,1,740,552,24,528,48,122,24,60,3,3,5,0,0,34,24,162,43
7,3104,חיפה,4000,102.5,222,0,737,525,3,522,16,153,78,79,1,0,1,0,0,2,8,170,14
7,3105,חיפה,4000,173.0,193,0,693,492,2,490,49,107,41,124,0,0,5,0,0,2,17,139,6
7,3106,חיפה,4000,177.1,235,0,574,407,0,407,30,60,25,90,24,5,17,0,0,6,5,139,6
7,3107,חיפה,4000,177.2,235,0,574,407,0,407,66,105,37,43,0,0,2,0,0,22,15,112,5
7,3108,חיפה,4000,177.3,235,0,574,407,1,406,31,62,39,74,1,10,3,0,0,12,8,143,23
7,3109,חיפה,4000,177.4,235,0,574,408,0,408,11,74,71,98,0,0,4,0,0,4,14,116,16
7,3110,חיפה,4000,198.1,39,0,699,363,2,361,57,84,62,47,3,0,0,0,0,3,15,87,3
7,3111,חיפה,4000,198.2,39,0,699,372,2,370,35,82,47,46,0,1,4,1,0,9,8,103,34
7,3112,חיפה,4000,198.3,39,0,699,381,1,380,34,104,81,31,6,7,1,0,0,0,5,105,6
7,3113,חיפה,4000,198.4,39,0,699,373,2,371,53,56,70,58,1,7,0,0,0,0,8,104,14
7,3114,חיפה,4000,198.5,39,0,696,349,1,348,62,97,38,23,8,0,0,0,0,12,26,77,5
7,3115,חיפה,4000,368.0,76,0,570,355,2,353,23,80,24,74,0,0,9,0,0,2,10,91,40
7,3116,חיפה,4000,369.0,181,0,723,507,2,505,80,102,51,29,12,1,0,0,0,2,28,175,25
7,3117,חיפה,4000,370.0,181,0,678,502,3,499,47,67,55,100,2,1,7,0,0,16,17,161,26
7,3118,חיפה,4000,371.0,76,0,729,461,2,459,34,133,45,85,2,1,1,0,7,2,6,129,14
7,3119,חיפה,4000,372.0,138,0,725,533,2,531,37,91,28,87,1,0,4,0,0,7,24,220,32
7,3120,חיפה,4000,409.0,75,0,654,426,2,424,38,102,19,76,1,5,1,1,0,7,28,125,21
7,3121,חיפה,4000,410.0,75,0,483,322,1,321,18,85,18,73,0,0,4,0,1,0,1,111,10
7,3122,חיפה,4000,420.0,138,0,545,208,3,205,31,60,17,21,5,2,0,0,0,1,4,60,4
7,3123,חיפה,4000,438.0,76,0,735,550,0,550,51,184,12,73,2,4,0,2,0,2,7,150,63
7,3124,חיפה,4000,446.0,75,0,445,291,0,291,29,65,27,72,10,11,2,0,1,7,5,50,12
7,3125,חיפה,4000,450.0,180,0,730,515,3,512,16,148,44,90,4,0,0,0,0,11,22,149,28
7,3126,חיפה,4000,453.1,194,0,615,430,1,429,53,65,55,47,8,1,12,0,0,0,10,166,12
7,3127,חיפה,4000,453.2,194,0,614,470,1,469,35,65,33,132,0,0,0,0,0,0,38,147,19
7,3128,חיפה,4000,462.0,75,0,561,407,0,407,40,86,41,55,17,4,4,0,0,11,11,135,3
7,3129,חיפה,4000,465.0,75,0,648,479,2,477,87,111,21,47,1,0,0,0,0,5,3,160,42
7,3130,חיפה,4000,961.0,75,0,626,405,1,404,69,80,15,44,4,2,5,0,0,9,9,157,10
7,3131,חיפה,4000,350.1,71,0,622,375,1,374,102,72,16,16,16,14,0,0,0,32,37,61,8
7,3132,חיפה,4000,350.2,71,0,622,405,0,405,74,125,25,26,23,34,0,0,0,15,20,45,18
7,3133,חיפה,4000,350.3,71,0,622,368,1,367,69,33,9,31,19,66,0,0,0,25,33,80,2
7,3134,חיפה,4000,350.4,71,0,622,361,2,359,53,58,24,53,18,19,0,0,0,3,17,103,11
7,3135,חיפה,4000,355.1,44,1,659,409,1,408,58,78,23,19,54,9,0,0,0,41,42,42,42
7,3136,חיפה,4000,355.2,44,0,659,395,5,390,95,37,38,48,16,1,0,0,0,15,54,72,14
7,3137,חיפה,4000,355.3,44,0,659,406,0,406,113,88,19,24,13,25,0,0,0,20,34,61,9
7,3138,חיפה,4000,355.4,44,0,659,399,4,395,60,46,38,38,29,5,0,0,0,23,39,101,16
7,3139,חיפה,4000,355.5,44,0,659,375,2,373,26,72,17,42,48,13,2,0,0,4,48,91,10
7,3140,חיפה,4000,355.6,44,0,659,398,1,397,43,42,14,10,42,15,0,0,0,40,45,133,13
7,3141,חיפה,4000,355.7,44,0,659,428,5,423,59,40,54,16,49,10,0,0,0,26,51,93,25
7,3142,חיפה,4000,360.1,132,0,639,449,0,449,45,78,65,34,10,0,12,3,0,35,17,131,19
7,3143,חיפה,4000,361.0,217,0,392,281,2,279,45,83,15,24,8,1,0,0,0,1,7,93,2
7,3144,חיפה,4000,362.0,217,0,600,451,2,449,35,94,25,60,2,1,0,0,0,25,7,147,53
7,3145,חיפה,4000,392.1,56,0,680,446,2,444,53,23,7,32,36,41,0,0,0,83,44,122,3
7,3146,חיפה,4000,392.2,56,0,680,461,2,459,63,82,22,32,34,62,0,0,0,11,12,129,12
7,3147,חיפה,4000,392.3,56,0,680,440,2,438,36,66,20,46,35,77,1,2,0,9,37,103,6
7,3148,חיפה,4000,392.4,56,0,680,427,0,427,49,68,29,50,16,46,0,0,0,6,57,103,3
7,3149,חיפה,4000,392.5,56,0,680,406,3,403,26,67,25,55,24,64,0,0,0,2,21,110,9
7,3150,חיפה,4000,403.0,51,0,488,261,2,259,25,50,14,46,5,12,7,0,0,9,15,63,13
7,3151,חיפה,4000,411.0,51,0,483,136,1,135,13,37,18,22,0,0,0,1,0,1,5,27,11
7,3152,חיפה,4000,435.0,51,0,588,246,4,242,40,40,20,14,30,12,0,0,0,9,38,22,17
7,3153,חיפה,4000,460.0,217,0,531,380,3,377,46,102,17,53,4,11,0,0,0,6,2,121,15
7,3154,חיפה,4000,958.0,51,0,633,241,0,241,8,55,21,28,2,9,3,0,0,1,28,70,16
7,3155,חיפה,4000,963.0,51,0,621,377,2,375,94,63,29,21,17,0,0,0,0,14,23,97,17
7,3156,חיפה,4000,346.1,29,0,693,378,3,375,108,46,48,28,9,2,0,0,0,4,8,117,5
7,3157,חיפה,4000,346.2,29,0,693,352,0,352,45,82,41,22,3,2,1,0,3,2,15,127,9
7,3158,חיפה,4000,346.3,29,0,693,364,1,363,65,105,32,24,4,5,0,0,0,27,33,54,14
7,3159,חיפה,4000,346.4,29,0,693,366,4,362,23,93,51,46,12,4,1,0,1,8,12,93,18
7,3160,חיפה,4000,346.5,29,0,690,386,1,385,46,92,46,38,3,0,0,0,0,8,5,142,5
7,3161,חיפה,4000,351.1,53,0,646,266,2,264,68,34,28,10,18,4,30,5,1,5,13,43,5
7,3162,חיפה,4000,351.2,53,0,646,271,5,266,39,43,45,17,9,3,6,2,0,3,27,64,8
7,3163,חיפה,4000,351.3,53,0,646,296,5,291,38,61,65,7,11,4,4,0,2,4,39,50,6
7,3164,חיפה,4000,351.4,53,0,646,267,2,265,39,35,35,26,8,0,14,4,0,0,16,68,20
7,3165,חיפה,4000,351.5,53,0,643,236,3,233,27,50,23,20,8,1,4,4,0,6,16,43,31
7,3166,חיפה,4000,380.1,60,0,651,292,8,284,66,29,19,20,65,8,9,3,0,3,5,44,13
7,3167,חיפה,4000,380.2,60,0,651,270,2,268,59,49,26,5,8,0,3,2,0,6,15,91,4
7,3168,חיפה,4000,380.3,60,0,651,267,5,262,52,41,53,28,9,1,14,2,1,7,8,44,2
7,3169,חיפה,4000,380.4,60,0,648,245,3,242,36,37,31,10,6,9,4,0,0,7,33,64,5
7,3170,חיפה,4000,385.1,198,0,634,346,8,338,92,65,56,18,2,0,0,0,0,3,14,75,13
7,3171,חיפה,4000,385.2,220,0,634,319,4,315,45,62,81,14,6,1,6,0,0,3,32,59,6
7,3172,חיפה,4000,389.0,219,0,560,252,1,251,60,25,48,19,8,1,0,0,0,3,5,56,26
7,3173,חיפה,4000,405.1,12,0,502,333,0,333,33,34,15,38,12,67,0,0,0,8,27,70,29
7,3174,חיפה,4000,405.2,12,0,502,343,3,340,46,72,55,40,20,27,1,0,0,13,32,33,1
7,3175,חיפה,4000,405.3,12,0,502,327,0,327,27,110,18,40,3,44,0,0,0,5,7,63,10
7,3176,חיפה,4000,412.0,261,0,651,312,6,306,42,73,42,14,10,1,0,0,0,17,38,62,7
7,3177,חיפה,4000,418.0,57,0,641,334,1,333,56,67,24,21,2,45,3,1,0,10,44,54,6
7,3178,חיפה,4000,419.0,57,0,548,259,1,258,54,52,58,13,3,3,1,0,0,5,4,47,18
7,3179,חיפה,4000,423.0,57,0,501,192,0,192,28,51,14,20,3,2,0,0,0,3,6,63,2
7,3180,חיפה,4000,432.1,11,0,614,336,1,335,87,42,3,41,30,2,0,0,0,15,32,53,30
7,3181,חיפה,4000,432.2,11,0,614,375,3,372,85,45,31,67,1,5,0,0,0,14,25,64,35
7,3182,חיפה,4000,432.3,11,0,614,330,0,330,54,73,23,32,28,1,0,0,0,7,23,66,23
7,3183,חיפה,4000,432.4,11,0,614,360,1,359,33,85,74,21,6,22,0,0,0,5,17,84,12
7,3184,חיפה,4000,432.5,11,1,613,343,2,341,51,53,30,49,2,1,0,0,0,1,23,124,7
7,3185,חיפה,4000,433.0,57,0,514,234,2,232,37,42,27,12,5,0,18,0,1,4,8,73,5
7,3186,חיפה,4000,3.0,3,0,575,425,1,424,112,9,5,15,35,12,0,0,0,83,86,65,2
7,3187,חיפה,4000,13.0,3,1,558,377,0,377,50,30,9,1,40,27,0,0,0,59,59,88,14
7,3188,חיפה,4000,14.1,19,0,739,430,5,425,114,31,12,1,109,17,0,0,0,43,31,65,2
7,3189,חיפה,4000,14.2,19,0,739,439,3,436,118,33,4,4,99,11,0,0,0,30,78,55,4
7,3190,חיפה,4000,31.0,234,0,731,543,2,541,69,18,6,3,150,70,0,0,1,72,63,80,9
7,3191,חיפה,4000,33.0,3,0,603,428,0,428,89,23,21,1,46,16,0,0,0,29,95,102,6
7,3192,חיפה,4000,34.0,234,0,619,410,2,408,60,10,2,1,163,20,0,0,0,43,57,46,6
7,3193,חיפה,4000,37.1,155,0,659,504,1,503,110,26,24,0,120,35,0,0,0,27,73,88,0
7,3194,חיפה,4000,37.2,155,0,658,465,3,462,112,40,0,6,76,44,0,0,0,28,99,57,0
7,3195,חיפה,4000,701.0,203,0,650,343,6,337,92,60,32,21,6,6,0,0,0,12,30,66,12
7,3196,חיפה,4000,702.0,245,0,673,290,3,287,73,57,54,2,10,10,0,0,0,11,19,46,5
7,3197,חיפה,4000,703.0,245,0,672,382,4,378,87,58,58,4,27,1,0,0,0,16,28,67,32
7,3198,חיפה,4000,704.0,41,0,573,248,4,244,39,57,38,8,8,1,0,0,0,2,7,67,17
7,3199,חיפה,4000,705.0,41,0,627,277,4,273,56,28,18,28,6,18,1,0,0,11,19,82,6
7,3200,חיפה,4000,707.0,244,0,573,257,4,253,73,24,48,1,22,0,0,0,0,2,11,66,6
7,3201,חיפה,4000,708.0,244,0,513,315,1,314,57,77,12,9,1,0,0,0,0,12,8,104,34
7,3202,חיפה,4000,715.1,16,0,661,323,6,317,137,40,25,18,4,15,0,0,0,10,12,48,8
7,3203,חיפה,4000,715.2,16,0,661,307,6,301,80,58,14,28,10,7,0,0,0,4,17,51,32
7,3204,חיפה,4000,715.3,16,0,661,303,2,301,53,85,61,6,3,1,0,0,0,13,21,43,15
7,3205,חיפה,4000,716.0,3,0,691,407,3,404,94,46,18,60,6,1,0,0,0,19,44,107,9
7,3206,חיפה,4000,717.0,203,0,564,320,2,318,113,56,16,18,10,4,0,0,0,11,19,60,11
7,3207,חיפה,4000,706.0,14,1,693,449,4,445,148,43,12,2,19,1,0,0,0,24,36,143,17
7,3208,חיפה,4000,711.0,14,0,529,255,4,251,61,19,34,18,4,14,0,0,0,15,30,55,1
7,3209,חיפה,4000,712.0,14,0,558,346,1,345,95,55,17,12,11,2,0,0,0,7,36,97,13
7,3210,חיפה,4000,721.1,265,0,705,475,1,474,56,102,19,27,22,28,0,0,0,7,62,140,11
7,3211,חיפה,4000,721.2,265,0,705,496,4,492,89,77,32,39,9,7,0,0,0,7,25,148,59
7,3212,חיפה,4000,721.3,265,0,705,482,0,482,91,138,24,40,27,0,0,0,0,15,15,88,44
7,3213,חיפה,4000,721.4,265,0,702,476,3,473,127,110,24,84,7,0,0,0,0,3,19,94,5
7,3214,חיפה,4000,722.1,10,0,633,433,1,432,66,87,16,51,29,0,0,0,0,6,39,118,20
7,3215,חיפה,4000,722.2,10,0,633,410,0,410,154,51,19,10,10,0,2,0,0,4,35,120,5
7,3216,חיפה,4000,722.3,10,0,633,424,3,421,98,120,7,49,12,7,0,0,0,1,35,78,14
7,3217,חיפה,4000,722.4,10,0,633,433,3,430,59,97,25,39,21,0,0,0,0,12,5,129,43
7,3218,חיפה,4000,722.5,10,0,633,413,1,412,77,80,25,60,5,1,1,0,0,12,18,117,16
7,3219,חיפה,4000,722.6,10,0,633,401,1,400,53,83,32,39,32,1,0,0,0,13,6,138,3
7,3220,חיפה,4000,723.1,54,0,694,460,0,460,88,89,51,51,3,2,0,0,0,18,25,127,6
7,3221,חיפה,4000,723.2,54,0,694,482,1,481,112,113,9,23,23,7,2,0,0,38,13,117,24
7,3222,חיפה,4000,723.3,54,0,694,472,2,470,89,106,31,11,11,10,5,0,0,20,20,153,14
7,3223,חיפה,4000,723.4,54,0,692,460,3,457,54,100,72,16,0,1,0,0,0,9,26,161,18
7,3224,חיפה,4000,726.0,65,0,653,261,2,259,67,24,28,27,17,3,12,0,0,7,32,26,16
7,3225,חיפה,4000,727.0,65,0,615,215,2,213,46,29,27,22,10,3,0,0,0,0,18,48,10
7,3226,חיפה,4000,730.1,55,1,718,474,4,470,122,23,30,26,21,0,14,0,0,15,52,127,40
7,3227,חיפה,4000,730.2,55,0,718,470,0,470,132,68,12,63,18,1,0,0,0,2,19,139,16
7,3228,חיפה,4000,730.3,55,0,718,467,2,465,121,67,15,38,6,4,0,0,0,2,27,153,32
7,3229,חיפה,4000,730.4,55,0,718,428,3,425,67,80,38,24,7,6,1,0,0,13,44,98,47
7,3230,חיפה,4000,730.5,55,0,718,468,0,468,77,64,18,45,17,12,0,0,0,3,20,193,19
7,3231,חיפה,4000,730.6,55,0,718,465,5,460,125,55,34,15,5,2,1,0,0,22,31,145,25
7,3232,חיפה,4000,730.7,55,0,716,473,0,473,70,97,36,46,3,2,0,0,0,12,4,166,37
7,3233,חיפה,4000,733.0,65,0,630,416,1,415,95,80,4,11,1,1,2,0,0,5,67,140,9
7,3234,חיפה,4000,739.0,65,0,543,236,1,235,70,63,10,6,5,5,0,0,0,13,15,46,2
7,3235,חיפה,4000,742.0,272,0,717,505,2,503,69,171,33,45,8,1,0,0,0,0,21,111,44
13,6731,חפץ חיים,363,1.0,1,0,398,310,1,309,43,23,3,0,3,35,1,0,3,75,77,37,9
6,2771,חרשים,1209,1.0,1,0,268,220,0,220,4,37,7,99,8,1,14,0,0,0,0,40,10
4,1516,טפחות,1214,1.0,1,0,278,201,0,201,56,6,0,0,29,0,0,0,0,34,47,27,2
13,6736,יסודות,440,1.0,1,0,378,342,0,342,12,0,0,0,31,272,0,0,0,4,21,2,0
3,1246,כדיתה,1338,1.0,1,0,148,70,0,70,9,7,2,5,1,3,0,0,0,7,20,13,3
4,1521,כלנית,1229,1.0,1,0,201,151,0,151,48,6,0,0,23,3,0,0,0,17,30,21,3
2,788,כסלון,859,1.0,1,0,326,231,1,230,81,11,2,16,40,3,0,0,1,35,11,25,5
9,4140,כפר גליקסון,310,1.0,1,0,313,237,0,237,4,74,6,38,0,0,4,0,0,0,4,99,8
13,6852,כרם יבנה ישיבה,1094,1.0,1,0,148,119,0,119,7,12,0,0,3,12,0,0,0,33,35,17,0
13,6590,מחנה הילה,1411,1.0,1,0,143,119,0,119,3,34,17,23,0,0,0,0,0,1,0,39,2
13,6755,מחנה תל נוף,1412,1.0,1,0,170,122,0,122,11,19,8,12,3,0,0,0,0,10,7,48,4
2,909,מחסיה,776,1.0,1,0,334,259,1,258,85,10,0,10,52,23,0,0,0,18,41,14,5
4,1574,מיצר,4019,1.0,1,0,148,117,1,116,4,27,11,26,0,0,0,0,0,0,6,40,2
4,1578,מעגן,678,1.0,3,0,353,238,3,235,31,56,14,43,7,0,0,0,0,2,6,73,3
2,912,נווה שלום,1259,1.0,1,0,272,200,1,199,0,9,2,76,0,0,50,16,36,0,0,9,1
6,2796,נטועה,1147,1.0,1,0,276,196,0,196,46,19,18,6,36,2,0,0,0,13,27,24,5
4,1582,נטור,4014,1.0,1,0,335,243,0,243,21,33,4,20,1,1,0,0,0,46,46,68,3
13,6756,נצר חזני,1372,1.0,1,0,317,256,0,256,60,24,0,0,20,18,0,0,0,38,58,35,3
18,9826,נתיבות,246,1.0,4,0,751,470,2,468,58,12,21,9,192,51,0,0,0,13,41,50,21
18,9827,נתיבות,246,2.0,1,0,653,464,3,461,87,34,18,1,214,21,0,0,0,17,33,30,6
18,9828,נתיבות,246,4.0,4,0,555,348,5,343,68,16,15,0,154,13,0,0,0,14,29,20,14
18,9829,נתיבות,246,5.0,1,0,598,390,4,386,124,9,4,0,130,14,0,0,0,8,53,41,3
18,9830,נתיבות,246,6.0,1,0,635,384,3,381,77,14,25,0,170,46,0,0,0,8,24,13,4
18,9831,נתיבות,246,7.1,19,0,556,385,0,385,118,13,1,0,140,7,0,0,0,11,30,51,14
18,9832,נתיבות,246,7.2,19,0,555,390,1,389,100,10,2,0,139,29,1,0,0,30,46,16,16
18,9833,נתיבות,246,8.0,13,0,577,466,2,464,29,31,0,0,271,83,0,0,0,9,35,6,0
18,9834,נתיבות,246,9.1,3,0,714,596,1,595,68,28,0,0,337,110,0,0,0,14,34,4,0
18,9835,נתיבות,246,9.2,3,0,714,597,4,593,43,24,0,0,290,211,0,0,0,1,15,9,0
18,9836,נתיבות,246,10.0,18,0,374,254,1,253,68,20,2,1,74,13,0,0,0,30,19,23,3
18,9837,נתיבות,246,11.0,22,0,402,219,2,217,69,11,3,19,64,2,0,0,1,6,24,14,4
18,9838,נתיבות,246,12.1,31,0,425,287,1,286,85,22,4,0,48,8,0,0,0,34,50,30,5
18,9839,נתיבות,246,12.2,31,0,425,301,0,301,63,7,33,0,60,19,0,0,0,22,29,45,23
18,9840,נתיבות,246,13.1,10,0,525,301,0,301,97,27,1,0,95,4,0,0,0,27,26,18,6
18,9841,נתיבות,246,13.2,10,0,525,306,5,301,135,20,4,4,43,6,0,0,0,11,18,53,7
18,9842,נתיבות,246,13.3,10,0,525,253,2,251,82,18,37,8,25,1,0,0,0,16,19,38,7
18,9843,נתיבות,246,14.0,29,0,613,446,3,443,37,10,16,0,240,17,0,0,0,7,75,36,5
18,9844,נתיבות,246,15.0,6,0,531,390,1,389,74,11,2,0,191,17,0,0,0,12,51,25,6
18,9845,נתיבות,246,16.0,7,0,663,456,5,451,134,49,9,2,102,8,0,0,0,19,70,55,3
18,9846,נתיבות,246,18.1,25,0,525,405,0,405,105,11,1,0,186,8,0,0,0,3,66,21,4
18,9847,נתיבות,246,18.2,25,0,525,394,2,392,89,8,16,0,162,10,0,0,0,12,73,22,0
18,9848,נתיבות,246,18.3,25,0,525,374,3,371,83,6,5,0,170,5,0,0,0,3,63,20,16
18,9849,נתיבות,246,19.0,6,0,603,380,6,374,76,63,2,0,98,23,0,0,0,14,60,28,10
18,9850,נתיבות,246,20.1,8,0,400,295,3,292,69,5,16,0,152,12,0,0,0,7,21,10,0
18,9851,נתיבות,246,20.2,8,0,400,278,2,276,55,3,6,6,157,14,0,0,0,1,27,6,1
18,9852,נתיבות,246,21.1,26,0,718,540,1,539,113,43,0,13,171,42,0,0,0,44,52,51,10
18,9853,נתיבות,246,21.2,26,0,718,539,2,537,74,35,1,15,226,12,0,0,0,50,75,45,4
18,9854,נתיבות,246,21.3,26,0,718,552,1,551,129,56,101,1,137,8,0,0,0,3,60,54,2
18,9855,נתיבות,246,21.4,26,0,718,542,4,538,100,24,13,0,167,12,2,0,0,32,146,37,5
18,9856,נתיבות,246,21.5,26,0,718,524,2,522,101,19,3,1,175,30,0,0,0,30,69,82,12
18,9857,נתיבות,246,21.6,26,0,718,550,0,550,236,18,35,3,111,9,0,0,0,79,19,38,2
18,9858,נתיבות,246,21.7,26,0,716,507,1,506,175,25,5,3,131,54,0,0,0,20,37,54,2
18,9859,נתיבות,246,22.1,21,0,725,530,2,528,116,17,4,2,246,31,0,0,0,13,74,14,11
18,9860,נתיבות,246,22.2,21,0,725,508,1,507,140,8,11,0,149,8,0,0,0,38,129,20,4
18,9861,נתיבות,246,23.0,29,0,717,638,1,637,16,0,0,0,418,162,0,0,0,1,40,0,0
18,9862,נתיבות,246,26.1,12,0,577,450,3,447,87,7,7,1,162,19,0,0,0,35,75,50,4
18,9863,נתיבות,246,26.2,12,0,576,447,0,447,90,6,1,0,195,14,0,0,0,24,70,40,7
18,9864,נתיבות,246,27.1,17,0,382,271,0,271,63,17,2,3,84,24,0,0,0,10,48,18,2
18,9865,נתיבות,246,27.2,17,0,381,276,2,274,61,17,5,4,104,7,0,0,0,18,25,32,1
18,9866,נתיבות,246,28.0,6,0,737,510,3,507,101,28,14,3,221,20,0,0,0,17,45,56,2
18,9867,נתיבות,246,30.0,29,0,718,620,1,619,14,11,0,0,291,276,0,0,0,0,20,7,0
18,9868,נתיבות,246,34.0,23,0,660,473,3,470,89,19,0,14,154,27,0,0,0,41,83,41,2
18,9869,נתיבות,246,35.1,32,0,573,457,0,457,108,18,4,0,152,2,0,0,0,55,88,27,3
18,9870,נתיבות,246,35.2,32,0,573,435,1,434,113,20,10,0,185,10,0,0,0,21,52,16,7
18,9871,נתיבות,246,35.3,32,0,572,421,1,420,70,13,5,0,217,8,0,0,0,8,60,31,8
18,9872,נתיבות,246,41.0,29,0,648,526,0,526,28,0,6,0,390,31,0,0,0,1,65,5,0
18,9873,נתיבות,246,42.0,23,0,453,342,0,342,62,24,7,8,76,7,0,0,0,22,90,40,6
18,9874,נתיבות,246,45.1,30,0,649,493,1,492,85,56,7,0,203,11,0,0,0,15,81,30,4
18,9875,נתיבות,246,45.2,30,0,649,492,1,491,65,77,2,39,184,9,0,0,0,17,37,53,8
18,9876,נתיבות,246,45.3,30,0,649,478,2,476,78,18,28,0,152,3,0,0,0,31,75,91,0
2,893,עגור,794,1.0,2,0,352,248,2,246,79,21,0,5,38,15,0,0,0,10,51,24,3
2,742,עטרת,3658,1.0,1,0,352,266,0,266,41,4,0,0,8,0,0,0,0,84,98,31,0
13,6649,עיינות,156,1.0,1,0,157,51,0,51,4,7,2,8,9,0,0,0,0,0,1,13,7
4,1539,פוריה  כפר עבודה,1104,1.0,1,0,309,192,1,191,82,13,0,1,7,3,0,0,0,11,33,35,6
6,2797,פלך,1185,1.0,1,0,124,115,1,114,0,23,2,67,0,0,5,0,0,0,0,14,3
2,1149,פני חבר,3723,1.0,1,0,287,213,0,213,27,11,1,0,14,0,0,0,0,60,72,28,0
20,11479,צביה,1180,1.0,1,0,290,216,2,214,4,59,8,62,0,0,0,0,0,2,1,66,12
6,2758,צוריאל,774,1.0,1,0,355,226,0,226,60,16,11,15,28,9,0,0,0,17,15,52,3
2,894,צפרירים,1079,1.0,1,0,357,241,0,241,63,22,10,24,16,15,1,0,0,19,10,46,15
17,9391,קרית גת,2630,1.1,10,0,410,188,1,187,60,17,1,1,37,13,0,0,0,20,14,23,1
17,9392,קרית גת,2630,2.1,22,0,584,348,9,339,117,10,13,1,67,3,6,0,0,14,40,61,7
17,9393,קרית גת,2630,2.2,22,0,584,324,4,320,92,40,31,27,51,14,0,0,0,5,17,35,8
17,9394,קרית גת,2630,2.3,22,0,584,320,1,319,118,17,20,4,48,29,0,0,0,17,17,42,7
17,9395,קרית גת,2630,3.0,6,0,445,255,4,251,80,29,9,2,29,12,0,0,0,21,43,23,3
17,9396,קרית גת,2630,5.0,12,0,601,351,9,342,83,19,52,1,62,12,0,0,0,36,35,32,10
17,9397,קרית גת,2630,6.0,7,0,576,376,2,374,84,51,11,2,64,5,0,0,0,10,41,94,12
17,9398,קרית גת,2630,8.0,7,0,629,389,2,387,154,43,10,11,45,13,0,0,0,11,46,44,10
17,9399,קרית גת,2630,10.0,7,0,568,383,1,382,122,45,4,11,78,10,0,0,0,10,57,23,22
17,9400,קרית גת,2630,11.0,15,0,596,399,2,397,137,62,17,17,48,2,3,0,0,21,37,35,18
17,9401,קרית גת,2630,12.1,2,0,696,495,5,490,165,30,10,8,95,29,0,0,0,17,41,90,5
17,9402,קרית גת,2630,12.2,2,0,696,475,5,470,100,49,27,15,136,6,0,0,0,6,59,52,20
17,9403,קרית גת,2630,12.3,2,0,694,447,0,447,102,29,19,1,100,22,2,0,0,47,35,66,24
17,9404,קרית גת,2630,14.1,1,0,391,247,6,241,71,21,10,1,35,6,0,0,0,17,29,46,5
17,9405,קרית גת,2630,14.2,1,0,390,260,5,255,49,19,8,10,31,12,0,0,0,14,69,26,17
17,9406,קרית גת,2630,15.0,15,0,655,377,3,374,67,56,23,4,70,17,0,0,0,20,44,68,5
17,9407,קרית גת,2630,16.0,8,0,632,365,4,361,89,38,19,10,44,36,0,0,0,10,51,63,1
17,9408,קרית גת,2630,17.0,18,0,534,355,2,353,147,22,12,8,45,8,0,0,0,8,48,53,2
17,9409,קרית גת,2630,18.0,8,0,494,303,5,298,58,63,1,3,43,28,0,0,0,20,44,21,17
17,9410,קרית גת,2630,19.0,6,0,529,296,1,295,59,35,21,8,30,53,0,0,0,2,26,58,3
17,9411,קרית גת,2630,21.0,5,0,454,277,4,273,53,19,16,8,32,97,0,1,0,7,22,15,3
17,9412,קרית גת,2630,22.0,5,0,629,422,3,419,106,39,14,40,54,10,0,0,0,9,46,87,14
17,9413,קרית גת,2630,23.0,6,0,505,287,4,283,85,25,11,9,32,25,0,0,0,23,20,44,9
17,9414,קרית גת,2630,24.0,18,0,577,397,5,392,87,43,20,3,101,13,0,0,0,9,38,76,2
17,9415,קרית גת,2630,25.0,7,0,629,443,0,443,145,100,11,20,36,2,0,0,0,29,42,47,11
17,9416,קרית גת,2630,26.0,24,0,655,374,3,371,96,42,14,11,61,8,0,0,0,10,50,65,14
17,9417,קרית גת,2630,28.0,8,0,685,391,2,389,125,36,22,51,35,21,0,0,0,7,46,33,13
17,9418,קרית גת,2630,29.0,11,0,443,297,4,293,83,43,17,1,32,10,0,0,0,14,31,61,1
17,9419,קרית גת,2630,30.0,11,0,631,439,1,438,161,13,5,4,84,23,0,0,0,13,27,85,23
17,9420,קרית גת,2630,31.0,3,0,634,358,8,350,89,32,28,3,63,10,0,0,0,5,35,69,16
17,9421,קרית גת,2630,32.0,4,0,627,379,6,373,138,38,22,3,27,4,0,0,0,20,58,37,26
17,9422,קרית גת,2630,33.0,3,0,490,309,5,304,74,53,13,5,28,3,0,0,0,3,50,60,15
17,9423,קרית גת,2630,34.0,3,0,567,340,1,339,45,46,25,10,75,2,5,0,0,9,27,72,23
17,9424,קרית גת,2630,35.0,3,0,541,352,2,350,79,20,6,15,52,29,0,0,0,29,16,79,25
17,9425,קרית גת,2630,36.0,11,0,530,290,5,285,82,16,27,6,69,9,0,0,0,9,36,28,3
17,9426,קרית גת,2630,37.0,4,0,578,356,5,351,67,44,31,8,31,33,0,0,0,10,52,59,16
17,9427,קרית גת,2630,38.0,11,0,462,267,8,259,72,24,48,5,40,7,0,1,0,23,10,26,3
17,9428,קרית גת,2630,39.0,11,0,471,329,1,328,91,60,2,7,61,7,0,0,0,8,41,43,8
17,9429,קרית גת,2630,40.0,4,0,501,344,3,341,73,40,18,1,66,42,0,0,0,33,24,40,4
17,9430,קרית גת,2630,41.0,5,0,639,328,2,326,73,77,17,4,41,24,0,3,0,11,14,54,8
17,9431,קרית גת,2630,42.0,5,0,539,280,1,279,45,34,16,48,38,9,0,0,1,6,30,41,11
17,9432,קרית גת,2630,43.0,4,0,594,409,3,406,88,34,28,15,42,18,0,0,0,34,38,96,13
17,9433,קרית גת,2630,44.0,4,0,439,296,1,295,84,20,26,15,35,7,0,0,0,4,30,58,16
17,9434,קרית גת,2630,45.0,18,0,626,443,0,443,180,47,1,4,33,6,0,0,0,30,39,89,14
17,9435,קרית גת,2630,48.1,32,0,567,457,3,454,32,6,1,1,84,225,0,0,0,19,42,34,10
17,9436,קרית גת,2630,48.2,32,0,567,457,2,455,67,13,7,3,32,265,0,0,0,0,33,33,2
17,9437,קרית גת,2630,48.3,32,0,567,465,5,460,16,40,56,5,28,253,0,0,0,6,25,29,2
17,9438,קרית גת,2630,49.1,14,0,668,411,3,408,110,23,18,20,83,11,0,0,0,12,58,60,13
17,9439,קרית גת,2630,49.2,14,0,668,380,6,374,104,54,89,16,20,4,0,0,0,11,23,48,5
17,9440,קרית גת,2630,49.3,14,0,668,403,2,401,88,29,44,4,119,7,0,0,0,21,38,37,14
17,9441,קרית גת,2630,49.4,14,0,668,369,4,365,82,28,57,8,33,11,0,0,0,6,52,79,9
17,9442,קרית גת,2630,49.5,14,0,663,359,5,354,56,75,60,31,15,4,0,0,0,19,23,64,7
17,9443,קרית גת,2630,51.0,13,0,562,339,4,335,66,88,92,2,16,4,0,0,0,0,13,52,2
17,9444,קרית גת,2630,52.0,13,0,647,429,1,428,75,41,16,21,82,14,0,0,0,14,74,82,9
17,9445,קרית גת,2630,57.1,31,0,565,418,2,416,81,58,23,7,95,71,0,0,0,11,41,24,5
17,9446,קרית גת,2630,57.2,31,0,565,413,0,413,53,25,10,0,136,123,0,0,0,13,22,24,7
17,9447,קרית גת,2630,57.3,31,0,565,435,1,434,61,8,5,12,184,120,0,0,0,11,20,13,0
17,9448,קרית גת,2630,57.4,31,0,565,424,2,422,27,26,10,4,123,159,0,0,0,19,12,39,3
17,9449,קרית גת,2630,61.0,19,0,685,452,4,448,124,73,79,6,48,15,0,0,0,16,29,40,18
17,9450,קרית גת,2630,63.0,34,0,600,432,0,432,80,58,23,6,88,28,0,0,0,22,47,54,26
17,9451,קרית גת,2630,64.0,19,0,597,379,5,374,59,39,46,5,29,15,0,0,0,15,50,104,12
17,9452,קרית גת,2630,65.0,34,0,630,318,1,317,16,11,11,0,123,111,0,0,1,1,17,24,2
17,9453,קרית גת,2630,67.0,19,0,589,321,4,317,53,30,35,6,37,23,0,0,0,10,22,49,52
17,9454,קרית גת,2630,68.0,33,0,627,447,0,447,55,55,8,4,87,79,0,0,0,18,50,88,3
17,9455,קרית גת,2630,69.0,19,0,508,284,0,284,71,49,24,3,28,7,0,0,0,9,11,71,11
17,9456,קרית גת,2630,70.1,23,0,736,483,5,478,143,55,26,34,14,6,0,0,0,26,42,120,12
17,9457,קרית גת,2630,70.2,23,0,736,470,5,465,108,62,82,12,50,13,0,0,0,17,70,34,17
17,9458,קרית גת,2630,70.3,23,0,736,493,3,490,134,77,14,2,41,22,0,2,0,12,81,97,8
17,9459,קרית גת,2630,70.4,23,0,736,486,1,485,157,47,82,19,29,14,0,0,0,5,23,92,17
17,9460,קרית גת,2630,71.0,13,0,491,272,8,264,59,64,47,10,19,2,0,0,0,7,17,33,6
17,9461,קרית גת,2630,72.0,25,0,641,565,1,564,60,3,0,0,138,320,0,0,0,10,27,6,0
17,9462,קרית גת,2630,73.0,33,0,734,589,3,586,98,52,11,41,87,231,0,0,0,10,22,33,1
17,9463,קרית גת,2630,76.0,4,0,593,433,2,431,132,76,7,2,59,7,0,0,0,24,32,72,20
17,9464,קרית גת,2630,77.1,36,0,382,274,3,271,49,31,25,27,16,2,0,0,0,15,47,59,0
17,9465,קרית גת,2630,77.2,36,0,381,283,1,282,75,30,10,7,8,18,0,0,0,20,31,70,13
17,9466,קרית גת,2630,78.1,28,0,587,427,4,423,89,34,10,5,60,1,0,0,0,45,103,74,2
17,9467,קרית גת,2630,78.2,28,0,587,435,3,432,110,85,32,5,31,12,0,0,0,46,23,79,9
17,9468,קרית גת,2630,78.3,28,0,586,419,3,416,159,58,17,3,45,21,0,0,0,18,37,47,11
17,9469,קרית גת,2630,80.1,35,0,687,524,5,519,130,44,22,22,107,1,0,0,0,17,80,85,11
17,9470,קרית גת,2630,80.2,35,0,687,525,2,523,147,66,20,6,70,19,0,0,0,14,69,40,72
17,9471,קרית גת,2630,80.3,35,0,687,515,1,514,145,83,35,18,78,18,0,0,0,10,57,69,1
17,9472,קרית גת,2630,80.4,35,0,687,544,0,544,160,78,24,38,67,21,0,0,0,37,36,63,20
17,9473,קרית גת,2630,81.0,7,0,647,478,4,474,149,64,24,17,63,10,0,0,0,11,40,66,30
2,845,קרית ענבים,78,1.0,2,0,358,233,0,233,4,50,29,77,2,3,4,0,0,0,1,56,7
13,6053,ראשון לציון,8300,13.0,31,0,748,458,5,453,102,110,33,18,11,5,0,0,0,7,31,105,31
13,6054,ראשון לציון,8300,30.0,36,0,588,299,1,298,53,51,37,22,11,3,0,0,0,8,40,68,5
13,6055,ראשון לציון,8300,32.0,36,0,586,365,5,360,60,73,60,31,35,3,0,0,0,1,9,72,16
13,6056,ראשון לציון,8300,34.0,22,0,677,421,1,420,135,78,38,19,47,1,0,0,0,8,8,71,15
13,6057,ראשון לציון,8300,45.0,36,0,535,291,0,291,78,62,24,37,5,1,1,0,0,16,3,60,4
13,6058,ראשון לציון,8300,61.0,20,0,503,313,1,312,84,17,27,11,34,12,0,0,0,11,25,83,8
13,6059,ראשון לציון,8300,62.0,20,0,647,353,3,350,71,47,24,29,37,32,0,0,0,5,19,77,9
13,6060,ראשון לציון,8300,63.1,100,0,641,382,0,382,84,65,31,33,20,1,4,0,0,25,28,86,5
13,6061,ראשון לציון,8300,63.2,100,0,641,362,5,357,56,55,66,10,34,4,0,0,0,25,19,85,3
13,6062,ראשון לציון,8300,63.3,100,0,641,390,2,388,86,31,37,24,29,9,0,0,0,19,31,113,9
13,6063,ראשון לציון,8300,63.4,100,0,641,360,3,357,73,72,46,9,17,0,2,0,0,11,29,72,26
13,6064,ראשון לציון,8300,63.5,100,0,636,335,3,332,69,48,38,24,29,1,0,0,0,1,46,74,2
13,6065,ראשון לציון,8300,124.1,132,0,723,436,4,432,32,112,41,21,46,0,0,1,0,6,10,136,27
13,6066,ראשון לציון,8300,124.2,132,0,723,404,0,404,109,57,29,21,26,5,0,0,6,3,18,107,23
13,6067,ראשון לציון,8300,124.3,132,0,722,339,2,337,83,54,30,9,4,1,0,0,0,2,22,107,25
13,6068,ראשון לציון,8300,125.0,36,0,682,368,5,363,63,95,26,10,32,4,0,0,0,22,8,77,26
13,6069,ראשון לציון,8300,130.0,16,0,559,370,1,369,95,51,47,21,13,34,0,0,0,16,39,43,10
13,6070,ראשון לציון,8300,136.0,16,0,618,372,5,367,85,60,25,31,34,5,0,0,0,6,52,65,4
13,6071,ראשון לציון,8300,140.0,52,0,535,400,0,400,105,62,30,34,6,6,0,0,0,3,16,133,5
13,6072,ראשון לציון,8300,143.1,10,0,713,362,2,360,116,46,45,21,11,5,0,0,0,5,25,71,15
13,6073,ראשון לציון,8300,143.2,10,0,713,402,3,399,121,48,34,25,36,1,0,0,0,2,20,109,3
13,6074,ראשון לציון,8300,143.3,10,0,713,357,4,353,75,72,39,31,12,3,0,0,0,22,18,69,12
13,6075,ראשון לציון,8300,143.4,10,0,713,380,8,372,54,64,18,42,32,1,0,0,0,7,30,114,10
13,6076,ראשון לציון,8300,143.5,10,0,713,352,0,352,63,73,42,14,11,7,0,0,0,13,23,100,6
13,6077,ראשון לציון,8300,143.6,10,0,710,354,1,353,40,88,54,14,14,7,0,0,0,31,8,81,16
13,6078,ראשון לציון,8300,146.0,22,0,686,490,6,484,90,138,21,28,16,0,0,0,0,7,51,125,8
13,6079,ראשון לציון,8300,147.0,117,0,570,365,1,364,53,67,18,19,20,10,0,0,0,4,43,101,29
13,6080,ראשון לציון,8300,161.0,16,0,511,317,0,317,36,33,59,39,31,5,0,2,0,6,7,95,4
13,6081,ראשון לציון,8300,162.0,52,0,682,450,1,449,97,62,42,23,26,6,0,0,0,6,10,168,9
13,6082,ראשון לציון,8300,165.1,51,0,728,451,1,450,108,45,53,19,29,1,0,0,0,4,34,135,22
13,6083,ראשון לציון,8300,165.2,51,0,728,483,2,481,154,68,47,36,36,1,0,0,0,5,21,103,10
13,6084,ראשון לציון,8300,165.3,51,0,728,450,1,449,126,74,52,13,24,3,0,0,0,16,28,110,3
13,6085,ראשון לציון,8300,165.4,51,0,725,478,5,473,93,48,50,34,32,9,1,0,0,13,30,143,20
13,6086,ראשון לציון,8300,166.0,117,0,556,364,6,358,79,116,39,9,7,1,0,0,0,3,25,72,7
13,6087,ראשון לציון,8300,167.0,52,0,727,528,2,526,102,64,61,34,26,15,0,0,0,11,11,162,40
13,6088,ראשון לציון,8300,228.1,55,0,646,305,4,301,59,26,60,13,12,0,0,0,0,9,35,75,12
13,6089,ראשון לציון,8300,228.2,55,0,646,331,3,328,93,55,31,17,25,0,0,0,0,6,28,69,4
13,6090,ראשון לציון,8300,228.3,55,0,646,319,1,318,45,81,23,29,24,7,0,0,0,0,20,75,14
13,6091,ראשון לציון,8300,228.4,55,0,646,361,2,359,84,58,26,13,24,1,0,0,0,3,21,119,10
13,6092,ראשון לציון,8300,228.5,55,0,646,332,3,329,71,64,27,21,8,10,0,0,6,0,32,75,15
13,6093,ראשון לציון,8300,228.6,55,0,646,311,4,307,57,33,27,28,8,1,0,0,0,4,21,119,9
13,6094,ראשון לציון,8300,228.7,55,0,643,312,2,310,54,67,40,27,5,3,0,0,0,11,8,91,4
13,6095,ראשון לציון,8300,232.1,10,0,699,379,1,378,85,83,22,46,16,4,0,0,0,24,43,47,8
13,6096,ראשון לציון,8300,232.2,10,0,699,366,0,366,73,63,24,19,19,7,0,0,0,5,20,94,42
13,6097,ראשון לציון,8300,232.3,10,0,699,387,2,385,57,93,68,16,13,0,0,0,1,30,33,65,9
13,6098,ראשון לציון,8300,232.4,10,0,699,351,2,349,43,43,47,63,16,1,11,0,0,8,21,96,0
13,6099,ראשון לציון,8300,232.5,10,0,699,307,0,307,97,47,46,23,16,0,7,0,0,3,8,55,5
13,6100,ראשון לציון,8300,233.0,16,0,585,358,3,355,49,65,98,18,12,8,0,0,0,2,21,74,8
13,6101,ראשון לציון,8300,242.1,63,0,682,374,4,370,57,77,12,46,25,11,0,0,0,15,18,81,28
13,6102,ראשון לציון,8300,242.2,63,0,682,367,0,367,124,73,32,13,34,2,0,0,0,1,18,60,10
13,6103,ראשון לציון,8300,242.3,63,0,682,350,1,349,57,69,25,29,7,7,0,0,0,8,32,90,25
13,6104,ראשון לציון,8300,242.4,63,0,682,378,2,376,88,50,18,10,50,13,0,0,0,31,31,78,7
13,6105,ראשון לציון,8300,242.5,63,0,682,365,6,359,84,49,61,11,9,0,0,0,0,24,38,73,10
13,6106,ראשון לציון,8300,242.6,63,0,682,374,3,371,76,47,81,9,18,16,0,13,0,1,21,87,2
13,6107,ראשון לציון,8300,242.7,63,0,678,372,1,371,50,47,47,11,25,18,0,0,0,5,43,122,3
13,6108,ראשון לציון,8300,303.0,22,0,622,384,5,379,113,76,23,6,10,9,1,0,0,2,41,79,19
13,6109,ראשון לציון,8300,304.0,22,0,624,364,3,361,105,62,47,7,9,14,0,0,0,23,24,46,24
13,6110,ראשון לציון,8300,336.0,52,0,650,451,0,451,110,66,66,10,8,28,0,0,0,2,63,88,10
13,6111,ראשון לציון,8300,339.1,120,0,712,564,2,562,131,116,26,28,45,0,0,0,0,8,23,184,1
13,6112,ראשון לציון,8300,339.2,120,0,712,577,3,574,128,113,43,34,8,36,0,0,0,5,54,140,13
13,6113,ראשון לציון,8300,339.3,120,0,710,579,1,578,70,170,23,34,16,10,0,0,0,17,23,195,20
13,6114,ראשון לציון,8300,956.1,7,0,714,445,2,443,110,73,79,40,23,4,0,0,0,4,10,70,30
13,6115,ראשון לציון,8300,956.2,7,0,714,459,3,456,78,109,55,25,9,0,0,0,0,2,15,154,9
13,6116,ראשון לציון,8300,956.3,7,0,714,443,1,442,92,98,67,18,3,1,0,0,0,10,10,140,3
13,6117,ראשון לציון,8300,956.4,7,0,714,458,2,456,117,55,45,33,5,1,1,0,0,8,38,122,31
13,6118,ראשון לציון,8300,956.5,7,0,714,463,0,463,104,123,27,44,10,9,0,0,0,5,23,109,9
13,6119,ראשון לציון,8300,956.6,7,0,714,431,4,427,105,79,59,35,20,10,0,0,0,3,7,101,8
13,6120,ראשון לציון,8300,956.7,7,0,714,435,3,432,120,79,35,32,24,9,7,0,0,1,28,78,19
13,6121,ראשון לציון,8300,956.8,7,0,708,412,0,412,72,66,61,47,8,15,0,0,0,7,20,108,8
13,6122,ראשון לציון,8300,46.1,17,0,719,500,5,495,170,37,14,9,29,0,2,0,1,14,85,112,22
13,6123,ראשון לציון,8300,46.2,17,0,719,521,1,520,111,106,37,44,41,18,0,0,0,15,33,76,39
13,6124,ראשון לציון,8300,46.3,17,0,719,489,1,488,108,83,7,36,43,4,0,0,0,33,78,76,20
13,6125,ראשון לציון,8300,46.4,17,0,719,483,6,477,155,73,27,12,65,11,0,0,0,8,30,79,17
13,6126,ראשון לציון,8300,46.5,17,0,718,455,3,452,81,106,26,4,44,1,1,0,0,32,40,102,15
13,6127,ראשון לציון,8300,50.1,38,0,632,458,1,457,69,104,60,19,31,1,0,0,0,8,32,115,18
13,6128,ראשון לציון,8300,50.2,38,0,632,466,1,465,93,75,51,96,10,16,0,0,0,14,21,86,3
13,6129,ראשון לציון,8300,50.3,38,0,632,479,2,477,92,93,44,41,18,10,0,0,0,19,55,99,6
13,6130,ראשון לציון,8300,50.4,38,0,632,474,3,471,59,105,68,10,46,2,0,0,0,6,31,134,10
13,6131,ראשון לציון,8300,50.5,38,0,632,474,0,474,66,91,38,74,11,1,4,0,0,12,2,154,21
13,6132,ראשון לציון,8300,50.6,38,0,631,471,2,469,61,114,12,73,8,0,0,0,0,8,14,158,21
13,6133,ראשון לציון,8300,55.0,127,0,627,421,2,419,144,39,1,34,59,9,0,0,0,13,27,60,33
13,6134,ראשון לציון,8300,56.0,127,0,690,461,1,460,132,48,4,17,83,20,0,0,0,35,62,58,1
13,6135,ראשון לציון,8300,59.1,102,0,740,497,6,491,184,60,15,13,50,2,0,0,0,25,58,65,19
13,6136,ראשון לציון,8300,59.2,102,0,740,446,4,442,122,95,18,16,8,18,0,0,1,9,49,93,13
13,6137,ראשון לציון,8300,65.0,44,0,629,360,3,357,116,75,41,32,20,3,0,0,0,2,5,56,7
13,6138,ראשון לציון,8300,66.0,28,0,680,416,4,412,41,90,62,37,4,0,0,0,0,9,22,111,36
13,6139,ראשון לציון,8300,70.0,41,0,640,426,3,423,57,81,73,24,4,7,0,0,0,7,20,128,22
13,6140,ראשון לציון,8300,71.0,44,0,653,403,1,402,76,67,27,54,5,5,2,0,0,9,12,142,3
13,6141,ראשון לציון,8300,73.0,44,0,597,309,0,309,48,50,16,29,9,0,0,0,0,0,40,114,3
13,6142,ראשון לציון,8300,131.0,28,0,545,361,1,360,50,80,53,23,9,1,0,0,0,8,22,78,36
13,6143,ראשון לציון,8300,134.0,41,0,649,400,3,397,81,46,43,30,15,4,0,0,0,23,37,89,29
13,6144,ראשון לציון,8300,139.0,33,0,479,286,2,284,82,31,28,23,18,8,0,0,0,8,15,45,26
13,6145,ראשון לציון,8300,141.0,1,0,687,444,3,441,88,92,32,14,31,11,0,0,0,14,40,95,24
13,6146,ראשון לציון,8300,168.0,1,0,703,498,1,497,91,21,16,23,165,8,0,0,0,41,56,54,22
13,6147,ראשון לציון,8300,199.1,45,0,664,466,0,466,71,89,41,38,14,0,0,0,0,7,18,173,15
13,6148,ראשון לציון,8300,199.2,45,0,663,456,2,454,99,82,31,50,21,8,0,0,0,20,28,109,6
13,6149,ראשון לציון,8300,204.0,44,0,611,404,3,401,70,122,27,17,10,0,0,0,0,4,10,115,26
13,6150,ראשון לציון,8300,215.0,33,0,597,367,1,366,72,53,49,39,3,8,0,0,0,8,23,95,16
13,6151,ראשון לציון,8300,216.1,103,0,705,455,2,453,35,85,49,57,6,0,0,0,0,21,13,167,20
13,6152,ראשון לציון,8300,216.2,103,0,705,483,2,481,78,90,44,42,7,14,1,0,0,42,43,79,41
13,6153,ראשון לציון,8300,216.3,103,0,705,425,3,422,92,52,52,28,18,12,0,0,0,2,5,143,18
13,6154,ראשון לציון,8300,216.4,103,0,704,410,4,406,83,62,53,52,22,28,1,0,0,2,9,78,16
13,6155,ראשון לציון,8300,217.0,43,0,498,354,0,354,32,92,20,39,5,3,1,0,0,1,19,124,18
13,6156,ראשון לציון,8300,218.0,28,0,619,305,0,305,53,85,21,32,16,1,0,0,0,1,32,59,5
13,6157,ראשון לציון,8300,224.1,64,0,713,539,2,537,128,64,18,31,9,5,0,0,0,7,60,181,34
13,6158,ראשון לציון,8300,224.2,64,0,713,521,1,520,106,89,32,25,42,2,0,1,0,2,21,171,29
13,6159,ראשון לציון,8300,224.3,64,0,713,523,0,523,81,143,25,48,6,25,0,0,0,11,34,128,22
13,6160,ראשון לציון,8300,224.4,64,0,712,540,6,534,70,105,17,90,9,4,5,0,0,5,4,193,32
13,6161,ראשון לציון,8300,234.1,14,0,746,498,2,496,87,95,52,20,9,7,0,0,0,53,65,95,13
13,6162,ראשון לציון,8300,234.2,14,0,746,492,0,492,117,87,15,71,9,6,1,0,0,5,18,148,15
13,6163,ראשון לציון,8300,234.3,14,0,746,487,1,486,89,112,30,16,12,1,0,0,0,5,65,149,7
13,6164,ראשון לציון,8300,234.4,14,0,746,514,3,511,155,65,15,15,36,5,0,0,0,16,35,155,14
13,6165,ראשון לציון,8300,234.5,14,0,746,475,2,473,76,86,23,60,15,10,0,0,0,6,60,126,11
13,6166,ראשון לציון,8300,234.6,14,0,746,485,1,484,106,60,6,9,17,8,4,0,0,34,48,164,28
13,6167,ראשון לציון,8300,234.7,14,0,746,448,3,445,81,152,39,29,1,0,1,0,0,19,26,88,9
13,6168,ראשון לציון,8300,234.8,14,0,744,494,4,490,98,113,15,29,6,5,0,0,0,11,18,194,1
13,6169,ראשון לציון,8300,252.1,13,0,711,495,1,494,217,73,3,43,23,6,4,0,0,26,30,45,24
13,6170,ראשון לציון,8300,252.2,13,0,711,509,3,506,130,64,38,37,20,5,0,0,0,20,75,112,5
13,6171,ראשון לציון,8300,252.3,13,0,711,490,1,489,162,60,12,8,23,2,0,0,0,23,76,106,17
13,6172,ראשון לציון,8300,252.4,13,0,711,521,2,519,101,48,9,42,40,29,0,2,0,14,91,121,22
13,6173,ראשון לציון,8300,252.5,13,0,711,504,0,504,97,79,18,20,43,1,0,0,0,21,49,165,11
13,6174,ראשון לציון,8300,252.6,13,0,705,512,1,511,94,44,38,7,15,3,0,0,0,19,42,188,61
13,6175,ראשון לציון,8300,299.1,39,0,690,473,0,473,215,40,5,20,37,4,0,0,0,35,72,42,3
13,6176,ראשון לציון,8300,299.2,39,0,690,498,3,495,123,47,5,4,43,13,0,0,0,79,63,102,16
13,6177,ראשון לציון,8300,299.3,39,0,689,468,3,465,193,47,10,9,29,0,0,0,2,34,35,102,4
13,6178,ראשון לציון,8300,309.1,126,0,534,356,1,355,90,48,3,8,48,3,0,0,0,30,47,77,1
13,6179,ראשון לציון,8300,309.2,126,0,534,360,2,358,80,27,6,20,67,28,0,0,0,21,30,59,20
13,6180,ראשון לציון,8300,309.3,126,0,534,347,2,345,102,61,3,16,35,11,0,0,0,10,36,56,15
13,6181,ראשון לציון,8300,311.0,1,0,679,401,3,398,131,64,41,25,40,2,0,0,0,5,26,60,4
13,6182,ראשון לציון,8300,312.0,1,0,614,418,0,418,122,39,34,58,31,0,1,0,0,38,25,49,21
13,6183,ראשון לציון,8300,314.0,1,0,545,403,2,401,153,52,6,23,10,7,0,0,0,1,24,121,4
13,6184,ראשון לציון,8300,317.0,1,0,634,399,2,397,119,62,19,35,17,2,0,0,0,11,42,82,8
13,6185,ראשון לציון,8300,322.0,43,0,550,444,1,443,50,71,35,31,1,10,0,0,0,14,24,194,13
13,6186,ראשון לציון,8300,328.0,127,0,687,527,1,526,82,135,44,18,17,7,0,0,0,26,53,126,18
13,6187,ראשון לציון,8300,329.0,127,0,634,516,0,516,106,115,45,37,8,17,0,0,0,5,56,115,12
13,6188,ראשון לציון,8300,331.0,127,0,674,508,3,505,99,103,17,51,39,2,0,0,0,30,66,84,14
13,6189,ראשון לציון,8300,332.0,127,0,557,416,0,416,135,48,2,42,9,5,0,0,0,3,52,115,5
13,6190,ראשון לציון,8300,333.0,43,0,577,447,1,446,101,113,26,12,0,1,1,0,0,5,15,160,12
13,6191,ראשון לציון,8300,14.0,6,0,751,421,3,418,70,49,33,44,1,3,2,0,0,29,41,99,47
13,6192,ראשון לציון,8300,16.1,50,0,698,506,4,502,63,98,16,66,74,2,0,0,0,21,13,145,4
13,6193,ראשון לציון,8300,16.2,50,0,698,515,1,514,59,131,40,84,16,0,1,0,0,8,45,94,36
13,6194,ראשון לציון,8300,16.3,50,0,698,534,1,533,39,121,33,60,21,3,0,0,0,3,6,228,19
13,6195,ראשון לציון,8300,16.4,50,0,698,555,2,553,84,123,70,25,37,3,0,0,0,6,4,175,26
13,6196,ראשון לציון,8300,16.5,50,0,698,502,2,500,87,121,34,55,4,1,0,0,0,1,50,110,37
13,6197,ראשון לציון,8300,16.6,50,0,697,539,2,537,71,157,44,38,3,0,0,0,0,1,19,194,10
13,6198,ראשון לציון,8300,19.1,134,0,686,425,2,423,71,61,38,28,14,33,0,0,0,8,26,134,10
13,6199,ראשון לציון,8300,19.2,134,0,686,439,2,437,31,101,38,69,8,0,0,0,0,8,11,155,16
13,6200,ראשון לציון,8300,19.3,134,0,686,448,2,446,56,129,14,62,10,2,4,0,0,2,36,116,15
13,6201,ראשון לציון,8300,19.4,134,0,684,414,1,413,78,132,34,20,36,8,0,0,0,5,2,93,5
13,6202,ראשון לציון,8300,20.0,6,0,655,430,8,422,43,76,35,50,0,1,0,0,0,11,11,175,20
13,6203,ראשון לציון,8300,21.0,6,0,606,408,1,407,77,85,32,25,23,4,0,0,0,6,2,146,7
13,6204,ראשון לציון,8300,23.1,18,0,674,374,0,374,106,71,53,26,4,7,0,0,0,10,25,62,10
13,6205,ראשון לציון,8300,23.2,18,0,674,417,4,413,105,61,38,39,2,1,0,0,0,15,32,115,5
13,6206,ראשון לציון,8300,23.3,18,0,674,380,1,379,77,76,49,32,1,0,0,0,0,9,20,103,12
13,6207,ראשון לציון,8300,23.4,18,0,674,402,1,401,59,60,55,42,14,2,0,0,1,13,8,144,3
13,6208,ראשון לציון,8300,23.5,18,0,674,363,0,363,79,73,29,44,11,16,0,0,0,3,37,57,14
13,6209,ראשון לציון,8300,23.6,18,0,674,384,0,384,45,103,41,51,4,1,0,0,0,1,13,117,8
13,6210,ראשון לציון,8300,23.7,18,0,674,322,0,322,19,64,44,27,6,11,0,10,0,14,11,110,6
13,6211,ראשון לציון,8300,23.8,18,0,666,368,1,367,73,85,43,20,2,3,0,0,0,12,33,84,12
13,6212,ראשון לציון,8300,24.0,76,0,675,364,5,359,70,64,46,25,6,5,0,0,0,10,30,67,36
13,6213,ראשון לציון,8300,25.0,76,0,746,311,1,310,22,70,46,41,3,0,17,0,8,1,6,69,27
13,6214,ראשון לציון,8300,29.0,12,0,645,364,4,360,43,73,36,71,25,16,0,0,0,10,15,60,11
13,6215,ראשון לציון,8300,41.0,76,0,733,434,5,429,80,121,66,17,28,0,0,0,0,0,10,98,9
13,6216,ראשון לציון,8300,48.1,136,0,689,399,3,396,70,71,45,44,19,8,0,0,0,8,24,89,18
13,6217,ראשון לציון,8300,48.2,136,0,689,385,0,385,60,57,45,21,2,0,0,3,0,16,13,126,42
13,6218,ראשון לציון,8300,48.3,136,0,689,372,4,368,72,52,27,51,2,2,2,0,0,4,30,92,34
13,6219,ראשון לציון,8300,48.4,136,0,686,368,2,366,68,58,30,48,0,5,0,0,0,3,4,135,15
13,6220,ראשון לציון,8300,74.0,12,0,636,441,0,441,85,90,34,24,7,0,0,0,14,2,25,119,41
13,6221,ראשון לציון,8300,76.0,12,0,603,346,1,345,33,83,40,31,4,2,1,0,0,13,12,115,11
13,6222,ראשון לציון,8300,80.0,76,0,730,366,5,361,49,73,35,24,3,3,0,0,0,11,24,100,39
13,6223,ראשון לציון,8300,81.1,15,0,604,388,1,387,91,67,40,20,20,0,0,0,0,8,18,75,48
13,6224,ראשון לציון,8300,81.2,15,0,604,352,2,350,43,72,70,26,0,6,0,0,0,6,22,88,17
13,6225,ראשון לציון,8300,81.3,15,0,604,391,4,387,76,76,57,64,1,1,0,0,0,2,9,81,20
13,6226,ראשון לציון,8300,81.4,15,0,604,334,1,333,73,29,34,28,3,0,0,0,0,2,22,137,5
13,6227,ראשון לציון,8300,81.5,15,0,600,340,3,337,49,100,38,35,1,4,0,0,0,5,7,82,16
13,6228,ראשון לציון,8300,87.0,23,0,631,381,1,380,42,96,40,37,1,4,0,0,0,2,13,139,6
13,6229,ראשון לציון,8300,88.1,5,0,727,480,2,478,130,88,21,64,3,2,0,0,0,2,16,120,32
13,6230,ראשון לציון,8300,88.2,5,0,727,467,0,467,50,90,47,42,12,0,2,0,0,4,11,171,38
13,6231,ראשון לציון,8300,88.3,5,0,727,438,1,437,40,77,28,49,2,0,1,0,0,33,19,149,39
13,6232,ראשון לציון,8300,88.4,5,0,727,469,4,465,48,156,37,34,4,10,0,0,0,5,24,134,13
13,6233,ראשון לציון,8300,93.0,76,0,630,350,3,347,24,53,33,40,44,6,0,0,0,3,34,79,31
13,6234,ראשון לציון,8300,101.0,6,0,598,328,5,323,42,63,46,31,2,4,0,0,0,7,9,99,20
13,6235,ראשון לציון,8300,102.0,6,0,628,349,1,348,45,54,62,55,11,0,0,0,0,2,17,93,9
13,6236,ראשון לציון,8300,104.0,23,0,692,437,0,437,47,96,57,36,2,0,0,0,0,7,25,162,5
13,6237,ראשון לציון,8300,105.0,6,0,679,420,2,418,45,95,24,77,5,1,0,0,0,5,21,127,18
13,6238,ראשון לציון,8300,116.1,105,0,632,374,2,372,50,66,83,42,9,1,0,0,0,12,15,86,8
13,6239,ראשון לציון,8300,116.2,105,0,632,327,0,327,44,54,38,32,4,1,0,0,0,17,14,89,34
13,6240,ראשון לציון,8300,116.3,105,0,632,387,3,384,85,74,29,43,10,4,0,0,0,15,20,90,14
13,6241,ראשון לציון,8300,116.4,105,0,632,325,1,324,38,58,50,26,4,8,0,0,0,3,3,119,15
13,6242,ראשון לציון,8300,116.5,105,0,632,335,1,334,36,64,11,36,8,3,0,0,0,38,15,119,4
13,6243,ראשון לציון,8300,118.0,12,0,642,378,3,375,79,76,40,27,10,0,0,0,0,18,29,87,9
13,6244,ראשון לציון,8300,203.0,23,0,751,283,0,283,62,56,23,11,5,1,0,0,0,17,19,79,10
13,6245,ראשון לציון,8300,213.1,11,0,701,450,3,447,120,60,14,18,15,18,0,0,0,45,32,101,24
13,6246,ראשון לציון,8300,213.2,11,0,701,424,0,424,84,84,44,50,7,3,0,0,1,3,60,78,10
13,6247,ראשון לציון,8300,213.3,11,0,701,446,3,443,67,91,49,71,2,15,1,0,0,2,11,120,14
13,6248,ראשון לציון,8300,213.4,11,0,701,449,2,447,48,133,47,54,0,1,0,0,0,3,35,105,21
13,6249,ראשון לציון,8300,213.5,11,0,698,442,1,441,66,105,43,45,11,16,0,0,0,4,7,135,9
13,6250,ראשון לציון,8300,225.1,2,0,641,423,0,423,84,70,35,59,13,14,0,0,0,15,14,95,24
13,6251,ראשון לציון,8300,225.2,2,0,641,440,0,440,22,95,31,44,0,0,0,0,0,7,4,196,41
13,6252,ראשון לציון,8300,225.3,2,0,641,411,2,409,81,81,43,33,5,0,0,0,0,3,20,132,11
13,6253,ראשון לציון,8300,225.4,2,0,639,427,2,425,33,71,39,65,8,1,1,0,0,14,21,167,5
13,6254,ראשון לציון,8300,227.0,6,0,591,365,2,363,40,63,41,67,8,2,0,0,0,14,13,97,18
13,6255,ראשון לציון,8300,247.1,42,0,659,498,4,494,62,106,53,53,7,4,0,1,0,4,42,135,27
13,6256,ראשון לציון,8300,247.2,42,0,659,495,3,492,57,118,32,93,40,4,0,0,0,6,14,100,28
13,6257,ראשון לציון,8300,247.3,42,0,659,482,5,477,76,108,34,42,8,6,4,0,0,7,19,151,22
13,6258,ראשון לציון,8300,247.4,42,0,659,462,1,461,32,112,25,43,13,1,0,0,0,41,23,159,12
13,6259,ראשון לציון,8300,247.5,42,0,656,485,0,485,66,164,54,84,1,0,0,0,0,5,10,94,7
13,6260,ראשון לציון,8300,256.0,121,0,701,499,2,497,141,59,14,40,79,5,0,1,0,24,43,80,11
13,6261,ראשון לציון,8300,504.1,122,0,653,472,3,469,112,100,29,20,21,20,2,0,0,40,19,92,14
13,6262,ראשון לציון,8300,504.2,122,0,653,504,0,504,106,105,22,61,4,1,36,0,0,15,38,112,4
13,6263,ראשון לציון,8300,504.3,122,0,653,514,0,514,94,59,23,58,16,1,0,0,0,24,32,187,20
13,6264,ראשון לציון,8300,504.4,122,0,653,517,4,513,63,71,26,98,10,2,0,0,0,52,25,160,6
13,6265,ראשון לציון,8300,504.5,122,0,653,504,3,501,94,112,38,44,2,0,0,0,0,7,24,168,12
13,6266,ראשון לציון,8300,504.6,122,0,653,496,2,494,136,81,35,48,12,2,0,0,0,2,15,148,15
13,6267,ראשון לציון,8300,504.7,122,0,646,494,3,491,92,107,23,40,4,11,0,1,0,15,12,170,16
13,6268,ראשון לציון,8300,505.1,26,0,641,479,3,476,90,43,74,10,66,35,0,0,0,7,29,117,5
13,6269,ראשון לציון,8300,505.2,26,0,641,461,0,461,94,88,34,40,29,2,0,0,0,18,33,100,23
13,6270,ראשון לציון,8300,505.3,26,0,641,476,1,475,133,90,27,43,64,2,0,0,0,8,21,60,27
13,6271,ראשון לציון,8300,505.4,26,0,641,443,1,442,110,78,40,15,15,0,0,0,0,18,41,120,5
13,6272,ראשון לציון,8300,505.5,26,0,639,449,4,445,84,99,40,48,50,3,0,0,0,8,15,78,20
13,6273,ראשון לציון,8300,2.0,40,0,574,379,1,378,129,27,24,25,58,0,0,0,0,17,17,61,20
13,6274,ראשון לציון,8300,3.0,3,0,578,278,1,277,72,26,14,29,47,0,0,0,0,22,27,34,6
13,6275,ראשון לציון,8300,4.0,40,0,564,310,5,305,102,38,22,10,28,4,0,0,0,13,15,47,26
13,6276,ראשון לציון,8300,5.0,3,0,555,319,1,318,98,31,2,2,57,2,0,1,0,13,61,42,9
13,6277,ראשון לציון,8300,6.0,3,0,612,308,3,305,88,43,12,3,37,2,0,0,0,17,24,62,17
13,6278,ראשון לציון,8300,7.0,40,0,646,362,8,354,82,55,15,7,28,0,0,0,0,17,81,64,5
13,6279,ראשון לציון,8300,8.0,40,0,643,319,1,318,93,51,16,9,21,18,0,0,0,10,31,55,14
13,6280,ראשון לציון,8300,9.0,3,0,668,375,2,373,92,41,32,21,35,10,1,0,0,45,21,72,3
13,6281,ראשון לציון,8300,10.0,4,0,560,281,5,276,94,52,32,4,11,2,0,0,0,8,14,51,8
13,6282,ראשון לציון,8300,12.0,40,0,603,309,3,306,68,71,18,1,49,6,0,0,0,8,35,45,5
13,6283,ראשון לציון,8300,95.0,3,0,670,351,2,349,58,46,14,37,79,4,0,0,0,9,24,73,5
13,6284,ראשון לציון,8300,96.0,3,0,617,368,4,364,79,43,20,16,64,2,0,0,0,21,55,55,9
13,6285,ראשון לציון,8300,98.0,3,0,693,321,5,316,106,25,12,20,43,18,0,0,0,20,32,37,3
13,6286,ראשון לציון,8300,150.1,124,0,687,484,2,482,120,102,47,39,23,0,0,0,0,5,46,87,13
13,6287,ראשון לציון,8300,150.2,124,0,687,474,1,473,54,57,26,53,37,0,0,0,0,8,60,144,34
13,6288,ראשון לציון,8300,150.3,124,0,687,498,1,497,137,48,15,27,10,20,0,0,0,27,26,166,21
13,6289,ראשון לציון,8300,150.4,124,0,687,481,0,481,121,66,42,19,20,27,0,0,0,24,16,137,9
13,6290,ראשון לציון,8300,150.5,124,0,687,486,1,485,61,66,23,55,11,2,0,0,0,1,30,230,6
13,6291,ראשון לציון,8300,150.6,124,0,686,477,4,473,86,114,40,17,38,0,0,0,9,9,25,128,7
13,6292,ראשון לציון,8300,153.0,125,0,728,502,1,501,70,97,53,57,11,5,0,0,0,13,58,101,36
13,6293,ראשון לציון,8300,154.0,125,0,557,354,3,351,45,56,52,35,13,6,0,0,0,17,29,87,11
13,6294,ראשון לציון,8300,155.0,119,0,703,497,4,493,55,113,32,29,34,6,0,0,0,51,33,137,3
13,6295,ראשון לציון,8300,158.1,30,0,627,467,1,466,56,75,17,30,54,6,0,0,0,25,25,168,10
13,6296,ראשון לציון,8300,158.2,30,0,627,460,2,458,102,67,59,39,11,4,0,0,0,31,31,99,15
13,6297,ראשון לציון,8300,158.3,30,0,626,458,2,456,114,130,18,25,19,1,0,0,0,4,35,99,11
13,6298,ראשון לציון,8300,160.1,25,0,697,428,0,428,125,63,28,11,20,2,16,0,0,10,72,69,12
13,6299,ראשון לציון,8300,160.2,25,0,697,455,2,453,126,79,20,40,54,3,0,0,0,18,25,84,4
13,6300,ראשון לציון,8300,160.3,25,0,697,401,4,397,45,62,11,51,14,4,0,0,0,7,30,159,14
13,6301,ראשון לציון,8300,160.4,25,0,697,432,3,429,101,76,12,12,30,4,0,0,0,7,63,114,10
13,6302,ראשון לציון,8300,160.5,25,0,697,391,2,389,150,46,13,9,30,1,4,0,0,4,28,100,4
13,6303,ראשון לציון,8300,160.6,25,0,697,395,1,394,110,85,24,5,18,4,0,0,0,16,10,99,23
13,6304,ראשון לציון,8300,160.7,25,0,697,413,2,411,135,56,14,23,4,7,0,0,0,18,46,94,14
13,6305,ראשון לציון,8300,171.0,90,0,620,448,0,448,61,93,38,21,30,0,0,0,0,22,14,143,26
13,6306,ראשון לציון,8300,172.0,90,0,656,471,0,471,68,91,4,44,41,24,0,2,0,12,26,131,28
13,6307,ראשון לציון,8300,175.0,90,0,670,482,6,476,106,84,20,45,25,12,0,0,0,12,40,116,16
13,6308,ראשון לציון,8300,182.1,91,0,686,484,1,483,104,41,17,20,29,9,0,0,0,14,70,151,28
13,6309,ראשון לציון,8300,182.2,91,0,686,483,0,483,134,34,13,17,28,1,0,0,0,40,69,128,19
13,6310,ראשון לציון,8300,182.3,91,0,686,520,1,519,155,74,23,10,35,24,0,0,0,6,44,113,35
13,6311,ראשון לציון,8300,182.4,91,0,686,464,1,463,52,60,19,41,16,5,0,0,0,35,51,137,47
13,6312,ראשון לציון,8300,182.5,91,0,686,495,1,494,153,96,10,51,8,8,0,0,0,6,28,109,25
13,6313,ראשון לציון,8300,182.6,91,0,686,510,2,508,90,104,44,51,13,0,2,0,0,5,28,154,17
13,6314,ראשון לציון,8300,184.0,4,0,664,327,4,323,97,32,28,8,35,2,0,0,0,8,34,60,19
13,6315,ראשון לציון,8300,185.0,119,0,579,377,2,375,85,58,22,19,7,13,0,0,0,16,21,123,11
13,6316,ראשון לציון,8300,187.1,27,0,692,508,1,507,84,115,13,6,33,22,0,0,0,7,52,166,9
13,6317,ראשון לציון,8300,187.2,27,0,692,509,3,506,107,98,52,29,45,1,0,0,3,41,26,71,33
13,6318,ראשון לציון,8300,187.3,27,0,692,531,1,530,62,87,39,50,23,21,0,0,0,4,57,147,40
13,6319,ראשון לציון,8300,187.4,27,0,692,500,1,499,145,71,45,15,30,1,2,0,0,9,13,153,15
13,6320,ראשון לציון,8300,187.5,27,0,692,522,3,519,133,46,30,28,31,7,0,0,0,6,47,172,19
13,6321,ראשון לציון,8300,187.6,27,0,690,518,3,515,128,90,20,50,37,2,0,0,0,4,16,162,6
13,6322,ראשון לציון,8300,188.0,119,0,741,535,3,532,122,86,43,75,11,21,5,0,0,12,52,95,10
13,6323,ראשון לציון,8300,189.0,119,0,621,409,1,408,126,49,58,17,11,0,0,0,0,12,35,84,16
13,6324,ראשון לציון,8300,191.0,99,0,536,385,0,385,63,71,7,46,10,9,0,0,0,2,40,125,12
13,6325,ראשון לציון,8300,192.0,99,0,540,378,2,376,39,56,29,53,5,0,0,0,0,3,39,139,13
13,6326,ראשון לציון,8300,230.0,40,0,619,373,4,369,124,47,12,7,69,1,1,0,0,20,41,43,4
13,6327,ראשון לציון,8300,241.1,53,0,662,415,4,411,149,47,13,44,36,4,0,0,0,11,40,47,20
13,6328,ראשון לציון,8300,241.2,53,0,662,386,1,385,80,53,31,44,41,16,0,0,0,20,17,79,4
13,6329,ראשון לציון,8300,241.3,53,0,662,369,1,368,108,60,35,8,58,5,0,0,0,6,23,58,7
13,6330,ראשון לציון,8300,241.4,53,0,662,397,1,396,72,93,11,7,27,9,0,1,0,24,22,113,17
13,6331,ראשון לציון,8300,241.5,53,0,662,415,0,415,94,73,11,27,22,1,0,0,0,17,62,68,40
13,6332,ראשון לציון,8300,241.6,53,0,662,374,3,371,123,48,17,7,20,0,0,0,0,10,30,96,20
13,6333,ראשון לציון,8300,241.7,53,0,658,372,2,370,79,42,14,33,39,12,0,0,0,17,27,89,18
13,6334,ראשון לציון,8300,243.0,125,0,616,377,1,376,105,81,23,22,17,1,0,0,0,10,37,55,25
13,6335,ראשון לציון,8300,244.0,4,0,635,314,1,313,109,21,29,2,45,0,0,0,0,16,30,55,6
13,6336,ראשון לציון,8300,248.0,110,0,633,454,1,453,104,103,10,48,18,4,0,0,0,32,34,91,9
13,6337,ראשון לציון,8300,249.0,110,0,627,418,3,415,63,126,31,13,3,6,0,0,0,5,40,97,31
13,6338,ראשון לציון,8300,254.1,32,0,672,496,3,493,85,103,10,23,26,13,0,0,0,23,37,139,34
13,6339,ראשון לציון,8300,254.2,32,0,672,468,2,466,104,75,22,47,47,0,0,0,0,2,44,112,13
13,6340,ראשון לציון,8300,254.3,32,0,672,511,4,507,120,51,42,54,20,8,3,0,0,16,5,174,14
13,6341,ראשון לציון,8300,254.4,32,0,672,494,0,494,57,110,25,47,8,36,0,0,0,11,16,147,37
13,6342,ראשון לציון,8300,254.5,32,0,672,512,0,512,113,93,20,52,9,16,0,0,0,17,20,149,23
13,6343,ראשון לציון,8300,254.6,32,0,670,504,2,502,70,133,69,38,1,7,0,0,0,29,5,144,6
13,6344,ראשון לציון,8300,255.0,111,0,594,419,5,414,84,53,8,40,51,18,0,0,0,27,60,62,11
13,6345,ראשון לציון,8300,258.0,111,0,619,434,4,430,80,82,15,15,60,21,0,0,0,17,65,60,15
13,6346,ראשון לציון,8300,259.0,110,0,702,508,0,508,113,69,42,53,30,2,0,0,0,7,41,140,11
13,6347,ראשון לציון,8300,263.0,110,0,598,431,0,431,138,65,28,41,23,0,0,0,0,6,18,97,15
13,6348,ראשון לציון,8300,264.0,110,0,548,413,2,411,84,97,21,13,25,1,0,0,0,3,78,68,21
13,6349,ראשון לציון,8300,267.0,111,0,575,432,0,432,99,121,31,20,32,6,0,0,0,11,29,69,14
13,6350,ראשון לציון,8300,268.0,111,0,573,400,3,397,44,49,55,40,39,6,13,0,0,3,14,123,11
13,6351,ראשון לציון,8300,269.0,111,0,630,452,5,447,105,105,30,42,9,0,0,0,5,38,20,62,31
13,6352,ראשון לציון,8300,270.0,81,0,657,511,1,510,143,66,37,47,13,18,0,0,0,11,60,100,15
13,6353,ראשון לציון,8300,271.0,82,0,551,416,0,416,110,77,14,26,51,11,0,2,0,21,32,58,14
13,6354,ראשון לציון,8300,272.0,82,0,676,461,2,459,153,54,41,37,31,0,0,0,0,14,33,87,9
13,6355,ראשון לציון,8300,273.0,81,0,728,505,1,504,117,74,16,35,15,0,0,0,0,4,25,117,101
13,6356,ראשון לציון,8300,274.0,82,0,550,369,5,364,43,46,27,38,7,4,0,0,0,13,30,117,39
13,6357,ראשון לציון,8300,275.0,81,0,554,398,1,397,53,69,41,33,20,12,4,0,0,7,10,137,11
13,6358,ראשון לציון,8300,276.0,81,0,737,568,1,567,156,111,32,74,11,1,0,0,0,5,27,139,11
13,6359,ראשון לציון,8300,277.0,82,0,621,473,0,473,72,112,19,31,16,2,0,0,0,6,30,130,55
13,6360,ראשון לציון,8300,280.1,108,0,700,482,2,480,175,90,13,13,27,4,3,0,0,9,51,85,10
13,6361,ראשון לציון,8300,280.2,108,0,700,492,0,492,123,63,53,45,13,12,0,7,0,16,37,111,12
13,6362,ראשון לציון,8300,280.3,108,0,700,506,1,505,118,81,33,45,20,0,0,0,0,16,24,127,41
13,6363,ראשון לציון,8300,280.4,108,0,700,519,2,517,129,96,35,27,61,5,0,0,0,11,53,74,26
13,6364,ראשון לציון,8300,280.5,108,0,700,486,3,483,116,110,13,21,18,6,0,0,0,13,44,117,25
13,6365,ראשון לציון,8300,280.6,108,0,700,504,0,504,131,129,8,22,17,15,4,0,0,19,77,56,26
13,6366,ראשון לציון,8300,280.7,108,0,699,497,2,495,141,77,30,3,22,1,0,0,0,14,57,126,24
13,6367,ראשון לציון,8300,283.0,81,0,665,491,1,490,111,74,40,47,4,2,0,0,0,65,33,96,18
13,6368,ראשון לציון,8300,284.0,111,0,648,489,1,488,144,105,53,15,21,9,0,0,0,3,30,93,15
13,6369,ראשון לציון,8300,286.1,80,0,678,476,2,474,121,97,34,16,10,19,0,0,0,13,27,108,29
13,6370,ראשון לציון,8300,286.2,80,0,678,498,1,497,77,102,28,25,19,2,0,0,0,18,51,139,36
13,6371,ראשון לציון,8300,286.3,80,0,678,470,0,470,152,88,14,11,5,9,0,0,0,15,29,102,45
13,6372,ראשון לציון,8300,286.4,80,0,678,487,2,485,53,71,24,27,52,10,12,0,0,25,85,114,12
13,6373,ראשון לציון,8300,286.5,80,0,678,476,3,473,81,80,27,41,4,6,0,0,0,10,35,168,21
13,6374,ראשון לציון,8300,286.6,80,0,678,487,0,487,94,69,27,45,47,1,0,0,0,7,31,160,6
13,6375,ראשון לציון,8300,286.7,80,0,678,500,1,499,73,146,36,42,36,2,0,0,0,8,22,119,15
13,6376,ראשון לציון,8300,286.8,80,0,678,497,0,497,89,96,49,47,3,23,0,0,0,6,36,108,40
13,6377,ראשון לציון,8300,288.0,82,0,634,469,0,469,68,105,25,19,8,0,0,0,0,18,67,139,20
13,6378,ראשון לציון,8300,289.0,82,0,621,464,0,464,86,94,38,39,15,7,0,5,0,19,22,120,19
13,6379,ראשון לציון,8300,292.1,115,0,672,497,3,494,94,94,35,29,24,3,0,0,0,8,33,144,30
13,6380,ראשון לציון,8300,292.2,115,0,672,505,1,504,54,81,38,64,19,8,0,0,0,27,21,174,18
13,6381,ראשון לציון,8300,292.3,115,0,672,499,1,498,97,85,24,22,7,10,0,0,0,8,79,160,6
13,6382,ראשון לציון,8300,292.4,115,0,672,492,3,489,85,33,23,91,6,5,0,0,0,6,47,167,26
13,6383,ראשון לציון,8300,292.5,115,0,672,503,0,503,89,137,12,65,3,14,0,0,4,17,23,121,18
13,6384,ראשון לציון,8300,292.6,115,0,672,478,3,475,87,79,40,22,2,17,0,0,0,24,16,172,16
13,6385,ראשון לציון,8300,292.7,115,0,670,493,1,492,77,74,40,32,43,2,0,0,0,6,43,146,29
13,6386,ראשון לציון,8300,293.0,4,0,490,261,5,256,63,17,19,14,32,0,0,0,0,6,53,42,10
13,6387,ראשון לציון,8300,301.1,21,0,721,514,0,514,122,110,33,45,17,3,0,0,0,17,43,87,37
13,6388,ראשון לציון,8300,301.2,21,0,721,463,4,459,79,113,41,54,6,17,0,0,0,21,22,101,5
13,6389,ראשון לציון,8300,301.3,21,0,721,527,2,525,81,67,45,21,42,14,0,0,0,9,54,171,21
13,6390,ראשון לציון,8300,301.4,21,0,721,508,2,506,100,90,21,15,12,16,0,0,1,13,85,138,15
13,6391,ראשון לציון,8300,301.5,21,0,721,490,5,485,87,89,29,24,48,4,0,0,0,8,30,145,21
13,6392,ראשון לציון,8300,301.6,21,0,720,512,0,512,61,96,61,96,4,0,1,0,0,39,40,77,37
13,6393,ראשון לציון,8300,305.0,99,1,576,358,1,357,77,82,43,33,5,1,0,0,0,5,12,66,33
13,6394,ראשון לציון,8300,308.0,99,0,668,498,5,493,67,95,33,52,14,1,0,0,0,25,21,166,19
13,6395,ראשון לציון,8300,327.0,40,0,535,326,1,325,99,22,9,8,56,0,1,0,0,35,35,47,13
13,6396,ראשון לציון,8300,954.0,81,0,635,486,3,483,111,62,17,29,30,0,12,0,0,27,25,151,19
18,9883,תושיה,1083,1.0,1,0,389,273,0,273,50,5,0,0,31,3,0,0,0,46,78,58,2
2,898,תירוש,10,1.0,1,0,361,272,0,272,62,21,1,0,93,12,0,0,0,8,49,26,0
2,1158,תלם,3719,1.0,1,0,247,184,1,183,14,10,0,2,4,6,0,0,0,35,75,33,4
18,9885,אופקים,31,1.1,4,0,402,232,1,231,64,11,8,11,46,4,0,1,0,14,43,9,20
18,9886,אופקים,31,2.0,1,0,643,359,2,357,98,36,11,9,61,40,0,0,0,23,56,18,5
18,9887,אופקים,31,3.0,6,0,485,288,2,286,93,33,10,1,33,8,0,0,0,6,69,29,4
18,9888,אופקים,31,4.0,2,0,548,340,2,338,80,24,14,19,97,21,0,0,0,5,34,35,9
18,9889,אופקים,31,5.0,7,0,488,234,3,231,70,17,18,1,36,8,0,0,0,32,12,34,3
18,9890,אופקים,31,6.1,20,0,584,324,3,321,99,34,16,3,37,8,4,0,0,11,46,54,9
18,9891,אופקים,31,6.2,20,0,584,303,1,302,89,37,12,4,69,7,0,0,0,19,27,35,3
18,9892,אופקים,31,6.3,20,0,584,305,0,305,60,52,29,20,48,10,1,0,0,23,16,37,9
18,9893,אופקים,31,7.0,1,0,604,294,3,291,99,19,7,13,44,8,2,4,0,12,57,23,3
18,9894,אופקים,31,8.0,13,0,465,341,3,338,110,20,1,8,46,7,0,0,0,45,49,45,7
18,9895,אופקים,31,9.0,2,0,644,329,6,323,88,20,8,38,45,11,0,1,0,21,39,43,9
18,9896,אופקים,31,10.1,16,0,613,437,3,434,57,11,7,4,154,120,0,0,0,19,32,14,16
18,9897,אופקים,31,10.2,16,0,613,467,4,463,92,6,3,3,131,132,0,0,0,23,49,22,2
18,9898,אופקים,31,10.3,16,0,611,438,8,430,71,7,25,1,93,107,0,0,0,21,71,27,7
18,9899,אופקים,31,11.0,3,0,706,566,3,563,40,13,1,0,223,245,0,0,0,20,19,2,0
18,9900,אופקים,31,12.0,3,0,750,594,5,589,118,3,3,0,180,246,0,0,0,0,32,5,2
18,9901,אופקים,31,13.0,22,0,504,362,3,359,90,19,0,6,63,98,0,0,0,36,32,14,1
18,9902,אופקים,31,15.1,8,0,689,532,5,527,50,6,0,8,139,215,0,0,0,12,72,23,2
18,9903,אופקים,31,15.2,8,0,689,530,4,526,40,4,20,0,197,205,0,0,0,6,48,6,0
18,9904,אופקים,31,17.1,15,0,733,519,3,516,174,44,9,12,82,17,0,0,0,19,84,65,10
18,9905,אופקים,31,17.2,15,0,733,494,3,491,123,50,13,8,78,23,0,0,0,17,82,87,10
18,9906,אופקים,31,17.3,15,0,733,527,9,518,130,34,58,17,104,30,0,0,0,16,67,60,2
18,9907,אופקים,31,17.4,15,0,733,515,3,512,102,26,31,15,74,23,0,0,0,48,86,103,4
18,9908,אופקים,31,17.5,15,0,730,528,2,526,121,34,9,6,86,24,0,0,0,20,92,127,7
18,9909,אופקים,31,19.0,13,0,676,339,1,338,111,53,25,1,25,16,0,0,0,22,17,36,32
18,9910,אופקים,31,20.0,18,0,713,612,4,608,43,21,18,0,247,238,0,0,0,4,29,6,2
18,9911,אופקים,31,22.1,9,0,716,491,0,491,108,43,1,8,131,45,0,0,0,27,26,92,10
18,9912,אופקים,31,22.2,9,0,716,490,4,486,145,40,25,7,86,60,0,0,0,20,43,48,12
18,9913,אופקים,31,22.3,9,0,716,485,1,484,144,30,7,0,104,92,0,0,0,42,23,33,9
18,9914,אופקים,31,22.4,9,0,716,490,2,488,139,25,12,18,99,26,0,0,0,19,57,84,9
18,9915,אופקים,31,22.5,9,0,712,475,0,475,77,28,22,2,108,99,0,1,0,12,56,57,13
18,9916,אופקים,31,23.1,21,0,666,446,3,443,82,61,25,0,54,16,0,0,0,9,59,102,35
18,9917,אופקים,31,23.2,21,0,666,420,1,419,99,51,29,5,70,2,0,0,0,15,62,72,14
18,9918,אופקים,31,25.0,13,0,471,236,3,233,65,18,45,6,44,8,0,0,0,8,14,17,8
18,9919,אופקים,31,26.0,1,0,591,321,6,315,72,35,28,4,105,8,0,0,0,12,19,24,8
18,9920,אופקים,31,30.0,22,0,625,487,1,486,43,11,2,0,170,109,2,3,0,15,82,46,3
18,9921,אופקים,31,33.0,3,0,554,450,8,442,17,0,8,0,178,197,0,0,0,3,12,27,0
18,9922,אופקים,31,34.1,17,0,739,386,3,383,126,18,3,6,42,1,0,1,0,56,90,37,3
18,9923,אופקים,31,34.2,17,0,739,376,2,374,92,23,36,5,50,4,0,0,0,28,83,45,8
18,9924,אופקים,31,35.1,19,0,414,260,3,257,91,15,13,0,21,1,0,0,0,16,39,35,26
18,9925,אופקים,31,35.2,19,0,413,245,2,243,33,34,13,10,24,2,2,0,0,13,20,75,17
3,1232,אור הגנוז,1294,1.0,2,0,347,227,1,226,13,3,0,5,67,102,0,0,0,8,19,9,0
5,1975,אכסאל,478,7.1,3,0,601,297,3,294,1,0,0,5,0,3,172,94,19,0,0,0,0
5,1976,אכסאל,478,7.2,3,0,601,300,0,300,0,0,0,17,0,0,180,69,29,0,0,0,5
5,1977,אכסאל,478,7.3,3,0,601,275,2,273,0,4,0,5,7,0,130,79,46,0,2,0,0
5,1978,אכסאל,478,7.4,3,0,598,274,1,273,0,0,0,9,0,0,130,83,44,0,3,4,0
5,1979,אכסאל,478,9.1,4,0,640,314,2,312,1,0,0,14,0,1,155,112,27,0,2,0,0
5,1980,אכסאל,478,9.2,4,0,640,285,1,284,1,0,0,10,0,0,177,67,29,0,0,0,0
5,1981,אכסאל,478,9.3,4,0,640,279,3,276,0,3,0,8,0,0,166,71,26,0,0,2,0
5,1982,אכסאל,478,9.4,4,0,640,293,0,293,1,0,0,10,0,0,187,61,31,0,1,2,0
5,1983,אכסאל,478,9.5,4,0,640,291,3,288,0,0,0,11,0,0,150,96,28,0,0,3,0
5,1984,אכסאל,478,12.1,1,0,637,272,5,267,0,2,1,8,0,0,157,50,46,0,0,3,0
5,1985,אכסאל,478,12.2,1,0,637,307,3,304,0,0,0,8,0,0,151,108,35,0,0,2,0
5,1986,אכסאל,478,12.3,1,0,637,256,1,255,1,0,0,9,5,5,107,101,23,0,4,0,0
5,1987,אכסאל,478,12.4,1,0,637,279,0,279,2,0,0,7,0,0,113,130,25,0,1,1,0
5,1988,אכסאל,478,12.5,1,0,637,279,3,276,0,0,0,8,0,0,127,115,25,0,0,1,0
5,1989,אכסאל,478,14.1,2,0,584,255,6,249,0,1,0,8,0,11,125,47,55,0,0,2,0
5,1990,אכסאל,478,14.2,2,0,584,267,1,266,0,0,0,3,0,0,166,76,20,0,0,1,0
5,1991,אכסאל,478,14.3,2,0,584,298,5,293,2,0,0,8,0,0,139,121,23,0,0,0,0
5,1992,אכסאל,478,14.4,2,0,580,287,6,281,1,0,0,11,0,0,156,94,19,0,0,0,0
3,1414,אלוני הבשן,4017,1.0,1,0,255,164,0,164,21,12,2,1,2,2,0,0,0,19,70,32,3
18,10321,באר מילכה,1278,1.0,1,0,121,104,0,104,8,14,3,28,1,0,0,1,0,0,5,38,6
18,9949,באר שבע,9000,1.0,15,0,470,225,1,224,52,41,13,2,33,8,14,0,0,1,24,34,2
18,9950,באר שבע,9000,2.0,6,0,572,217,3,214,42,16,10,16,37,13,0,1,1,12,20,37,9
18,9951,באר שבע,9000,3.0,6,0,471,169,1,168,25,28,4,16,18,1,1,0,0,6,30,29,10
18,9952,באר שבע,9000,4.0,15,0,534,239,2,237,58,26,4,30,36,6,8,0,0,15,18,31,5
18,9953,באר שבע,9000,5.0,15,0,472,215,4,211,60,43,18,3,23,2,3,1,1,2,25,28,2
18,9954,באר שבע,9000,6.0,34,0,636,137,3,134,28,15,7,13,29,1,1,0,3,11,10,11,5
18,9955,באר שבע,9000,15.0,15,0,460,203,1,202,60,21,20,0,37,2,2,1,0,9,10,37,3
18,9956,באר שבע,9000,16.0,1,0,444,204,10,194,67,11,19,1,19,3,3,0,0,9,42,17,3
18,9957,באר שבע,9000,19.0,1,0,560,259,6,253,61,5,28,5,42,2,0,0,8,22,41,34,5
18,9958,באר שבע,9000,20.0,1,0,402,170,1,169,49,19,2,17,18,16,0,5,0,13,13,14,3
18,9959,באר שבע,9000,25.0,15,0,500,231,3,228,91,19,15,6,46,2,1,3,0,2,22,20,1
18,9960,באר שבע,9000,26.0,34,0,435,205,4,201,68,11,2,3,37,0,0,0,0,24,25,27,4
18,9961,באר שבע,9000,27.0,34,0,501,224,5,219,62,48,5,1,20,6,0,8,0,13,30,22,4
18,9962,באר שבע,9000,28.0,34,0,461,210,4,206,61,16,16,2,31,15,0,0,0,17,13,26,9
18,9963,באר שבע,9000,29.0,34,0,475,218,5,213,71,26,5,13,52,3,0,0,0,9,9,24,1
18,9964,באר שבע,9000,30.0,1,0,462,196,5,191,45,21,23,4,22,5,5,1,0,15,8,38,4
18,9965,באר שבע,9000,31.0,1,0,551,242,5,237,75,10,19,3,48,4,0,0,0,9,18,42,9
18,9966,באר שבע,9000,142.0,99,0,702,447,1,446,124,64,22,10,50,4,0,0,0,27,63,73,9
18,9967,באר שבע,9000,147.1,31,0,610,337,4,333,134,49,5,3,55,4,0,0,0,16,31,28,8
18,9968,באר שבע,9000,147.2,31,0,610,338,2,336,94,30,19,16,22,28,0,0,0,5,27,93,2
18,9969,באר שבע,9000,147.3,31,0,610,333,1,332,65,32,39,6,47,19,0,0,1,5,51,45,22
18,9970,באר שבע,9000,147.4,31,0,610,344,6,338,81,79,41,9,23,9,0,1,0,29,37,27,2
18,9971,באר שבע,9000,147.5,31,0,607,321,3,318,67,45,45,8,27,7,0,0,0,6,40,68,5
18,9972,באר שבע,9000,160.0,54,0,668,422,1,421,143,38,48,20,13,2,1,0,0,22,29,102,3
18,9973,באר שבע,9000,175.0,10,0,564,326,2,324,58,47,49,1,32,4,0,2,0,10,29,68,24
18,9974,באר שבע,9000,176.0,10,0,658,326,2,324,81,28,33,27,15,0,0,0,0,17,31,76,16
18,9975,באר שבע,9000,177.0,99,0,647,426,2,424,183,53,5,7,34,1,1,0,0,19,32,59,30
18,9976,באר שבע,9000,180.0,32,0,634,418,2,416,71,45,59,4,61,3,0,4,0,25,61,61,22
18,9977,באר שבע,9000,185.0,54,0,683,433,5,428,105,67,79,15,18,19,1,0,0,1,43,74,6
18,9978,באר שבע,9000,186.0,99,0,743,441,1,440,116,44,38,28,36,7,0,0,0,19,45,91,16
18,9979,באר שבע,9000,188.0,54,0,719,386,1,385,80,69,51,15,6,0,0,0,0,7,48,87,22
18,9980,באר שבע,9000,189.0,99,0,682,404,3,401,131,56,38,5,69,8,0,0,0,3,44,35,12
18,9981,באר שבע,9000,200.0,112,0,596,355,2,353,101,36,24,16,23,0,0,0,0,9,32,102,10
18,9982,באר שבע,9000,202.0,89,0,531,398,2,396,81,69,6,5,29,4,0,4,0,13,30,124,31
18,9983,באר שבע,9000,203.0,120,0,606,392,1,391,68,35,12,20,49,8,0,3,0,45,36,95,20
18,9984,באר שבע,9000,204.0,112,0,549,403,1,402,66,59,11,11,23,15,1,1,0,16,48,114,37
18,9985,באר שבע,9000,205.0,112,0,587,379,0,379,122,50,17,28,21,6,1,0,0,9,34,72,19
18,9986,באר שבע,9000,206.0,89,0,720,494,5,489,121,102,13,17,8,7,0,4,0,46,33,130,8
18,9987,באר שבע,9000,207.0,120,0,629,424,1,423,94,64,35,11,9,0,20,0,0,8,60,101,21
18,9988,באר שבע,9000,208.0,120,0,606,412,2,410,112,50,34,33,25,3,1,0,0,20,26,101,5
18,9989,באר שבע,9000,210.0,32,1,456,289,5,284,54,73,8,4,11,0,0,0,0,42,49,40,3
18,9990,באר שבע,9000,213.0,10,0,599,333,8,325,92,38,55,22,24,2,0,0,0,12,6,71,3
18,9991,באר שבע,9000,214.0,32,0,506,330,3,327,79,62,29,19,24,6,0,0,0,10,21,75,2
18,9992,באר שבע,9000,218.1,35,0,735,478,3,475,87,30,15,11,184,18,0,0,0,6,68,44,12
18,9993,באר שבע,9000,218.2,35,0,735,483,1,482,87,51,26,27,148,23,2,5,0,14,43,46,10
18,9994,באר שבע,9000,218.3,35,0,733,475,3,472,82,51,26,37,183,8,8,0,0,5,15,53,4
18,9995,באר שבע,9000,221.1,135,0,736,449,6,443,139,40,48,9,29,2,0,0,0,11,75,69,21
18,9996,באר שבע,9000,221.2,135,0,736,436,1,435,89,64,71,23,22,0,1,0,0,11,41,73,40
18,9997,באר שבע,9000,223.0,99,0,622,389,9,380,93,43,62,19,8,5,0,0,0,10,23,87,30
18,9998,באר שבע,9000,225.0,54,0,676,393,2,391,112,56,24,2,21,8,0,0,0,39,38,60,31
18,9999,באר שבע,9000,226.0,54,0,592,411,2,409,105,52,20,14,14,20,0,0,0,28,43,107,6
18,10000,באר שבע,9000,243.0,10,0,625,319,3,316,95,20,12,17,37,1,0,0,0,12,22,76,24
18,10001,באר שבע,9000,251.0,32,0,621,418,4,414,114,92,37,5,56,18,0,0,0,10,49,31,2
18,10002,באר שבע,9000,252.1,118,0,705,466,3,463,83,17,27,20,213,10,0,0,0,26,34,33,0
18,10003,באר שבע,9000,252.2,118,0,705,436,4,432,37,26,17,9,166,26,0,6,0,31,42,59,13
18,10004,באר שבע,9000,252.3,118,0,705,402,0,402,101,14,12,7,86,21,0,0,0,14,69,62,16
18,10005,באר שבע,9000,257.0,32,0,560,371,4,367,95,58,40,2,32,9,0,0,0,37,37,40,17
18,10006,באר שבע,9000,260.1,143,0,640,449,1,448,114,32,13,29,20,2,0,7,0,61,42,102,26
18,10007,באר שבע,9000,260.2,143,0,639,471,5,466,109,96,24,40,20,6,1,0,0,7,57,88,18
18,10008,באר שבע,9000,266.1,121,0,691,499,2,497,153,87,12,7,18,3,0,4,0,70,64,68,11
18,10009,באר שבע,9000,266.2,121,0,691,496,3,493,125,85,24,3,48,1,14,0,0,40,61,85,7
18,10010,באר שבע,9000,266.3,121,0,691,520,0,520,195,84,11,1,16,16,0,1,0,16,79,91,10
18,10011,באר שבע,9000,266.4,121,0,691,511,3,508,184,38,19,36,36,1,0,0,0,13,52,107,22
18,10012,באר שבע,9000,266.5,121,0,687,534,2,532,164,83,39,26,4,0,1,11,3,23,52,112,14
18,10013,באר שבע,9000,274.0,120,0,539,362,1,361,85,45,33,7,21,13,0,0,0,11,40,101,5
18,10014,באר שבע,9000,276.1,103,0,658,462,1,461,124,53,3,20,8,2,16,8,0,9,35,179,4
18,10015,באר שבע,9000,276.2,103,0,658,468,0,468,97,66,11,18,31,2,2,0,2,48,34,138,19
18,10016,באר שבע,9000,276.3,103,1,658,463,1,462,100,75,6,11,27,10,23,0,2,13,59,128,8
18,10017,באר שבע,9000,276.4,103,0,658,488,0,488,150,20,11,5,78,45,15,4,0,31,65,55,9
18,10018,באר שבע,9000,276.5,103,0,658,444,2,442,92,79,26,12,37,6,5,0,0,13,31,110,31
18,10019,באר שבע,9000,276.6,103,0,658,457,2,455,77,60,8,54,35,2,22,1,0,15,53,112,16
18,10020,באר שבע,9000,277.0,112,0,637,384,4,380,96,64,38,8,20,2,2,0,0,13,58,67,12
18,10021,באר שבע,9000,280.0,54,0,576,390,4,386,100,36,18,12,47,27,0,0,0,21,55,57,13
18,10022,באר שבע,9000,282.0,99,0,601,409,2,407,156,45,15,5,21,4,0,0,0,5,61,89,6
18,10023,באר שבע,9000,284.1,123,0,694,472,1,471,145,31,16,18,73,12,13,7,3,47,31,70,5
18,10024,באר שבע,9000,284.2,123,0,694,491,0,491,148,59,28,16,41,9,0,6,0,15,66,97,6
18,10025,באר שבע,9000,284.3,123,0,694,516,4,512,163,61,35,15,33,5,7,0,1,29,56,102,5
18,10026,באר שבע,9000,284.4,123,0,694,475,2,473,94,50,46,13,62,10,3,0,3,34,39,100,19
18,10027,באר שבע,9000,284.5,123,0,694,496,1,495,104,54,61,23,33,6,8,0,0,4,51,141,10
18,10028,באר שבע,9000,302.1,113,0,741,514,0,514,135,57,23,16,43,18,0,11,1,22,39,138,11
18,10029,באר שבע,9000,302.2,113,0,741,549,2,547,131,36,56,41,22,12,1,1,1,8,40,165,33
18,10030,באר שבע,9000,302.3,113,0,741,550,4,546,159,109,32,6,17,19,0,15,0,10,76,74,29
18,10031,באר שבע,9000,302.4,113,0,741,550,3,547,128,70,15,47,47,5,0,0,1,79,45,106,4
18,10032,באר שבע,9000,302.5,113,0,740,524,5,519,128,43,47,24,14,7,0,0,0,54,79,112,11
18,10033,באר שבע,9000,304.1,124,0,513,392,3,389,116,60,31,23,17,1,1,1,0,6,44,78,11
18,10034,באר שבע,9000,304.2,124,0,513,388,0,388,126,67,11,10,21,3,0,1,0,24,49,73,3
18,10035,באר שבע,9000,304.3,124,0,511,380,2,378,113,52,12,16,21,1,0,0,0,42,65,52,4
18,10036,באר שבע,9000,305.1,101,0,664,466,6,460,104,78,3,15,60,2,0,0,0,56,58,72,12
18,10037,באר שבע,9000,305.2,101,0,664,446,4,442,131,50,25,6,23,1,0,5,0,12,34,109,46
18,10038,באר שבע,9000,305.3,101,0,664,449,6,443,86,30,36,7,44,17,0,0,3,19,74,108,19
18,10039,באר שבע,9000,305.4,101,0,664,475,2,473,150,65,8,9,41,9,0,0,0,37,71,80,3
18,10040,באר שבע,9000,305.5,101,0,664,444,2,442,130,31,16,25,30,13,2,0,0,8,77,97,13
18,10041,באר שבע,9000,305.6,101,0,664,453,6,447,96,88,79,2,18,2,0,0,0,15,57,84,6
18,10042,באר שבע,9000,305.7,101,0,660,444,3,441,95,47,84,30,33,9,0,0,0,22,35,78,8
18,10043,באר שבע,9000,7.1,41,0,693,283,2,281,89,31,17,5,49,2,12,2,0,7,24,29,14
18,10044,באר שבע,9000,7.2,41,0,693,287,4,283,53,26,29,1,28,25,1,0,0,32,42,32,14
18,10045,באר שבע,9000,7.3,41,0,693,270,5,265,81,35,34,16,27,1,0,0,6,10,12,35,8
18,10046,באר שבע,9000,7.4,41,0,691,248,1,247,22,41,21,20,18,1,1,0,2,3,31,84,3
18,10047,באר שבע,9000,10.1,18,0,602,289,1,288,60,65,12,40,16,1,2,0,0,6,33,48,5
18,10048,באר שבע,9000,10.2,18,0,602,296,2,294,98,51,18,23,19,1,0,6,2,2,9,51,14
18,10049,באר שבע,9000,10.3,18,0,600,275,3,272,60,43,11,28,23,6,1,0,0,18,15,56,11
18,10050,באר שבע,9000,18.1,20,0,598,220,2,218,78,42,6,5,17,3,0,0,0,4,14,39,10
18,10051,באר שבע,9000,18.2,20,0,598,253,2,251,48,36,18,16,34,15,0,4,0,2,27,44,7
18,10052,באר שבע,9000,18.3,20,0,598,248,4,244,26,54,25,15,29,2,0,1,1,2,20,55,14
18,10053,באר שבע,9000,33.0,146,0,698,511,0,511,167,71,9,7,11,1,0,0,0,55,105,74,11
18,10054,באר שבע,9000,34.0,45,0,467,207,3,204,44,21,34,0,17,5,0,0,1,14,32,25,11
18,10055,באר שבע,9000,35.0,45,0,598,308,4,304,100,43,30,18,23,1,0,0,0,33,14,39,3
18,10056,באר שבע,9000,36.0,26,0,637,390,0,390,67,55,8,7,47,11,0,0,1,44,35,108,7
18,10057,באר שבע,9000,37.0,26,0,653,293,4,289,86,24,12,12,63,11,0,0,0,15,23,41,2
18,10058,באר שבע,9000,38.0,33,0,659,385,0,385,95,52,25,0,29,17,0,0,0,18,77,63,9
18,10059,באר שבע,9000,39.0,139,0,571,77,0,77,27,9,4,4,8,0,0,0,0,4,9,10,2
18,10060,באר שבע,9000,40.0,139,0,691,176,0,176,38,34,6,13,27,5,0,0,0,5,17,19,12
18,10061,באר שבע,9000,42.0,140,0,647,393,1,392,53,45,6,42,12,13,0,0,0,39,58,122,2
18,10062,באר שבע,9000,44.0,33,0,585,318,8,310,69,28,3,11,23,11,0,0,0,16,100,45,4
18,10063,באר שבע,9000,45.1,42,0,551,337,2,335,64,47,8,12,48,23,2,1,0,14,41,71,4
18,10064,באר שבע,9000,45.2,42,0,551,313,1,312,67,22,21,10,51,3,0,0,0,11,23,93,11
18,10065,באר שבע,9000,45.3,42,0,550,297,1,296,86,39,33,16,15,2,0,1,0,17,39,41,7
18,10066,באר שבע,9000,46.0,28,0,499,314,1,313,83,43,23,8,22,7,1,2,0,14,31,74,5
18,10067,באר שבע,9000,47.0,28,0,414,164,1,163,51,26,23,2,3,2,0,0,0,8,14,31,3
18,10068,באר שבע,9000,53.1,11,0,682,420,2,418,115,69,41,39,39,4,1,1,0,6,36,56,11
18,10069,באר שבע,9000,53.2,11,0,682,402,0,402,82,54,7,21,18,4,0,0,0,42,52,106,16
18,10070,באר שבע,9000,53.3,11,0,682,411,8,403,95,62,17,32,34,10,3,0,0,39,51,58,2
18,10071,באר שבע,9000,53.4,11,0,682,413,2,411,96,40,24,13,27,4,0,5,0,14,59,108,21
18,10072,באר שבע,9000,53.5,11,0,682,405,3,402,54,55,22,42,32,2,0,0,0,6,69,100,20
18,10073,באר שבע,9000,53.6,11,0,676,422,6,416,108,78,23,56,12,5,0,0,0,10,26,92,6
18,10074,באר שבע,9000,55.0,110,0,540,243,4,239,105,11,16,4,36,6,0,0,0,4,14,36,7
18,10075,באר שבע,9000,58.1,22,0,690,375,5,370,86,81,19,11,24,17,0,0,0,15,55,47,15
18,10076,באר שבע,9000,58.2,22,0,690,396,1,395,67,43,13,34,72,22,0,0,0,20,21,88,15
18,10077,באר שבע,9000,58.3,22,0,690,404,1,403,137,46,6,10,69,8,0,0,0,36,41,40,10
18,10078,באר שבע,9000,58.4,22,0,690,361,1,360,97,61,0,19,27,9,22,0,0,10,31,79,5
18,10079,באר שבע,9000,58.5,22,0,686,376,2,374,92,45,27,35,51,9,0,0,1,20,39,41,14
18,10080,באר שבע,9000,62.1,134,0,568,275,0,275,100,25,6,18,13,6,3,0,0,8,16,65,15
18,10081,באר שבע,9000,62.2,134,0,567,252,3,249,36,51,12,23,11,5,3,8,0,4,22,64,10
18,10082,באר שבע,9000,69.0,28,0,528,296,0,296,87,73,31,17,5,3,0,0,0,3,10,62,5
18,10083,באר שבע,9000,87.0,110,0,683,301,3,298,84,21,50,5,7,10,0,9,0,13,33,58,8
18,10084,באר שבע,9000,95.0,45,0,529,252,3,249,71,17,15,5,26,6,0,0,0,28,35,33,13
18,10085,באר שבע,9000,96.0,140,0,478,260,2,258,77,14,14,8,33,9,2,0,0,27,49,21,4
18,10086,באר שבע,9000,97.0,140,0,582,309,1,308,49,48,4,15,95,2,0,0,0,1,55,36,3
18,10087,באר שבע,9000,103.0,132,0,559,230,0,230,94,13,11,4,7,17,0,5,0,16,19,38,6
18,10088,באר שבע,9000,109.0,33,0,662,285,6,279,59,20,60,7,22,6,0,2,0,20,29,42,12
18,10089,באר שבע,9000,111.0,26,0,535,318,6,312,49,14,11,13,33,8,0,0,0,26,68,81,9
18,10090,באר שבע,9000,112.0,33,0,557,350,4,346,54,57,22,35,29,10,0,0,3,24,41,66,5
18,10091,באר שבע,9000,113.0,45,0,596,227,8,219,56,47,33,9,14,0,1,0,0,10,7,37,5
18,10092,באר שבע,9000,114.0,45,0,561,252,5,247,48,38,35,1,34,11,0,0,0,4,27,31,18
18,10093,באר שבע,9000,116.1,3,0,650,367,1,366,70,25,12,3,69,54,0,0,0,25,32,43,33
18,10094,באר שבע,9000,116.2,3,0,650,380,2,378,112,27,8,39,48,9,1,0,0,23,67,43,1
18,10095,באר שבע,9000,116.3,3,0,650,357,4,353,122,45,7,9,36,9,0,0,0,36,37,52,0
18,10096,באר שבע,9000,116.4,3,0,647,350,3,347,80,110,3,8,34,6,0,0,0,14,44,41,7
18,10097,באר שבע,9000,117.0,45,0,403,169,1,168,45,17,23,1,12,6,0,0,4,5,23,27,5
18,10098,באר שבע,9000,118.0,33,0,545,328,2,326,63,42,45,2,3,7,1,0,0,27,80,52,4
18,10099,באר שבע,9000,130.1,36,0,669,300,0,300,105,14,18,5,38,4,0,0,0,25,41,36,14
18,10100,באר שבע,9000,130.2,36,0,669,247,4,243,75,48,2,4,25,2,1,0,0,6,14,58,8
18,10101,באר שבע,9000,130.3,36,0,669,291,3,288,110,26,35,1,17,3,3,0,0,3,28,58,4
18,10102,באר שבע,9000,130.4,36,0,669,249,14,235,61,33,37,9,22,14,0,0,0,13,31,11,4
18,10103,באר שבע,9000,130.5,36,0,669,231,4,227,59,27,38,2,6,4,0,0,0,1,23,55,12
18,10104,באר שבע,9000,143.1,119,0,608,369,5,364,95,18,9,8,80,17,0,1,0,18,55,50,13
18,10105,באר שבע,9000,143.2,119,0,608,358,13,345,79,40,45,11,58,16,0,0,0,26,30,33,7
18,10106,באר שבע,9000,143.3,119,0,608,368,9,359,85,42,20,1,64,31,0,0,0,21,59,32,4
18,10107,באר שבע,9000,143.4,119,0,608,339,2,337,53,34,50,1,59,11,0,0,0,8,56,60,5
18,10108,באר שבע,9000,143.5,119,0,608,316,3,313,80,26,21,8,40,21,2,0,0,27,20,65,3
18,10109,באר שבע,9000,144.0,28,0,401,140,0,140,49,20,10,5,2,1,2,0,6,7,13,18,7
18,10110,באר שבע,9000,145.0,28,0,567,350,2,348,112,38,20,20,32,25,4,0,0,10,29,45,13
18,10111,באר שבע,9000,151.0,61,0,453,218,2,216,48,41,27,17,0,1,0,0,0,2,18,52,10
18,10112,באר שבע,9000,153.0,110,0,586,241,8,233,123,12,8,3,18,10,1,3,4,4,26,19,2
18,10113,באר שבע,9000,155.0,61,0,592,292,10,282,39,21,80,3,37,19,0,0,0,12,13,50,8
18,10114,באר שבע,9000,156.0,61,0,596,225,6,219,78,35,22,2,5,4,0,0,0,9,27,33,4
18,10115,באר שבע,9000,158.1,5,0,617,287,6,281,78,26,68,10,29,0,0,1,0,2,29,33,5
18,10116,באר שבע,9000,158.2,5,0,617,241,5,236,51,30,40,5,11,1,0,3,0,6,20,57,12
18,10117,באר שבע,9000,158.3,5,0,617,303,1,302,70,32,35,8,45,11,0,0,0,9,35,37,20
18,10118,באר שבע,9000,158.4,5,0,617,274,3,271,78,33,30,10,20,8,0,0,0,3,39,29,21
18,10119,באר שבע,9000,158.5,5,0,615,253,3,250,76,34,46,2,9,9,0,0,0,12,11,50,1
18,10120,באר שבע,9000,159.0,61,0,579,252,0,252,77,27,28,1,19,2,0,0,0,10,34,33,21
18,10121,באר שבע,9000,170.0,71,0,675,401,4,397,112,25,51,40,32,12,1,0,0,19,54,44,7
18,10122,באר שבע,9000,171.0,71,0,707,387,4,383,92,58,23,14,49,1,6,0,0,5,54,55,26
18,10123,באר שבע,9000,172.1,70,0,571,349,3,346,98,50,13,12,52,1,0,3,0,3,28,51,35
18,10124,באר שבע,9000,172.2,70,0,571,327,2,325,56,90,56,13,19,15,0,0,0,9,19,44,4
18,10125,באר שבע,9000,172.3,70,0,571,325,4,321,81,35,26,17,13,5,0,0,0,9,49,74,12
18,10126,באר שבע,9000,172.4,70,0,568,303,5,298,91,65,25,1,13,11,0,0,0,10,17,53,12
18,10127,באר שבע,9000,174.0,71,0,691,347,0,347,108,34,53,7,23,4,0,0,0,6,27,76,9
18,10128,באר שבע,9000,178.0,71,0,582,342,2,340,98,90,11,12,30,3,0,1,0,24,10,53,8
18,10129,באר שבע,9000,241.0,71,0,532,320,2,318,76,48,23,26,56,10,6,0,0,7,26,28,12
18,10130,באר שבע,9000,278.0,146,0,727,578,3,575,82,76,15,8,65,2,0,0,0,65,84,124,54
18,10131,באר שבע,9000,279.0,141,0,531,310,1,309,91,25,4,8,23,27,0,1,0,34,19,71,6
18,10132,באר שבע,9000,12.1,137,0,723,517,2,515,151,59,34,4,93,0,0,0,0,18,35,112,9
18,10133,באר שבע,9000,12.2,137,0,723,520,3,517,166,70,19,22,11,7,0,0,0,45,38,113,26
18,10134,באר שבע,9000,12.3,137,0,723,494,3,491,81,41,58,8,24,17,0,0,0,17,39,179,27
18,10135,באר שבע,9000,12.4,137,0,723,513,6,507,171,24,15,18,41,15,0,0,0,34,66,121,2
18,10136,באר שבע,9000,12.5,137,0,723,529,0,529,171,27,37,9,12,19,0,0,0,31,72,131,20
18,10137,באר שבע,9000,12.6,137,0,723,502,1,501,151,109,39,12,35,4,0,0,0,32,33,80,6
18,10138,באר שבע,9000,12.7,137,0,718,507,5,502,92,66,27,35,7,67,0,0,0,35,41,115,17
18,10139,באר שבע,9000,32.0,37,0,570,367,2,365,99,45,15,12,19,15,0,0,0,18,46,72,24
18,10140,באר שבע,9000,43.1,66,0,654,402,1,401,112,61,35,33,23,13,0,0,0,18,24,79,3
18,10141,באר שבע,9000,43.2,66,0,654,356,2,354,100,41,13,16,27,11,0,0,0,14,42,70,20
18,10142,באר שבע,9000,43.3,66,0,654,355,2,353,81,37,25,8,45,14,1,0,0,12,61,67,2
18,10143,באר שבע,9000,43.4,66,0,651,349,1,348,57,76,8,51,11,1,0,0,0,10,55,77,2
18,10144,באר שבע,9000,51.0,21,0,570,418,1,417,88,59,2,29,14,13,0,0,0,17,57,121,17
18,10145,באר שבע,9000,71.1,40,0,586,263,6,257,105,32,4,9,14,4,7,5,1,10,25,26,15
18,10146,באר שבע,9000,71.2,40,0,586,289,2,287,65,19,10,17,21,4,0,5,0,15,32,80,19
18,10147,באר שבע,9000,71.3,40,0,586,262,2,260,63,30,0,30,25,1,1,1,0,18,40,46,5
18,10148,באר שבע,9000,71.4,40,0,583,234,1,233,81,16,24,12,23,1,1,0,0,4,17,42,12
18,10149,באר שבע,9000,81.1,13,0,686,293,8,285,101,46,6,7,26,9,3,16,0,2,21,23,25
18,10150,באר שבע,9000,81.2,13,0,686,319,3,316,84,55,20,17,20,9,2,5,0,13,27,38,26
18,10151,באר שבע,9000,81.3,13,0,686,332,1,331,118,32,14,5,55,2,6,0,0,17,34,41,7
18,10152,באר שבע,9000,81.4,13,0,684,299,4,295,84,50,17,4,19,6,0,1,0,15,26,69,4
18,10153,באר שבע,9000,90.1,19,0,665,334,2,332,97,44,18,13,23,8,2,10,0,14,53,44,6
18,10154,באר שבע,9000,90.2,19,0,665,281,3,278,113,18,37,8,17,2,2,5,0,10,22,35,9
18,10155,באר שבע,9000,90.3,19,0,665,298,1,297,64,37,26,27,39,1,0,0,0,13,30,50,10
18,10156,באר שבע,9000,90.4,19,0,665,285,6,279,65,25,19,8,33,14,12,4,0,9,58,22,10
18,10157,באר שבע,9000,90.5,19,0,663,258,5,253,82,31,25,10,10,10,1,11,2,9,24,30,8
18,10158,באר שבע,9000,99.1,8,0,628,361,1,360,99,24,32,4,55,28,0,6,0,5,67,33,7
18,10159,באר שבע,9000,99.2,8,0,628,394,2,392,81,25,8,17,102,33,0,0,0,16,43,66,1
18,10160,באר שבע,9000,99.3,8,0,628,401,2,399,110,11,1,7,88,34,0,0,0,45,30,55,18
18,10161,באר שבע,9000,99.4,8,0,628,348,2,346,100,44,9,10,42,3,0,2,0,23,45,48,20
18,10162,באר שבע,9000,120.1,38,0,665,307,3,304,69,41,9,22,22,6,11,4,3,12,22,68,15
18,10163,באר שבע,9000,120.2,38,0,665,346,2,344,96,31,27,21,35,4,2,11,4,16,17,61,19
18,10164,באר שבע,9000,122.0,37,0,570,368,2,366,94,50,15,12,45,1,0,10,0,6,31,96,6
18,10165,באר שבע,9000,123.0,115,0,659,420,3,417,122,47,14,7,62,9,0,0,0,20,53,22,61
18,10166,באר שבע,9000,124.0,115,0,613,356,2,354,100,55,9,38,21,4,3,0,2,12,14,76,20
18,10167,באר שבע,9000,126.0,37,0,604,210,0,210,30,35,14,31,12,6,2,3,0,7,19,47,4
18,10168,באר שבע,9000,127.0,115,0,627,331,3,328,89,50,16,20,24,12,1,11,0,9,44,42,10
18,10169,באר שבע,9000,129.1,111,0,685,448,0,448,142,26,58,10,49,18,0,0,0,25,21,87,12
18,10170,באר שבע,9000,129.2,111,0,685,422,0,422,90,66,32,19,44,20,0,0,0,22,38,68,23
18,10171,באר שבע,9000,129.3,111,0,685,443,6,437,101,40,29,6,35,2,0,2,0,34,109,69,10
18,10172,באר שבע,9000,129.4,111,0,685,449,2,447,133,68,48,20,48,7,0,0,0,15,44,48,16
18,10173,באר שבע,9000,129.5,111,0,682,467,8,459,112,84,57,25,14,5,0,0,0,6,47,85,24
18,10174,באר שבע,9000,132.0,58,0,549,278,8,270,45,67,21,13,2,1,0,8,0,23,24,60,6
18,10175,באר שבע,9000,136.0,58,0,526,272,6,266,70,35,34,7,11,4,0,0,0,25,36,38,6
18,10176,באר שבע,9000,137.1,147,0,539,283,5,278,100,22,55,5,10,0,0,0,0,9,32,38,7
18,10177,באר שבע,9000,137.2,147,0,539,265,4,261,58,35,55,6,6,8,0,0,2,19,16,44,12
18,10178,באר שבע,9000,138.0,21,0,612,381,0,381,101,36,5,26,14,5,0,0,0,11,24,154,5
18,10179,באר שבע,9000,139.0,21,0,674,490,1,489,173,57,21,18,27,0,0,0,0,29,42,95,27
18,10180,באר שבע,9000,140.0,21,0,620,417,1,416,104,90,27,27,25,3,3,0,0,13,39,80,5
18,10181,באר שבע,9000,149.0,21,0,590,391,4,387,89,47,29,19,9,13,1,0,0,39,33,103,5
18,10182,באר שבע,9000,150.0,21,0,712,501,2,499,162,22,11,40,18,1,1,10,0,46,63,121,4
18,10183,באר שבע,9000,161.1,39,0,512,287,1,286,73,50,7,7,50,11,0,0,0,1,33,46,8
18,10184,באר שבע,9000,161.2,39,0,512,299,6,293,86,38,33,6,19,8,0,0,0,19,24,49,11
18,10185,באר שבע,9000,161.3,39,0,512,276,3,273,56,47,33,35,5,3,0,0,0,3,23,52,16
18,10186,באר שבע,9000,164.0,56,0,513,350,1,349,96,59,2,9,26,8,1,0,0,25,28,83,12
18,10187,באר שבע,9000,166.1,7,0,693,453,4,449,136,37,16,10,55,29,1,10,0,8,68,55,24
18,10188,באר שבע,9000,166.2,7,0,693,437,1,436,65,79,37,40,16,11,0,16,0,22,18,120,12
18,10189,באר שבע,9000,166.3,7,0,693,446,2,444,120,71,40,12,14,15,0,0,3,7,33,116,13
18,10190,באר שבע,9000,166.4,7,0,693,468,6,462,75,78,18,41,29,7,0,13,0,39,57,100,5
18,10191,באר שבע,9000,166.5,7,0,690,434,3,431,117,111,45,15,9,2,0,0,0,16,22,80,14
18,10192,באר שבע,9000,181.0,133,0,582,410,2,408,70,111,4,12,13,3,1,0,0,27,29,119,19
18,10193,באר שבע,9000,182.0,68,0,630,391,2,389,74,72,8,31,19,22,1,0,0,52,33,58,19
18,10194,באר שבע,9000,183.0,68,0,676,439,2,437,134,57,20,20,30,17,0,0,0,34,57,62,6
18,10195,באר שבע,9000,184.0,56,0,664,470,1,469,135,44,2,18,29,3,0,0,0,9,44,166,19
18,10196,באר שבע,9000,187.0,133,0,674,441,0,441,126,53,16,18,41,5,2,0,0,28,76,57,19
18,10197,באר שבע,9000,190.0,114,0,679,475,1,474,153,72,20,9,28,3,0,0,0,19,87,61,22
18,10198,באר שבע,9000,196.0,133,0,516,353,2,351,60,45,7,26,44,3,0,0,0,47,31,81,7
18,10199,באר שבע,9000,197.1,102,0,737,402,9,393,102,36,41,27,33,5,14,2,0,16,38,69,10
18,10200,באר שבע,9000,197.2,102,0,737,402,3,399,125,53,49,6,6,6,0,0,0,14,59,76,5
18,10201,באר שבע,9000,197.3,102,0,737,386,8,378,102,34,46,25,5,21,0,0,0,35,27,80,3
18,10202,באר שבע,9000,197.4,102,0,737,417,8,409,108,41,42,14,15,19,0,0,0,20,47,82,21
18,10203,באר שבע,9000,197.5,102,0,733,384,6,378,66,51,53,10,5,0,0,0,0,13,40,128,12
18,10204,באר שבע,9000,198.0,133,0,521,379,0,379,81,35,50,36,24,2,0,0,0,13,33,80,25
18,10205,באר שבע,9000,232.0,114,0,744,557,0,557,128,22,3,0,118,2,0,0,0,81,140,38,25
18,10206,באר שבע,9000,235.1,100,0,633,374,4,370,187,20,13,3,24,11,0,0,0,17,37,51,7
18,10207,באר שבע,9000,235.2,100,0,633,401,6,395,83,67,43,33,15,3,0,0,0,11,47,82,11
18,10208,באר שבע,9000,235.3,100,0,633,407,8,399,89,88,63,11,15,17,0,0,0,7,25,66,18
18,10209,באר שבע,9000,235.4,100,0,633,413,2,411,66,75,57,20,8,4,0,0,0,31,35,113,2
18,10210,באר שבע,9000,235.5,100,0,630,375,2,373,70,86,92,13,9,1,0,0,0,12,16,64,10
18,10211,באר שבע,9000,238.1,138,0,741,462,2,460,109,83,29,29,55,1,0,14,0,10,35,70,25
18,10212,באר שבע,9000,238.2,138,0,741,485,1,484,89,68,30,46,8,10,0,0,0,80,52,91,10
18,10213,באר שבע,9000,238.3,138,0,741,502,1,501,141,95,33,37,36,1,0,0,0,35,60,53,10
18,10214,באר שבע,9000,238.4,138,0,740,459,0,459,108,81,41,12,23,4,0,0,0,9,18,133,30
18,10215,באר שבע,9000,244.0,114,0,657,439,3,436,112,33,47,18,44,0,0,0,0,41,67,71,3
18,10216,באר שבע,9000,246.0,56,0,629,446,0,446,51,88,10,58,62,7,0,0,0,31,47,85,7
18,10217,באר שבע,9000,247.0,68,0,608,357,2,355,72,54,13,28,25,6,0,0,0,2,37,102,16
18,10218,באר שבע,9000,248.0,68,0,732,446,2,444,115,89,20,17,33,0,0,0,0,8,41,105,16
18,10219,באר שבע,9000,254.0,37,0,697,374,4,370,93,53,37,19,44,3,0,0,0,2,79,32,8
18,10220,באר שבע,9000,256.0,56,0,542,407,0,407,109,53,1,17,37,3,0,0,0,65,50,70,2
18,10221,באר שבע,9000,270.0,114,0,601,401,6,395,108,27,32,29,33,0,14,2,0,42,43,61,4
18,10222,באר שבע,9000,271.0,56,0,698,510,0,510,95,55,29,17,24,14,1,0,0,35,87,107,46
18,10223,באר שבע,9000,272.0,114,0,739,480,4,476,112,62,28,13,47,19,0,0,0,36,23,77,59
18,10224,באר שבע,9000,273.0,114,0,656,467,2,465,147,51,54,19,59,4,2,0,0,5,18,63,43
18,10225,באר שבע,9000,275.0,56,0,543,411,1,410,110,40,22,25,29,8,0,0,0,30,26,105,15
18,10226,באר שבע,9000,291.0,21,0,711,511,1,510,126,62,8,33,49,8,0,0,0,30,80,93,21
18,10227,באר שבע,9000,292.0,37,0,557,341,5,336,82,54,9,39,26,3,1,0,0,14,36,67,5
18,10228,באר שבע,9000,293.0,37,0,651,467,3,464,117,68,10,15,27,9,0,0,0,16,88,103,11
18,10229,באר שבע,9000,306.0,68,0,620,473,2,471,85,68,45,25,52,12,1,0,0,17,44,113,9
18,10230,באר שבע,9000,951.1,145,0,492,365,2,363,84,56,10,13,18,1,12,5,3,14,40,99,8
18,10231,באר שבע,9000,951.2,145,0,492,355,3,352,77,57,19,23,3,13,0,0,0,12,59,77,12
17,9482,בית ניר,16,1.0,1,0,525,423,1,422,18,74,17,119,0,0,9,7,0,2,11,157,8
19,10850,גבעת חן,207,1.0,1,0,306,267,0,267,11,33,30,80,0,0,1,0,0,0,1,91,20
6,2760,גיתה,1206,1.0,1,0,239,158,1,157,31,37,15,34,0,0,1,0,0,1,9,25,4
5,1742,דבוריה,489,2.1,1,0,525,231,1,230,0,0,0,6,0,0,96,53,72,0,3,0,0
5,1743,דבוריה,489,2.2,1,0,525,257,1,256,0,1,0,5,0,0,98,96,48,0,0,5,3
5,1744,דבוריה,489,2.3,1,0,522,260,0,260,0,0,0,7,0,0,65,150,38,0,0,0,0
5,1745,דבוריה,489,3.0,2,0,571,276,0,276,0,1,0,9,2,0,106,51,104,0,0,3,0
5,1746,דבוריה,489,4.0,6,0,700,382,1,381,0,0,0,14,0,0,175,132,60,0,0,0,0
5,1747,דבוריה,489,5.1,9,0,384,189,0,189,0,0,0,29,0,0,98,34,27,0,0,1,0
5,1748,דבוריה,489,5.2,9,0,383,186,3,183,0,0,0,10,0,2,93,39,38,0,0,1,0
5,1749,דבוריה,489,6.0,4,0,677,302,2,300,0,17,0,6,0,0,116,76,85,0,0,0,0
5,1750,דבוריה,489,7.1,10,0,396,207,1,206,0,0,0,11,0,0,84,62,44,0,0,5,0
5,1751,דבוריה,489,7.2,10,0,396,217,1,216,0,0,0,11,0,0,109,71,25,0,0,0,0
5,1752,דבוריה,489,8.1,3,0,384,206,1,205,0,0,0,15,0,0,77,76,37,0,0,0,0
5,1753,דבוריה,489,8.2,3,0,383,211,0,211,3,1,0,11,0,0,71,72,52,0,1,0,0
5,1754,דבוריה,489,9.1,11,0,401,229,1,228,0,0,1,3,0,0,90,85,48,0,0,1,0
5,1755,דבוריה,489,9.2,11,0,401,241,2,239,0,1,0,6,1,0,162,37,31,0,0,1,0
5,1756,דבוריה,489,10.0,6,0,731,390,0,390,0,5,0,17,0,0,166,149,53,0,0,0,0
5,1757,דבוריה,489,11.0,6,0,677,320,3,317,0,0,0,22,0,0,113,130,51,0,0,1,0
3,1243,דישון,2063,1.0,1,0,321,210,0,210,65,3,4,6,39,2,0,0,0,6,39,38,8
19,11035,הוד השרון,9700,2.1,18,0,728,519,2,517,31,108,61,84,0,5,0,0,0,5,51,168,4
19,11036,הוד השרון,9700,2.2,18,0,728,526,1,525,111,148,53,54,1,0,0,0,0,8,14,118,18
19,11037,הוד השרון,9700,2.3,18,0,728,541,2,539,90,141,32,69,23,0,0,0,0,1,26,140,17
19,11038,הוד השרון,9700,2.4,18,0,728,561,4,557,53,156,39,89,2,0,0,0,0,3,15,190,10
19,11039,הוד השרון,9700,2.5,18,0,727,521,1,520,52,128,24,97,5,0,0,1,0,9,16,141,47
19,11040,הוד השרון,9700,7.1,3,0,622,444,1,443,113,68,26,41,34,0,3,0,0,1,40,100,17
19,11041,הוד השרון,9700,7.2,3,0,622,455,4,451,106,90,26,26,11,2,1,0,0,21,25,125,18
19,11042,הוד השרון,9700,7.3,3,0,622,429,6,423,88,47,8,54,82,20,0,0,0,11,15,77,21
19,11043,הוד השרון,9700,11.0,11,0,576,443,1,442,35,126,14,90,14,5,6,0,0,7,14,100,31
19,11044,הוד השרון,9700,13.0,21,0,732,565,0,565,62,140,44,102,1,3,4,0,0,3,22,147,37
19,11045,הוד השרון,9700,14.1,4,0,679,489,1,488,79,69,30,32,54,14,0,0,0,15,32,116,47
19,11046,הוד השרון,9700,14.2,4,0,679,488,4,484,88,83,37,30,58,0,0,4,0,7,12,162,3
19,11047,הוד השרון,9700,14.3,4,0,679,497,1,496,77,87,19,94,42,18,5,0,0,8,10,127,9
19,11048,הוד השרון,9700,14.4,4,0,677,525,1,524,63,150,37,77,7,0,6,0,2,14,29,131,8
19,11049,הוד השרון,9700,15.0,13,0,632,465,1,464,111,71,28,51,52,9,8,0,1,5,42,54,32
19,11050,הוד השרון,9700,19.1,20,0,673,479,1,478,23,116,52,75,13,0,0,0,0,1,3,187,8
19,11051,הוד השרון,9700,19.2,20,0,673,484,1,483,51,133,36,67,1,0,5,0,0,4,11,150,25
19,11052,הוד השרון,9700,19.3,20,0,671,462,0,462,53,115,28,58,10,3,25,0,0,7,28,130,5
19,11053,הוד השרון,9700,23.0,13,0,596,415,4,411,93,52,2,43,46,11,0,0,0,29,54,72,9
19,11054,הוד השרון,9700,25.1,30,0,417,314,0,314,46,65,24,36,28,0,3,0,0,3,6,94,9
19,11055,הוד השרון,9700,25.2,30,0,416,310,2,308,61,44,19,48,2,8,0,0,0,4,12,103,7
19,11056,הוד השרון,9700,32.1,5,0,643,490,0,490,94,145,30,59,24,14,1,0,0,2,20,95,6
19,11057,הוד השרון,9700,32.2,5,0,643,506,0,506,65,117,29,71,4,6,0,0,0,0,10,176,28
19,11058,הוד השרון,9700,32.3,5,0,643,504,1,503,33,199,32,80,3,0,0,0,0,13,11,100,32
19,11059,הוד השרון,9700,32.4,5,0,643,476,1,475,53,63,38,122,2,1,1,0,0,12,12,151,20
19,11060,הוד השרון,9700,32.5,5,0,642,485,2,483,60,96,69,115,4,0,7,0,0,2,35,90,5
19,11061,הוד השרון,9700,35.1,10,0,532,409,0,409,62,83,17,53,8,2,0,0,0,19,13,140,12
19,11062,הוד השרון,9700,35.2,10,0,532,394,2,392,72,59,17,48,13,1,0,0,0,15,50,103,14
19,11063,הוד השרון,9700,35.3,10,0,532,382,2,380,27,70,22,91,3,1,1,0,0,1,27,125,12
19,11064,הוד השרון,9700,36.0,12,0,735,571,1,570,38,106,25,98,0,1,6,0,0,1,7,260,28
19,11065,הוד השרון,9700,37.0,12,0,527,412,0,412,49,82,19,120,0,0,1,0,0,1,5,123,12
19,11066,הוד השרון,9700,39.1,23,0,643,454,0,454,33,101,63,53,2,0,2,0,1,0,13,158,28
19,11067,הוד השרון,9700,39.2,23,0,643,429,1,428,31,123,43,49,0,0,0,0,0,11,6,162,3
19,11068,הוד השרון,9700,39.3,23,0,643,417,0,417,31,128,60,64,1,0,0,0,0,4,5,115,9
19,11069,הוד השרון,9700,39.4,23,0,643,434,0,434,30,114,13,86,0,0,0,0,0,11,27,142,11
19,11070,הוד השרון,9700,39.5,23,0,639,416,2,414,7,114,41,93,1,0,2,0,0,7,2,135,12
19,11071,הוד השרון,9700,42.0,21,0,670,540,1,539,32,132,21,101,0,0,1,0,0,1,7,205,39
19,11072,הוד השרון,9700,43.0,1,0,593,469,2,467,48,111,34,50,0,4,3,0,0,4,11,154,48
19,11073,הוד השרון,9700,46.0,28,0,715,583,1,582,61,155,71,93,4,12,1,14,0,0,6,138,27
19,11074,הוד השרון,9700,47.0,12,0,682,581,2,579,17,213,31,102,0,1,0,0,0,0,5,177,33
19,11075,הוד השרון,9700,51.0,13,0,691,514,0,514,75,89,7,65,34,6,0,0,0,6,39,177,16
19,11076,הוד השרון,9700,52.1,14,0,751,449,1,448,92,70,23,29,20,0,1,0,0,12,24,139,38
19,11077,הוד השרון,9700,52.2,14,0,751,486,1,485,49,104,36,55,4,3,0,0,0,8,38,153,35
19,11078,הוד השרון,9700,53.1,17,0,716,557,3,554,55,135,72,95,8,0,2,0,0,8,13,141,25
19,11079,הוד השרון,9700,53.2,17,0,716,519,4,515,89,128,64,68,2,2,2,0,0,0,13,96,51
19,11080,הוד השרון,9700,53.3,17,0,716,520,0,520,36,149,45,64,1,0,1,0,0,2,3,213,6
19,11081,הוד השרון,9700,53.4,17,0,716,552,2,550,15,153,46,149,0,1,0,0,0,5,14,151,16
19,11082,הוד השרון,9700,58.0,1,0,650,525,1,524,78,82,11,52,9,8,0,0,0,41,53,173,17
19,11083,הוד השרון,9700,59.0,21,0,621,444,4,440,46,117,29,58,14,2,3,0,5,25,20,119,2
19,11084,הוד השרון,9700,61.1,26,0,710,554,1,553,56,124,18,144,46,0,0,0,0,18,2,107,38
19,11085,הוד השרון,9700,61.2,26,0,710,514,2,512,89,94,10,50,18,2,0,0,0,12,53,165,19
19,11086,הוד השרון,9700,61.3,26,0,710,548,2,546,78,102,27,98,49,14,0,0,0,11,6,150,11
19,11087,הוד השרון,9700,61.4,26,0,710,538,0,538,69,142,12,63,45,21,0,0,0,2,11,157,16
19,11088,הוד השרון,9700,62.1,19,0,656,521,0,521,49,162,48,38,9,5,0,0,0,10,15,171,14
19,11089,הוד השרון,9700,62.2,19,0,656,540,2,538,30,187,38,105,28,0,9,0,0,2,9,102,28
19,11090,הוד השרון,9700,62.3,19,0,656,555,1,554,45,147,27,108,25,1,1,0,0,0,10,172,18
19,11091,הוד השרון,9700,62.4,19,0,656,543,1,542,38,174,45,70,3,0,0,0,0,4,32,155,21
19,11092,הוד השרון,9700,62.5,19,1,654,528,2,526,70,95,39,103,1,9,2,0,0,2,8,190,7
19,11093,הוד השרון,9700,63.1,29,0,396,313,0,313,24,84,15,56,2,0,0,0,0,0,3,111,18
19,11094,הוד השרון,9700,63.2,29,0,395,306,0,306,17,80,19,47,0,0,0,0,0,0,33,80,30
19,11095,הוד השרון,9700,64.1,25,0,736,632,1,631,93,86,92,137,1,2,1,0,0,1,7,195,16
19,11096,הוד השרון,9700,64.2,25,0,736,640,3,637,31,143,34,88,4,0,0,5,0,0,2,289,41
19,11097,הוד השרון,9700,64.3,25,0,736,647,1,646,103,104,38,112,6,20,9,0,0,13,3,225,13
19,11098,הוד השרון,9700,64.4,25,0,736,636,0,636,51,155,48,126,9,0,0,0,0,0,24,199,24
19,11099,הוד השרון,9700,64.5,25,0,736,633,5,628,73,163,31,170,4,2,0,0,0,0,14,158,13
19,11100,הוד השרון,9700,66.1,7,0,684,520,0,520,19,185,33,87,6,3,0,0,0,8,13,130,36
19,11101,הוד השרון,9700,66.2,7,0,684,514,0,514,21,92,26,130,1,0,0,0,0,8,5,217,14
19,11102,הוד השרון,9700,66.3,7,0,684,506,2,504,39,160,34,84,4,0,3,0,0,0,17,135,28
19,11103,הוד השרון,9700,66.4,7,0,684,503,1,502,70,100,15,57,24,3,9,0,2,12,28,122,60
19,11104,הוד השרון,9700,66.5,7,0,684,474,0,474,37,77,6,67,4,20,0,0,0,0,113,128,22
19,11105,הוד השרון,9700,66.6,7,0,684,479,0,479,65,117,30,79,0,0,3,0,0,21,7,128,29
19,11106,הוד השרון,9700,66.7,7,0,683,536,1,535,15,113,56,112,4,1,0,1,0,1,14,190,28
19,11107,הוד השרון,9700,68.1,9,0,750,574,1,573,44,139,28,130,0,0,0,0,0,2,15,175,40
19,11108,הוד השרון,9700,68.2,9,0,749,584,0,584,40,168,17,125,11,3,0,0,0,12,22,163,23
19,11109,הוד השרון,9700,71.0,1,0,594,458,2,456,21,108,24,37,13,0,1,0,0,12,36,187,17
19,11110,הוד השרון,9700,74.1,24,0,607,518,1,517,83,131,22,81,0,0,1,0,0,6,14,164,15
19,11111,הוד השרון,9700,74.2,24,0,607,514,0,514,17,131,77,81,0,0,1,0,0,1,15,150,41
19,11112,הוד השרון,9700,74.3,24,0,607,495,1,494,58,98,28,88,0,1,2,0,0,2,6,200,11
19,11113,הוד השרון,9700,74.4,24,0,607,502,1,501,66,110,10,62,0,7,0,0,0,5,7,177,57
19,11114,הוד השרון,9700,74.5,24,0,605,530,0,530,16,129,34,117,7,0,1,0,0,14,24,178,10
2,903,הראל,464,1.0,1,0,254,147,0,147,1,23,4,73,0,0,6,0,0,0,0,37,3
12,5927,חולדה,160,1.1,1,0,383,306,0,306,17,75,16,66,1,0,0,1,0,0,2,102,26
12,5928,חולדה,160,1.2,1,0,383,313,0,313,12,75,56,56,1,1,0,0,0,1,13,91,7
3,1308,חזון,1047,1.0,1,0,274,220,2,218,74,5,5,0,45,5,0,0,0,14,40,20,10
4,1439,טבריה,6700,2.0,14,0,600,321,1,320,82,27,10,6,54,32,0,0,0,15,48,40,6
4,1440,טבריה,6700,3.1,2,0,723,482,3,479,82,55,9,5,195,42,0,0,0,6,45,39,1
4,1441,טבריה,6700,3.2,2,0,723,425,3,422,66,10,38,0,161,33,0,0,0,24,40,39,11
4,1442,טבריה,6700,3.3,2,0,723,476,0,476,44,29,4,7,205,71,0,0,0,3,68,42,3
4,1443,טבריה,6700,3.4,2,0,723,438,2,436,65,11,14,1,159,42,0,0,0,45,46,40,13
4,1444,טבריה,6700,3.5,2,0,723,432,0,432,66,18,19,13,109,70,4,6,0,20,41,64,2
4,1445,טבריה,6700,10.1,31,0,583,382,3,379,185,23,11,8,30,10,0,0,0,24,25,54,9
4,1446,טבריה,6700,10.2,31,0,583,367,2,365,115,60,14,3,22,13,0,0,0,3,77,47,11
4,1447,טבריה,6700,10.3,31,0,580,354,1,353,133,46,9,14,7,2,0,0,0,12,33,77,20
4,1448,טבריה,6700,11.1,40,0,288,172,3,169,39,7,7,9,48,12,0,0,0,6,27,10,4
4,1449,טבריה,6700,11.2,40,0,287,174,1,173,34,4,1,3,71,10,0,0,0,13,19,14,4
4,1450,טבריה,6700,12.0,37,0,563,194,3,191,58,18,14,3,9,13,0,0,0,7,19,45,5
4,1451,טבריה,6700,15.0,28,0,671,377,4,373,133,32,12,10,37,39,0,0,1,14,20,70,5
4,1452,טבריה,6700,16.1,4,1,685,332,1,331,65,38,32,5,62,15,0,0,0,11,34,62,7
4,1453,טבריה,6700,16.2,4,0,685,328,2,326,72,23,23,8,67,8,2,0,0,14,55,38,16
4,1454,טבריה,6700,16.3,4,0,684,315,3,312,63,27,33,11,47,2,0,0,0,12,31,80,6
4,1455,טבריה,6700,19.0,16,0,553,345,0,345,77,33,1,1,130,14,0,0,0,14,26,47,2
4,1456,טבריה,6700,20.0,38,0,458,208,1,207,55,13,13,20,52,1,0,0,0,9,20,23,1
4,1457,טבריה,6700,23.0,33,0,436,213,0,213,60,18,22,10,13,15,0,0,1,14,15,35,10
4,1458,טבריה,6700,24.0,39,0,682,318,5,313,52,22,17,3,46,5,0,0,0,15,79,72,2
4,1459,טבריה,6700,25.0,28,0,563,340,3,337,93,41,28,10,16,0,0,0,0,8,50,89,2
4,1460,טבריה,6700,29.0,33,0,536,279,2,277,66,39,39,10,36,5,0,1,0,13,27,32,9
4,1461,טבריה,6700,31.1,1,0,583,327,0,327,75,38,7,3,29,16,0,0,0,18,67,61,13
4,1462,טבריה,6700,31.2,1,0,583,316,0,316,94,31,3,7,56,24,0,0,0,9,28,41,23
4,1463,טבריה,6700,31.3,1,0,583,319,1,318,135,49,0,26,26,4,0,0,0,8,33,29,8
4,1464,טבריה,6700,31.4,1,0,580,312,1,311,109,43,7,8,16,6,0,0,0,17,45,51,9
4,1465,טבריה,6700,32.0,23,0,613,368,0,368,85,18,2,3,55,26,0,0,0,25,58,64,32
4,1466,טבריה,6700,33.0,7,0,525,335,1,334,104,15,2,2,112,10,0,0,0,18,42,27,2
4,1467,טבריה,6700,34.0,8,0,582,360,0,360,84,29,5,0,133,14,0,0,0,32,18,42,3
4,1468,טבריה,6700,35.0,32,0,691,429,1,428,60,14,39,0,91,153,0,0,0,16,33,14,8
4,1469,טבריה,6700,36.0,11,0,603,427,0,427,16,6,1,7,102,206,0,0,0,20,47,2,20
4,1470,טבריה,6700,37.0,32,0,589,323,2,321,94,18,8,0,116,21,0,0,0,4,37,14,9
4,1471,טבריה,6700,41.1,9,0,506,290,3,287,119,12,3,6,46,12,0,0,0,22,59,8,0
4,1472,טבריה,6700,41.2,9,0,506,298,6,292,81,22,27,6,63,35,0,0,0,6,27,23,2
4,1473,טבריה,6700,41.3,9,0,505,273,1,272,44,21,13,0,77,40,0,0,0,16,29,28,4
4,1474,טבריה,6700,42.0,46,0,544,335,1,334,96,30,9,1,123,6,0,0,0,5,33,23,8
4,1475,טבריה,6700,44.0,11,0,575,369,0,369,96,18,11,2,125,35,0,0,0,12,19,34,17
4,1476,טבריה,6700,45.0,8,0,535,307,2,305,88,32,16,0,96,5,1,0,0,6,25,23,13
4,1477,טבריה,6700,46.0,42,0,689,396,4,392,80,16,14,14,101,36,0,0,0,23,39,59,10
4,1478,טבריה,6700,48.0,8,0,654,430,0,430,87,12,7,0,143,22,0,0,0,19,61,71,8
4,1479,טבריה,6700,49.1,3,0,629,351,1,350,112,56,7,25,44,3,0,0,0,9,43,38,13
4,1480,טבריה,6700,49.2,3,0,629,325,1,324,71,46,5,17,23,10,0,0,0,42,29,75,6
4,1481,טבריה,6700,49.3,3,0,629,345,3,342,85,50,6,8,8,3,0,8,0,4,37,125,8
4,1482,טבריה,6700,49.4,3,0,629,347,1,346,124,54,2,30,16,13,0,1,0,9,22,68,7
4,1483,טבריה,6700,49.5,3,0,629,352,1,351,91,35,10,21,30,2,0,0,0,30,59,61,12
4,1484,טבריה,6700,49.6,3,0,629,320,1,319,129,46,15,14,21,3,0,0,0,4,19,62,6
4,1485,טבריה,6700,51.1,30,0,714,490,2,488,98,36,1,6,240,32,0,0,0,13,38,24,0
4,1486,טבריה,6700,51.2,30,0,714,499,1,498,113,56,0,0,191,67,0,0,0,14,33,23,1
4,1487,טבריה,6700,51.3,30,0,712,456,0,456,93,20,1,4,139,95,0,0,0,19,63,17,5
4,1488,טבריה,6700,52.1,5,0,621,359,0,359,126,53,16,8,48,3,0,0,0,15,21,64,5
4,1489,טבריה,6700,52.2,5,0,621,354,3,351,92,68,37,15,22,7,0,0,0,11,50,46,3
4,1490,טבריה,6700,52.3,5,0,621,355,2,353,121,30,7,1,24,5,2,0,0,21,36,74,32
4,1491,טבריה,6700,52.4,5,0,621,348,1,347,133,35,6,1,47,4,0,0,0,7,34,79,1
4,1492,טבריה,6700,52.5,5,0,621,342,3,339,74,44,22,15,21,7,0,0,0,13,40,98,5
4,1493,טבריה,6700,54.1,34,0,632,386,0,386,81,28,10,5,47,8,0,0,0,38,42,88,39
4,1494,טבריה,6700,54.2,34,0,632,397,1,396,151,32,4,8,33,7,0,0,0,46,47,62,6
4,1495,טבריה,6700,54.3,34,0,630,391,1,390,123,64,17,27,30,3,0,1,0,28,29,67,1
4,1496,טבריה,6700,55.0,33,0,402,191,1,190,45,30,31,4,14,0,0,0,0,4,13,34,15
4,1497,טבריה,6700,57.0,45,0,793,635,2,633,27,0,0,0,249,273,0,0,0,1,82,1,0
4,1498,טבריה,6700,58.1,25,0,672,398,6,392,127,39,39,7,27,0,0,0,0,35,27,66,25
4,1499,טבריה,6700,58.2,25,0,672,401,4,397,117,90,22,6,44,7,0,0,0,45,11,51,4
4,1500,טבריה,6700,58.3,25,0,672,394,3,391,116,69,17,21,19,1,0,0,1,18,59,68,2
4,1501,טבריה,6700,58.4,25,0,672,373,2,371,130,20,24,19,12,1,0,0,0,37,50,75,3
4,1502,טבריה,6700,59.0,48,0,630,519,3,516,58,0,0,0,141,280,0,0,0,4,32,1,0
4,1503,טבריה,6700,60.0,47,0,529,332,4,328,52,10,1,9,71,105,0,0,0,9,50,16,5
5,2344,טורעאן,498,4.1,4,0,728,334,5,329,0,0,0,18,2,0,218,49,32,0,0,10,0
5,2345,טורעאן,498,4.2,4,0,728,286,1,285,0,0,0,20,0,0,150,81,34,0,0,0,0
5,2346,טורעאן,498,4.3,4,0,726,335,2,333,2,1,0,21,0,0,185,85,38,0,0,1,0
5,2347,טורעאן,498,6.1,5,0,384,187,6,181,2,3,0,12,0,0,107,19,34,0,0,3,1
5,2348,טורעאן,498,6.2,5,0,384,155,3,152,0,1,0,8,2,0,60,68,10,0,0,3,0
5,2349,טורעאן,498,8.1,6,0,586,293,4,289,7,0,2,18,0,0,133,80,44,0,5,0,0
5,2350,טורעאן,498,8.2,6,0,586,304,1,303,0,2,4,21,0,0,150,69,52,0,0,2,3
5,2351,טורעאן,498,8.3,6,0,586,265,4,261,1,3,0,21,0,0,168,47,20,0,0,1,0
5,2352,טורעאן,498,8.4,6,0,583,263,2,261,1,0,0,22,4,0,98,112,23,0,0,1,0
5,2353,טורעאן,498,9.1,2,0,554,234,2,232,0,0,0,8,0,0,99,91,31,0,0,3,0
5,2354,טורעאן,498,9.2,2,0,554,270,1,269,7,5,0,28,1,0,122,69,28,0,0,2,7
5,2355,טורעאן,498,9.3,2,0,551,249,2,247,0,1,1,12,0,0,115,60,41,0,10,4,3
5,2356,טורעאן,498,10.1,1,0,744,336,3,333,4,11,0,32,0,0,145,114,23,0,0,4,0
5,2357,טורעאן,498,10.2,1,0,744,303,2,301,0,0,0,13,0,0,174,96,17,0,0,1,0
5,2358,טורעאן,498,10.3,1,0,743,294,2,292,0,0,0,10,0,0,133,116,33,0,0,0,0
5,2359,טורעאן,498,12.1,3,0,564,230,2,228,0,0,0,22,0,0,75,108,23,0,0,0,0
5,2360,טורעאן,498,12.2,3,0,564,254,0,254,2,0,0,12,0,0,61,162,17,0,0,0,0
5,2361,טורעאן,498,12.3,3,0,562,278,0,278,0,1,0,20,0,0,127,108,22,0,0,0,0
6,2772,יאנוחגת,1295,1.0,8,0,547,178,2,176,9,49,43,14,0,0,1,1,0,0,5,51,3
6,2773,יאנוחגת,1295,2.0,4,0,729,259,0,259,23,25,111,18,6,0,19,5,0,3,13,32,4
6,2774,יאנוחגת,1295,3.0,6,0,490,248,2,246,0,31,22,28,15,0,45,4,4,0,3,89,5
6,2775,יאנוחגת,1295,4.1,3,0,410,206,3,203,16,40,21,44,0,0,4,0,0,0,1,73,4
6,2776,יאנוחגת,1295,4.2,3,0,410,181,0,181,1,38,18,25,27,1,7,0,0,1,3,56,4
6,2777,יאנוחגת,1295,5.1,7,0,427,181,1,180,9,37,20,36,11,0,8,0,0,0,8,48,3
6,2778,יאנוחגת,1295,5.2,7,0,427,217,1,216,15,22,82,17,13,0,0,0,0,1,0,56,10
6,2779,יאנוחגת,1295,6.0,5,0,750,280,0,280,20,78,65,9,0,0,15,1,0,2,0,82,8
6,2780,יאנוחגת,1295,7.0,2,0,684,231,1,230,17,28,72,25,0,0,7,3,0,1,2,70,5
6,2781,יאנוחגת,1295,8.0,8,0,333,117,0,117,17,17,27,8,0,1,4,4,0,0,1,35,3
13,6782,יבנה,2660,1.0,1,0,474,288,2,286,88,32,4,5,41,4,0,0,0,8,63,39,2
13,6783,יבנה,2660,2.0,15,0,668,375,8,367,107,18,10,15,95,4,0,0,0,14,49,52,3
13,6784,יבנה,2660,3.0,8,0,665,448,6,442,148,57,14,4,92,5,0,0,11,9,53,44,5
13,6785,יבנה,2660,4.1,5,0,405,264,1,263,100,48,0,0,45,15,0,0,0,9,23,18,5
13,6786,יבנה,2660,4.2,5,0,404,232,5,227,51,9,3,2,81,14,0,0,0,22,11,30,4
13,6787,יבנה,2660,5.1,12,0,771,509,11,498,153,86,13,7,49,13,0,0,0,11,30,115,21
13,6788,יבנה,2660,5.2,12,0,771,524,10,514,125,101,9,14,67,28,0,0,7,44,40,64,15
13,6789,יבנה,2660,6.1,21,0,713,533,3,530,119,39,26,32,51,7,0,0,0,18,73,147,18
13,6790,יבנה,2660,6.2,21,0,713,539,2,537,123,67,37,25,48,1,0,0,0,65,37,120,14
13,6791,יבנה,2660,6.3,21,0,713,539,0,539,124,80,15,39,54,18,0,0,0,34,77,69,29
13,6792,יבנה,2660,7.1,17,0,381,262,3,259,73,18,0,3,64,14,0,0,0,19,38,23,7
13,6793,יבנה,2660,7.2,17,0,381,257,0,257,52,27,10,15,70,4,0,0,0,5,50,20,4
13,6794,יבנה,2660,9.0,8,0,714,406,6,400,90,103,15,7,48,14,0,0,0,15,50,55,3
13,6795,יבנה,2660,11.0,15,0,604,429,4,425,129,55,10,24,89,16,0,0,0,8,33,54,7
13,6796,יבנה,2660,17.1,11,0,665,473,4,469,112,76,4,3,118,13,0,0,0,16,50,73,4
13,6797,יבנה,2660,17.2,11,0,665,434,1,433,87,58,19,6,110,8,0,0,0,14,44,65,22
13,6798,יבנה,2660,17.3,11,0,665,425,1,424,112,55,3,2,61,8,0,0,0,25,74,76,8
13,6799,יבנה,2660,17.4,11,0,665,452,0,452,137,42,21,14,91,3,1,0,0,39,39,44,21
13,6800,יבנה,2660,18.1,2,0,668,454,0,454,174,13,39,9,51,22,0,0,0,56,36,51,3
13,6801,יבנה,2660,18.2,2,0,668,466,2,464,114,47,25,6,102,13,0,0,0,25,55,70,7
13,6802,יבנה,2660,18.3,2,0,668,431,5,426,136,27,34,5,85,12,0,0,0,18,22,75,12
13,6803,יבנה,2660,21.1,13,0,659,447,0,447,109,53,30,24,60,4,0,0,0,23,58,79,7
13,6804,יבנה,2660,21.2,13,0,659,455,0,455,124,54,11,48,48,1,0,0,0,14,54,70,31
13,6805,יבנה,2660,23.1,10,0,403,299,2,297,81,53,11,22,25,1,0,0,0,24,17,48,15
13,6806,יבנה,2660,23.2,10,0,403,319,2,317,98,48,20,15,28,1,0,0,0,8,27,62,10
13,6807,יבנה,2660,26.1,19,0,555,394,1,393,91,65,4,44,18,5,0,22,0,13,33,79,19
13,6808,יבנה,2660,26.2,19,0,555,429,0,429,85,111,30,41,12,1,0,9,0,21,17,86,16
13,6809,יבנה,2660,26.3,4,0,553,411,0,411,86,60,6,32,21,0,5,0,3,17,32,110,39
13,6810,יבנה,2660,27.1,3,0,617,454,1,453,59,93,44,48,23,3,0,0,0,21,53,94,15
13,6811,יבנה,2660,27.2,3,0,617,465,2,463,70,61,35,37,63,3,0,1,0,5,24,158,6
13,6812,יבנה,2660,27.3,3,0,617,419,1,418,127,69,8,45,17,3,0,0,0,5,24,102,18
13,6813,יבנה,2660,27.4,3,0,614,456,2,454,54,128,24,33,37,1,0,0,0,13,47,105,12
13,6814,יבנה,2660,28.1,4,0,624,517,1,516,49,166,23,51,3,7,2,0,0,1,18,188,8
13,6815,יבנה,2660,28.2,4,0,624,486,3,483,47,133,11,46,20,2,0,0,0,4,38,167,15
13,6816,יבנה,2660,28.3,4,0,624,484,2,482,54,99,22,73,0,0,0,0,0,5,11,190,28
13,6817,יבנה,2660,28.4,4,0,621,488,1,487,38,83,47,110,3,7,0,0,0,0,14,167,18
13,6818,יבנה,2660,31.0,18,0,487,331,1,330,81,44,30,21,32,1,0,0,0,8,26,76,11
13,6819,יבנה,2660,34.1,16,0,700,530,2,528,147,31,7,23,53,7,0,0,0,48,68,100,44
13,6820,יבנה,2660,34.2,16,0,700,542,0,542,74,102,28,80,72,6,1,0,0,21,36,106,16
13,6821,יבנה,2660,34.3,16,0,700,524,0,524,142,68,9,18,52,0,0,0,2,24,57,150,2
13,6822,יבנה,2660,34.4,16,0,697,540,1,539,164,60,13,34,35,15,0,0,0,28,32,131,27
13,6823,יבנה,2660,36.0,15,0,600,345,6,339,98,32,23,13,59,11,0,0,0,21,24,50,8
13,6824,יבנה,2660,37.1,6,0,734,504,0,504,85,51,41,2,153,11,0,1,0,35,42,74,9
13,6825,יבנה,2660,37.2,6,0,734,481,5,476,118,49,8,6,132,30,3,0,0,10,92,23,5
13,6826,יבנה,2660,38.0,18,0,475,353,3,350,69,42,17,26,38,0,0,0,0,9,30,85,34
13,6827,יבנה,2660,39.0,1,0,438,286,0,286,73,24,8,12,39,8,0,0,0,11,42,44,25
13,6828,יבנה,2660,46.0,22,0,639,520,2,518,78,92,16,69,24,0,0,0,0,24,56,140,19
13,6829,יבנה,2660,53.1,25,0,686,541,2,539,78,130,56,36,25,16,0,0,0,22,8,141,27
13,6830,יבנה,2660,53.2,25,0,686,565,0,565,119,53,41,22,5,1,0,0,3,33,61,191,36
13,6831,יבנה,2660,53.3,25,0,686,546,1,545,98,140,10,33,15,1,0,0,0,2,85,97,64
13,6832,יבנה,2660,53.4,25,0,683,555,1,554,64,137,68,9,19,10,0,0,0,30,12,195,10
13,6833,יבנה,2660,54.0,22,0,629,501,0,501,168,51,36,24,48,3,0,0,0,15,52,96,8
13,6834,יבנה,2660,57.1,23,0,694,536,0,536,139,106,10,64,18,0,0,2,0,9,45,137,6
13,6835,יבנה,2660,57.2,23,0,694,543,0,543,74,68,26,19,24,13,0,0,0,29,41,238,11
13,6836,יבנה,2660,57.3,23,0,694,551,2,549,143,91,6,35,20,22,0,1,0,31,39,140,21
13,6837,יבנה,2660,59.1,26,0,585,465,1,464,89,59,29,18,61,0,0,0,0,20,77,80,31
13,6838,יבנה,2660,59.2,26,0,585,456,2,454,122,70,14,10,40,8,0,0,0,12,45,125,8
13,6839,יבנה,2660,59.3,26,0,584,475,0,475,107,53,27,33,32,0,9,0,27,28,26,127,6
13,6840,יבנה,2660,62.1,20,0,600,469,0,469,104,45,32,31,45,7,0,0,0,20,73,70,42
13,6841,יבנה,2660,62.2,20,0,600,485,2,483,145,59,29,19,57,2,0,3,0,22,38,83,26
13,6842,יבנה,2660,62.3,20,0,600,481,1,480,93,57,11,48,36,0,0,0,3,39,70,111,12
13,6843,יבנה,2660,62.4,20,0,600,473,1,472,110,64,49,29,7,1,0,0,0,11,48,137,16
13,6844,יבנה,2660,951.1,24,0,576,448,1,447,160,53,11,19,18,1,0,0,0,23,33,111,18
13,6845,יבנה,2660,951.2,24,0,576,461,0,461,99,85,15,50,15,24,0,0,0,10,43,101,19
13,6846,יבנה,2660,951.3,24,0,576,458,1,457,77,62,19,39,28,4,0,0,0,22,24,136,46
13,6847,יבנה,2660,951.4,24,0,574,486,2,484,105,64,14,59,39,10,0,0,0,22,27,121,23
2,840,יד השמונה,1134,1.0,3,0,183,133,1,132,7,20,21,9,0,0,0,0,0,1,1,65,8
3,1331,כורזים,1252,1.0,1,0,371,252,4,248,26,37,7,51,1,0,11,0,0,2,6,94,13
18,10323,כמהין,1291,1.0,1,0,164,119,0,119,7,39,6,16,0,0,0,0,0,4,6,39,2
19,10872,כפר סבא,6900,1.0,73,0,691,513,4,509,123,52,4,56,64,4,0,0,0,15,68,115,8
19,10873,כפר סבא,6900,3.1,82,0,604,423,1,422,51,153,27,53,8,1,1,0,0,6,19,93,10
19,10874,כפר סבא,6900,3.2,82,0,604,436,1,435,61,94,40,67,15,1,0,0,0,13,17,118,9
19,10875,כפר סבא,6900,3.3,82,0,604,424,0,424,63,123,17,54,13,1,6,0,0,11,33,88,15
19,10876,כפר סבא,6900,3.4,82,0,601,467,5,462,60,89,22,77,13,0,0,0,0,2,31,135,33
19,10877,כפר סבא,6900,4.1,37,0,660,403,2,401,101,62,8,10,80,5,0,0,0,30,31,68,6
19,10878,כפר סבא,6900,4.2,37,0,660,375,2,373,90,45,64,37,39,3,0,7,0,5,19,57,7
19,10879,כפר סבא,6900,4.3,37,0,660,411,3,408,71,102,25,34,55,7,1,0,0,16,41,43,13
19,10880,כפר סבא,6900,4.4,37,0,658,339,3,336,93,21,24,59,23,6,1,0,0,9,41,50,9
19,10881,כפר סבא,6900,5.0,112,0,545,265,4,261,71,36,13,9,63,1,0,0,0,5,26,24,13
19,10882,כפר סבא,6900,6.0,13,0,631,392,6,386,109,64,21,11,45,6,4,9,1,48,38,28,2
19,10883,כפר סבא,6900,7.0,14,0,632,499,0,499,80,87,15,87,2,0,3,0,0,15,39,152,19
19,10884,כפר סבא,6900,8.0,3,0,560,360,1,359,36,70,29,57,20,35,0,0,0,7,15,55,35
19,10885,כפר סבא,6900,10.0,24,0,557,415,1,414,25,117,40,72,2,0,0,0,0,3,12,134,9
19,10886,כפר סבא,6900,11.1,4,0,618,459,0,459,74,113,20,46,8,1,1,0,0,24,20,137,15
19,10887,כפר סבא,6900,11.2,4,0,618,451,3,448,77,65,10,49,11,30,0,0,0,12,23,147,24
19,10888,כפר סבא,6900,11.3,4,0,616,435,2,433,36,113,46,84,3,0,1,0,0,4,29,106,11
19,10889,כפר סבא,6900,12.0,18,0,792,539,1,538,68,111,24,127,13,6,0,0,0,9,24,129,27
19,10890,כפר סבא,6900,13.0,77,0,615,447,2,445,39,139,45,64,0,0,0,0,0,9,2,115,32
19,10891,כפר סבא,6900,14.0,21,0,578,363,1,362,105,47,14,17,37,25,1,0,0,19,67,29,1
19,10892,כפר סבא,6900,15.0,19,0,635,431,3,428,51,62,32,85,11,0,0,0,0,0,14,147,26
19,10893,כפר סבא,6900,17.0,24,0,750,528,2,526,30,115,24,133,1,0,17,0,0,1,19,128,58
19,10894,כפר סבא,6900,18.0,90,0,706,471,0,471,167,28,15,20,64,12,0,0,0,23,75,62,5
19,10895,כפר סבא,6900,19.0,7,0,602,398,1,397,156,48,30,25,26,3,0,0,0,28,34,45,2
19,10896,כפר סבא,6900,21.0,7,0,750,501,4,497,96,49,33,6,64,42,0,0,0,16,57,128,6
19,10897,כפר סבא,6900,23.0,93,0,465,342,0,342,6,62,38,67,1,0,5,0,0,3,1,155,4
19,10898,כפר סבא,6900,24.1,54,0,587,436,1,435,70,99,12,69,6,11,0,0,0,0,11,150,7
19,10899,כפר סבא,6900,24.2,54,0,587,436,6,430,12,92,10,99,3,0,6,0,0,5,14,177,12
19,10900,כפר סבא,6900,24.3,54,0,587,408,1,407,38,93,27,48,18,0,0,0,0,1,41,134,7
19,10901,כפר סבא,6900,27.0,31,1,713,553,0,553,50,185,13,90,6,5,0,0,0,11,8,183,2
19,10902,כפר סבא,6900,29.0,6,0,519,389,2,387,62,89,33,43,16,1,3,3,0,0,19,105,13
19,10903,כפר סבא,6900,31.0,2,0,657,471,1,470,64,139,69,60,7,6,12,0,3,19,7,74,10
19,10904,כפר סבא,6900,33.0,5,1,557,383,1,382,65,82,19,45,4,0,0,0,0,4,4,150,9
19,10905,כפר סבא,6900,35.0,38,0,548,277,1,276,41,42,31,13,9,11,0,0,0,9,20,93,7
19,10906,כפר סבא,6900,36.0,105,0,548,392,0,392,37,87,17,65,1,2,0,0,0,0,19,153,11
19,10907,כפר סבא,6900,40.1,81,0,721,492,3,489,59,114,56,19,10,8,0,0,1,21,11,182,8
19,10908,כפר סבא,6900,40.2,81,0,721,492,1,491,11,103,46,76,5,0,0,0,0,16,9,176,49
19,10909,כפר סבא,6900,42.1,33,0,684,431,2,429,173,49,6,12,6,1,0,0,0,13,35,106,28
19,10910,כפר סבא,6900,42.2,33,0,683,455,2,453,55,112,36,48,8,1,0,0,0,16,21,120,36
19,10911,כפר סבא,6900,43.1,44,0,740,424,4,420,77,95,33,69,1,1,0,0,0,6,48,88,2
19,10912,כפר סבא,6900,43.2,44,0,740,437,0,437,50,48,72,47,21,8,0,0,0,29,36,88,38
19,10913,כפר סבא,6900,43.3,44,0,740,428,4,424,80,83,35,42,4,2,0,0,0,11,18,148,1
19,10914,כפר סבא,6900,43.4,44,0,740,448,1,447,36,82,24,36,4,1,0,0,0,22,44,176,22
19,10915,כפר סבא,6900,44.0,14,0,741,495,2,493,78,71,39,49,30,2,0,1,0,5,33,155,30
19,10916,כפר סבא,6900,45.0,92,0,722,502,2,500,121,30,33,17,45,11,0,0,0,16,97,114,16
19,10917,כפר סבא,6900,46.0,2,0,578,415,2,413,17,73,42,43,21,1,3,0,0,16,33,137,27
19,10918,כפר סבא,6900,47.0,91,0,578,422,1,421,24,91,28,60,0,0,3,0,0,4,23,163,25
19,10919,כפר סבא,6900,48.0,15,0,708,475,0,475,77,114,9,63,27,3,0,0,10,11,6,102,53
19,10920,כפר סבא,6900,49.0,49,0,547,355,2,353,32,65,33,43,11,6,0,0,0,1,26,127,9
19,10921,כפר סבא,6900,50.0,3,0,648,450,5,445,44,127,46,42,1,3,2,0,0,1,0,157,22
19,10922,כפר סבא,6900,51.0,19,0,704,495,0,495,31,114,45,73,0,0,0,0,0,0,25,181,26
19,10923,כפר סבא,6900,53.0,19,0,591,425,1,424,47,81,41,55,2,0,0,0,0,1,3,181,13
19,10924,כפר סבא,6900,54.0,24,0,673,479,2,477,47,134,18,64,18,0,0,0,0,10,31,125,30
19,10925,כפר סבא,6900,57.1,42,0,748,535,4,531,46,102,77,69,3,1,0,35,0,9,10,155,24
19,10926,כפר סבא,6900,57.2,42,0,748,502,2,500,44,96,69,78,4,1,0,0,0,6,15,153,34
19,10927,כפר סבא,6900,57.3,42,0,747,516,1,515,40,150,58,69,4,0,4,0,0,15,12,154,9
19,10928,כפר סבא,6900,58.0,2,0,726,481,0,481,55,69,31,44,19,32,0,0,0,22,34,132,43
19,10929,כפר סבא,6900,59.0,19,0,655,501,0,501,48,110,30,72,2,2,0,0,7,7,9,172,42
19,10930,כפר סבא,6900,60.0,105,0,690,506,0,506,37,131,57,71,7,1,15,11,0,13,10,125,28
19,10931,כפר סבא,6900,61.0,105,0,582,398,1,397,35,79,33,70,0,0,1,0,0,12,9,142,16
19,10932,כפר סבא,6900,64.0,75,0,663,477,2,475,59,70,51,102,1,0,1,0,0,5,18,158,10
19,10933,כפר סבא,6900,65.0,76,0,683,495,2,493,67,102,45,77,0,0,11,0,0,11,30,141,9
19,10934,כפר סבא,6900,66.0,2,0,746,474,4,470,76,82,9,68,12,15,0,0,0,9,49,147,3
19,10935,כפר סבא,6900,67.0,15,0,714,479,0,479,78,90,19,33,9,4,0,0,0,25,34,179,8
19,10936,כפר סבא,6900,68.0,95,0,685,526,0,526,59,136,62,81,6,2,1,0,0,4,51,114,10
19,10937,כפר סבא,6900,69.0,31,0,665,473,0,473,75,85,44,59,1,0,4,4,0,40,4,135,22
19,10938,כפר סבא,6900,70.0,31,0,700,517,1,516,40,136,12,93,8,0,0,19,0,4,9,175,20
19,10939,כפר סבא,6900,73.1,72,0,672,483,4,479,64,84,50,57,2,5,5,1,0,4,32,165,10
19,10940,כפר סבא,6900,73.2,72,0,672,496,1,495,82,85,49,110,10,0,0,0,0,1,8,120,30
19,10941,כפר סבא,6900,73.3,72,0,670,470,2,468,52,101,24,55,8,0,1,0,0,6,13,200,8
19,10942,כפר סבא,6900,75.0,73,0,702,554,1,553,65,91,27,76,17,0,0,0,0,9,38,185,45
19,10943,כפר סבא,6900,78.0,3,0,498,330,0,330,51,58,47,18,10,0,0,0,0,9,17,114,6
19,10944,כפר סבא,6900,82.0,20,0,458,311,0,311,37,50,21,73,2,4,0,0,0,12,15,88,9
19,10945,כפר סבא,6900,84.0,24,0,607,388,3,385,72,70,13,38,10,0,0,0,0,37,24,119,2
19,10946,כפר סבא,6900,87.0,104,0,606,427,0,427,53,115,47,25,35,3,0,0,0,0,1,134,14
19,10947,כפר סבא,6900,89.0,31,0,617,457,2,455,31,109,5,68,0,0,1,0,0,5,17,188,31
19,10948,כפר סבא,6900,90.0,111,0,616,388,2,386,29,81,23,40,7,6,0,0,0,4,27,134,35
19,10949,כפר סבא,6900,91.0,91,0,627,385,2,383,35,68,42,56,1,0,0,0,0,15,7,133,26
19,10950,כפר סבא,6900,93.0,110,0,455,324,1,323,62,55,31,30,15,0,0,0,0,9,27,69,25
19,10951,כפר סבא,6900,95.0,94,0,589,456,0,456,16,120,25,90,0,0,4,0,0,1,6,184,10
19,10952,כפר סבא,6900,97.0,19,0,569,411,2,409,46,113,11,83,0,8,0,0,0,8,16,105,19
19,10953,כפר סבא,6900,98.0,3,0,531,378,2,376,112,43,20,28,21,0,0,0,0,31,39,79,3
19,10954,כפר סבא,6900,100.0,15,0,655,40,1,39,8,6,5,7,0,0,0,0,0,0,2,7,4
19,10955,כפר סבא,6900,101.0,91,0,659,459,2,457,66,101,9,60,19,2,0,0,0,5,17,149,29
19,10956,כפר סבא,6900,103.1,1,0,696,490,0,490,62,101,38,73,34,0,0,0,0,11,8,155,8
19,10957,כפר סבא,6900,103.2,1,0,696,512,2,510,81,145,41,51,9,1,0,0,0,3,3,149,27
19,10958,כפר סבא,6900,103.3,1,0,696,529,1,528,63,143,61,86,7,1,0,0,0,1,2,150,14
19,10959,כפר סבא,6900,103.4,1,0,696,489,0,489,46,141,15,120,0,1,5,0,0,6,7,143,5
19,10960,כפר סבא,6900,103.5,1,0,696,514,0,514,7,92,77,81,1,6,0,0,0,3,9,234,4
19,10961,כפר סבא,6900,103.6,1,0,696,508,1,507,14,113,28,82,7,0,3,0,2,13,5,220,20
19,10962,כפר סבא,6900,105.1,41,0,610,435,0,435,45,75,56,59,44,0,0,0,2,1,12,114,27
19,10963,כפר סבא,6900,105.2,41,0,610,428,2,426,43,90,30,70,9,1,5,0,0,7,2,151,18
19,10964,כפר סבא,6900,105.3,41,0,610,420,0,420,18,128,33,91,15,5,8,0,0,2,7,105,8
19,10965,כפר סבא,6900,105.4,41,0,608,438,3,435,33,124,34,41,8,1,6,0,0,10,7,168,3
19,10966,כפר סבא,6900,107.0,3,0,492,343,2,341,35,76,18,60,12,8,0,0,0,1,18,100,13
19,10967,כפר סבא,6900,108.0,5,0,476,213,3,210,57,41,10,5,28,1,0,1,0,12,13,38,4
19,10968,כפר סבא,6900,109.1,16,0,689,493,2,491,46,107,43,66,27,0,0,0,0,22,6,157,17
19,10969,כפר סבא,6900,109.2,16,0,689,509,3,506,42,122,56,28,25,10,0,0,0,20,58,135,10
19,10970,כפר סבא,6900,109.3,16,0,689,484,3,481,72,97,42,23,5,0,0,0,0,21,29,182,10
19,10971,כפר סבא,6900,109.4,16,0,686,481,2,479,68,70,96,76,10,4,3,2,0,6,20,82,42
19,10972,כפר סבא,6900,111.1,74,0,660,464,1,463,86,111,7,24,72,7,0,0,0,4,43,100,9
19,10973,כפר סבא,6900,111.2,74,0,660,470,2,468,133,104,9,46,56,1,0,0,0,3,15,91,10
19,10974,כפר סבא,6900,111.3,74,0,660,475,0,475,155,75,7,69,39,5,0,0,0,27,40,43,15
19,10975,כפר סבא,6900,111.4,74,0,659,445,4,441,99,66,23,32,27,2,0,0,0,31,17,121,23
19,10976,כפר סבא,6900,114.0,84,0,691,578,0,578,67,69,29,97,10,4,0,0,0,4,43,209,46
19,10977,כפר סבא,6900,115.1,30,0,718,444,2,442,45,135,19,100,11,0,6,0,0,1,6,115,4
19,10978,כפר סבא,6900,115.2,30,0,718,451,1,450,60,92,31,48,1,1,0,0,0,1,14,175,27
19,10979,כפר סבא,6900,115.3,30,0,718,478,2,476,86,85,17,40,9,11,0,0,32,20,22,127,27
19,10980,כפר סבא,6900,115.4,30,0,715,463,3,460,53,159,38,30,11,0,0,0,0,3,9,142,15
19,10981,כפר סבא,6900,116.1,8,0,670,504,2,502,110,118,21,36,43,19,0,0,0,10,37,85,23
19,10982,כפר סבא,6900,116.2,8,0,670,506,0,506,52,96,80,46,3,1,0,0,0,2,10,194,22
19,10983,כפר סבא,6900,116.3,8,0,670,508,2,506,79,117,45,59,19,2,0,0,0,10,49,121,5
19,10984,כפר סבא,6900,116.4,8,0,670,489,4,485,29,143,57,66,4,1,7,0,0,1,3,154,20
19,10985,כפר סבא,6900,116.5,8,0,670,526,1,525,73,135,26,127,4,0,0,0,0,0,14,125,21
19,10986,כפר סבא,6900,117.0,94,0,567,442,0,442,21,121,27,78,0,5,2,0,0,0,8,166,14
19,10987,כפר סבא,6900,118.0,34,0,551,458,0,458,49,106,18,139,0,1,4,0,0,6,13,112,10
19,10988,כפר סבא,6900,121.0,7,0,741,526,5,521,214,65,17,19,40,13,0,0,0,12,32,103,6
19,10989,כפר סבא,6900,122.1,98,0,618,544,0,544,48,151,45,84,0,1,1,0,0,5,28,177,4
19,10990,כפר סבא,6900,122.2,98,0,618,523,0,523,61,82,13,100,0,1,0,0,0,1,8,212,45
19,10991,כפר סבא,6900,122.3,98,0,617,522,1,521,46,122,21,94,0,0,0,0,0,19,12,190,17
19,10992,כפר סבא,6900,123.0,97,0,715,335,3,332,23,81,21,56,15,0,0,0,0,5,8,115,8
19,10993,כפר סבא,6900,126.1,99,0,740,667,4,663,64,179,58,97,1,0,0,0,0,2,68,150,44
19,10994,כפר סבא,6900,126.2,99,0,740,662,3,659,9,155,42,115,1,31,0,0,0,2,28,243,33
19,10995,כפר סבא,6900,126.3,99,0,740,643,0,643,65,158,24,82,13,0,3,0,0,19,1,227,51
19,10996,כפר סבא,6900,126.4,99,0,740,633,0,633,53,179,47,136,0,1,7,1,0,1,28,155,25
19,10997,כפר סבא,6900,126.5,99,0,737,656,2,654,56,158,58,83,0,0,0,0,0,0,7,268,24
19,10998,כפר סבא,6900,129.1,89,0,672,552,1,551,37,141,66,66,0,0,0,0,0,3,1,196,41
19,10999,כפר סבא,6900,129.2,89,0,672,575,1,574,40,169,58,106,0,0,1,0,0,3,4,178,15
19,11000,כפר סבא,6900,129.3,89,0,672,568,1,567,67,104,47,82,0,7,0,0,0,7,24,176,53
19,11001,כפר סבא,6900,129.4,89,0,672,572,1,571,94,130,33,82,20,1,1,0,0,0,24,155,31
19,11002,כפר סבא,6900,129.5,89,0,670,555,1,554,55,190,18,55,28,0,0,0,0,0,1,199,8
19,11003,כפר סבא,6900,130.0,15,0,732,555,1,554,28,78,51,97,57,0,14,0,0,1,25,172,31
19,11004,כפר סבא,6900,133.0,95,0,610,475,3,472,24,118,17,108,1,20,0,15,0,0,20,146,3
19,11005,כפר סבא,6900,134.0,95,0,588,505,2,503,53,131,23,109,2,0,0,0,0,0,12,158,15
19,11006,כפר סבא,6900,951.0,97,0,647,492,1,491,45,105,43,75,11,3,0,0,0,5,30,156,18
3,1248,כפר שמאי,605,1.0,1,0,375,253,0,253,88,15,4,16,24,4,0,0,0,27,45,25,5
12,5618,לוד,7000,2.1,14,0,535,263,1,262,0,0,0,27,0,0,76,65,87,0,0,7,0
12,5619,לוד,7000,2.2,14,0,535,215,5,210,0,1,0,10,0,0,62,32,105,0,0,0,0
12,5620,לוד,7000,2.3,14,0,535,249,2,247,4,0,0,16,0,0,83,42,81,0,20,1,0
12,5621,לוד,7000,5.0,15,0,716,383,5,378,1,9,0,12,0,0,173,92,90,0,0,1,0
12,5622,לוד,7000,8.0,15,0,540,307,4,303,1,0,0,24,2,0,139,43,89,2,0,2,1
12,5623,לוד,7000,9.1,43,0,575,309,2,307,11,4,1,22,11,0,104,34,78,11,15,8,8
12,5624,לוד,7000,9.2,43,1,575,372,5,367,58,11,20,4,9,15,21,5,25,66,82,47,4
12,5625,לוד,7000,9.3,43,0,575,357,3,354,32,11,3,21,6,2,36,68,12,44,54,65,0
12,5626,לוד,7000,9.4,43,0,575,343,1,342,39,3,13,29,8,0,46,15,29,60,45,54,1
12,5627,לוד,7000,11.0,16,0,410,240,5,235,87,24,5,8,31,8,12,2,6,9,12,28,3
12,5628,לוד,7000,12.0,17,0,608,253,4,249,78,20,10,3,30,1,0,0,0,14,57,27,9
12,5629,לוד,7000,14.0,17,0,584,272,1,271,68,54,13,4,59,2,0,0,0,13,34,15,9
12,5630,לוד,7000,17.0,41,0,572,368,1,367,58,20,26,34,68,8,13,15,10,23,32,58,2
12,5631,לוד,7000,18.1,18,0,643,293,8,285,0,0,0,13,0,0,99,51,122,0,0,0,0
12,5632,לוד,7000,18.2,18,0,643,299,1,298,1,7,0,11,1,0,120,55,91,1,7,4,0
12,5633,לוד,7000,18.3,18,0,643,299,5,294,5,0,0,30,0,0,101,32,116,0,8,2,0
12,5634,לוד,7000,18.4,18,0,643,314,8,306,19,8,5,19,0,0,93,46,83,8,15,10,0
12,5635,לוד,7000,18.5,18,0,643,280,6,274,40,6,1,7,5,0,82,40,73,3,14,3,0
12,5636,לוד,7000,18.6,18,0,642,281,1,280,7,10,0,12,8,0,90,45,74,10,14,5,5
12,5637,לוד,7000,19.1,4,0,572,280,2,278,3,15,2,13,0,0,91,71,81,0,2,0,0
12,5638,לוד,7000,19.2,4,0,572,277,4,273,9,10,2,10,7,13,78,32,55,4,21,32,0
12,5639,לוד,7000,19.3,4,0,572,290,0,290,33,5,1,1,12,0,84,13,89,11,26,14,1
12,5640,לוד,7000,19.4,4,0,570,260,6,254,22,15,4,8,2,2,60,39,39,11,22,30,0
12,5641,לוד,7000,24.0,5,0,528,293,2,291,70,14,7,4,35,4,2,10,5,5,75,56,4
12,5642,לוד,7000,28.0,5,0,489,265,3,262,63,33,45,18,6,1,5,1,0,7,39,32,12
12,5643,לוד,7000,30.1,12,0,700,443,2,441,140,19,6,21,64,11,17,26,39,15,45,28,10
12,5644,לוד,7000,30.2,12,0,700,420,5,415,169,6,6,43,40,18,14,1,1,32,13,61,11
12,5645,לוד,7000,30.3,12,0,700,426,3,423,83,25,0,8,88,6,2,36,8,17,58,87,5
12,5646,לוד,7000,30.4,12,0,700,424,6,418,88,25,8,2,53,4,26,3,1,71,80,47,10
12,5647,לוד,7000,34.0,17,0,579,301,8,293,88,29,11,7,31,10,0,0,0,44,45,23,5
12,5648,לוד,7000,35.0,38,1,405,266,0,266,77,23,1,2,47,7,4,2,12,20,47,23,1
12,5649,לוד,7000,36.0,39,0,678,300,3,297,2,1,0,32,0,0,78,53,131,0,0,0,0
12,5650,לוד,7000,37.1,36,0,686,400,5,395,94,29,30,24,63,7,22,0,13,13,56,31,13
12,5651,לוד,7000,37.2,36,0,686,409,2,407,135,32,20,1,90,4,2,0,2,25,64,22,10
12,5652,לוד,7000,37.3,36,0,684,346,1,345,138,27,6,5,31,1,20,1,5,7,68,33,3
12,5653,לוד,7000,38.1,6,0,561,336,4,332,65,11,0,0,64,9,21,9,18,28,54,32,21
12,5654,לוד,7000,38.2,6,0,561,321,2,319,62,36,12,7,42,18,1,4,7,15,33,64,18
12,5655,לוד,7000,38.3,6,0,559,307,3,304,83,19,8,5,34,14,1,5,4,36,49,40,6
12,5656,לוד,7000,39.0,17,0,525,236,6,230,74,27,0,3,22,2,8,1,10,25,34,19,5
12,5657,לוד,7000,40.0,49,0,613,314,2,312,72,28,25,14,15,9,19,19,12,5,32,48,14
12,5658,לוד,7000,43.0,38,0,612,366,2,364,96,27,3,8,43,2,18,0,14,18,69,55,11
12,5659,לוד,7000,45.0,16,0,491,307,3,304,61,36,22,2,29,0,11,0,0,34,63,40,6
12,5660,לוד,7000,46.0,41,0,432,233,0,233,86,32,12,13,23,3,0,0,0,5,17,34,8
12,5661,לוד,7000,47.0,27,0,482,337,2,335,141,37,2,3,39,5,0,0,6,10,34,27,31
12,5662,לוד,7000,49.0,28,0,639,451,1,450,157,16,12,58,62,0,4,0,0,10,72,56,3
12,5663,לוד,7000,50.0,41,0,579,367,6,361,103,50,20,4,32,2,19,4,2,18,24,49,34
12,5664,לוד,7000,52.0,48,0,598,388,2,386,100,9,7,16,18,2,73,15,31,18,51,40,6
12,5665,לוד,7000,53.0,5,0,664,360,0,360,107,70,4,13,38,7,0,7,0,28,39,41,6
12,5666,לוד,7000,54.0,48,0,605,362,0,362,114,46,13,2,41,12,0,0,0,17,50,65,2
12,5667,לוד,7000,55.0,48,0,520,362,1,361,68,18,1,23,26,28,75,25,20,0,14,58,5
12,5668,לוד,7000,56.0,5,0,501,269,2,267,54,45,4,1,49,9,0,0,0,18,44,37,6
12,5669,לוד,7000,57.1,50,0,644,389,3,386,92,36,2,20,21,14,107,11,24,5,21,24,9
12,5670,לוד,7000,57.2,50,0,644,373,4,369,74,33,13,19,38,18,40,22,14,15,44,24,15
12,5671,לוד,7000,57.3,50,0,643,365,5,360,103,57,20,6,10,1,10,1,14,16,60,53,9
12,5672,לוד,7000,58.1,24,0,696,380,2,378,81,43,18,7,35,17,28,12,24,17,27,57,12
12,5673,לוד,7000,58.2,24,0,696,407,3,404,103,38,63,13,21,1,19,7,19,4,33,66,17
12,5674,לוד,7000,58.3,24,0,696,366,2,364,65,56,65,8,9,2,20,2,12,13,42,65,5
12,5675,לוד,7000,59.0,48,0,492,266,2,264,68,32,23,7,43,1,1,0,0,4,26,46,13
12,5676,לוד,7000,62.0,49,0,607,319,10,309,93,34,13,1,51,4,0,1,0,12,43,53,4
12,5677,לוד,7000,63.0,49,0,567,267,6,261,79,33,8,2,44,4,2,0,0,10,39,24,16
12,5678,לוד,7000,65.0,34,0,583,241,1,240,4,0,0,9,6,0,117,43,59,0,0,2,0
12,5679,לוד,7000,66.0,34,0,648,309,3,306,2,3,0,17,2,0,84,75,119,1,0,3,0
12,5680,לוד,7000,67.0,39,1,717,352,2,350,3,0,0,14,0,1,116,93,123,0,0,0,0
12,5681,לוד,7000,68.1,42,0,548,386,1,385,58,24,2,0,62,30,0,0,0,72,110,26,1
12,5682,לוד,7000,68.2,42,0,548,386,0,386,106,16,9,3,78,49,0,0,0,38,59,28,0
12,5683,לוד,7000,68.3,42,0,548,422,1,421,44,16,0,0,81,32,0,0,0,90,89,69,0
12,5684,לוד,7000,68.4,42,0,545,381,2,379,30,24,2,0,56,48,0,0,0,33,83,99,4
12,5685,לוד,7000,69.0,38,0,515,281,4,277,80,21,14,2,19,12,12,3,6,10,56,37,5
12,5686,לוד,7000,71.1,31,0,687,351,3,348,53,47,34,23,17,31,4,2,9,11,24,93,0
12,5687,לוד,7000,71.2,31,0,687,360,2,358,33,46,95,40,15,5,0,0,2,6,15,97,4
12,5688,לוד,7000,71.3,31,0,687,365,3,362,78,49,51,6,9,0,6,0,5,30,29,86,13
12,5689,לוד,7000,71.4,31,0,687,317,4,313,50,49,87,16,1,0,1,13,0,0,25,68,3
12,5690,לוד,7000,71.5,31,0,683,325,3,322,45,35,62,15,6,2,0,0,0,3,21,124,9
12,5691,לוד,7000,82.1,33,0,663,366,2,364,87,52,18,10,3,2,32,10,6,9,28,91,16
12,5692,לוד,7000,82.2,33,0,663,362,3,359,117,32,52,17,4,0,4,0,0,16,14,97,6
12,5693,לוד,7000,82.3,33,0,663,370,10,360,70,98,43,29,3,13,0,0,0,7,13,80,4
12,5694,לוד,7000,82.4,33,0,663,347,3,344,41,76,65,26,4,2,0,2,0,5,19,90,14
12,5695,לוד,7000,82.5,33,0,661,369,4,365,82,46,64,26,4,6,0,0,0,7,16,99,15
12,5696,לוד,7000,84.1,30,0,668,381,2,379,71,27,41,16,76,1,1,0,0,12,33,91,10
12,5697,לוד,7000,84.2,30,0,668,386,6,380,54,82,79,23,8,2,0,0,0,11,7,101,13
12,5698,לוד,7000,84.3,30,0,668,353,1,352,74,27,32,24,55,6,0,7,0,2,31,82,12
12,5699,לוד,7000,84.4,30,0,668,376,8,368,27,81,36,7,19,4,0,0,0,4,83,98,9
12,5700,לוד,7000,84.5,30,0,668,358,5,353,57,62,64,10,14,4,0,0,0,11,8,104,19
12,5701,לוד,7000,85.0,47,0,525,277,15,262,47,24,31,7,8,11,2,0,0,4,11,108,9
12,5702,לוד,7000,86.1,35,0,725,459,2,457,166,48,2,4,41,6,14,15,20,29,50,33,29
12,5703,לוד,7000,86.2,35,0,725,502,1,501,153,41,41,0,67,5,4,5,0,22,69,66,28
12,5704,לוד,7000,86.3,35,0,725,509,3,506,121,92,35,9,99,21,0,0,13,16,13,74,13
12,5705,לוד,7000,86.4,35,0,725,466,2,464,103,79,43,13,58,6,5,4,4,8,34,95,12
12,5706,לוד,7000,86.5,35,0,722,446,2,444,136,48,22,16,48,13,3,0,0,10,66,76,6
12,5707,לוד,7000,88.0,47,0,524,273,2,271,67,29,40,7,9,17,0,0,0,8,24,50,20
12,5708,לוד,7000,91.0,16,0,422,184,2,182,73,16,18,5,16,3,0,0,0,10,18,20,3
12,5709,לוד,7000,96.0,39,0,689,314,2,312,1,0,0,16,0,0,93,64,138,0,0,0,0
12,5710,לוד,7000,98.1,46,0,600,529,9,520,98,2,2,0,100,258,0,0,0,6,44,10,0
12,5711,לוד,7000,98.2,46,0,600,501,10,491,39,47,1,0,88,201,0,0,0,26,30,51,8
12,5712,לוד,7000,98.3,46,0,599,502,3,499,52,7,15,0,108,274,0,0,0,13,10,9,11
12,5713,לוד,7000,952.1,51,0,660,564,4,560,56,51,0,0,67,269,0,0,0,56,46,15,0
12,5714,לוד,7000,952.2,51,0,660,569,12,557,73,2,0,0,173,272,0,0,0,8,17,12,0
12,5715,לוד,7000,952.3,51,0,658,570,4,566,22,10,18,0,82,344,0,0,0,7,47,33,3
12,5716,לוד,7000,990.1,2,0,675,346,4,342,87,52,32,10,42,5,13,4,4,12,37,43,1
12,5717,לוד,7000,990.2,2,1,675,380,2,378,163,22,3,6,52,14,9,0,5,8,46,35,15
12,5718,לוד,7000,990.3,2,0,675,375,3,372,133,38,10,20,52,2,2,0,0,46,32,26,11
12,5719,לוד,7000,990.4,2,0,675,381,6,375,125,23,11,9,49,15,15,5,11,23,31,40,18
12,5720,לוד,7000,990.5,2,0,675,343,3,340,86,43,24,10,58,13,1,0,2,16,49,37,1
17,9646,מבקיעים,573,1.0,1,0,419,307,0,307,105,31,11,12,11,3,0,1,0,16,21,85,11
2,1134,מגדל עוז,3561,1.0,1,1,286,169,0,169,43,28,0,0,0,3,0,0,0,23,35,37,0
5,1774,מיטב,2054,1.0,1,0,391,288,0,288,127,33,3,13,19,2,0,2,0,22,40,24,3
3,1363,מנרה,347,1.0,1,0,229,159,0,159,2,45,12,41,0,0,3,0,0,0,0,51,5
18,9824,מעגלים,1082,1.1,1,0,586,442,1,441,191,27,2,1,73,10,0,0,0,33,49,34,21
18,9825,מעגלים,1082,1.2,1,0,586,440,0,440,97,21,2,19,94,21,0,0,0,51,96,26,13
3,1421,נווה אטיב,4303,1.0,1,0,194,104,0,104,15,38,4,9,0,1,0,0,0,3,8,23,3
2,741,נחליאל,3767,1.0,1,0,372,274,2,272,13,1,0,0,70,45,0,0,0,46,51,46,0
17,9510,נטע,1369,1.0,1,0,370,283,2,281,40,30,0,1,2,0,0,0,0,43,101,64,0
17,9657,ניצן ב,1419,1.0,3,0,253,160,0,160,45,10,3,9,25,3,0,0,0,11,20,21,13
17,9658,ניצן ב,1419,3.0,5,0,248,174,0,174,42,22,3,0,7,0,0,0,0,23,41,35,1
18,10326,ניצני סיני,1280,1.0,1,0,248,166,0,166,9,42,8,17,3,0,0,0,0,1,9,68,9
5,1783,ניר יפה,165,1.0,1,0,496,354,1,353,54,61,33,25,26,1,0,0,0,16,12,119,6
13,6592,נס ציונה,7200,2.1,6,0,584,372,1,371,96,62,11,33,30,4,0,0,0,29,26,71,9
13,6593,נס ציונה,7200,2.2,6,0,584,396,1,395,102,71,14,19,37,9,0,0,0,18,39,77,9
13,6594,נס ציונה,7200,2.3,6,0,583,374,1,373,74,56,18,32,43,2,0,0,0,5,54,83,6
13,6595,נס ציונה,7200,3.0,7,0,678,409,4,405,140,65,16,19,23,4,0,0,0,21,30,85,2
13,6596,נס ציונה,7200,4.1,5,0,663,456,3,453,75,71,16,73,50,10,0,0,0,12,26,105,15
13,6597,נס ציונה,7200,4.2,5,0,663,483,4,479,86,68,3,43,31,16,4,5,0,12,50,84,77
13,6598,נס ציונה,7200,4.3,5,0,663,468,2,466,103,62,11,36,32,6,0,0,0,19,31,122,44
13,6599,נס ציונה,7200,4.4,5,0,663,503,3,500,60,78,17,100,41,13,3,0,0,18,38,128,4
13,6600,נס ציונה,7200,8.1,4,0,653,502,0,502,35,120,5,67,8,3,0,0,0,11,30,212,11
13,6601,נס ציונה,7200,8.2,4,0,653,524,1,523,47,146,40,77,7,0,0,0,0,7,14,163,22
13,6602,נס ציונה,7200,8.3,4,0,653,526,1,525,22,96,63,92,11,1,1,0,0,40,19,145,35
13,6603,נס ציונה,7200,8.4,4,0,653,508,3,505,66,138,42,90,5,0,4,0,0,1,18,137,4
13,6604,נס ציונה,7200,8.5,4,0,651,516,2,514,74,109,37,85,28,0,0,0,0,6,21,141,13
13,6605,נס ציונה,7200,13.1,2,0,752,554,2,552,43,203,26,45,14,5,7,0,0,3,45,134,27
13,6606,נס ציונה,7200,13.2,2,0,752,532,0,532,98,138,15,70,9,1,0,0,0,7,31,148,15
13,6607,נס ציונה,7200,13.3,2,0,752,545,3,542,119,61,15,98,26,19,0,0,0,31,36,113,24
13,6608,נס ציונה,7200,13.4,2,0,750,553,1,552,63,114,46,45,12,2,0,0,0,7,51,181,31
13,6609,נס ציונה,7200,14.1,8,0,699,586,3,583,97,121,41,101,13,1,1,0,0,4,61,130,13
13,6610,נס ציונה,7200,14.2,8,0,699,575,1,574,66,134,13,77,95,4,0,0,0,3,16,138,28
13,6611,נס ציונה,7200,14.3,8,0,698,600,0,600,82,138,49,70,44,1,10,0,0,0,4,190,12
13,6612,נס ציונה,7200,15.1,9,0,719,497,2,495,53,102,12,70,13,1,0,0,0,15,19,191,19
13,6613,נס ציונה,7200,15.2,9,0,719,514,3,511,50,132,45,38,3,0,0,0,0,16,15,206,6
13,6614,נס ציונה,7200,15.3,9,0,719,513,3,510,45,91,54,41,0,21,2,0,0,0,15,219,22
13,6615,נס ציונה,7200,16.1,3,0,626,455,0,455,105,68,14,21,53,5,0,0,0,31,31,97,30
13,6616,נס ציונה,7200,16.2,3,0,626,458,0,458,80,62,13,37,5,2,0,2,0,3,36,184,34
13,6617,נס ציונה,7200,16.3,3,0,626,452,4,448,55,102,48,43,18,2,1,0,0,3,11,142,23
13,6618,נס ציונה,7200,16.4,3,0,626,462,0,462,86,61,41,62,37,1,1,0,0,10,41,101,21
13,6619,נס ציונה,7200,16.5,3,0,626,468,5,463,52,86,24,95,12,8,0,0,0,1,52,126,7
13,6620,נס ציונה,7200,18.0,1,0,653,368,6,362,69,72,28,36,15,2,0,0,0,7,27,67,39
13,6621,נס ציונה,7200,19.0,11,0,542,412,3,409,33,153,32,60,13,0,0,0,0,1,5,96,16
13,6622,נס ציונה,7200,20.0,11,0,531,364,3,361,86,37,6,13,54,20,1,0,0,9,64,66,5
13,6623,נס ציונה,7200,23.0,11,0,592,467,5,462,57,151,21,81,8,3,0,0,0,2,20,67,52
13,6624,נס ציונה,7200,25.1,18,0,526,392,1,391,34,83,23,45,26,4,9,9,0,29,9,112,8
13,6625,נס ציונה,7200,25.2,18,0,526,405,1,404,73,56,10,50,29,0,13,3,0,41,26,89,14
13,6626,נס ציונה,7200,25.3,18,0,524,425,1,424,51,97,35,74,3,2,0,0,0,2,22,116,22
13,6627,נס ציונה,7200,31.0,20,0,582,468,1,467,37,103,21,73,2,21,4,0,0,4,28,157,17
13,6628,נס ציונה,7200,32.0,20,0,514,353,12,341,70,62,34,19,38,5,0,0,0,7,23,81,2
13,6629,נס ציונה,7200,33.0,20,0,589,418,8,410,57,79,31,26,11,2,0,0,0,7,18,155,24
13,6630,נס ציונה,7200,35.1,16,0,725,588,2,586,111,59,20,102,2,0,0,0,0,5,12,263,12
13,6631,נס ציונה,7200,35.2,16,0,725,570,3,567,57,114,25,103,24,0,1,0,0,1,46,182,14
13,6632,נס ציונה,7200,35.3,16,0,725,601,0,601,66,207,47,42,15,4,10,0,0,3,7,184,16
13,6633,נס ציונה,7200,35.4,16,0,723,580,1,579,33,124,46,95,20,4,0,0,0,2,24,191,40
13,6634,נס ציונה,7200,50.0,11,0,650,477,1,476,49,150,20,82,9,0,0,0,0,7,21,120,18
13,6635,נס ציונה,7200,51.0,1,0,651,391,4,387,50,47,33,68,27,0,0,0,0,19,17,82,44
13,6636,נס ציונה,7200,52.0,1,0,689,500,1,499,42,77,44,54,19,8,0,0,0,7,32,201,15
13,6637,נס ציונה,7200,53.0,1,0,578,437,4,433,48,98,30,55,2,12,0,0,0,3,9,133,43
13,6638,נס ציונה,7200,62.1,19,0,702,539,1,538,149,112,28,48,3,7,0,0,0,0,7,172,12
13,6639,נס ציונה,7200,62.2,19,0,702,558,1,557,35,186,41,80,24,0,0,0,0,18,2,152,19
13,6640,נס ציונה,7200,62.3,19,0,701,542,3,539,24,104,78,62,12,0,0,0,0,20,5,231,3
13,6641,נס ציונה,7200,66.1,17,0,684,557,0,557,76,133,7,33,4,9,0,0,0,14,36,198,47
13,6642,נס ציונה,7200,66.2,17,0,684,573,0,573,79,83,38,87,30,0,0,0,0,1,11,214,30
13,6643,נס ציונה,7200,66.3,17,0,684,581,0,581,46,88,48,87,28,5,14,0,0,8,47,189,21
13,6644,נס ציונה,7200,66.4,17,0,684,546,1,545,37,135,57,67,3,0,0,0,0,12,52,162,20
13,6645,נס ציונה,7200,66.5,17,0,684,551,0,551,67,118,51,81,11,0,0,0,0,8,33,159,23
13,6646,נס ציונה,7200,66.6,17,0,683,566,4,562,106,129,35,55,5,0,3,0,0,15,17,174,23
13,6647,נס ציונה,7200,952.1,12,0,694,570,0,570,61,148,49,97,0,2,0,0,0,0,8,165,40
13,6648,נס ציונה,7200,952.2,12,0,694,552,0,552,68,127,15,62,8,0,9,0,0,1,6,207,49
6,2536,עין המפרץ,289,1.1,1,0,422,351,2,349,8,40,12,145,0,0,9,0,0,17,0,109,9
6,2537,עין המפרץ,289,1.2,1,0,366,277,0,277,0,72,15,94,0,0,1,1,0,0,0,88,6
3,1254,עמוקה,1212,1.0,1,0,168,118,0,118,2,20,16,30,0,0,2,3,0,2,0,36,7
2,777,עמיחי,3824,1.0,1,0,108,86,0,86,18,6,0,0,0,2,0,0,0,17,21,21,1
5,1647,עפולה,7700,1.0,5,0,688,424,3,421,79,36,15,8,52,141,0,0,0,38,8,31,13
5,1648,עפולה,7700,2.1,6,0,377,191,3,188,44,32,24,9,18,7,0,0,0,12,22,13,7
5,1649,עפולה,7700,2.2,6,0,376,220,2,218,50,16,11,10,16,31,0,0,0,8,31,41,4
5,1650,עפולה,7700,3.0,7,0,671,321,8,313,75,50,31,22,8,73,0,0,4,17,18,9,6
5,1651,עפולה,7700,4.0,28,0,634,345,6,339,84,46,66,9,1,16,0,0,0,16,35,62,4
5,1652,עפולה,7700,5.0,14,0,572,377,2,375,123,40,4,6,72,31,0,0,0,16,37,42,4
5,1653,עפולה,7700,6.0,27,0,627,398,2,396,50,49,47,6,50,28,0,0,0,15,36,113,2
5,1654,עפולה,7700,7.0,9,0,658,351,4,347,84,40,28,0,29,90,0,0,0,8,21,31,16
5,1655,עפולה,7700,8.1,12,0,661,404,3,401,92,18,3,4,67,142,0,0,0,15,31,18,11
5,1656,עפולה,7700,8.2,12,0,661,435,1,434,79,14,4,0,33,187,2,0,0,44,31,35,5
5,1657,עפולה,7700,8.3,12,0,661,411,2,409,120,22,19,2,71,79,0,0,0,12,20,48,16
5,1658,עפולה,7700,8.4,12,0,661,426,1,425,54,30,25,19,33,178,0,0,0,2,14,62,8
5,1659,עפולה,7700,9.1,11,0,752,378,3,375,110,17,15,20,50,29,0,0,0,27,28,74,5
5,1660,עפולה,7700,12.0,14,0,708,407,4,403,84,44,34,12,44,28,0,0,0,24,76,38,19
5,1661,עפולה,7700,13.0,7,0,685,334,6,328,47,42,29,7,38,104,0,0,0,6,19,28,8
5,1662,עפולה,7700,15.0,8,0,549,304,8,296,67,10,34,1,26,85,0,1,0,15,28,26,3
5,1663,עפולה,7700,18.1,16,0,383,219,4,215,42,31,9,10,13,0,2,0,3,11,35,43,16
5,1664,עפולה,7700,18.2,16,0,383,217,1,216,52,42,24,14,29,6,0,0,0,14,13,21,1
5,1665,עפולה,7700,20.1,2,0,701,455,1,454,110,75,10,24,43,1,0,0,0,23,75,68,25
5,1666,עפולה,7700,20.2,2,0,701,453,1,452,105,111,12,22,18,11,0,0,0,25,19,116,13
5,1667,עפולה,7700,20.3,2,0,701,411,1,410,138,63,14,10,32,6,2,0,0,18,68,55,4
5,1668,עפולה,7700,20.4,2,0,701,450,5,445,156,54,13,15,29,2,0,0,0,45,18,95,18
5,1669,עפולה,7700,20.5,2,0,699,440,0,440,112,63,26,12,31,4,0,0,0,10,68,100,14
5,1670,עפולה,7700,21.0,1,0,703,400,8,392,142,22,17,30,40,9,0,0,0,13,46,67,6
5,1671,עפולה,7700,26.0,1,0,735,470,5,465,146,98,10,23,41,9,6,2,0,14,31,60,25
5,1672,עפולה,7700,27.1,18,0,677,452,1,451,169,57,8,6,26,8,0,0,0,32,37,86,22
5,1673,עפולה,7700,27.2,18,0,677,465,2,463,118,73,13,13,79,8,0,0,0,35,53,57,14
5,1674,עפולה,7700,27.3,18,0,677,433,2,431,136,44,21,4,39,11,0,0,0,40,67,59,10
5,1675,עפולה,7700,27.4,18,0,675,442,1,441,115,49,22,3,39,2,0,0,0,19,79,84,29
5,1676,עפולה,7700,30.0,1,0,598,345,1,344,114,48,47,21,9,2,0,0,0,22,19,53,9
5,1677,עפולה,7700,32.0,19,0,578,340,2,338,121,54,7,20,26,1,0,0,0,9,30,56,14
5,1678,עפולה,7700,36.0,5,0,504,292,6,286,50,39,41,36,20,33,7,0,0,5,4,49,2
5,1679,עפולה,7700,37.0,7,0,719,383,10,373,64,23,23,2,49,93,0,0,0,16,43,43,17
5,1680,עפולה,7700,38.1,22,0,642,376,1,375,147,20,23,2,56,8,0,0,0,10,61,43,5
5,1681,עפולה,7700,38.2,22,0,642,344,2,342,80,21,14,5,68,12,0,1,0,23,70,45,3
5,1682,עפולה,7700,38.3,22,0,642,358,4,354,116,28,15,2,75,15,0,0,0,22,27,45,9
5,1683,עפולה,7700,38.4,22,0,642,352,0,352,66,33,53,2,25,20,0,0,0,45,38,69,1
5,1684,עפולה,7700,45.0,28,0,559,310,2,308,117,36,62,20,6,13,1,0,0,1,15,27,10
5,1685,עפולה,7700,46.0,27,0,702,420,3,417,74,23,63,6,35,101,7,0,4,4,50,43,7
5,1686,עפולה,7700,47.0,28,0,691,389,13,376,101,55,59,11,49,23,0,0,0,14,10,34,20
5,1687,עפולה,7700,49.1,17,0,671,419,1,418,125,66,26,15,32,12,0,0,0,43,36,59,4
5,1688,עפולה,7700,49.2,17,0,671,432,0,432,124,30,8,30,28,22,0,0,0,12,93,71,14
5,1689,עפולה,7700,49.3,17,0,671,433,0,433,101,40,15,38,46,5,0,0,0,42,25,99,22
5,1690,עפולה,7700,49.4,17,0,671,433,3,430,140,61,26,9,50,1,0,3,0,23,38,76,3
5,1691,עפולה,7700,49.5,17,0,671,438,0,438,150,51,12,8,46,4,1,0,0,9,64,71,22
5,1692,עפולה,7700,49.6,17,0,671,432,1,431,144,33,21,44,31,5,0,0,0,24,43,80,6
5,1693,עפולה,7700,49.7,17,0,671,431,0,431,210,44,12,3,36,7,0,0,0,29,37,47,6
5,1694,עפולה,7700,49.8,17,0,671,415,1,414,126,48,39,24,22,23,0,0,0,9,31,84,8
5,1695,עפולה,7700,49.9,17,0,671,459,2,457,148,58,17,28,9,6,0,0,0,12,58,99,22
5,1696,עפולה,7700,50.1,26,0,636,386,2,384,115,82,72,5,32,2,0,0,0,12,33,23,8
5,1697,עפולה,7700,50.2,26,0,636,385,8,377,159,31,40,11,18,2,0,0,0,4,25,72,15
5,1698,עפולה,7700,50.3,26,0,636,402,3,399,108,74,18,3,83,9,0,0,0,15,58,26,5
5,1699,עפולה,7700,50.4,26,0,636,392,6,386,77,57,72,9,28,3,0,0,0,30,30,62,18
5,1700,עפולה,7700,50.5,26,0,636,354,0,354,127,53,32,20,29,6,0,0,0,4,36,33,14
5,1701,עפולה,7700,50.6,26,0,632,342,5,337,90,56,16,23,15,3,0,0,0,11,28,90,5
5,1702,עפולה,7700,54.0,19,0,593,360,4,356,97,26,22,2,32,8,0,0,0,24,36,93,16
5,1703,עפולה,7700,55.1,23,0,612,389,0,389,83,48,10,2,66,4,0,0,0,39,40,86,11
5,1704,עפולה,7700,55.2,23,0,611,431,2,429,141,39,19,13,34,10,0,0,0,42,45,78,8
5,1705,עפולה,7700,59.1,20,0,640,379,2,377,101,44,13,27,30,0,3,0,0,24,24,98,13
5,1706,עפולה,7700,59.2,20,0,640,373,5,368,73,41,12,10,45,11,0,0,0,46,57,52,21
5,1707,עפולה,7700,59.3,20,0,639,355,3,352,69,98,5,28,14,2,1,0,0,1,47,65,22
5,1708,עפולה,7700,61.1,30,0,711,468,3,465,123,97,7,9,44,7,0,0,5,14,113,31,15
5,1709,עפולה,7700,61.2,30,0,711,480,9,471,90,52,69,33,42,0,0,0,0,6,17,127,35
5,1710,עפולה,7700,61.3,30,0,711,468,4,464,125,105,26,24,10,2,0,0,0,32,55,82,3
5,1711,עפולה,7700,61.4,30,0,711,482,1,481,115,60,29,2,33,16,7,0,0,11,60,136,12
5,1712,עפולה,7700,61.5,30,0,708,506,6,500,93,61,26,27,24,4,0,0,0,16,124,118,7
5,1713,עפולה,7700,62.1,29,0,736,496,1,495,139,101,22,17,63,2,6,0,0,15,26,66,38
5,1714,עפולה,7700,62.2,29,0,736,486,1,485,107,56,50,23,4,7,0,6,0,18,34,158,22
5,1715,עפולה,7700,68.1,31,0,644,412,0,412,100,91,10,4,23,0,6,0,0,34,38,98,8
5,1716,עפולה,7700,68.2,31,0,644,418,2,416,105,52,23,27,24,3,0,0,0,22,18,134,8
5,1717,עפולה,7700,68.3,31,0,644,427,3,424,102,131,28,20,2,17,0,0,0,18,29,74,3
5,1718,עפולה,7700,70.1,4,0,700,378,4,374,112,38,19,3,42,7,0,0,0,21,37,65,30
5,1719,עפולה,7700,70.2,4,0,700,298,3,295,53,51,54,5,30,9,0,0,0,12,14,56,11
5,1720,עפולה,7700,70.3,4,0,700,372,2,370,89,57,15,10,45,11,0,0,0,7,64,55,17
5,1721,עפולה,7700,70.4,4,0,700,331,2,329,83,80,20,19,25,14,0,0,0,4,21,56,7
5,1722,עפולה,7700,70.5,4,0,697,323,4,319,63,60,40,9,26,4,0,0,0,21,21,52,23
3,1340,קדרים,1211,1.0,1,0,224,154,0,154,12,28,10,53,0,0,0,0,0,2,3,42,4
13,6404,רחובות,8400,33.1,1,0,711,514,3,511,107,31,6,1,140,106,1,0,0,5,67,47,0
13,6405,רחובות,8400,33.2,1,0,711,516,3,513,78,66,23,5,130,89,0,0,0,14,45,58,5
13,6406,רחובות,8400,33.3,1,0,711,495,2,493,32,35,3,30,91,207,0,0,0,11,39,45,0
13,6407,רחובות,8400,33.4,1,0,711,531,1,530,67,32,24,4,137,103,0,0,0,54,65,41,3
13,6408,רחובות,8400,33.5,1,0,711,515,1,514,58,23,20,5,183,144,0,0,0,1,67,12,1
13,6409,רחובות,8400,33.6,1,0,711,499,3,496,29,30,17,0,117,159,0,0,0,14,60,54,16
13,6410,רחובות,8400,33.7,1,0,706,515,5,510,43,27,1,28,123,176,0,0,0,16,57,36,3
13,6411,רחובות,8400,39.0,10,0,628,302,1,301,70,46,58,18,6,0,0,0,0,6,14,70,13
13,6412,רחובות,8400,41.0,10,0,660,389,1,388,37,98,35,79,8,1,2,0,0,7,20,99,2
13,6413,רחובות,8400,45.0,10,0,690,459,2,457,109,58,31,82,3,3,2,0,0,9,34,112,14
13,6414,רחובות,8400,48.1,19,0,707,507,0,507,65,39,14,1,187,68,0,0,0,11,78,36,8
13,6415,רחובות,8400,48.2,19,0,707,474,1,473,46,26,8,6,92,32,0,0,0,37,106,110,10
13,6416,רחובות,8400,48.3,19,0,707,471,4,467,11,39,2,2,101,143,0,0,0,18,75,70,6
13,6417,רחובות,8400,48.4,19,0,707,504,3,501,69,82,10,13,165,66,0,0,0,5,47,31,13
13,6418,רחובות,8400,48.5,19,0,707,459,2,457,72,35,8,20,149,56,0,0,0,18,48,45,6
13,6419,רחובות,8400,48.6,19,0,707,507,2,505,48,29,43,1,162,95,0,0,0,17,61,45,4
13,6420,רחובות,8400,48.7,19,0,707,451,4,447,82,25,16,17,40,101,0,0,0,45,49,67,5
13,6421,רחובות,8400,48.8,19,0,702,480,3,477,44,15,9,2,148,98,0,0,0,39,62,47,13
13,6422,רחובות,8400,55.1,7,0,565,317,5,312,121,51,9,4,50,1,0,0,0,31,23,21,1
13,6423,רחובות,8400,55.2,7,0,565,333,1,332,92,47,5,10,64,6,0,0,0,1,55,43,9
13,6424,רחובות,8400,55.3,7,0,564,322,4,318,89,42,12,15,51,17,0,0,0,28,17,35,12
13,6425,רחובות,8400,58.1,33,0,697,457,3,454,111,52,9,4,93,3,4,0,0,35,82,59,2
13,6426,רחובות,8400,58.2,33,0,697,481,1,480,137,55,31,16,43,0,0,0,0,23,83,81,11
13,6427,רחובות,8400,58.3,33,0,697,500,1,499,96,76,8,6,108,20,0,0,0,39,92,49,5
13,6428,רחובות,8400,58.4,33,0,697,481,0,481,135,27,26,3,99,25,2,0,0,56,27,79,2
13,6429,רחובות,8400,58.5,33,0,697,451,2,449,124,32,31,36,76,7,0,0,0,33,33,55,22
13,6430,רחובות,8400,58.6,33,0,691,434,2,432,80,42,34,19,45,20,0,3,0,41,47,94,7
13,6431,רחובות,8400,73.0,54,0,658,426,0,426,110,67,3,31,60,11,0,0,0,36,25,54,29
13,6432,רחובות,8400,74.0,54,0,628,399,3,396,135,38,9,5,46,17,17,0,0,15,61,50,3
13,6433,רחובות,8400,80.0,45,0,608,451,0,451,90,42,26,27,3,8,0,0,0,5,71,147,32
13,6434,רחובות,8400,84.0,35,0,598,435,0,435,32,65,3,1,65,30,0,0,0,59,73,105,2
13,6435,רחובות,8400,88.0,45,0,750,533,8,525,181,60,17,53,39,2,0,0,0,8,25,138,2
13,6436,רחובות,8400,89.0,46,0,533,383,3,380,58,80,23,43,7,3,0,0,0,13,23,125,5
13,6437,רחובות,8400,94.1,2,0,720,496,1,495,95,104,44,39,7,0,4,0,0,1,37,145,19
13,6438,רחובות,8400,94.2,2,0,720,487,0,487,15,130,28,89,15,0,10,0,0,24,16,132,28
13,6439,רחובות,8400,94.3,2,0,720,495,0,495,24,115,62,102,2,1,11,0,0,2,22,117,37
13,6440,רחובות,8400,94.4,2,0,720,527,4,523,38,113,19,100,5,0,0,0,0,10,25,211,2
13,6441,רחובות,8400,94.5,2,0,720,484,1,483,20,121,29,109,0,0,1,0,0,6,18,133,46
13,6442,רחובות,8400,94.6,2,0,720,435,4,431,34,120,70,53,0,1,4,0,0,11,11,117,10
13,6443,רחובות,8400,94.7,2,0,720,477,2,475,70,102,19,84,4,1,2,0,0,8,24,123,38
13,6444,רחובות,8400,94.8,2,0,717,449,0,449,54,78,44,96,1,17,0,0,0,2,1,141,15
13,6445,רחובות,8400,95.1,26,0,659,444,2,442,53,99,19,66,20,0,4,0,0,9,20,136,16
13,6446,רחובות,8400,95.2,26,0,659,431,3,428,62,67,62,98,1,2,0,0,0,16,15,81,24
13,6447,רחובות,8400,95.3,26,0,659,436,1,435,50,24,78,104,14,3,0,0,0,6,45,88,23
13,6448,רחובות,8400,95.4,26,0,659,391,0,391,45,124,17,65,10,1,12,0,0,7,7,78,25
13,6449,רחובות,8400,95.5,26,0,659,401,2,399,48,100,23,54,0,0,16,0,0,1,9,143,5
13,6450,רחובות,8400,95.6,26,0,654,440,1,439,35,57,25,57,33,2,31,0,0,8,0,173,18
13,6451,רחובות,8400,103.0,46,0,707,528,0,528,91,101,10,103,33,13,0,0,0,20,33,84,40
13,6452,רחובות,8400,105.1,12,0,711,491,4,487,51,28,14,18,104,84,1,0,0,50,76,48,13
13,6453,רחובות,8400,105.2,12,0,711,528,1,527,53,57,22,20,47,156,0,0,1,84,51,36,0
13,6454,רחובות,8400,105.3,12,0,711,505,0,505,90,36,21,18,53,13,0,0,0,9,73,136,56
13,6455,רחובות,8400,105.4,12,0,708,447,3,444,88,50,6,38,22,38,0,0,0,48,77,76,1
13,6456,רחובות,8400,106.0,35,0,504,379,0,379,29,14,8,0,104,134,3,0,0,20,51,16,0
13,6457,רחובות,8400,107.0,35,0,453,329,3,326,66,61,7,15,49,18,0,0,0,7,57,33,13
13,6458,רחובות,8400,109.0,10,0,510,306,2,304,47,81,23,15,29,4,0,0,1,2,12,82,8
13,6459,רחובות,8400,113.0,10,0,478,249,0,249,56,31,12,53,3,17,1,0,0,6,21,40,9
13,6460,רחובות,8400,122.1,32,0,591,443,0,443,36,46,40,82,60,28,0,0,0,21,51,50,29
13,6461,רחובות,8400,122.2,32,0,591,446,1,445,78,71,40,7,67,13,0,0,0,44,35,76,14
13,6462,רחובות,8400,122.3,32,0,591,434,0,434,89,84,39,13,36,11,0,0,0,11,77,65,9
13,6463,רחובות,8400,122.4,32,0,589,443,1,442,117,67,32,11,27,6,0,0,0,14,56,110,2
13,6464,רחובות,8400,123.1,41,0,698,524,4,520,53,54,11,15,56,96,0,0,0,49,111,71,4
13,6465,רחובות,8400,123.2,41,0,698,528,1,527,84,49,17,31,43,72,0,0,0,29,63,125,14
13,6466,רחובות,8400,123.3,41,0,697,537,1,536,97,65,12,50,70,37,0,0,0,42,78,74,11
13,6467,רחובות,8400,127.1,25,0,657,494,2,492,84,84,49,30,22,5,0,9,0,39,52,103,15
13,6468,רחובות,8400,127.2,25,0,657,491,0,491,104,52,34,47,10,13,0,1,6,19,63,123,19
13,6469,רחובות,8400,127.3,25,0,657,478,1,477,61,78,40,41,10,4,0,0,0,32,49,122,40
13,6470,רחובות,8400,127.4,25,0,657,487,2,485,84,138,43,27,12,1,0,0,1,20,18,118,23
13,6471,רחובות,8400,129.1,58,0,716,414,4,410,69,31,43,22,83,0,0,0,0,22,68,64,8
13,6472,רחובות,8400,129.2,58,0,716,398,4,394,95,45,18,4,31,6,0,0,0,50,100,38,7
13,6473,רחובות,8400,129.3,58,0,716,405,3,402,90,40,35,17,85,1,0,0,0,7,40,82,5
13,6474,רחובות,8400,142.1,18,0,675,468,1,467,69,43,40,76,21,15,0,8,1,12,60,104,18
13,6475,רחובות,8400,142.2,18,0,675,434,0,434,55,81,41,53,5,6,0,0,0,6,8,166,13
13,6476,רחובות,8400,142.3,18,0,675,470,1,469,22,131,12,118,4,20,0,0,0,6,19,107,30
13,6477,רחובות,8400,142.4,18,0,675,466,0,466,59,117,23,53,7,27,8,0,0,3,14,132,23
13,6478,רחובות,8400,142.5,18,0,675,451,2,449,38,115,37,74,10,13,0,0,0,2,44,94,22
13,6479,רחובות,8400,142.6,18,0,675,434,6,428,25,116,12,56,33,14,2,0,0,6,15,138,11
13,6480,רחובות,8400,142.7,18,0,675,435,0,435,36,73,45,66,7,34,14,0,0,5,56,87,12
13,6481,רחובות,8400,142.8,18,0,673,456,0,456,20,73,30,115,16,4,2,0,0,41,12,139,4
13,6482,רחובות,8400,153.1,27,0,691,482,1,481,24,96,53,57,9,21,5,0,0,15,15,162,24
13,6483,רחובות,8400,153.2,27,0,691,500,1,499,83,64,35,104,6,7,0,0,0,66,16,95,23
13,6484,רחובות,8400,153.3,27,0,690,504,3,501,30,95,30,119,1,17,0,0,0,35,17,137,20
13,6485,רחובות,8400,158.1,47,0,644,511,1,510,54,161,27,67,5,4,0,0,0,6,20,158,8
13,6486,רחובות,8400,158.2,47,0,644,527,3,524,40,130,32,126,0,0,1,0,0,7,6,150,32
13,6487,רחובות,8400,158.3,47,0,644,536,1,535,62,109,39,87,46,5,0,0,0,3,17,124,43
13,6488,רחובות,8400,158.4,47,0,644,529,2,527,21,193,46,66,0,4,0,0,0,4,16,137,40
13,6489,רחובות,8400,158.5,47,0,644,523,0,523,63,134,32,66,1,0,1,0,0,22,35,161,8
13,6490,רחובות,8400,158.6,47,0,644,540,0,540,39,164,40,72,3,0,0,0,0,7,10,189,16
13,6491,רחובות,8400,163.1,52,0,697,590,1,589,52,119,69,86,10,0,3,0,0,4,48,176,22
13,6492,רחובות,8400,163.2,52,0,697,590,1,589,108,112,51,97,4,12,0,5,0,5,21,146,28
13,6493,רחובות,8400,163.3,52,0,697,584,1,583,80,168,40,74,0,22,0,0,0,1,12,157,29
13,6494,רחובות,8400,163.4,52,0,697,570,0,570,50,205,59,51,15,0,0,0,0,10,26,153,1
13,6495,רחובות,8400,173.0,54,0,622,420,3,417,143,80,4,10,31,0,0,0,0,17,28,98,6
13,6496,רחובות,8400,2.0,14,0,631,336,5,331,98,21,4,19,52,15,0,0,0,29,39,47,7
13,6497,רחובות,8400,4.1,22,0,611,317,3,314,128,63,4,5,34,14,0,0,0,14,15,27,10
13,6498,רחובות,8400,4.2,22,0,611,294,4,290,87,12,11,9,34,8,0,8,0,4,23,91,3
13,6499,רחובות,8400,4.3,22,0,611,323,6,317,95,30,6,0,48,0,0,0,0,24,54,45,15
13,6500,רחובות,8400,4.4,22,0,611,317,5,312,92,17,26,18,30,9,0,0,0,40,31,43,6
13,6501,רחובות,8400,4.5,22,0,610,299,2,297,72,43,13,17,33,0,0,0,0,12,45,58,4
13,6502,רחובות,8400,11.0,43,0,441,247,0,247,33,36,27,20,1,1,0,0,0,3,5,102,19
13,6503,רחובות,8400,13.0,43,0,650,462,2,460,31,92,48,87,0,0,13,1,0,0,12,154,22
13,6504,רחובות,8400,15.1,4,0,648,356,3,353,117,22,15,15,35,7,0,0,0,23,36,71,12
13,6505,רחובות,8400,15.2,4,0,648,317,5,312,67,19,10,6,67,4,0,0,0,44,47,46,2
13,6506,רחובות,8400,15.3,4,0,648,377,1,376,80,48,32,8,61,18,1,0,0,18,52,42,16
13,6507,רחובות,8400,15.4,4,0,647,345,0,345,71,25,8,5,21,11,0,0,0,20,51,112,21
13,6508,רחובות,8400,16.0,44,0,707,450,3,447,89,66,37,83,8,1,0,0,0,26,14,111,12
13,6509,רחובות,8400,18.0,44,0,625,383,0,383,66,61,5,15,15,1,0,0,0,7,64,120,29
13,6510,רחובות,8400,19.0,5,0,643,452,2,450,64,82,31,76,13,2,0,0,0,10,27,125,20
13,6511,רחובות,8400,20.1,51,0,614,436,1,435,69,96,56,32,19,1,0,0,0,9,30,109,14
13,6512,רחובות,8400,20.2,51,0,614,426,2,424,78,78,39,29,10,1,0,0,0,26,19,117,27
13,6513,רחובות,8400,20.3,51,0,614,427,1,426,64,58,32,44,23,7,0,0,0,4,34,97,63
13,6514,רחובות,8400,20.4,51,0,614,435,3,432,98,57,17,27,11,0,0,0,0,13,5,146,58
13,6515,רחובות,8400,20.5,51,0,613,418,1,417,63,116,15,18,7,0,0,0,0,8,57,119,14
13,6516,רחובות,8400,21.1,9,0,746,496,2,494,70,144,31,118,0,0,1,0,0,5,17,91,17
13,6517,רחובות,8400,21.2,9,0,746,492,1,491,53,136,11,128,1,0,15,0,0,13,18,107,9
13,6518,רחובות,8400,21.3,9,0,746,509,0,509,69,112,19,69,1,17,17,0,0,5,7,175,18
13,6519,רחובות,8400,21.4,9,0,746,540,1,539,31,129,85,54,0,7,2,0,1,5,13,197,15
13,6520,רחובות,8400,21.5,9,0,746,450,3,447,49,70,27,80,9,0,6,0,0,1,32,152,21
13,6521,רחובות,8400,21.6,9,0,746,482,2,480,41,99,36,67,2,1,2,0,0,8,3,195,26
13,6522,רחובות,8400,21.7,9,0,744,518,1,517,55,146,26,113,12,0,2,0,0,9,7,144,3
13,6523,רחובות,8400,23.1,28,0,544,370,2,368,83,68,39,24,18,5,0,0,0,10,33,83,5
13,6524,רחובות,8400,23.2,28,0,544,367,3,364,59,70,34,57,3,6,5,0,0,14,20,85,11
13,6525,רחובות,8400,23.3,28,0,544,339,1,338,92,43,27,53,16,9,0,0,0,2,33,54,9
13,6526,רחובות,8400,24.1,17,0,735,438,2,436,41,114,12,71,3,0,0,0,0,5,39,116,35
13,6527,רחובות,8400,24.2,17,0,735,462,1,461,52,98,100,59,2,2,0,0,0,2,15,117,14
13,6528,רחובות,8400,24.3,17,0,735,453,3,450,40,62,75,68,5,4,3,0,0,0,21,163,9
13,6529,רחובות,8400,24.4,17,0,735,496,1,495,67,76,31,49,3,24,0,0,1,6,21,179,38
13,6530,רחובות,8400,24.5,17,0,735,485,6,479,71,83,45,56,5,0,0,1,0,18,25,114,61
13,6531,רחובות,8400,24.6,17,0,735,471,2,469,63,82,23,46,3,35,0,0,0,1,7,187,22
13,6532,רחובות,8400,24.7,17,0,735,408,1,407,30,71,59,120,5,1,2,0,0,10,23,72,14
13,6533,רחובות,8400,24.8,17,0,731,482,0,482,56,133,47,106,10,5,1,0,0,30,4,85,5
13,6534,רחובות,8400,60.0,20,0,636,472,2,470,80,92,17,55,6,33,0,7,0,2,16,136,26
13,6535,רחובות,8400,61.0,20,0,481,315,1,314,19,72,22,37,9,0,23,0,0,9,9,109,5
13,6536,רחובות,8400,70.1,13,0,630,418,1,417,76,48,2,37,47,4,0,0,0,30,53,113,7
13,6537,רחובות,8400,70.2,13,0,630,447,3,444,89,55,7,31,51,6,0,0,0,16,55,131,3
13,6538,רחובות,8400,70.3,13,0,630,441,0,441,95,71,31,19,44,4,0,0,0,5,41,115,16
13,6539,רחובות,8400,70.4,13,0,630,420,0,420,87,41,25,26,22,10,0,0,0,22,55,93,39
13,6540,רחובות,8400,70.5,13,0,628,468,5,463,176,57,29,11,16,6,0,0,0,13,59,89,7
13,6541,רחובות,8400,71.1,24,0,735,452,1,451,120,128,9,34,11,2,0,0,0,13,63,58,13
13,6542,רחובות,8400,71.2,24,0,735,495,8,487,138,42,32,16,31,12,2,0,0,19,85,85,25
13,6543,רחובות,8400,104.1,6,0,749,458,3,455,102,48,15,74,36,1,0,0,0,24,43,86,26
13,6544,רחובות,8400,104.2,6,0,749,478,4,474,145,82,18,16,41,7,0,1,0,24,79,50,11
13,6545,רחובות,8400,104.3,6,0,749,475,1,474,133,50,9,20,36,3,0,0,0,40,59,108,16
13,6546,רחובות,8400,108.0,14,0,737,472,5,467,112,64,14,37,26,16,0,0,0,14,74,105,5
13,6547,רחובות,8400,132.1,50,0,608,471,0,471,79,103,25,42,25,3,0,0,0,28,13,140,13
13,6548,רחובות,8400,132.2,50,0,608,477,1,476,22,106,45,52,30,5,0,0,0,9,21,172,14
13,6549,רחובות,8400,132.3,50,0,608,457,2,455,70,74,37,33,18,7,0,0,0,5,42,155,14
13,6550,רחובות,8400,132.4,50,0,608,461,0,461,36,122,72,15,16,22,5,0,0,3,40,108,22
13,6551,רחובות,8400,132.5,50,0,607,483,0,483,69,173,38,77,22,0,0,0,0,1,10,72,21
13,6552,רחובות,8400,134.1,11,0,751,507,2,505,34,99,27,122,23,3,14,0,0,3,5,163,12
13,6553,רחובות,8400,134.2,11,0,751,495,0,495,51,121,18,149,2,1,6,0,0,5,18,116,8
13,6554,רחובות,8400,134.3,11,0,749,508,1,507,56,107,27,109,2,4,0,0,0,1,11,173,17
13,6555,רחובות,8400,145.1,42,0,717,419,3,416,132,78,23,41,13,0,0,0,0,26,45,54,4
13,6556,רחובות,8400,145.2,42,0,717,394,4,390,82,51,42,18,51,2,0,0,0,25,39,76,4
13,6557,רחובות,8400,145.3,42,0,716,359,2,357,92,73,29,31,15,1,0,0,0,14,26,61,15
13,6558,רחובות,8400,147.1,3,0,636,386,2,384,54,63,27,26,16,7,0,0,0,24,39,127,1
13,6559,רחובות,8400,147.2,3,0,636,395,2,393,83,68,26,8,15,8,0,0,0,36,28,113,8
13,6560,רחובות,8400,147.3,3,0,636,428,2,426,155,15,6,8,52,2,0,0,0,25,45,107,11
13,6561,רחובות,8400,147.4,3,0,636,407,3,404,75,96,42,8,26,3,0,0,0,24,30,76,24
13,6562,רחובות,8400,147.5,3,0,636,373,2,371,91,33,30,18,37,5,0,0,0,14,23,81,39
13,6563,רחובות,8400,147.6,3,0,636,411,4,407,86,60,35,30,17,0,28,0,0,8,27,97,19
13,6564,רחובות,8400,150.0,5,0,665,453,1,452,105,48,6,47,32,1,1,0,0,3,27,127,55
13,6565,רחובות,8400,152.1,40,0,510,423,1,422,30,80,39,57,0,17,0,0,0,22,10,149,18
13,6566,רחובות,8400,152.2,40,0,510,409,1,408,42,96,46,49,24,1,0,0,0,4,9,125,12
13,6567,רחובות,8400,152.3,40,0,508,419,1,418,28,113,23,61,3,1,0,0,0,1,14,162,12
13,6568,רחובות,8400,155.0,56,0,637,502,1,501,91,89,25,35,52,0,1,0,0,3,51,114,40
13,6569,רחובות,8400,159.0,43,0,479,343,1,342,29,52,15,83,3,0,0,0,0,13,11,127,9
13,6570,רחובות,8400,161.0,56,0,678,529,0,529,81,90,35,58,29,3,3,0,0,22,77,130,1
13,6571,רחובות,8400,162.1,53,0,440,329,0,329,48,79,34,44,5,0,0,1,0,3,31,77,7
13,6572,רחובות,8400,162.2,53,0,439,322,0,322,21,83,42,28,8,3,0,0,0,17,23,82,15
13,6573,רחובות,8400,165.1,48,0,603,461,1,460,126,96,25,9,13,0,0,0,0,24,13,131,23
13,6574,רחובות,8400,165.2,48,0,603,494,1,493,93,91,16,27,22,4,0,0,0,10,45,148,37
13,6575,רחובות,8400,165.3,48,0,603,456,0,456,87,88,22,32,21,5,0,0,0,10,42,110,39
13,6576,רחובות,8400,165.4,48,0,602,483,0,483,102,115,22,36,14,1,0,11,0,5,22,127,28
13,6577,רחובות,8400,169.1,21,0,721,519,2,517,114,67,73,40,39,15,0,0,0,26,53,82,8
13,6578,רחובות,8400,169.2,21,0,721,523,2,521,127,77,15,33,25,0,0,0,0,14,51,149,30
13,6579,רחובות,8400,169.3,21,0,721,485,4,481,85,83,46,30,35,0,30,0,3,9,60,93,7
13,6580,רחובות,8400,172.1,23,0,646,488,8,480,73,55,19,41,31,8,1,0,0,39,58,126,29
13,6581,רחובות,8400,172.2,23,0,646,483,4,479,86,84,22,63,14,18,0,0,0,3,25,157,7
13,6582,רחובות,8400,172.3,23,0,646,472,0,472,113,72,22,52,10,1,0,0,0,6,34,138,24
13,6583,רחובות,8400,172.4,23,0,646,476,3,473,66,121,55,25,4,0,0,0,0,9,24,153,16
13,6584,רחובות,8400,172.5,23,0,642,486,4,482,40,150,45,60,8,1,0,19,0,8,31,115,5
13,6585,רחובות,8400,175.0,56,0,585,423,3,420,101,76,11,15,38,10,0,0,0,14,23,128,4
19,11119,רעננה,8700,2.0,9,0,591,369,1,368,38,76,15,19,47,14,0,0,0,9,20,98,32
19,11120,רעננה,8700,4.1,11,0,599,414,3,411,99,53,20,16,95,9,0,0,0,1,19,87,12
19,11121,רעננה,8700,4.2,11,0,598,434,0,434,105,28,47,51,41,22,0,0,0,24,46,66,4
19,11122,רעננה,8700,5.1,13,0,610,425,3,422,93,57,15,30,42,25,8,0,0,16,46,67,23
19,11123,רעננה,8700,5.2,13,0,610,447,2,445,139,20,2,13,43,17,0,0,0,60,63,74,14
19,11124,רעננה,8700,5.3,13,0,608,410,0,410,40,52,18,57,40,3,1,0,0,40,89,61,9
19,11125,רעננה,8700,10.0,15,0,744,441,1,440,73,96,12,90,14,3,0,1,0,4,18,106,23
19,11126,רעננה,8700,12.0,9,0,711,469,3,466,47,141,26,47,25,16,0,0,0,25,35,98,6
19,11127,רעננה,8700,14.0,37,0,580,398,2,396,25,122,24,47,8,2,1,0,0,3,10,150,4
19,11128,רעננה,8700,17.0,37,0,650,384,2,382,34,71,17,48,59,4,0,0,0,6,10,108,25
19,11129,רעננה,8700,18.0,17,0,622,430,2,428,53,125,21,39,2,0,0,0,0,6,6,159,17
19,11130,רעננה,8700,20.1,20,0,668,403,1,402,39,58,16,44,21,21,0,0,0,33,20,129,21
19,11131,רעננה,8700,20.2,20,0,668,438,4,434,150,66,18,12,33,17,0,0,0,11,11,114,2
19,11132,רעננה,8700,20.3,20,0,668,397,4,393,42,40,7,39,48,2,0,0,0,12,40,145,18
19,11133,רעננה,8700,20.4,20,0,665,426,3,423,60,116,16,35,11,5,5,0,0,12,46,100,17
19,11134,רעננה,8700,24.1,14,0,663,437,2,435,91,35,6,54,47,2,0,0,0,40,19,126,15
19,11135,רעננה,8700,24.2,14,0,663,446,0,446,24,102,14,39,25,1,0,0,0,27,50,122,42
19,11136,רעננה,8700,24.3,14,0,663,437,2,435,58,62,17,21,46,1,12,0,0,47,70,94,7
19,11137,רעננה,8700,24.4,14,0,663,424,1,423,42,100,36,28,26,10,0,0,0,25,55,80,21
19,11138,רעננה,8700,24.5,14,0,662,432,2,430,24,84,20,40,43,14,0,1,0,7,42,136,19
19,11139,רעננה,8700,27.0,25,0,644,427,1,426,36,141,4,29,11,8,5,0,0,15,31,126,20
19,11140,רעננה,8700,33.0,1,0,540,341,2,339,91,80,12,27,20,0,0,0,0,6,13,81,9
19,11141,רעננה,8700,34.0,25,0,686,419,0,419,88,85,5,36,31,4,0,0,0,19,20,118,13
19,11142,רעננה,8700,36.0,15,0,713,445,3,442,113,81,21,48,54,18,0,0,1,7,22,70,7
19,11143,רעננה,8700,37.0,1,0,560,364,0,364,76,67,12,33,5,0,0,0,0,10,42,94,25
19,11144,רעננה,8700,39.0,15,0,632,388,5,383,97,66,23,33,23,8,1,0,0,5,28,60,39
19,11145,רעננה,8700,41.1,7,0,659,424,0,424,101,75,14,38,25,3,0,1,0,17,23,110,17
19,11146,רעננה,8700,41.2,7,0,659,433,2,431,36,94,9,76,28,4,0,5,0,27,25,99,28
19,11147,רעננה,8700,41.3,7,0,659,412,4,408,60,89,34,62,29,2,1,0,1,20,10,89,11
19,11148,רעננה,8700,41.4,7,0,659,435,0,435,74,98,22,57,20,6,4,0,0,9,29,87,29
19,11149,רעננה,8700,41.5,7,0,659,426,1,425,98,48,3,51,8,2,0,0,0,1,65,141,8
19,11150,רעננה,8700,41.6,7,0,659,435,1,434,47,90,16,66,11,6,0,0,0,9,53,123,13
19,11151,רעננה,8700,41.7,7,0,659,453,0,453,26,123,19,26,45,6,0,0,0,28,35,108,37
19,11152,רעננה,8700,42.1,8,0,626,422,1,421,51,71,25,56,63,1,0,0,0,23,50,74,7
19,11153,רעננה,8700,42.2,8,0,626,422,1,421,52,114,34,17,42,14,0,0,0,12,18,107,11
19,11154,רעננה,8700,42.3,8,0,625,413,1,412,68,53,16,64,5,6,0,0,0,7,33,144,16
19,11155,רעננה,8700,47.1,41,0,711,458,1,457,45,87,22,32,61,4,0,0,0,11,10,181,4
19,11156,רעננה,8700,47.2,41,0,711,464,2,462,51,119,26,51,49,6,0,1,0,22,19,112,6
19,11157,רעננה,8700,47.3,41,0,711,499,1,498,88,71,14,80,26,8,0,0,0,33,31,132,15
19,11158,רעננה,8700,47.4,41,0,711,467,4,463,18,57,21,55,32,18,0,0,0,20,27,199,16
19,11159,רעננה,8700,47.5,41,1,707,492,1,491,28,187,4,57,22,3,0,0,0,13,6,136,35
19,11160,רעננה,8700,49.1,19,0,699,461,4,457,56,146,33,31,3,7,0,0,0,29,11,115,26
19,11161,רעננה,8700,49.2,19,0,699,478,0,478,72,132,49,78,15,0,28,0,0,9,3,67,25
19,11162,רעננה,8700,49.3,19,0,697,454,2,452,8,121,35,74,12,8,0,9,0,13,8,144,20
19,11163,רעננה,8700,53.1,2,0,656,386,3,383,42,62,43,57,5,0,4,0,0,19,41,109,1
19,11164,רעננה,8700,53.2,2,0,656,392,0,392,40,53,12,62,15,0,0,0,0,5,49,136,20
19,11165,רעננה,8700,53.3,2,0,656,393,2,391,57,63,52,38,23,7,0,0,0,20,10,117,4
19,11166,רעננה,8700,53.4,2,0,656,406,0,406,57,63,5,44,27,1,0,1,0,2,80,111,15
19,11167,רעננה,8700,53.5,2,0,654,371,1,370,32,89,43,53,22,2,0,2,0,5,15,105,2
19,11168,רעננה,8700,58.1,5,0,750,488,0,488,76,67,44,42,19,11,0,0,0,8,21,180,20
19,11169,רעננה,8700,58.2,5,0,750,536,0,536,22,96,65,111,10,7,0,0,0,1,10,182,32
19,11170,רעננה,8700,58.3,5,0,749,471,5,466,40,86,23,91,32,18,2,0,0,5,21,134,14
19,11171,רעננה,8700,59.1,36,0,741,479,2,477,68,97,18,23,17,9,0,0,0,35,33,142,35
19,11172,רעננה,8700,59.2,36,0,741,488,1,487,71,107,61,37,8,4,0,0,0,6,14,157,22
19,11173,רעננה,8700,59.3,36,0,741,448,0,448,87,101,14,37,26,22,6,0,0,17,12,117,9
19,11174,רעננה,8700,59.4,36,0,741,472,1,471,138,74,11,71,38,6,1,0,0,3,5,106,18
19,11175,רעננה,8700,59.5,36,0,741,471,0,471,31,100,41,76,63,17,1,0,0,3,21,117,1
19,11176,רעננה,8700,61.0,1,0,580,396,0,396,36,107,32,70,10,11,0,0,0,4,25,85,16
19,11177,רעננה,8700,65.0,17,0,613,447,1,446,38,122,45,53,7,0,0,0,0,0,7,155,19
19,11178,רעננה,8700,67.0,1,0,636,429,1,428,21,91,42,81,1,2,1,0,0,0,38,136,15
19,11179,רעננה,8700,68.0,1,0,572,436,0,436,27,60,37,106,25,2,3,0,0,16,8,149,3
19,11180,רעננה,8700,69.1,16,0,725,509,0,509,63,68,25,45,54,11,1,0,0,3,23,203,13
19,11181,רעננה,8700,69.2,16,0,725,513,0,513,47,152,19,50,1,0,0,0,0,2,16,189,37
19,11182,רעננה,8700,69.3,16,0,725,518,1,517,88,191,23,43,2,1,0,0,0,5,9,131,24
19,11183,רעננה,8700,69.4,16,0,725,496,0,496,23,114,32,152,0,0,0,0,0,3,7,155,10
19,11184,רעננה,8700,69.5,16,0,720,490,3,487,60,91,19,92,8,13,16,0,0,0,35,119,34
19,11185,רעננה,8700,72.1,12,0,604,420,0,420,18,114,14,92,18,1,0,0,0,0,12,131,20
19,11186,רעננה,8700,72.2,12,0,604,393,2,391,15,79,34,42,1,3,0,0,0,4,5,175,33
19,11187,רעננה,8700,72.3,12,0,604,399,0,399,14,97,47,58,13,7,5,0,0,2,6,137,13
19,11188,רעננה,8700,72.4,12,0,604,407,1,406,27,102,25,33,9,8,0,0,0,13,10,155,24
19,11189,רעננה,8700,72.5,12,0,600,429,0,429,42,65,64,68,2,4,2,0,0,4,6,143,29
19,11190,רעננה,8700,74.0,15,0,617,455,0,455,72,133,26,59,5,3,9,0,0,5,8,119,16
19,11191,רעננה,8700,80.0,9,0,747,505,1,504,101,106,7,51,17,7,1,1,0,10,53,130,20
19,11192,רעננה,8700,81.1,18,0,679,440,0,440,43,107,41,52,22,6,0,0,0,9,28,122,10
19,11193,רעננה,8700,81.2,18,0,679,478,2,476,42,102,24,48,54,4,0,0,0,6,8,157,31
19,11194,רעננה,8700,81.3,18,0,679,424,1,423,45,79,71,38,32,12,2,0,0,13,19,103,9
19,11195,רעננה,8700,81.4,18,0,677,452,2,450,12,91,58,78,5,18,3,0,0,9,8,157,11
19,11196,רעננה,8700,83.0,1,0,522,376,2,374,33,59,37,57,5,1,1,0,0,4,22,128,27
19,11197,רעננה,8700,86.1,44,0,703,534,1,533,90,114,47,106,1,2,1,0,0,18,6,125,23
19,11198,רעננה,8700,86.2,44,0,703,537,4,533,19,175,35,85,11,1,1,0,0,1,6,185,14
19,11199,רעננה,8700,86.3,44,0,703,517,1,516,56,113,82,97,1,3,1,0,0,2,11,132,18
19,11200,רעננה,8700,86.4,44,1,702,552,3,549,39,193,47,45,0,2,0,0,0,9,9,174,31
19,11201,רעננה,8700,88.0,37,0,655,446,2,444,59,126,25,40,2,6,0,0,0,3,15,125,43
19,11202,רעננה,8700,90.1,35,0,719,470,2,468,67,93,21,64,45,4,0,0,0,25,16,131,2
19,11203,רעננה,8700,90.2,35,0,719,486,2,484,27,116,10,37,22,3,0,0,0,12,79,173,5
19,11204,רעננה,8700,90.3,35,0,719,496,0,496,105,78,1,70,30,1,3,0,0,13,55,102,38
19,11205,רעננה,8700,90.4,35,0,719,486,1,485,123,104,18,53,15,4,0,0,0,16,27,117,8
19,11206,רעננה,8700,90.5,35,0,719,500,1,499,45,106,14,41,15,0,0,0,0,46,17,197,18
19,11207,רעננה,8700,90.6,35,0,716,492,1,491,25,73,15,58,4,5,0,0,0,35,53,187,36
19,11208,רעננה,8700,91.1,32,0,640,331,2,329,47,68,19,57,6,0,0,0,0,6,11,100,15
19,11209,רעננה,8700,91.2,32,0,640,316,1,315,59,61,8,39,1,21,0,0,0,14,19,84,9
19,11210,רעננה,8700,91.3,32,0,640,321,3,318,44,94,6,39,11,5,0,0,0,10,23,83,3
19,11211,רעננה,8700,91.4,32,0,640,319,3,316,29,111,11,22,3,0,0,0,0,3,20,63,54
19,11212,רעננה,8700,91.5,32,0,640,328,0,328,30,47,54,55,0,9,0,0,0,5,8,95,25
19,11213,רעננה,8700,92.0,37,0,684,479,2,477,68,126,40,75,7,5,0,0,0,7,6,116,27
19,11214,רעננה,8700,93.1,6,0,732,486,1,485,81,103,23,71,48,25,0,0,0,13,31,79,11
19,11215,רעננה,8700,93.2,6,0,732,502,2,500,70,137,36,43,53,0,0,0,0,3,30,118,10
19,11216,רעננה,8700,93.3,6,0,732,508,0,508,78,47,20,79,34,2,4,0,0,8,60,175,1
19,11217,רעננה,8700,93.4,6,0,729,509,3,506,64,96,23,91,46,6,0,0,0,8,24,133,15
19,11218,רעננה,8700,95.0,17,1,731,463,2,461,32,145,44,46,11,2,5,0,0,12,21,117,26
19,11219,רעננה,8700,97.1,42,0,742,556,5,551,73,146,66,59,11,0,4,0,0,2,4,170,16
19,11220,רעננה,8700,97.2,42,0,742,542,12,530,44,130,11,63,10,1,0,0,0,6,19,176,70
19,11221,רעננה,8700,97.3,42,0,742,552,2,550,51,175,49,36,6,0,0,0,0,8,28,182,15
19,11222,רעננה,8700,99.1,45,0,384,310,1,309,29,87,30,32,10,0,0,0,0,2,2,107,10
19,11223,רעננה,8700,99.2,45,0,383,309,1,308,23,96,34,30,5,0,0,0,0,3,3,82,32
19,11224,רעננה,8700,102.0,46,0,742,593,2,591,81,137,28,48,20,0,0,1,0,17,47,190,22
19,11225,רעננה,8700,106.1,48,0,729,610,3,607,63,157,31,77,1,4,0,0,0,4,7,218,45
19,11226,רעננה,8700,106.2,48,0,729,584,0,584,75,170,46,66,17,0,0,0,3,4,24,160,19
19,11227,רעננה,8700,106.3,48,0,729,609,0,609,57,153,31,79,16,0,0,0,0,8,9,249,7
19,11228,רעננה,8700,106.4,48,0,728,607,0,607,39,238,38,120,1,0,0,0,0,0,12,136,23
19,11229,רעננה,8700,107.0,17,0,627,460,0,460,91,119,64,47,1,1,0,0,0,4,15,108,10
19,11230,רעננה,8700,108.0,9,0,604,411,0,411,76,54,27,46,22,15,1,0,0,26,34,103,7
18,10329,רתמים,1260,1.0,1,0,297,226,0,226,19,23,14,3,0,0,0,0,0,49,56,58,4
2,895,שדות מיכה,27,1.0,2,0,296,210,0,210,62,16,1,0,45,12,0,0,3,11,33,20,7
3,1438,שעל,4009,1.0,1,0,255,195,1,194,31,46,15,12,3,1,0,0,0,3,12,63,8
3,1302,שפר,846,1.0,1,0,343,224,0,224,75,38,4,7,16,6,0,0,0,6,23,42,7
3,1231,אביבים,1115,1.0,1,0,373,271,1,270,88,9,0,0,97,6,0,0,0,17,27,22,4
5,1730,אביטל,2052,1.0,1,0,445,330,1,329,130,15,2,5,23,14,0,0,0,21,46,71,2
3,1411,אודם,4010,1.0,1,0,143,109,1,108,11,24,7,16,0,0,0,0,0,11,11,25,3
9,3911,אור עקיבא,1020,1.0,15,0,698,436,1,435,101,72,48,14,52,13,0,0,0,6,30,84,15
9,3912,אור עקיבא,1020,3.1,1,0,522,316,3,313,109,23,0,5,87,5,0,0,0,15,23,27,19
9,3913,אור עקיבא,1020,3.2,1,1,522,276,0,276,106,49,2,1,59,2,0,0,0,8,21,23,5
9,3914,אור עקיבא,1020,3.3,1,0,520,295,0,295,113,7,2,0,96,1,0,0,0,18,25,22,11
9,3915,אור עקיבא,1020,4.1,5,0,410,275,1,274,46,19,4,9,56,13,0,0,0,20,52,36,19
9,3916,אור עקיבא,1020,4.2,5,0,408,267,3,264,74,17,5,6,46,11,0,0,0,19,30,50,6
9,3917,אור עקיבא,1020,5.0,9,0,597,301,8,293,104,59,32,1,28,2,1,0,0,8,21,22,15
9,3918,אור עקיבא,1020,6.0,7,0,588,380,1,379,107,16,2,1,71,12,0,0,0,35,56,26,53
9,3919,אור עקיבא,1020,7.0,9,0,494,233,0,233,93,9,3,4,11,2,0,0,0,19,66,19,7
9,3920,אור עקיבא,1020,8.0,16,1,637,302,5,297,105,32,1,2,47,2,0,0,0,37,37,30,4
9,3921,אור עקיבא,1020,9.0,12,0,579,348,2,346,104,63,8,5,45,2,0,0,0,21,48,32,18
9,3922,אור עקיבא,1020,10.0,12,0,677,343,4,339,87,56,14,17,27,3,0,0,0,7,54,60,14
9,3923,אור עקיבא,1020,11.0,16,0,561,302,4,298,129,20,11,1,28,3,0,0,1,8,15,69,13
9,3924,אור עקיבא,1020,16.0,13,0,616,363,2,361,88,66,53,17,32,7,0,0,3,13,24,37,21
9,3925,אור עקיבא,1020,17.1,17,0,666,410,3,407,92,38,20,35,51,3,15,0,0,27,57,66,3
9,3926,אור עקיבא,1020,17.2,17,0,666,435,4,431,150,73,23,22,52,10,0,0,0,5,33,45,18
9,3927,אור עקיבא,1020,17.3,17,0,666,406,2,404,64,101,42,7,3,0,0,0,0,11,18,133,25
9,3928,אור עקיבא,1020,17.4,17,0,666,417,3,414,73,66,22,22,7,0,0,0,0,37,44,128,15
9,3929,אור עקיבא,1020,17.5,17,0,666,404,2,402,89,37,22,30,19,1,0,0,0,34,12,136,22
9,3930,אור עקיבא,1020,17.6,17,0,666,391,1,390,90,76,74,25,8,5,0,0,0,10,27,64,11
9,3931,אור עקיבא,1020,17.7,17,0,666,430,3,427,106,67,26,31,34,20,0,0,0,15,19,95,14
9,3932,אור עקיבא,1020,19.0,13,0,598,319,3,316,112,40,41,5,4,9,0,0,0,8,42,49,6
9,3933,אור עקיבא,1020,20.0,6,0,721,396,2,394,78,34,56,31,6,2,0,0,1,13,43,105,25
9,3934,אור עקיבא,1020,21.0,6,0,545,297,1,296,75,54,27,19,2,2,0,0,0,22,44,47,4
9,3935,אור עקיבא,1020,23.0,13,0,668,408,6,402,174,77,22,17,10,4,1,0,0,24,17,35,21
9,3936,אור עקיבא,1020,24.1,14,0,678,486,1,485,113,72,30,4,36,41,0,0,0,30,92,47,20
9,3937,אור עקיבא,1020,24.2,14,0,678,447,2,445,105,85,19,15,27,8,0,0,0,37,47,73,29
9,3938,אור עקיבא,1020,24.3,14,0,678,497,3,494,177,75,24,34,23,11,0,0,0,13,48,57,32
9,3939,אור עקיבא,1020,24.4,14,0,678,484,3,481,131,74,60,25,20,15,0,0,0,18,45,86,7
9,3940,אור עקיבא,1020,24.5,14,0,676,473,4,469,75,57,24,19,51,25,1,0,0,14,62,115,26
3,1412,אורטל,4013,1.0,1,0,289,200,1,199,3,63,10,24,1,0,0,0,0,2,5,86,5
3,1303,איילת השחר,77,1.0,1,0,369,276,0,276,9,66,33,57,1,0,0,0,0,3,7,81,19
3,1304,איילת השחר,77,2.0,1,0,519,391,2,389,9,70,40,106,4,10,0,0,0,2,13,89,46
18,10330,אילת,2600,1.0,9,0,479,148,3,145,31,13,9,7,6,3,5,0,0,6,17,42,6
18,10331,אילת,2600,2.0,9,0,674,213,1,212,46,41,11,27,25,4,0,0,0,10,10,33,5
18,10332,אילת,2600,6.1,4,0,657,218,4,214,101,20,10,8,30,3,3,1,0,3,14,13,8
18,10333,אילת,2600,6.2,4,0,657,218,2,216,61,49,15,18,25,2,1,0,1,3,19,18,4
18,10334,אילת,2600,6.3,4,0,657,197,0,197,66,14,9,4,22,2,0,1,0,27,15,34,3
18,10335,אילת,2600,6.4,4,0,656,174,3,171,47,28,7,20,6,5,0,2,0,1,26,22,7
18,10336,אילת,2600,8.1,2,0,628,170,2,168,57,33,1,14,4,1,0,0,0,6,18,33,1
18,10337,אילת,2600,8.2,2,0,628,155,3,152,38,21,12,6,11,2,8,3,0,1,13,35,2
18,10338,אילת,2600,8.3,2,0,628,160,0,160,55,23,4,5,8,6,0,1,0,2,21,33,2
18,10339,אילת,2600,8.4,2,0,626,131,1,130,33,19,12,5,6,5,0,0,0,1,8,36,5
18,10340,אילת,2600,9.1,23,0,629,233,2,231,81,13,1,16,38,5,0,0,0,4,34,27,12
18,10341,אילת,2600,9.2,23,0,629,218,0,218,42,40,13,4,20,11,0,0,0,5,21,58,4
18,10342,אילת,2600,9.3,23,0,629,200,0,200,49,16,18,2,31,2,0,0,0,14,24,34,10
18,10343,אילת,2600,9.4,23,0,629,196,3,193,48,19,4,11,32,9,3,0,0,1,18,32,16
18,10344,אילת,2600,9.5,23,0,629,173,3,170,40,24,16,7,11,2,0,0,0,7,15,46,2
18,10345,אילת,2600,9.6,23,0,629,164,0,164,41,22,10,8,12,0,1,0,0,8,15,40,7
18,10346,אילת,2600,12.0,3,0,571,189,1,188,35,13,25,44,3,2,1,0,0,3,22,27,13
18,10347,אילת,2600,13.1,5,0,750,242,1,241,44,25,7,17,19,1,0,3,0,20,25,64,16
18,10348,אילת,2600,13.2,5,0,750,277,2,275,102,22,28,19,13,5,0,0,0,5,18,51,12
18,10349,אילת,2600,13.3,5,0,748,216,5,211,66,16,22,13,10,0,3,2,0,1,16,58,4
18,10350,אילת,2600,14.0,3,0,626,190,3,187,41,20,13,10,29,9,0,0,0,4,24,29,8
18,10351,אילת,2600,23.0,9,0,671,226,1,225,95,33,13,6,11,0,0,0,0,13,25,21,8
18,10352,אילת,2600,26.1,17,0,751,335,0,335,112,56,13,13,10,1,10,0,3,7,40,60,10
18,10353,אילת,2600,26.2,17,0,751,274,0,274,70,46,1,20,15,2,0,0,0,3,11,94,12
18,10354,אילת,2600,26.3,17,0,751,365,1,364,140,22,20,35,28,6,1,5,0,6,24,53,24
18,10355,אילת,2600,26.4,17,0,751,301,0,301,67,38,3,47,22,1,12,0,1,3,43,57,7
18,10356,אילת,2600,26.5,17,0,748,291,0,291,49,64,20,25,10,1,0,0,0,4,10,96,12
18,10357,אילת,2600,27.1,13,0,690,347,1,346,78,43,25,4,32,2,0,3,0,13,67,56,23
18,10358,אילת,2600,27.2,13,0,690,375,4,371,87,47,34,18,34,0,0,4,0,12,81,49,5
18,10359,אילת,2600,27.3,13,0,690,351,1,350,51,66,13,18,47,0,1,0,0,8,60,76,10
18,10360,אילת,2600,27.4,13,0,687,342,3,339,96,58,31,18,27,17,0,0,0,8,24,56,4
18,10361,אילת,2600,28.0,14,0,554,257,0,257,53,42,8,20,13,1,0,0,0,8,12,78,22
18,10362,אילת,2600,29.0,14,0,639,367,2,365,73,67,8,40,16,0,0,0,0,2,34,115,10
18,10363,אילת,2600,30.0,6,0,694,208,5,203,52,37,26,3,12,0,5,0,1,9,17,29,12
18,10364,אילת,2600,32.0,12,0,690,236,2,234,82,33,11,13,8,4,0,0,0,17,14,46,6
18,10365,אילת,2600,34.0,6,0,698,308,4,304,84,36,20,5,37,0,1,0,0,26,40,51,4
18,10366,אילת,2600,38.0,12,0,686,300,1,299,73,39,11,13,11,1,0,0,0,11,40,96,4
18,10367,אילת,2600,40.0,14,0,593,321,4,317,61,59,7,21,19,2,1,1,0,13,14,106,13
18,10368,אילת,2600,41.0,20,0,711,168,1,167,37,29,14,3,4,5,1,0,1,4,11,48,10
18,10369,אילת,2600,48.0,14,0,726,379,3,376,77,77,36,12,55,1,0,0,0,15,10,93,0
18,10370,אילת,2600,49.1,7,0,735,253,4,249,86,19,31,9,20,4,0,0,0,7,13,54,6
18,10371,אילת,2600,49.2,7,0,735,235,2,233,75,24,20,14,5,4,0,0,0,7,31,46,7
18,10372,אילת,2600,49.3,7,0,735,227,6,221,44,34,7,15,12,6,0,0,0,19,13,64,7
18,10373,אילת,2600,49.4,7,0,735,198,4,194,33,38,20,22,10,3,6,0,0,5,12,37,8
18,10374,אילת,2600,52.1,8,0,656,248,5,243,93,30,11,6,22,2,0,0,0,11,36,28,4
18,10375,אילת,2600,52.2,8,0,656,214,2,212,61,28,16,11,19,1,0,0,0,6,18,45,7
18,10376,אילת,2600,52.3,8,0,656,206,2,204,70,38,16,2,14,2,0,0,0,6,15,31,10
18,10377,אילת,2600,52.4,8,0,655,176,1,175,41,13,17,8,11,6,1,0,0,16,8,53,1
18,10378,אילת,2600,53.0,12,0,577,224,1,223,42,31,16,11,41,0,0,0,0,5,30,36,11
18,10379,אילת,2600,54.0,12,0,569,235,2,233,112,19,10,3,10,0,0,0,0,16,28,32,3
18,10380,אילת,2600,55.0,14,0,582,338,1,337,43,66,40,22,1,4,2,0,0,2,20,119,18
18,10381,אילת,2600,59.0,19,0,616,374,3,371,132,40,12,17,15,3,0,0,0,24,36,84,8
18,10382,אילת,2600,62.0,3,0,615,176,1,175,35,21,17,5,21,1,7,0,0,10,18,38,2
18,10383,אילת,2600,63.0,9,0,467,126,0,126,34,5,7,10,8,1,1,3,0,6,15,29,7
18,10384,אילת,2600,64.0,12,0,546,146,1,145,41,16,7,6,8,0,0,0,0,6,15,28,18
18,10385,אילת,2600,71.1,15,0,633,305,3,302,97,37,16,10,31,3,2,0,0,11,24,48,23
18,10386,אילת,2600,71.2,15,0,633,306,2,304,82,40,4,14,17,10,0,0,0,15,48,71,3
18,10387,אילת,2600,71.3,15,0,633,311,0,311,83,59,34,9,14,1,3,0,0,6,18,71,13
18,10388,אילת,2600,71.4,15,0,633,274,2,272,79,32,8,42,28,5,0,0,0,2,33,38,5
18,10389,אילת,2600,71.5,15,0,633,262,1,261,106,40,20,7,3,0,0,0,0,5,22,50,8
18,10390,אילת,2600,71.6,15,0,633,279,2,277,44,51,33,11,16,3,0,1,0,8,33,77,0
18,10391,אילת,2600,73.1,18,0,635,324,1,323,108,60,14,20,30,1,0,0,0,11,35,36,8
18,10392,אילת,2600,73.2,18,0,635,298,1,297,62,53,10,16,17,6,0,0,0,11,46,64,12
18,10393,אילת,2600,73.3,18,0,635,333,1,332,51,44,27,17,30,15,12,0,3,5,45,72,11
18,10394,אילת,2600,73.4,18,0,635,308,3,305,86,50,9,22,32,6,0,0,0,11,25,45,19
18,10395,אילת,2600,73.5,18,0,635,292,3,289,81,43,15,28,25,2,0,0,0,7,18,61,9
18,10396,אילת,2600,73.6,18,0,635,334,3,331,110,47,16,32,2,1,0,0,0,29,26,65,3
18,10397,אילת,2600,74.1,16,0,718,398,2,396,101,44,39,12,49,7,1,0,0,21,61,49,12
18,10398,אילת,2600,74.2,16,0,718,387,3,384,119,35,4,8,27,0,0,0,0,42,37,97,15
18,10399,אילת,2600,74.3,16,0,718,412,2,410,111,50,11,14,28,7,0,0,0,8,74,81,26
18,10400,אילת,2600,74.4,16,0,718,408,3,405,101,37,0,17,15,0,1,0,0,14,50,150,20
18,10401,אילת,2600,74.5,16,0,718,384,5,379,116,75,16,16,12,13,0,0,0,12,38,71,10
18,10402,אילת,2600,80.1,10,0,671,259,3,256,63,45,26,12,26,2,6,0,0,10,27,34,5
18,10403,אילת,2600,80.2,10,0,671,269,2,267,52,47,13,20,25,1,0,0,0,31,7,58,13
18,10404,אילת,2600,80.3,10,0,671,277,1,276,47,44,9,9,56,8,0,0,0,23,15,42,23
18,10405,אילת,2600,80.4,10,0,669,255,1,254,109,44,11,4,9,1,8,0,0,5,18,38,7
18,10406,אילת,2600,84.1,22,0,655,396,1,395,161,38,14,5,48,8,0,2,1,4,45,56,13
18,10407,אילת,2600,84.2,22,0,655,363,2,361,106,68,17,19,8,2,0,0,0,7,43,86,5
18,10408,אילת,2600,84.3,22,0,655,389,1,388,114,72,14,7,26,1,0,0,0,29,22,55,48
18,10409,אילת,2600,84.4,22,0,655,377,2,375,127,50,6,16,25,23,0,0,0,11,24,81,12
18,10410,אילת,2600,84.5,22,0,655,360,3,357,97,58,8,10,30,8,0,0,0,26,53,65,2
18,10411,אילת,2600,84.6,22,0,655,384,5,379,80,43,22,7,34,1,0,0,0,54,47,69,22
18,10412,אילת,2600,84.7,22,0,655,377,4,373,96,33,12,28,21,3,1,0,0,40,36,82,21
18,10413,אילת,2600,86.0,20,0,642,169,2,167,26,21,11,16,13,1,2,4,1,7,8,49,8
18,10414,אילת,2600,88.0,19,0,551,313,1,312,95,38,3,23,27,4,0,3,0,11,27,75,6
6,2533,בוסתן הגליל,559,1.1,1,0,402,298,1,297,36,50,21,32,19,5,0,0,0,6,16,105,7
6,2534,בוסתן הגליל,559,1.2,1,0,402,307,0,307,60,72,8,29,20,0,0,0,3,10,12,85,8
5,2309,בועיינהנוגידאת,482,1.1,7,0,752,339,12,327,0,0,0,13,0,0,91,197,26,0,0,0,0
5,2310,בועיינהנוגידאת,482,1.2,7,0,751,396,5,391,1,0,0,6,6,0,144,174,59,0,1,0,0
5,2311,בועיינהנוגידאת,482,3.1,5,0,403,202,4,198,13,2,0,5,0,0,19,142,11,0,0,6,0
5,2312,בועיינהנוגידאת,482,3.2,5,0,402,207,3,204,8,3,0,17,0,2,23,141,6,0,1,3,0
5,2313,בועיינהנוגידאת,482,5.1,12,0,411,208,1,207,7,4,0,7,0,0,62,101,19,0,0,5,2
5,2314,בועיינהנוגידאת,482,5.2,12,0,411,205,1,204,4,13,0,16,1,0,22,144,3,0,0,1,0
5,2315,בועיינהנוגידאת,482,6.0,2,1,693,412,4,408,2,5,0,19,5,0,90,248,37,0,1,1,0
5,2316,בועיינהנוגידאת,482,7.1,8,0,746,405,9,396,2,3,0,22,4,0,108,213,44,0,0,0,0
5,2317,בועיינהנוגידאת,482,7.2,8,0,746,393,4,389,0,0,0,7,6,0,109,227,40,0,0,0,0
5,2318,בועיינהנוגידאת,482,7.3,8,0,745,347,25,322,0,3,0,12,8,0,123,93,83,0,0,0,0
5,2319,בועיינהנוגידאת,482,9.1,1,0,516,298,4,294,2,3,0,23,0,0,100,148,17,0,0,0,1
5,2320,בועיינהנוגידאת,482,9.2,1,0,516,235,3,232,11,1,0,8,0,0,89,106,13,0,0,4,0
5,2321,בועיינהנוגידאת,482,9.3,1,0,514,250,5,245,2,0,0,15,0,0,48,151,25,0,0,4,0
10,4611,בית ינאי,200,1.0,1,0,331,230,0,230,0,53,23,55,0,0,0,0,0,0,0,76,23
10,4615,ביתן אהרן,252,1.0,3,0,258,97,0,97,4,10,14,22,0,0,0,0,0,1,4,35,7
20,11556,בענה,483,1.1,1,0,414,204,5,199,5,6,0,8,0,0,53,69,46,0,0,12,0
20,11557,בענה,483,1.2,1,0,413,234,0,234,0,1,0,5,0,0,55,137,36,0,0,0,0
20,11558,בענה,483,2.1,2,0,404,233,5,228,3,0,0,13,0,0,100,85,26,0,0,1,0
20,11559,בענה,483,2.2,2,0,404,273,14,259,0,0,0,9,0,0,160,46,44,0,0,0,0
20,11560,בענה,483,3.1,3,0,402,268,4,264,2,0,0,20,0,10,129,50,52,0,0,0,1
20,11561,בענה,483,3.2,3,0,401,229,1,228,1,0,0,8,0,0,123,42,53,0,0,1,0
20,11562,בענה,483,4.1,4,0,402,260,2,258,0,0,0,6,0,0,153,54,37,0,2,3,3
20,11563,בענה,483,4.2,4,0,402,192,1,191,0,0,0,8,1,1,72,91,18,0,0,0,0
20,11564,בענה,483,6.1,6,0,412,241,1,240,1,4,0,8,0,0,45,162,20,0,0,0,0
20,11565,בענה,483,6.2,6,0,412,255,4,251,1,0,0,8,0,0,74,137,31,0,0,0,0
20,11566,בענה,483,7.1,7,0,420,211,1,210,0,0,0,3,0,0,104,64,36,0,3,0,0
20,11567,בענה,483,7.2,7,0,419,204,2,202,0,3,0,12,0,0,111,51,23,0,1,1,0
20,11568,בענה,483,8.1,5,0,517,241,0,241,1,0,0,10,0,0,88,131,11,0,0,0,0
20,11569,בענה,483,8.2,5,0,517,298,2,296,0,0,0,7,0,0,111,97,79,0,0,2,0
20,11570,בענה,483,8.3,5,0,515,343,4,339,0,0,0,10,10,2,152,124,41,0,0,0,0
3,1235,בר יוחאי,1191,1.1,1,0,383,232,1,231,66,12,0,0,33,7,0,0,0,22,54,36,1
3,1236,בר יוחאי,1191,1.2,1,0,383,248,0,248,50,2,0,1,44,4,0,0,0,42,64,39,2
17,9621,גבים,424,1.0,1,0,510,378,3,375,3,83,36,92,0,2,1,0,0,0,11,127,20
5,2148,גבת,133,1.1,1,0,377,337,1,336,10,83,19,81,0,0,1,0,0,0,10,116,16
5,2149,גבת,133,1.2,1,0,377,316,0,316,2,78,40,56,0,0,0,0,0,0,0,124,16
15,7865,גליל ים,346,1.0,1,0,389,319,1,318,8,47,35,70,21,0,5,0,0,0,23,102,7
13,6781,גן הדרום,1072,1.0,1,0,370,288,2,286,27,85,7,18,4,3,0,0,0,2,26,104,10
13,6730,גני יוחנן,862,1.0,1,0,559,418,0,418,42,78,19,73,32,10,0,0,0,4,19,135,6
18,9678,דימונה,2200,1.1,9,0,655,388,3,385,134,23,31,4,50,7,0,0,0,17,47,63,9
18,9679,דימונה,2200,1.2,9,0,655,377,6,371,83,24,13,2,66,19,0,2,0,17,32,103,10
18,9680,דימונה,2200,1.3,9,0,655,367,2,365,100,36,42,1,71,21,0,0,0,14,39,34,7
18,9681,דימונה,2200,3.0,7,0,546,253,3,250,81,26,6,3,25,18,0,1,0,21,34,31,4
18,9682,דימונה,2200,5.0,11,0,558,334,4,330,98,33,5,5,101,1,0,0,0,11,47,23,6
18,9683,דימונה,2200,6.1,8,0,704,476,3,473,166,32,3,9,65,21,0,0,0,17,72,51,37
18,9684,דימונה,2200,6.2,8,0,704,463,2,461,187,29,24,14,44,45,0,1,0,14,63,23,17
18,9685,דימונה,2200,6.3,8,0,704,468,4,464,150,54,18,27,65,15,0,0,0,23,33,57,22
18,9686,דימונה,2200,6.4,8,0,704,473,3,470,169,61,14,13,61,18,0,0,0,30,66,33,5
18,9687,דימונה,2200,6.5,8,0,704,450,5,445,155,32,1,0,68,14,0,0,0,23,91,28,33
18,9688,דימונה,2200,6.6,8,0,700,468,2,466,121,47,42,12,42,20,0,0,0,11,69,82,20
18,9689,דימונה,2200,8.1,3,0,527,281,2,279,94,18,10,0,59,15,9,0,0,11,28,22,13
18,9690,דימונה,2200,8.2,3,0,527,256,1,255,95,20,3,5,31,5,3,0,0,19,32,35,7
18,9691,דימונה,2200,8.3,3,0,527,241,5,236,103,15,5,4,14,7,0,0,0,4,35,45,4
18,9692,דימונה,2200,10.0,12,0,651,338,8,330,113,14,32,5,38,15,0,0,0,6,44,59,4
18,9693,דימונה,2200,11.0,1,0,555,255,0,255,102,14,17,4,23,21,0,15,0,4,31,18,6
18,9694,דימונה,2200,13.1,76,0,547,268,1,267,74,14,6,0,70,9,0,19,3,17,27,24,4
18,9695,דימונה,2200,13.2,76,0,547,267,3,264,69,28,11,2,39,4,0,0,0,19,27,59,6
18,9696,דימונה,2200,13.3,76,0,546,291,4,287,94,40,32,5,28,13,0,0,0,8,25,13,29
18,9697,דימונה,2200,15.0,6,0,517,226,3,223,74,11,11,2,16,23,0,0,0,4,45,27,10
18,9698,דימונה,2200,16.0,1,0,489,356,1,355,128,46,7,6,28,5,0,0,0,25,38,69,3
18,9699,דימונה,2200,17.0,13,0,485,264,10,254,73,34,15,7,60,23,0,1,0,18,10,12,1
18,9700,דימונה,2200,19.0,13,0,577,317,2,315,104,49,12,4,16,15,0,0,0,27,27,38,23
18,9701,דימונה,2200,20.0,5,0,399,237,1,236,77,16,5,14,52,8,0,0,0,14,20,23,7
18,9702,דימונה,2200,21.0,1,0,469,236,6,230,60,13,15,13,34,12,0,0,0,11,24,40,8
18,9703,דימונה,2200,22.0,14,0,577,271,6,265,84,34,31,3,37,2,0,0,0,6,23,36,9
18,9704,דימונה,2200,23.0,6,0,524,220,0,220,81,20,14,4,18,4,0,0,0,12,33,28,6
18,9705,דימונה,2200,24.0,6,0,397,221,2,219,50,29,27,7,26,3,0,0,0,18,16,39,4
18,9706,דימונה,2200,27.0,2,0,603,398,0,398,140,47,15,8,48,24,0,0,0,4,47,51,14
18,9707,דימונה,2200,28.0,5,0,532,292,6,286,85,24,9,4,18,17,0,0,0,27,74,25,3
18,9708,דימונה,2200,30.0,70,0,713,401,1,400,132,77,17,2,39,16,0,0,0,29,23,54,11
18,9709,דימונה,2200,31.0,70,0,655,375,3,372,83,13,37,28,12,22,0,0,0,11,56,104,6
18,9710,דימונה,2200,32.0,5,0,583,294,5,289,117,30,20,3,21,17,0,1,3,16,22,34,5
18,9711,דימונה,2200,33.0,2,0,565,347,1,346,85,28,7,11,118,8,0,0,0,7,36,36,10
18,9712,דימונה,2200,34.0,6,0,402,208,3,205,88,4,10,0,13,12,0,0,0,17,26,34,1
18,9713,דימונה,2200,36.0,23,0,664,435,6,429,121,73,28,3,32,10,0,8,0,21,69,53,11
18,9714,דימונה,2200,37.0,23,0,734,469,4,465,157,29,13,7,24,11,1,5,0,14,117,76,11
18,9715,דימונה,2200,40.1,72,0,408,274,1,273,89,33,4,5,50,8,0,0,0,5,22,55,2
18,9716,דימונה,2200,40.2,72,0,408,279,1,278,131,24,2,0,20,10,0,0,0,18,33,37,3
18,9717,דימונה,2200,41.0,20,0,733,491,1,490,132,54,19,9,55,17,0,0,0,13,39,138,14
18,9718,דימונה,2200,42.0,75,0,650,486,0,486,201,44,4,12,33,18,0,0,0,57,33,67,17
18,9719,דימונה,2200,43.1,71,0,377,255,3,252,108,30,1,2,19,7,0,0,0,8,32,21,24
18,9720,דימונה,2200,43.2,71,0,376,240,1,239,81,23,0,8,49,14,0,0,0,14,21,25,4
18,9721,דימונה,2200,44.1,17,0,522,365,6,359,153,41,9,4,34,3,0,0,0,25,46,38,6
18,9722,דימונה,2200,44.2,17,0,522,354,0,354,113,34,2,2,32,18,1,0,0,42,64,38,8
18,9723,דימונה,2200,44.3,17,0,520,361,3,358,114,51,4,19,21,10,0,0,0,28,41,47,23
18,9724,דימונה,2200,45.0,70,0,666,379,2,377,142,30,60,5,11,12,0,4,0,20,30,33,30
18,9725,דימונה,2200,47.0,23,0,626,436,2,434,174,17,0,2,46,9,0,0,0,27,77,61,21
18,9726,דימונה,2200,48.0,15,0,654,473,3,470,137,37,22,3,115,17,0,0,0,55,29,50,5
18,9727,דימונה,2200,49.0,75,0,478,336,2,334,128,57,4,3,18,9,0,0,0,12,46,43,14
18,9728,דימונה,2200,66.1,22,0,585,349,2,347,120,23,11,15,38,14,0,2,0,17,30,46,31
18,9729,דימונה,2200,66.2,22,0,585,359,1,358,94,43,10,18,68,9,0,0,0,30,43,27,16
18,9730,דימונה,2200,66.3,22,0,585,356,2,354,81,24,14,11,62,28,0,0,0,11,70,45,8
18,9731,דימונה,2200,66.4,22,0,584,307,1,306,85,28,12,4,16,20,0,0,0,22,52,60,7
18,9732,דימונה,2200,90.0,18,0,402,192,4,188,45,11,5,10,28,26,0,0,0,16,23,22,2
18,9733,דימונה,2200,91.0,74,0,211,154,0,154,13,39,12,11,10,0,0,0,0,2,10,47,10
17,9626,הודיה,726,1.0,2,0,575,375,2,373,104,56,5,21,44,1,0,0,0,13,35,81,13
5,2333,זרזיר,975,1.0,1,0,742,289,3,286,2,38,14,27,1,0,22,78,4,0,0,95,5
5,2334,זרזיר,975,2.1,3,0,748,299,3,296,6,26,0,15,0,0,33,195,7,0,0,11,3
5,2335,זרזיר,975,2.2,3,0,747,316,1,315,3,5,0,18,1,0,15,243,20,0,0,10,0
5,2336,זרזיר,975,3.1,2,0,534,272,3,269,0,2,9,21,0,0,20,211,4,0,0,2,0
5,2337,זרזיר,975,3.2,2,0,534,241,1,240,9,1,0,6,0,0,22,192,8,0,0,2,0
5,2338,זרזיר,975,3.3,2,0,533,193,0,193,0,6,1,18,0,0,12,126,9,0,0,21,0
5,2339,זרזיר,975,5.1,7,0,405,179,2,177,8,6,5,3,1,0,28,102,9,0,1,12,2
5,2340,זרזיר,975,5.2,7,0,405,182,2,180,16,0,0,5,0,0,6,143,6,0,0,4,0
5,2341,זרזיר,975,6.1,4,0,425,191,1,190,18,6,0,15,0,0,24,118,4,0,0,3,2
5,2342,זרזיר,975,6.2,4,0,424,179,2,177,14,7,1,3,0,0,12,133,2,0,1,3,1
5,2343,זרזיר,975,9.0,1,0,694,196,1,195,0,20,6,10,0,0,15,97,5,0,2,38,2
9,4147,חדרה,6500,3.0,40,0,719,447,2,445,164,79,38,20,38,9,0,0,0,3,42,47,5
9,4148,חדרה,6500,7.1,64,0,717,407,2,405,123,44,6,5,95,3,0,0,0,18,33,69,9
9,4149,חדרה,6500,7.2,64,1,717,410,1,409,100,75,26,11,30,17,0,0,0,24,18,88,20
9,4150,חדרה,6500,7.3,64,0,717,414,0,414,133,59,16,30,47,5,0,0,0,9,14,89,12
9,4151,חדרה,6500,7.4,64,0,717,424,1,423,103,29,24,66,42,9,0,0,0,26,52,68,4
9,4152,חדרה,6500,7.5,64,0,717,362,3,359,75,52,32,30,36,3,0,0,0,20,42,55,14
9,4153,חדרה,6500,7.6,64,0,712,427,0,427,96,60,31,25,30,24,0,0,0,24,47,86,4
9,4154,חדרה,6500,11.1,2,0,715,432,1,431,118,74,10,30,17,12,0,0,0,31,42,88,9
9,4155,חדרה,6500,11.2,2,0,715,415,2,413,79,56,4,61,61,3,0,0,0,20,31,89,9
9,4156,חדרה,6500,11.3,2,0,715,418,5,413,65,70,20,24,65,11,0,0,0,11,36,97,14
9,4157,חדרה,6500,11.4,2,0,712,427,3,424,118,32,23,16,40,8,1,0,0,33,64,64,25
9,4158,חדרה,6500,13.1,13,0,705,487,3,484,136,63,29,50,36,7,3,1,0,2,41,102,14
9,4159,חדרה,6500,13.2,13,0,705,492,3,489,106,99,21,26,12,0,3,0,0,13,47,142,20
9,4160,חדרה,6500,13.3,13,0,705,491,1,490,144,77,34,12,26,5,0,0,0,42,32,115,3
9,4161,חדרה,6500,13.4,13,1,703,492,3,489,94,99,18,34,25,12,0,0,0,2,63,126,16
9,4162,חדרה,6500,14.0,8,0,502,320,2,318,101,65,17,11,28,8,0,0,0,4,30,48,6
9,4163,חדרה,6500,15.0,32,0,557,275,4,271,107,22,17,5,20,9,0,0,0,10,37,40,4
9,4164,חדרה,6500,19.0,15,0,572,219,2,217,92,9,13,6,9,10,0,2,0,5,31,36,4
9,4165,חדרה,6500,20.0,8,0,528,243,2,241,88,24,1,14,36,1,0,0,0,7,26,19,25
9,4166,חדרה,6500,21.0,32,0,590,310,1,309,113,39,7,12,39,5,0,6,0,21,25,35,7
9,4167,חדרה,6500,22.0,15,0,455,187,2,185,82,20,14,0,9,7,10,0,0,3,7,27,6
9,4168,חדרה,6500,23.0,15,0,659,347,0,347,155,24,36,12,32,5,0,0,0,1,24,49,9
9,4169,חדרה,6500,24.1,17,0,414,289,1,288,58,64,15,16,57,3,0,0,0,14,13,45,3
9,4170,חדרה,6500,24.2,17,0,414,271,3,268,90,17,0,14,47,16,0,0,0,33,17,22,12
9,4171,חדרה,6500,26.0,19,0,683,442,0,442,135,79,49,34,1,0,0,0,0,7,5,104,28
9,4172,חדרה,6500,28.0,21,0,634,357,2,355,151,36,2,10,62,2,0,0,0,12,26,38,16
9,4173,חדרה,6500,29.0,21,0,653,362,4,358,116,42,18,4,60,1,0,0,0,15,44,49,9
9,4174,חדרה,6500,31.0,70,0,582,339,0,339,111,62,13,25,26,5,0,1,0,4,45,34,13
9,4175,חדרה,6500,33.0,19,1,689,432,0,432,175,15,3,10,55,9,0,0,0,16,74,58,17
9,4176,חדרה,6500,34.0,21,1,620,461,2,459,28,114,13,49,3,0,0,0,0,17,5,217,13
9,4177,חדרה,6500,35.0,21,0,685,422,1,421,188,45,5,19,35,4,0,1,0,23,43,49,9
9,4178,חדרה,6500,36.0,32,0,674,376,5,371,74,83,45,38,24,6,0,0,0,8,37,52,4
9,4179,חדרה,6500,37.0,8,0,614,357,1,356,110,53,37,28,13,1,0,0,0,13,28,71,2
9,4180,חדרה,6500,42.1,6,0,729,390,1,389,101,35,14,27,41,10,25,0,0,20,15,94,7
9,4181,חדרה,6500,42.2,6,0,729,370,6,364,80,26,26,24,44,6,1,0,0,12,50,74,21
9,4182,חדרה,6500,42.3,6,1,729,416,3,413,103,51,16,50,29,20,12,0,0,10,35,59,28
9,4183,חדרה,6500,42.4,6,0,729,410,2,408,112,73,37,11,22,6,2,0,0,22,39,72,12
9,4184,חדרה,6500,42.5,6,0,727,412,4,408,78,57,23,32,29,2,0,0,0,20,29,112,26
9,4185,חדרה,6500,48.1,1,0,690,362,2,360,67,50,13,28,60,13,0,0,0,12,10,83,24
9,4186,חדרה,6500,48.2,1,0,690,386,4,382,140,33,11,38,12,9,0,0,0,20,24,86,9
9,4187,חדרה,6500,48.3,1,0,690,363,6,357,72,85,9,31,70,6,0,0,0,7,20,44,13
9,4188,חדרה,6500,48.4,1,0,689,384,4,380,53,49,56,11,52,2,0,0,0,11,34,95,17
9,4189,חדרה,6500,50.1,69,0,704,391,1,390,124,49,10,13,47,24,0,0,0,4,15,102,2
9,4190,חדרה,6500,50.2,69,0,704,406,5,401,105,83,19,18,30,1,0,0,0,11,46,79,9
9,4191,חדרה,6500,50.3,69,0,704,418,0,418,128,41,28,38,47,11,0,0,0,16,20,78,11
9,4192,חדרה,6500,50.4,69,0,704,385,4,381,103,80,23,14,19,28,0,0,0,5,31,67,11
9,4193,חדרה,6500,50.5,69,0,701,402,3,399,95,104,41,29,7,3,0,1,0,10,14,79,16
9,4194,חדרה,6500,51.1,51,0,619,359,5,354,80,32,8,10,87,32,0,0,0,26,25,42,12
9,4195,חדרה,6500,51.2,51,0,618,336,1,335,93,43,5,21,46,27,0,0,0,16,16,54,14
9,4196,חדרה,6500,53.1,4,0,703,403,2,401,40,127,16,20,79,4,3,0,1,0,24,75,12
9,4197,חדרה,6500,53.2,4,0,703,461,2,459,99,79,43,16,36,2,0,0,0,8,5,127,44
9,4198,חדרה,6500,53.3,4,0,703,431,5,426,79,75,21,51,34,39,0,0,0,2,42,62,21
9,4199,חדרה,6500,53.4,4,0,703,481,0,481,82,78,34,67,35,24,0,0,0,10,23,111,17
9,4200,חדרה,6500,53.5,4,0,703,407,1,406,79,55,22,36,48,2,4,0,0,20,13,120,7
9,4201,חדרה,6500,53.6,4,0,703,452,3,449,87,79,38,54,16,8,0,0,0,0,32,123,12
9,4202,חדרה,6500,60.0,40,0,596,377,4,373,54,58,66,22,4,1,0,0,0,16,61,84,7
9,4203,חדרה,6500,61.1,2,0,703,440,6,434,85,67,23,11,68,21,0,0,0,20,21,88,30
9,4204,חדרה,6500,61.2,2,0,703,446,2,444,117,24,13,37,96,0,0,0,0,28,26,83,20
9,4205,חדרה,6500,61.3,2,0,703,450,1,449,84,50,34,18,75,1,0,0,0,12,56,99,20
9,4206,חדרה,6500,61.4,2,0,703,445,0,445,85,61,3,21,63,10,0,0,0,52,39,96,15
9,4207,חדרה,6500,61.5,2,0,703,427,4,423,47,52,5,14,82,7,5,0,0,24,42,97,48
9,4208,חדרה,6500,61.6,2,0,698,446,3,443,106,70,18,9,27,34,0,0,0,12,85,74,8
9,4209,חדרה,6500,62.0,70,0,617,334,4,330,140,39,13,13,21,2,0,0,0,9,42,43,8
9,4210,חדרה,6500,63.0,5,0,707,454,2,452,144,69,23,34,14,0,0,0,0,13,14,119,22
9,4211,חדרה,6500,67.1,42,0,675,421,2,419,117,63,49,8,24,31,0,0,0,5,36,64,22
9,4212,חדרה,6500,67.2,42,0,675,395,1,394,133,78,24,14,14,9,0,0,0,18,12,88,4
9,4213,חדרה,6500,67.3,42,0,675,393,3,390,85,46,7,36,28,0,0,0,0,21,44,95,28
9,4214,חדרה,6500,67.4,42,0,674,394,2,392,60,92,34,37,24,1,0,0,0,35,29,77,3
9,4215,חדרה,6500,68.0,43,0,665,397,1,396,89,81,15,22,64,2,0,11,0,9,25,54,24
9,4216,חדרה,6500,70.0,43,0,699,381,4,377,82,139,62,6,10,1,0,0,0,1,5,60,11
9,4217,חדרה,6500,71.1,3,0,683,415,2,413,119,45,21,34,26,14,4,0,0,9,41,79,21
9,4218,חדרה,6500,71.2,3,0,683,426,4,422,112,36,28,16,26,27,0,0,0,25,46,77,29
9,4219,חדרה,6500,71.3,3,0,683,397,4,393,134,63,24,31,33,6,0,0,0,8,30,58,6
9,4220,חדרה,6500,71.4,3,0,680,356,2,354,77,36,42,55,5,16,19,0,0,2,22,58,22
9,4221,חדרה,6500,75.0,43,0,713,443,3,440,86,112,35,23,40,1,2,0,0,9,39,67,26
9,4222,חדרה,6500,77.1,41,0,651,398,9,389,76,76,28,39,15,8,0,0,0,48,37,36,26
9,4223,חדרה,6500,77.2,41,0,651,350,4,346,103,18,36,17,51,14,0,0,0,9,17,53,28
9,4224,חדרה,6500,77.3,41,0,650,384,4,380,97,54,49,15,22,5,7,0,0,13,26,77,15
9,4225,חדרה,6500,80.0,5,0,618,419,1,418,95,42,9,26,31,8,0,0,0,16,54,113,24
9,4226,חדרה,6500,81.1,14,0,674,432,0,432,113,88,5,9,25,17,0,11,0,2,33,118,11
9,4227,חדרה,6500,81.2,14,0,674,441,1,440,119,61,26,27,36,20,0,4,0,28,28,83,8
9,4228,חדרה,6500,81.3,14,0,674,467,2,465,165,78,7,8,37,5,0,3,0,11,53,85,13
9,4229,חדרה,6500,81.4,14,1,674,459,0,459,129,75,34,16,26,16,0,2,0,20,34,94,13
9,4230,חדרה,6500,82.0,19,0,669,422,4,418,178,36,17,32,30,9,1,0,0,27,23,35,30
9,4231,חדרה,6500,85.0,8,0,594,347,1,346,108,63,17,23,14,8,0,4,0,13,27,66,3
9,4232,חדרה,6500,87.1,52,0,688,436,4,432,173,80,32,11,12,0,0,0,0,8,9,98,9
9,4233,חדרה,6500,87.2,52,0,688,426,2,424,80,46,31,23,34,23,0,0,0,11,37,135,4
9,4234,חדרה,6500,87.3,52,0,688,453,1,452,70,86,29,25,23,12,7,0,0,36,16,121,27
9,4235,חדרה,6500,87.4,52,0,687,377,3,374,73,55,23,26,24,4,0,0,0,17,34,101,17
9,4236,חדרה,6500,88.0,15,0,541,318,4,314,72,62,47,39,15,1,5,0,0,0,11,60,2
9,4237,חדרה,6500,89.0,19,0,676,271,5,266,76,47,14,8,32,3,0,0,0,21,27,34,4
9,4238,חדרה,6500,95.1,20,0,704,406,1,405,122,29,12,16,112,6,0,0,0,8,22,56,22
9,4239,חדרה,6500,95.2,20,0,704,429,2,427,132,46,39,18,42,10,0,0,0,23,31,78,8
9,4240,חדרה,6500,95.3,20,0,704,433,2,431,98,49,11,19,52,10,0,0,0,28,68,90,6
9,4241,חדרה,6500,95.4,20,0,704,413,4,409,120,34,20,15,21,14,0,0,0,54,48,68,15
9,4242,חדרה,6500,95.5,20,0,702,403,3,400,107,34,21,15,51,9,0,0,3,6,82,57,15
9,4244,חדרה,6500,97.1,71,0,725,403,5,398,84,13,8,25,35,0,0,0,0,9,72,143,9
9,4245,חדרה,6500,97.2,71,0,725,415,5,410,66,42,34,22,49,8,1,0,0,30,30,121,7
9,4246,חדרה,6500,97.3,71,0,725,389,2,387,153,43,15,28,28,3,0,0,0,4,36,58,19
9,4247,חדרה,6500,97.4,71,0,725,411,3,408,115,46,36,10,49,26,0,0,0,6,37,79,4
9,4248,חדרה,6500,97.5,71,0,725,399,3,396,89,48,18,33,30,10,0,0,0,21,38,98,11
9,4249,חדרה,6500,101.0,67,0,645,465,2,463,106,69,54,39,6,0,7,0,0,15,18,98,51
9,4250,חדרה,6500,107.1,31,0,684,426,4,422,54,68,21,11,60,48,0,0,0,10,77,48,25
9,4251,חדרה,6500,107.2,31,0,684,415,1,414,88,57,18,8,70,25,0,0,0,14,58,74,2
9,4252,חדרה,6500,107.3,31,0,684,432,6,426,65,34,32,18,84,16,0,0,0,4,38,127,8
9,4253,חדרה,6500,107.4,31,0,684,421,2,419,172,60,32,13,66,3,0,0,0,19,12,24,18
9,4254,חדרה,6500,107.5,31,0,683,400,3,397,58,71,36,20,36,24,15,12,5,4,18,91,7
9,4255,חדרה,6500,110.1,44,0,722,425,2,423,61,55,60,54,33,2,0,0,0,5,42,103,8
9,4256,חדרה,6500,110.2,44,0,722,421,4,417,95,71,24,14,26,1,0,0,0,7,53,122,4
9,4257,חדרה,6500,110.3,44,0,722,423,4,419,99,101,52,22,8,17,0,0,0,12,36,69,3
9,4258,חדרה,6500,110.4,44,0,721,434,2,432,119,59,73,19,5,5,0,0,0,7,47,93,5
9,4259,חדרה,6500,113.1,66,0,726,490,1,489,104,91,17,27,4,7,0,0,0,18,76,113,32
9,4260,חדרה,6500,113.2,66,0,726,517,1,516,128,101,33,38,3,4,0,0,0,10,39,123,37
9,4261,חדרה,6500,113.3,66,0,726,495,1,494,140,88,35,25,5,4,0,0,0,29,29,130,9
9,4262,חדרה,6500,113.4,66,0,726,532,3,529,131,61,49,38,12,49,0,0,0,27,33,105,24
9,4263,חדרה,6500,115.0,70,0,488,355,1,354,29,85,17,60,22,4,5,0,0,17,2,94,19
9,4264,חדרה,6500,119.0,70,0,657,475,0,475,50,72,33,62,3,2,1,2,0,17,42,183,8
9,4265,חדרה,6500,121.1,65,0,622,456,2,454,131,70,10,70,28,4,0,4,0,19,26,80,12
9,4266,חדרה,6500,121.2,65,0,622,476,5,471,68,94,43,30,1,1,0,0,0,15,46,156,17
9,4267,חדרה,6500,121.3,65,0,622,444,2,442,104,65,27,22,29,1,0,0,2,21,12,149,10
9,4268,חדרה,6500,121.4,65,0,622,463,0,463,27,63,107,48,5,0,5,0,0,21,18,158,11
9,4269,חדרה,6500,121.5,52,0,620,458,2,456,56,99,28,50,24,0,0,0,4,2,17,157,19
9,4270,חדרה,6500,125.0,70,0,672,489,1,488,62,113,28,53,11,1,0,0,0,10,4,146,60
9,4271,חדרה,6500,951.1,59,0,702,465,1,464,83,105,32,13,37,15,0,0,0,18,73,57,31
9,4272,חדרה,6500,951.2,59,0,702,427,4,423,94,104,18,18,19,2,0,0,0,6,48,89,25
9,4273,חדרה,6500,951.3,59,0,702,431,2,429,63,73,14,29,11,9,21,1,1,6,56,128,17
9,4274,חדרה,6500,951.4,59,0,701,464,0,464,114,85,50,59,7,4,0,0,0,4,20,111,10
16,8576,חולון,6600,34.0,21,0,673,448,2,446,43,83,59,70,23,9,1,0,5,1,23,120,9
16,8577,חולון,6600,36.0,21,0,563,308,1,307,46,51,61,30,22,9,0,0,0,10,9,64,5
16,8578,חולון,6600,41.0,21,0,542,279,0,279,78,42,26,19,13,2,1,0,0,8,11,68,11
16,8579,חולון,6600,44.0,21,1,502,360,0,360,63,48,51,46,19,0,1,0,0,17,15,89,11
16,8580,חולון,6600,47.0,21,0,589,381,3,378,41,112,18,66,9,1,0,0,0,14,12,90,15
16,8581,חולון,6600,51.0,21,0,467,268,3,265,55,28,21,43,2,12,2,0,0,11,19,70,2
16,8582,חולון,6600,52.0,21,0,600,401,2,399,54,56,28,49,20,9,0,0,0,8,34,136,5
16,8583,חולון,6600,62.0,83,0,504,334,8,326,80,67,22,15,23,3,0,0,0,8,31,65,12
16,8584,חולון,6600,65.1,82,0,713,455,5,450,142,37,20,23,76,11,0,0,0,18,50,61,12
16,8585,חולון,6600,65.2,82,0,713,438,2,436,123,45,12,3,76,3,0,0,1,19,44,92,18
16,8586,חולון,6600,65.3,82,0,713,475,8,467,62,53,49,16,108,2,0,0,0,21,37,100,19
16,8587,חולון,6600,65.4,82,0,713,465,19,446,106,41,15,16,109,8,0,0,0,11,54,79,7
16,8588,חולון,6600,65.5,82,0,713,472,1,471,131,29,30,22,107,5,0,0,0,22,43,62,20
16,8589,חולון,6600,65.6,82,0,713,434,1,433,152,23,27,32,52,1,0,0,0,36,26,77,7
16,8590,חולון,6600,65.7,82,0,707,449,11,438,110,50,22,12,78,10,0,0,0,27,44,85,0
16,8591,חולון,6600,68.0,83,0,521,278,1,277,79,38,25,28,31,0,0,0,0,5,12,52,7
16,8592,חולון,6600,72.0,83,0,613,364,6,358,81,77,17,6,36,11,0,0,0,17,21,72,20
16,8593,חולון,6600,78.1,20,1,680,397,8,389,140,22,7,7,99,7,0,0,0,9,32,46,20
16,8594,חולון,6600,78.2,20,0,680,385,1,384,67,31,2,17,144,32,0,0,0,9,48,33,1
16,8595,חולון,6600,78.3,20,0,680,403,2,401,97,17,7,20,122,20,0,0,0,9,47,58,4
16,8596,חולון,6600,78.4,20,0,680,446,0,446,105,45,23,8,137,6,0,0,0,11,47,62,2
16,8597,חולון,6600,78.5,20,0,680,419,2,417,71,55,27,32,93,4,0,0,0,35,50,38,12
16,8598,חולון,6600,78.6,20,0,680,391,3,388,81,33,5,9,136,4,0,0,0,20,28,58,14
16,8599,חולון,6600,78.7,20,0,680,422,0,422,98,33,8,5,139,8,0,0,0,9,33,84,5
16,8600,חולון,6600,183.0,83,0,690,432,0,432,70,52,20,23,113,6,1,0,0,9,49,85,4
16,8601,חולון,6600,225.1,14,0,607,377,5,372,100,39,4,6,100,19,0,0,0,31,38,30,5
16,8602,חולון,6600,225.2,14,0,607,398,3,395,91,30,9,15,78,0,0,0,0,20,28,105,19
16,8603,חולון,6600,225.3,14,0,607,391,3,388,75,52,13,13,88,24,0,0,0,14,19,53,37
16,8604,חולון,6600,225.4,14,0,607,377,3,374,137,56,27,4,83,11,0,0,0,2,19,28,7
16,8605,חולון,6600,225.5,14,0,606,393,5,388,84,55,5,9,78,3,0,0,0,26,30,95,3
16,8606,חולון,6600,239.0,21,0,615,347,5,342,53,72,28,10,9,14,0,0,0,2,34,103,17
16,8607,חולון,6600,246.1,22,0,735,444,2,442,102,34,23,7,116,7,0,0,0,54,46,52,1
16,8608,חולון,6600,246.2,22,0,735,425,3,422,93,75,28,8,76,24,0,0,0,5,42,69,2
16,8609,חולון,6600,246.3,22,0,735,465,2,463,102,48,5,3,102,17,0,0,0,53,84,33,16
16,8610,חולון,6600,246.4,22,0,735,413,3,410,159,65,11,9,77,5,0,0,0,14,22,39,9
16,8611,חולון,6600,246.5,22,0,733,432,1,431,118,83,11,17,36,37,0,0,0,10,45,70,4
16,8612,חולון,6600,260.0,83,0,589,351,2,349,56,50,29,2,50,5,0,0,0,27,34,71,25
16,8613,חולון,6600,55.0,12,0,521,244,2,242,67,38,12,23,21,1,0,0,0,9,10,46,15
16,8614,חולון,6600,56.0,12,0,686,330,1,329,54,61,19,39,17,7,0,0,0,16,23,90,3
16,8615,חולון,6600,57.0,12,0,697,337,2,335,85,30,25,20,20,4,0,1,0,10,28,97,15
16,8616,חולון,6600,58.0,12,0,429,274,3,271,49,46,6,30,22,5,0,0,0,4,17,70,22
16,8617,חולון,6600,60.0,12,0,721,357,4,353,60,41,23,28,36,8,0,0,0,4,30,115,8
16,8618,חולון,6600,61.0,12,0,750,462,1,461,131,81,46,13,41,17,0,0,0,11,32,70,19
16,8619,חולון,6600,70.0,12,0,610,282,2,280,55,34,19,30,12,4,0,0,0,11,12,88,15
16,8620,חולון,6600,71.0,12,0,599,271,1,270,46,61,24,26,30,1,0,0,0,7,21,49,5
16,8621,חולון,6600,85.0,23,0,659,368,2,366,67,51,46,5,60,4,0,0,0,32,22,61,18
16,8622,חולון,6600,86.0,23,0,699,415,2,413,84,128,23,23,44,1,0,0,0,4,23,74,9
16,8623,חולון,6600,88.0,34,0,673,370,5,365,73,53,34,26,22,1,0,0,0,30,21,93,12
16,8624,חולון,6600,89.0,23,0,580,321,3,318,46,30,23,7,81,6,0,0,0,22,25,74,4
16,8625,חולון,6600,90.0,23,0,545,362,5,357,74,33,40,30,23,1,0,0,1,9,33,107,6
16,8626,חולון,6600,93.0,30,0,693,368,2,366,90,83,25,19,42,4,2,0,0,19,25,50,7
16,8627,חולון,6600,94.0,30,0,702,397,0,397,137,60,16,25,49,3,0,0,0,6,30,65,6
16,8628,חולון,6600,97.0,30,0,573,359,3,356,81,67,23,8,21,30,0,0,0,16,31,55,24
16,8629,חולון,6600,101.0,30,0,725,456,2,454,59,73,75,12,77,2,1,0,0,8,40,65,42
16,8630,חולון,6600,102.0,34,0,602,363,4,359,56,69,33,9,32,6,0,0,0,26,27,87,14
16,8631,חולון,6600,104.0,30,0,574,364,2,362,87,87,20,11,50,6,0,0,0,2,31,62,6
16,8632,חולון,6600,105.0,23,0,553,318,12,306,60,32,7,18,36,5,0,5,0,10,38,68,27
16,8633,חולון,6600,107.0,30,0,710,447,5,442,94,59,31,19,47,9,0,1,0,7,31,136,8
16,8634,חולון,6600,110.0,30,0,624,385,0,385,136,51,19,7,18,1,0,0,0,10,32,93,18
16,8635,חולון,6600,111.0,34,0,564,363,1,362,63,71,12,58,22,3,3,0,0,10,7,110,3
16,8636,חולון,6600,113.1,37,0,696,445,1,444,140,51,6,11,49,18,0,0,0,20,42,93,14
16,8637,חולון,6600,113.2,37,0,696,449,5,444,76,67,20,27,58,2,0,0,0,34,50,95,15
16,8638,חולון,6600,113.3,37,0,696,443,2,441,150,42,15,38,35,10,0,0,0,27,60,60,4
16,8639,חולון,6600,113.4,37,0,693,454,1,453,81,78,30,39,27,24,0,0,0,49,51,66,8
16,8640,חולון,6600,119.0,59,0,714,332,5,327,46,41,53,19,22,5,0,0,0,9,7,113,12
16,8641,חולון,6600,125.0,94,0,632,317,2,315,96,29,14,5,74,6,0,0,0,2,25,56,8
16,8642,חולון,6600,126.0,94,0,563,285,2,283,113,33,15,5,20,11,0,0,0,11,17,55,3
16,8643,חולון,6600,127.0,94,0,533,302,1,301,31,32,30,10,37,5,1,0,0,29,38,75,13
16,8644,חולון,6600,131.0,59,0,629,311,10,301,76,45,20,22,37,1,2,0,0,11,28,51,8
16,8645,חולון,6600,133.1,58,0,644,351,9,342,101,41,40,11,20,18,0,1,0,17,22,58,13
16,8646,חולון,6600,133.2,58,0,644,355,0,355,72,45,12,9,71,19,0,0,0,10,24,75,18
16,8647,חולון,6600,133.3,58,0,644,365,3,362,108,51,7,2,42,5,0,0,0,17,65,64,1
16,8648,חולון,6600,133.4,58,0,644,378,5,373,72,39,21,31,69,8,1,0,0,12,21,80,19
16,8649,חולון,6600,133.5,58,0,644,327,3,324,95,48,13,9,45,1,0,0,0,3,27,71,12
16,8650,חולון,6600,133.6,58,0,643,332,4,328,91,53,21,25,24,8,0,0,0,7,34,46,19
16,8651,חולון,6600,135.0,59,0,654,349,5,344,89,73,39,2,23,8,0,0,0,5,29,63,13
16,8652,חולון,6600,137.0,62,0,547,297,4,293,48,39,4,21,38,4,0,0,0,12,26,68,33
16,8653,חולון,6600,158.0,85,0,592,383,0,383,105,62,37,32,13,0,0,0,0,7,41,64,22
16,8654,חולון,6600,159.0,85,0,556,317,1,316,86,14,2,27,50,11,0,0,0,2,34,77,13
16,8655,חולון,6600,181.0,12,0,704,361,4,357,36,25,42,29,21,0,0,0,0,3,45,131,25
16,8656,חולון,6600,186.1,5,0,670,370,2,368,109,13,18,26,52,7,0,0,0,7,16,95,25
16,8657,חולון,6600,186.2,5,0,670,347,4,343,63,34,30,22,55,14,0,0,0,33,15,59,18
16,8658,חולון,6600,186.3,5,0,670,369,2,367,75,30,41,19,42,1,0,0,0,21,34,88,16
16,8659,חולון,6600,186.4,5,0,670,367,3,364,101,31,26,11,89,1,0,0,0,18,33,41,13
16,8660,חולון,6600,186.5,5,0,668,371,3,368,149,40,11,35,45,1,0,0,0,3,33,37,14
16,8661,חולון,6600,191.0,85,0,608,361,1,360,93,92,8,12,34,11,5,0,0,12,23,67,3
16,8662,חולון,6600,193.0,23,0,622,328,3,325,99,26,23,12,51,7,0,0,0,13,23,54,17
16,8663,חולון,6600,194.0,85,0,601,396,2,394,91,75,16,68,26,4,0,0,0,2,27,65,20
16,8664,חולון,6600,197.0,30,0,639,394,1,393,121,103,7,22,45,4,0,0,0,18,19,51,3
16,8665,חולון,6600,198.0,85,0,630,362,3,359,103,39,10,12,72,0,0,0,0,7,20,92,4
16,8666,חולון,6600,204.0,12,0,446,249,3,246,61,37,14,11,24,4,0,0,0,11,8,56,20
16,8667,חולון,6600,228.1,91,0,752,372,3,369,90,48,19,18,35,0,1,0,0,26,54,70,8
16,8668,חולון,6600,228.2,91,0,752,377,3,374,111,64,21,18,49,2,0,1,0,24,35,37,12
16,8669,חולון,6600,228.3,91,0,752,355,6,349,65,41,21,17,52,5,0,0,0,11,43,91,3
16,8670,חולון,6600,234.0,12,0,692,384,0,384,53,83,41,28,7,34,0,4,0,3,21,98,12
16,8671,חולון,6600,33.1,1,0,703,375,2,373,38,47,9,54,24,27,0,0,0,7,43,113,11
16,8672,חולון,6600,33.2,1,0,703,342,0,342,77,67,8,35,19,4,0,0,0,10,28,85,9
16,8673,חולון,6600,33.3,1,0,703,375,2,373,115,31,23,21,34,8,0,0,0,5,59,64,13
16,8674,חולון,6600,33.4,1,0,703,345,3,342,54,53,32,14,38,1,1,0,0,15,39,68,27
16,8675,חולון,6600,33.5,1,0,699,334,3,331,89,61,27,31,6,3,0,0,0,8,24,67,15
16,8676,חולון,6600,39.1,1,0,680,393,8,385,72,64,38,23,28,0,0,0,0,11,39,86,24
16,8677,חולון,6600,39.2,1,0,680,378,8,370,82,77,26,41,27,1,3,0,0,4,21,80,8
16,8678,חולון,6600,39.3,1,0,680,399,2,397,82,78,32,36,17,13,0,0,0,4,26,84,25
16,8679,חולון,6600,39.4,1,0,680,366,2,364,67,55,39,26,67,1,0,0,0,11,15,81,2
16,8680,חולון,6600,39.5,1,0,679,399,2,397,44,84,26,44,63,3,0,0,0,0,13,112,8
16,8681,חולון,6600,112.0,3,0,608,380,2,378,103,51,8,12,56,6,0,0,0,6,36,91,9
16,8682,חולון,6600,120.0,3,0,514,311,3,308,54,52,11,9,24,4,0,0,0,27,14,92,21
16,8683,חולון,6600,122.1,76,0,749,529,1,528,153,117,28,23,52,7,0,0,0,4,25,101,18
16,8684,חולון,6600,122.2,76,0,749,522,3,519,119,123,14,25,22,2,0,0,0,3,61,111,39
16,8685,חולון,6600,122.3,76,0,749,535,0,535,120,145,10,45,33,33,0,0,0,9,29,79,32
16,8686,חולון,6600,122.4,76,0,749,549,2,547,131,74,18,71,58,0,0,0,0,3,70,89,33
16,8687,חולון,6600,122.5,76,0,749,549,6,543,122,74,8,44,62,1,0,0,0,18,43,127,44
16,8688,חולון,6600,122.6,76,0,749,501,2,499,69,157,53,12,36,1,0,0,0,27,72,64,8
16,8689,חולון,6600,122.7,76,0,746,500,2,498,132,111,16,51,16,1,0,0,0,17,68,69,17
16,8690,חולון,6600,130.0,38,0,671,481,1,480,78,51,20,55,54,0,0,0,0,13,55,146,8
16,8691,חולון,6600,132.0,38,0,574,396,0,396,95,48,8,26,16,3,0,0,0,43,17,133,7
16,8692,חולון,6600,155.0,38,0,726,495,2,493,103,54,21,41,45,4,0,0,0,39,54,130,2
16,8693,חולון,6600,156.0,3,0,711,499,2,497,136,40,6,23,27,3,0,0,0,23,90,140,9
16,8694,חולון,6600,157.0,38,0,701,483,4,479,104,66,37,19,28,0,0,0,0,6,38,167,14
16,8695,חולון,6600,178.1,2,0,700,480,1,479,165,98,9,39,25,3,0,1,0,20,50,62,7
16,8696,חולון,6600,178.2,2,0,700,506,1,505,98,65,30,129,36,0,0,0,0,7,32,99,9
16,8697,חולון,6600,178.3,2,0,700,501,8,493,125,54,18,55,83,8,0,0,0,24,16,95,15
16,8698,חולון,6600,178.4,2,0,700,506,4,502,67,78,16,37,33,15,0,0,0,62,17,174,3
16,8699,חולון,6600,178.5,2,0,700,454,1,453,106,112,22,37,36,1,0,0,0,17,33,79,10
16,8700,חולון,6600,178.6,2,0,698,480,3,477,100,103,26,47,43,6,0,0,0,5,33,95,19
16,8701,חולון,6600,192.0,3,0,660,391,4,387,90,72,21,11,22,35,0,0,0,14,19,96,7
16,8702,חולון,6600,195.0,3,0,584,327,1,326,57,24,21,12,103,4,0,0,0,12,32,57,4
16,8703,חולון,6600,223.1,56,0,740,508,5,503,136,68,49,48,12,6,0,0,0,13,26,123,22
16,8704,חולון,6600,223.2,56,0,740,487,0,487,97,51,23,29,28,3,0,0,0,36,42,142,36
16,8705,חולון,6600,223.3,56,0,740,503,1,502,127,131,64,42,17,0,0,0,0,9,19,82,11
16,8706,חולון,6600,223.4,56,0,740,505,3,502,116,83,16,34,31,5,0,0,0,5,52,145,15
16,8707,חולון,6600,223.5,56,0,736,534,2,532,93,136,32,41,21,2,2,0,0,16,66,116,7
16,8708,חולון,6600,253.1,87,0,663,476,1,475,124,46,10,20,51,0,0,0,0,21,63,117,23
16,8709,חולון,6600,253.2,87,0,663,510,0,510,87,74,27,52,49,3,0,0,0,12,43,142,21
16,8710,חולון,6600,253.3,87,0,663,511,0,511,102,50,18,42,51,10,0,0,0,22,21,159,36
16,8711,חולון,6600,253.4,87,0,663,503,0,503,107,110,20,30,87,3,0,0,0,13,43,74,16
16,8712,חולון,6600,253.5,87,0,663,520,3,517,133,94,18,22,60,1,0,0,0,8,36,115,30
16,8713,חולון,6600,253.6,87,0,663,506,5,501,82,98,18,28,41,2,0,10,0,46,42,116,18
16,8714,חולון,6600,253.7,87,0,660,488,2,486,146,64,16,25,33,0,0,0,0,10,55,112,25
16,8715,חולון,6600,254.0,38,0,732,553,1,552,101,70,29,29,57,39,0,0,0,10,112,83,22
16,8716,חולון,6600,956.1,79,0,577,433,3,430,100,57,36,51,40,0,0,0,13,10,21,98,4
16,8717,חולון,6600,956.2,79,0,577,438,3,435,142,81,19,12,13,0,0,0,0,4,22,130,12
16,8718,חולון,6600,956.3,79,0,577,421,2,419,78,56,24,15,31,5,0,0,0,16,47,142,5
16,8719,חולון,6600,956.4,79,0,576,455,1,454,88,58,33,63,25,0,0,0,0,12,36,124,15
16,8720,חולון,6600,1.0,4,0,708,459,3,456,136,50,3,5,119,25,0,0,0,22,35,39,22
16,8721,חולון,6600,2.0,39,0,694,485,2,483,50,127,5,25,128,6,0,0,0,8,61,57,16
16,8722,חולון,6600,4.1,40,0,592,406,3,403,55,72,17,33,28,6,0,0,0,43,20,122,7
16,8723,חולון,6600,4.2,40,0,592,371,2,369,82,59,21,31,32,3,0,0,0,17,15,78,31
16,8724,חולון,6600,4.3,40,0,590,364,0,364,77,42,9,44,22,10,0,0,0,15,25,93,27
16,8725,חולון,6600,7.0,4,0,586,441,2,439,170,71,2,28,19,12,0,0,0,36,33,57,11
16,8726,חולון,6600,8.1,42,0,710,483,1,482,138,49,10,28,102,15,0,0,0,9,43,64,24
16,8728,חולון,6600,8.3,42,0,710,452,0,452,129,32,43,17,24,12,0,0,0,21,73,92,9
16,8729,חולון,6600,9.0,81,0,626,413,1,412,46,82,12,33,30,23,0,0,0,26,46,89,25
16,8730,חולון,6600,10.0,81,0,656,426,1,425,77,62,36,15,15,0,0,0,0,10,101,104,5
16,8731,חולון,6600,13.0,81,0,634,427,5,422,83,74,17,31,34,1,15,0,0,9,25,121,12
16,8732,חולון,6600,21.1,29,0,650,411,3,408,67,41,23,20,28,5,0,0,0,23,56,124,21
16,8733,חולון,6600,21.2,29,0,650,374,3,371,90,40,27,29,35,6,0,0,0,11,34,98,1
16,8734,חולון,6600,21.3,29,0,650,426,0,426,66,40,9,12,54,11,4,0,0,9,56,119,46
16,8735,חולון,6600,21.4,29,0,650,434,0,434,120,48,28,17,49,3,0,0,2,12,26,97,32
16,8736,חולון,6600,21.5,29,0,648,398,2,396,77,36,9,32,87,22,0,0,0,32,35,61,5
16,8737,חולון,6600,140.1,17,0,727,453,1,452,155,89,20,19,42,11,0,0,0,9,19,68,20
16,8738,חולון,6600,140.2,17,0,727,456,2,454,71,61,16,36,33,0,31,0,0,30,21,134,21
16,8739,חולון,6600,140.3,17,0,727,412,1,411,81,40,38,28,21,7,0,0,0,8,26,139,23
16,8740,חולון,6600,140.4,17,0,727,482,1,481,68,137,16,15,78,14,0,0,0,25,46,64,18
16,8741,חולון,6600,140.5,17,0,727,411,2,409,105,52,20,16,66,37,0,0,0,23,21,65,4
16,8742,חולון,6600,140.6,17,0,727,416,1,415,62,55,32,17,46,1,0,0,0,5,68,124,5
16,8743,חולון,6600,140.7,17,0,723,446,0,446,59,114,12,21,10,14,1,0,0,2,62,126,25
16,8744,חולון,6600,166.1,6,0,737,442,5,437,97,88,19,34,26,3,0,0,0,7,30,125,8
16,8746,חולון,6600,166.3,6,0,737,458,2,456,112,59,15,61,27,0,0,0,4,24,32,111,11
16,8747,חולון,6600,166.4,6,0,735,451,1,450,116,71,53,49,5,4,0,0,0,12,19,110,11
16,8748,חולון,6600,185.1,7,0,617,415,1,414,64,86,38,39,14,0,0,0,0,7,31,130,5
16,8749,חולון,6600,185.2,7,0,617,389,2,387,77,69,22,42,39,1,0,0,0,20,25,82,10
16,8750,חולון,6600,185.3,7,0,617,385,0,385,77,92,81,20,17,6,0,0,0,7,19,63,3
16,8751,חולון,6600,185.4,7,0,617,407,2,405,45,65,9,54,9,2,0,0,0,6,11,188,16
16,8752,חולון,6600,244.1,28,0,620,395,0,395,80,91,2,29,41,2,0,0,0,21,53,68,8
16,8753,חולון,6600,244.2,28,0,620,422,0,422,111,52,30,32,40,1,0,0,0,30,24,88,14
16,8754,חולון,6600,244.3,28,0,620,386,3,383,63,48,43,13,57,28,0,0,0,8,20,81,22
16,8755,חולון,6600,244.4,28,0,620,405,0,405,94,58,9,13,41,14,0,0,0,8,24,131,13
16,8756,חולון,6600,244.5,28,0,618,395,2,393,93,80,20,43,28,13,0,0,0,34,14,51,17
16,8757,חולון,6600,15.0,10,0,660,480,1,479,104,103,20,18,36,11,0,0,0,13,75,85,14
16,8758,חולון,6600,16.0,8,0,643,470,1,469,144,109,30,45,18,0,0,0,0,6,20,89,8
16,8759,חולון,6600,19.0,8,0,548,331,0,331,73,52,14,8,50,1,0,0,0,10,55,65,3
16,8760,חולון,6600,23.0,10,0,665,353,1,352,58,62,34,29,32,2,0,0,0,25,6,101,3
16,8761,חולון,6600,28.1,25,0,685,364,1,363,77,66,16,41,25,7,0,0,0,19,26,63,23
16,8762,חולון,6600,28.2,25,0,685,346,1,345,50,63,42,19,3,0,13,0,0,7,22,106,20
16,8763,חולון,6600,28.3,25,0,685,371,4,367,99,52,29,14,5,8,0,0,0,7,18,121,14
16,8764,חולון,6600,28.4,25,0,685,400,9,391,95,40,43,51,28,0,0,0,1,3,44,79,7
16,8765,חולון,6600,28.5,25,0,685,387,3,384,98,43,29,25,52,8,0,0,0,8,16,92,13
16,8766,חולון,6600,28.6,25,0,685,319,1,318,56,87,53,31,9,0,0,0,0,1,7,67,7
16,8767,חולון,6600,28.7,25,0,680,368,2,366,85,79,40,23,13,9,6,0,0,1,4,98,8
16,8768,חולון,6600,29.0,10,0,665,382,5,377,63,32,36,62,24,6,7,0,0,13,27,104,3
16,8769,חולון,6600,67.1,24,0,713,451,3,448,68,94,16,65,2,13,0,0,0,10,35,117,28
16,8770,חולון,6600,67.2,24,0,713,442,1,441,110,89,29,54,17,0,0,0,0,17,11,110,4
16,8771,חולון,6600,67.3,24,0,713,447,0,447,43,94,32,12,34,5,0,0,0,12,23,148,44
16,8772,חולון,6600,67.4,24,0,710,423,2,421,66,89,27,60,6,0,1,0,0,9,21,130,12
16,8773,חולון,6600,99.0,10,0,694,518,3,515,91,88,26,83,29,8,0,0,1,55,20,88,26
16,8774,חולון,6600,123.0,51,0,696,403,5,398,56,50,69,17,30,24,0,0,0,4,42,88,18
16,8775,חולון,6600,124.0,51,0,656,402,1,401,95,65,46,23,40,9,0,0,0,17,12,73,21
16,8776,חולון,6600,136.0,8,0,653,335,2,333,53,52,17,11,19,1,0,0,0,37,40,85,18
16,8777,חולון,6600,138.0,8,1,690,345,3,342,79,47,31,54,7,10,0,9,0,2,23,78,2
16,8778,חולון,6600,139.0,8,0,731,343,5,338,93,63,20,8,17,9,1,0,0,41,8,77,1
16,8779,חולון,6600,141.0,26,0,721,457,3,454,120,71,60,22,17,4,0,0,0,23,29,89,19
16,8780,חולון,6600,143.0,8,0,692,333,1,332,103,26,28,12,28,12,0,0,0,30,15,71,7
16,8781,חולון,6600,144.0,77,0,619,448,2,446,96,69,18,60,48,27,0,0,0,24,22,75,7
16,8782,חולון,6600,146.0,26,0,689,372,2,370,67,51,54,25,16,10,0,0,0,14,22,99,12
16,8783,חולון,6600,147.0,8,0,710,352,5,347,68,58,23,3,47,3,0,0,0,14,38,76,17
16,8784,חולון,6600,148.0,26,0,654,329,0,329,81,42,43,9,8,1,15,0,0,3,24,88,15
16,8785,חולון,6600,152.0,51,1,651,445,2,443,73,49,5,20,41,15,1,0,0,19,43,123,54
16,8786,חולון,6600,153.0,77,0,726,500,2,498,89,112,22,21,43,14,0,0,0,5,31,140,21
16,8787,חולון,6600,154.0,51,0,547,381,1,380,102,51,16,22,22,3,0,0,0,7,31,123,3
16,8788,חולון,6600,161.0,8,0,693,357,3,354,84,58,27,19,43,35,0,0,0,6,16,58,8
16,8789,חולון,6600,162.0,26,0,696,448,3,445,105,42,46,17,46,6,0,0,0,16,39,88,40
16,8790,חולון,6600,205.0,26,1,673,386,2,384,76,39,33,56,36,19,0,0,0,2,44,76,3
16,8791,חולון,6600,208.1,80,0,680,441,1,440,92,76,54,19,34,16,0,0,0,11,36,97,5
16,8792,חולון,6600,208.2,80,0,680,426,0,426,114,51,9,21,40,26,2,0,0,20,36,87,20
16,8793,חולון,6600,208.3,80,0,680,425,1,424,142,25,15,38,68,19,0,0,1,29,16,58,13
16,8794,חולון,6600,208.4,80,0,679,389,1,388,100,47,29,28,18,1,0,0,0,9,14,109,33
16,8795,חולון,6600,210.0,77,0,563,394,3,391,81,106,5,40,43,1,0,0,0,13,13,79,10
16,8796,חולון,6600,215.0,10,0,687,447,2,445,118,105,11,30,21,7,0,0,0,33,10,108,2
16,8797,חולון,6600,263.0,10,0,630,446,2,444,167,58,3,33,18,18,0,0,0,12,21,89,25
16,8798,חולון,6600,31.1,35,0,701,485,2,483,119,46,82,44,19,1,0,0,0,6,48,87,31
16,8799,חולון,6600,31.2,35,0,701,456,0,456,58,92,23,66,12,1,0,0,0,20,9,159,16
16,8800,חולון,6600,42.1,11,0,744,488,1,487,83,136,3,38,8,3,0,0,0,2,18,181,15
16,8801,חולון,6600,42.2,11,1,744,467,1,466,57,83,46,34,12,10,1,0,0,22,23,145,33
16,8802,חולון,6600,42.3,11,0,742,468,1,467,90,79,33,67,7,10,0,1,0,21,25,133,1
16,8803,חולון,6600,87.0,27,0,716,346,2,344,42,103,15,33,36,0,0,0,0,28,7,75,5
16,8804,חולון,6600,91.0,27,0,666,304,2,302,39,30,65,4,103,0,0,0,0,3,24,34,0
16,8805,חולון,6600,114.0,27,0,663,335,3,332,86,54,10,3,84,13,0,0,0,9,21,46,6
16,8806,חולון,6600,180.1,69,0,728,528,3,525,214,55,17,24,39,5,0,0,0,14,69,74,14
16,8807,חולון,6600,180.2,69,0,728,489,0,489,77,50,22,50,35,2,0,0,0,13,33,190,17
16,8808,חולון,6600,180.3,69,0,728,525,0,525,119,104,61,45,29,1,0,0,0,5,55,85,21
16,8809,חולון,6600,180.4,69,0,728,493,4,489,137,87,55,28,24,2,2,0,0,10,31,95,18
16,8810,חולון,6600,180.5,69,0,725,486,5,481,82,95,28,24,40,0,0,0,0,15,25,167,5
16,8811,חולון,6600,187.1,50,0,608,423,1,422,48,108,46,30,40,0,0,0,0,3,24,96,27
16,8812,חולון,6600,187.2,50,0,608,448,1,447,69,67,35,24,10,1,0,1,0,28,19,168,25
16,8813,חולון,6600,187.3,50,0,608,423,3,420,156,67,3,39,17,0,0,0,0,16,28,64,30
16,8814,חולון,6600,187.4,50,0,608,417,1,416,86,73,26,26,35,2,0,0,0,11,30,88,39
16,8815,חולון,6600,187.5,50,0,605,421,0,421,121,118,14,33,9,3,0,0,0,3,4,114,2
16,8816,חולון,6600,232.1,75,0,591,404,1,403,73,84,28,25,27,5,0,0,0,10,27,93,31
16,8817,חולון,6600,232.2,75,0,591,420,2,418,67,60,21,37,10,1,0,0,0,5,34,153,30
16,8818,חולון,6600,232.3,75,0,591,395,1,394,76,64,23,14,8,2,13,0,0,4,10,159,21
16,8819,חולון,6600,232.4,75,0,588,407,0,407,60,57,42,54,26,14,0,0,0,5,32,99,18
16,8820,חולון,6600,257.1,90,0,600,383,4,379,71,85,24,15,28,3,0,0,0,19,28,98,8
16,8821,חולון,6600,257.2,90,0,600,425,2,423,124,49,16,43,30,1,0,0,0,22,19,105,14
16,8822,חולון,6600,257.3,90,0,600,384,6,378,48,74,56,7,24,5,0,1,0,15,47,99,2
16,8823,חולון,6600,257.4,90,0,600,436,0,436,116,124,19,16,30,6,0,0,0,12,5,99,9
16,8824,חולון,6600,266.1,89,0,732,530,1,529,148,60,23,23,52,5,0,0,0,33,52,116,17
16,8825,חולון,6600,266.2,89,0,732,556,6,550,189,75,69,32,16,3,0,0,0,5,37,99,25
16,8826,חולון,6600,266.3,89,0,732,556,2,554,68,82,49,38,39,21,0,0,0,37,110,89,21
16,8827,חולון,6600,266.4,89,1,732,520,3,517,112,58,24,30,54,1,0,0,0,24,60,112,42
16,8828,חולון,6600,266.5,89,0,732,543,0,543,167,44,20,12,38,3,0,0,0,15,53,174,17
16,8829,חולון,6600,266.6,89,0,732,549,1,548,136,86,63,47,4,13,0,0,0,9,59,109,22
16,8830,חולון,6600,953.1,78,0,711,531,1,530,142,133,20,26,55,2,0,0,0,6,16,108,22
16,8831,חולון,6600,953.2,78,0,711,533,2,531,122,89,54,49,42,4,2,0,0,8,30,103,28
16,8832,חולון,6600,953.3,78,0,711,545,2,543,163,86,10,57,28,8,0,0,0,5,39,141,6
16,8833,חולון,6600,953.4,78,0,711,493,0,493,44,113,38,45,55,3,0,0,0,16,69,100,10
16,8834,חולון,6600,953.5,78,0,708,522,2,520,81,91,8,34,29,3,0,0,0,7,48,181,38
3,1309,חצור הגלילית,2034,1.0,5,0,702,432,2,430,137,35,24,2,72,18,0,0,0,34,49,42,17
3,1310,חצור הגלילית,2034,2.0,12,0,728,463,3,460,106,37,5,1,94,18,4,0,0,39,85,63,8
3,1311,חצור הגלילית,2034,4.1,3,0,664,426,6,420,132,19,0,0,68,66,0,5,0,16,59,23,32
3,1312,חצור הגלילית,2034,4.2,3,0,664,413,0,413,169,23,9,2,58,22,0,0,0,32,63,34,1
3,1313,חצור הגלילית,2034,4.3,3,0,662,400,0,400,152,26,26,4,76,46,0,1,0,19,34,13,3
3,1314,חצור הגלילית,2034,6.0,10,0,593,383,1,382,77,41,15,1,89,26,0,0,0,23,62,14,34
3,1315,חצור הגלילית,2034,8.1,9,0,743,447,0,447,172,83,5,7,53,13,0,0,0,14,54,34,12
3,1316,חצור הגלילית,2034,9.0,10,0,543,362,1,361,141,11,7,2,79,28,0,0,0,2,41,32,18
3,1317,חצור הגלילית,2034,11.0,10,0,535,346,4,342,136,28,23,2,57,6,1,0,0,18,22,47,2
3,1318,חצור הגלילית,2034,13.1,4,0,736,531,0,531,186,29,4,6,65,155,0,0,0,3,28,52,3
3,1319,חצור הגלילית,2034,13.2,4,0,736,583,0,583,105,41,11,23,26,257,0,2,0,14,27,77,0
3,1320,חצור הגלילית,2034,13.3,4,0,734,579,0,579,37,10,0,0,53,362,0,0,0,33,45,29,10
3,1321,טובאזנגריה,962,1.0,4,0,701,258,2,256,0,10,2,18,0,0,69,123,19,0,2,8,5
3,1322,טובאזנגריה,962,2.0,3,0,691,330,2,328,2,0,19,12,0,0,100,186,8,0,0,0,1
3,1323,טובאזנגריה,962,3.0,4,0,608,231,5,226,2,5,5,11,0,6,47,140,5,0,0,5,0
3,1324,טובאזנגריה,962,4.0,3,0,602,204,4,200,0,0,3,17,0,0,27,146,5,0,0,1,1
3,1325,טובאזנגריה,962,5.0,4,0,663,260,5,255,8,2,6,43,5,1,34,135,12,0,0,9,0
3,1326,טובאזנגריה,962,6.0,3,0,606,241,3,238,7,5,4,6,0,0,31,170,8,0,5,2,0
3,1327,טובאזנגריה,962,7.0,4,0,586,281,1,280,3,1,5,33,0,0,53,171,11,0,1,2,0
3,1328,טובאזנגריה,962,8.0,4,0,694,260,1,259,18,0,15,5,1,0,37,160,13,0,0,10,0
11,5469,יהודמונוסון,9400,1.1,8,0,588,436,0,436,63,53,48,60,19,1,1,0,0,34,22,120,15
11,5470,יהודמונוסון,9400,1.2,8,0,588,421,2,419,50,61,53,34,20,7,3,0,0,7,13,141,30
11,5471,יהודמונוסון,9400,1.3,8,0,588,417,0,417,69,103,21,46,1,0,0,0,0,4,26,120,27
11,5472,יהודמונוסון,9400,1.4,8,0,588,427,0,427,56,77,30,64,2,1,0,0,0,20,22,126,29
11,5473,יהודמונוסון,9400,3.0,19,0,658,465,3,462,83,90,26,26,5,13,0,4,0,20,24,131,40
11,5474,יהודמונוסון,9400,5.0,103,1,690,527,0,527,151,76,2,35,58,7,0,0,0,32,46,115,5
11,5475,יהודמונוסון,9400,6.1,2,0,645,470,3,467,116,33,40,44,40,8,0,0,0,24,47,79,36
11,5476,יהודמונוסון,9400,6.2,2,0,644,474,3,471,104,89,28,41,21,1,1,0,0,3,35,128,20
11,5477,יהודמונוסון,9400,10.0,106,0,467,300,1,299,64,44,0,14,21,16,0,0,0,50,33,54,3
11,5478,יהודמונוסון,9400,11.0,9,0,379,259,1,258,54,33,12,17,30,6,0,0,0,2,55,43,6
11,5479,יהודמונוסון,9400,12.0,9,0,505,322,5,317,91,23,28,5,17,2,0,0,0,29,47,72,3
11,5480,יהודמונוסון,9400,14.0,7,0,705,566,1,565,119,126,54,62,8,3,0,6,0,6,60,103,18
11,5481,יהודמונוסון,9400,16.1,1,0,612,415,2,413,180,36,21,15,43,4,3,0,0,5,16,89,1
11,5482,יהודמונוסון,9400,16.2,1,0,612,431,1,430,123,52,27,10,21,8,0,0,0,10,40,124,15
11,5483,יהודמונוסון,9400,16.3,1,0,610,409,2,407,108,58,21,3,28,0,0,0,0,22,92,64,11
11,5484,יהודמונוסון,9400,18.0,19,0,741,487,5,482,130,66,24,51,31,13,0,0,0,24,40,96,7
11,5485,יהודמונוסון,9400,19.1,4,0,712,528,3,525,121,94,15,84,19,5,0,0,0,5,53,105,24
11,5486,יהודמונוסון,9400,19.2,4,0,712,534,2,532,114,56,37,26,44,5,10,0,0,21,77,121,21
11,5487,יהודמונוסון,9400,19.3,4,0,711,527,4,523,123,97,12,31,20,1,1,2,0,8,74,134,20
11,5488,יהודמונוסון,9400,20.0,17,0,621,485,0,485,34,197,20,41,4,11,0,0,0,0,17,138,23
11,5489,יהודמונוסון,9400,21.0,108,0,736,496,2,494,135,80,27,24,34,2,0,3,1,2,86,96,4
11,5490,יהודמונוסון,9400,24.1,20,0,656,496,0,496,198,56,4,10,12,1,0,0,0,25,29,124,37
11,5491,יהודמונוסון,9400,24.2,20,0,656,471,0,471,138,75,2,11,12,1,0,0,0,28,35,159,10
11,5492,יהודמונוסון,9400,24.3,20,0,656,483,3,480,98,90,22,25,15,18,0,0,0,19,47,118,28
11,5493,יהודמונוסון,9400,24.4,20,0,655,443,2,441,114,88,41,38,5,5,0,0,0,29,18,86,17
11,5494,יהודמונוסון,9400,25.0,16,0,589,459,0,459,28,129,49,47,3,0,0,0,0,1,13,186,3
11,5495,יהודמונוסון,9400,26.0,17,0,548,446,1,445,45,85,22,39,9,5,0,0,0,7,21,164,48
11,5496,יהודמונוסון,9400,27.0,17,0,641,503,1,502,65,122,43,32,3,1,0,0,0,4,19,174,39
11,5497,יהודמונוסון,9400,28.0,16,0,588,450,1,449,47,100,28,54,6,0,6,0,0,6,7,160,35
11,5498,יהודמונוסון,9400,29.0,19,0,640,468,1,467,88,61,61,15,22,1,0,0,0,15,58,139,7
11,5499,יהודמונוסון,9400,30.0,104,0,664,435,1,434,127,28,30,37,52,10,0,19,0,5,39,67,20
11,5500,יהודמונוסון,9400,31.0,17,0,629,491,2,489,109,114,13,50,27,9,0,0,0,3,29,112,23
11,5501,יהודמונוסון,9400,33.0,105,0,551,380,1,379,117,58,15,20,7,1,0,0,0,4,15,130,12
11,5502,יהודמונוסון,9400,34.0,108,0,784,540,1,539,154,68,16,11,20,19,0,0,0,42,42,155,12
11,5503,יהודמונוסון,9400,35.0,19,0,553,385,0,385,64,68,29,61,5,3,0,0,0,28,32,88,7
11,5504,יהודמונוסון,9400,37.0,24,0,651,500,2,498,87,83,46,72,12,2,0,0,0,15,10,144,27
11,5505,יהודמונוסון,9400,38.0,17,0,475,380,0,380,31,109,29,25,9,0,0,0,3,0,9,152,13
11,5506,יהודמונוסון,9400,101.0,101,0,650,498,1,497,87,70,40,77,22,5,0,0,0,6,21,155,14
11,5507,יהודמונוסון,9400,102.0,101,0,557,411,1,410,23,122,30,104,0,0,0,0,0,2,14,111,4
11,5508,יהודמונוסון,9400,103.0,101,0,647,490,1,489,33,113,58,68,5,5,0,0,0,0,5,181,21
11,5509,יהודמונוסון,9400,104.0,101,0,615,470,1,469,62,151,27,68,10,2,0,3,0,3,2,103,38
11,5510,יהודמונוסון,9400,105.0,101,0,578,502,2,500,59,169,28,52,17,0,0,0,0,2,20,118,35
3,1245,יראון,623,1.0,1,0,395,250,2,248,1,47,17,57,0,0,0,0,0,0,4,117,5
1,1,ירושלים,3000,572.1,47,0,714,471,10,461,29,10,4,3,222,122,0,0,0,5,51,13,2
1,2,ירושלים,3000,572.2,47,0,714,486,1,485,10,4,22,0,84,308,0,0,0,15,38,4,0
1,3,ירושלים,3000,572.3,47,0,714,490,9,481,42,16,1,5,170,206,0,0,0,12,12,16,1
1,4,ירושלים,3000,572.4,47,0,714,450,8,442,17,5,4,0,142,215,0,0,0,11,26,22,0
1,5,ירושלים,3000,572.5,47,0,713,466,6,460,29,16,22,6,136,190,0,0,0,7,29,25,0
1,6,ירושלים,3000,574.0,258,0,615,307,4,303,52,10,6,3,84,70,2,1,0,9,6,40,20
1,7,ירושלים,3000,575.0,105,0,713,593,8,585,9,3,0,0,140,352,0,0,0,21,55,5,0
1,8,ירושלים,3000,576.0,42,0,586,396,9,387,44,5,0,0,117,177,0,0,0,6,24,14,0
1,9,ירושלים,3000,650.0,330,0,611,381,9,372,44,25,3,0,90,185,0,0,0,1,15,9,0
1,10,ירושלים,3000,698.0,64,0,726,419,9,410,33,1,1,3,118,194,0,0,0,6,35,19,0
1,11,ירושלים,3000,700.0,42,0,707,486,4,482,28,26,9,0,132,237,0,0,0,4,18,17,11
1,12,ירושלים,3000,701.0,53,0,739,446,4,442,25,4,12,0,178,166,0,0,0,1,43,13,0
1,13,ירושלים,3000,712.0,330,0,576,391,3,388,12,14,4,0,106,214,0,0,0,12,22,3,1
1,14,ירושלים,3000,713.0,42,0,525,347,6,341,32,25,1,0,77,147,1,0,0,6,29,21,2
1,15,ירושלים,3000,714.0,53,0,742,460,5,455,31,19,5,1,125,204,2,0,0,9,30,28,1
1,16,ירושלים,3000,720.0,389,0,646,398,3,395,78,28,7,7,54,42,0,0,0,29,46,101,3
1,17,ירושלים,3000,725.1,219,0,662,424,2,422,78,39,5,15,109,41,12,0,0,25,41,48,9
1,18,ירושלים,3000,725.2,219,0,662,408,4,404,102,40,17,6,49,52,1,0,0,15,40,82,0
1,19,ירושלים,3000,725.3,219,0,662,399,3,396,100,10,11,8,58,37,4,6,0,40,51,70,1
1,20,ירושלים,3000,725.4,219,0,662,443,1,442,80,31,7,9,94,91,0,0,0,16,59,53,2
1,21,ירושלים,3000,725.5,219,0,662,391,2,389,48,14,37,41,59,66,1,7,0,30,40,39,7
1,22,ירושלים,3000,725.6,219,0,657,421,0,421,105,39,4,30,25,89,5,0,2,17,39,62,4
1,23,ירושלים,3000,733.0,270,0,725,488,1,487,86,20,3,38,72,26,4,10,0,6,62,142,18
1,24,ירושלים,3000,737.0,270,0,583,419,2,417,95,73,11,16,50,4,0,0,0,25,20,101,22
1,25,ירושלים,3000,742.1,483,0,644,45,0,45,2,1,0,2,0,0,14,17,5,2,0,1,1
1,26,ירושלים,3000,742.2,483,0,643,51,0,51,3,0,0,2,0,0,33,7,5,0,1,0,0
1,27,ירושלים,3000,745.0,258,1,587,395,6,389,86,27,50,13,80,43,3,0,0,19,40,27,1
1,28,ירושלים,3000,746.0,258,0,605,367,1,366,94,47,14,2,82,25,6,0,0,21,32,35,8
1,29,ירושלים,3000,755.0,270,0,612,376,4,372,90,53,23,22,28,9,0,0,0,28,35,66,18
1,30,ירושלים,3000,757.1,257,0,673,442,5,437,85,42,13,25,60,75,0,2,0,3,41,70,21
1,31,ירושלים,3000,757.2,257,0,673,434,3,431,146,21,19,17,74,10,1,0,0,5,89,47,2
1,32,ירושלים,3000,757.3,257,0,673,390,4,386,91,37,38,16,48,18,14,0,4,13,37,65,5
1,33,ירושלים,3000,760.0,64,0,714,470,3,467,31,11,13,1,170,169,0,3,0,12,27,29,1
1,34,ירושלים,3000,761.0,42,0,534,351,5,346,23,6,0,0,103,172,0,0,0,10,24,5,3
1,35,ירושלים,3000,762.1,489,0,728,551,0,551,12,0,0,0,146,347,0,0,0,7,26,13,0
1,36,ירושלים,3000,762.2,489,0,728,515,0,515,43,0,0,0,156,271,0,0,0,0,37,7,1
1,37,ירושלים,3000,762.3,489,0,728,530,4,526,21,4,0,0,176,251,0,0,0,8,53,13,0
1,38,ירושלים,3000,762.4,489,0,728,534,8,526,21,1,0,0,97,370,0,0,0,4,21,12,0
1,39,ירושלים,3000,762.5,489,0,725,502,6,496,27,0,0,0,140,291,0,0,0,3,34,1,0
1,40,ירושלים,3000,763.1,259,0,658,423,3,420,84,24,18,4,44,89,9,0,0,28,40,78,2
1,41,ירושלים,3000,763.2,259,0,658,442,1,441,79,47,32,16,110,17,1,0,0,42,58,19,20
1,42,ירושלים,3000,763.3,259,0,658,444,4,440,126,56,37,5,33,64,0,0,0,15,39,47,18
1,43,ירושלים,3000,763.4,259,0,658,411,3,408,78,26,21,16,80,26,0,0,0,11,95,48,7
1,44,ירושלים,3000,764.0,270,0,639,432,1,431,111,37,47,11,26,25,0,0,0,69,30,70,5
1,45,ירושלים,3000,765.0,258,0,590,402,4,398,73,29,35,3,104,6,0,10,4,22,43,63,6
1,46,ירושלים,3000,766.0,258,0,633,424,4,420,91,44,18,17,88,66,2,0,1,3,28,58,4
1,47,ירושלים,3000,770.1,256,0,683,435,0,435,44,34,23,14,138,23,0,0,0,5,48,85,21
1,48,ירושלים,3000,770.2,256,0,683,428,4,424,108,49,13,25,88,16,0,0,0,11,68,18,28
1,49,ירושלים,3000,770.3,256,0,683,457,1,456,72,65,19,34,103,25,0,0,0,9,73,48,8
1,50,ירושלים,3000,770.4,256,0,682,392,2,390,90,71,53,18,63,11,4,0,0,11,41,23,5
1,51,ירושלים,3000,792.0,334,0,589,416,4,412,18,0,0,0,107,255,0,0,0,0,20,12,0
1,52,ירושלים,3000,969.0,389,0,443,290,2,288,110,17,10,4,45,2,0,0,0,23,28,41,8
1,53,ירושלים,3000,20.1,21,0,621,212,0,212,8,3,9,2,51,111,0,0,0,0,15,10,3
1,54,ירושלים,3000,20.2,21,0,621,211,1,210,7,0,0,8,39,131,0,0,0,1,19,5,0
1,55,ירושלים,3000,20.3,21,0,621,203,0,203,6,6,0,2,54,96,0,0,0,15,19,5,0
1,56,ירושלים,3000,20.4,21,0,621,164,2,162,6,16,0,0,52,69,1,0,0,2,13,2,1
1,57,ירושלים,3000,20.5,21,0,617,184,1,183,11,7,0,5,18,125,1,0,0,1,9,5,1
1,58,ירושלים,3000,26.1,75,0,637,332,1,331,12,1,0,0,151,138,0,0,0,2,19,8,0
1,59,ירושלים,3000,26.2,75,0,637,331,4,327,52,1,0,0,80,154,0,0,0,5,34,1,0
1,60,ירושלים,3000,26.3,75,0,637,334,4,330,7,0,0,0,162,112,0,0,0,3,44,2,0
1,61,ירושלים,3000,26.4,75,0,637,318,0,318,12,0,0,0,125,138,0,0,0,10,32,1,0
1,62,ירושלים,3000,26.5,75,0,633,286,2,284,31,1,0,1,41,192,0,0,0,3,14,1,0
1,63,ירושלים,3000,120.1,83,0,675,295,1,294,13,1,0,0,136,110,0,0,0,2,29,3,0
1,64,ירושלים,3000,120.2,83,0,675,170,4,166,11,0,0,0,34,105,0,0,0,2,10,4,0
1,65,ירושלים,3000,120.3,83,0,675,290,1,289,15,0,0,0,122,130,0,0,0,0,17,5,0
1,66,ירושלים,3000,120.4,83,0,675,290,3,287,9,0,0,0,125,95,0,0,0,8,24,26,0
1,67,ירושלים,3000,120.5,83,0,675,227,0,227,18,0,0,0,54,132,0,0,0,10,9,4,0
1,68,ירושלים,3000,120.6,83,0,673,246,3,243,23,0,0,0,69,137,0,0,0,1,8,2,3
1,69,ירושלים,3000,423.1,261,0,742,478,2,476,123,71,9,6,51,3,0,0,0,16,53,125,19
1,70,ירושלים,3000,423.2,261,0,742,485,3,482,106,43,17,32,70,3,0,0,0,13,101,94,3
1,71,ירושלים,3000,423.3,261,0,742,491,4,487,149,60,10,25,32,1,0,0,0,48,44,76,42
1,72,ירושלים,3000,521.1,41,0,586,211,0,211,30,19,11,24,17,14,4,0,10,18,14,49,1
1,73,ירושלים,3000,521.2,41,0,586,229,4,225,17,20,15,23,47,36,6,0,1,7,15,33,5
1,74,ירושלים,3000,521.3,41,0,586,214,1,213,13,29,19,36,8,11,18,0,17,0,6,48,8
1,75,ירושלים,3000,521.4,41,0,585,239,0,239,39,20,22,50,7,34,0,0,6,2,20,38,1
1,76,ירושלים,3000,550.1,28,0,628,394,2,392,21,25,1,4,126,141,0,0,0,8,43,14,9
1,77,ירושלים,3000,550.2,28,1,628,366,4,362,43,28,0,0,93,137,0,0,0,22,18,20,1
1,78,ירושלים,3000,550.3,28,0,628,362,4,358,22,15,18,10,75,144,0,0,4,8,43,17,2
1,79,ירושלים,3000,550.4,28,0,627,377,0,377,16,2,7,3,62,200,1,0,0,14,40,31,1
1,80,ירושלים,3000,554.1,14,0,630,431,3,428,45,3,0,0,93,273,0,0,0,1,13,0,0
1,81,ירושלים,3000,554.2,14,0,630,445,3,442,12,0,0,0,70,333,0,0,0,4,21,2,0
1,82,ירושלים,3000,554.3,14,0,630,428,8,420,24,7,0,0,88,270,0,0,0,1,22,2,6
1,83,ירושלים,3000,554.4,14,0,630,449,6,443,7,0,0,0,120,270,0,0,0,1,42,3,0
1,84,ירושלים,3000,554.5,14,0,630,427,12,415,21,12,0,0,62,267,0,0,0,4,44,0,5
1,85,ירושלים,3000,554.6,14,0,626,405,5,400,20,2,7,0,60,295,0,0,0,0,14,0,2
1,86,ירושלים,3000,556.1,39,0,645,354,2,352,8,9,1,25,152,128,0,0,0,3,22,4,0
1,87,ירושלים,3000,556.2,39,0,645,377,1,376,29,1,0,1,68,229,0,0,0,18,11,18,1
1,88,ירושלים,3000,556.3,39,0,645,367,11,356,14,23,0,0,13,246,0,0,0,2,26,31,1
1,89,ירושלים,3000,556.4,39,0,645,343,3,340,7,16,0,1,71,207,0,0,0,12,17,8,1
1,90,ירושלים,3000,562.1,388,0,745,414,4,410,52,33,23,37,82,72,15,2,8,8,12,63,3
1,91,ירושלים,3000,562.2,388,1,745,407,0,407,42,53,11,35,41,70,13,0,7,18,59,41,17
1,92,ירושלים,3000,569.1,69,0,663,431,3,428,38,1,11,0,214,127,0,0,0,3,26,8,0
1,93,ירושלים,3000,569.2,69,0,663,421,0,421,16,6,0,0,137,215,0,0,0,3,39,4,1
1,94,ירושלים,3000,569.3,69,0,663,462,6,456,51,20,0,0,148,199,0,0,0,4,34,0,0
1,95,ירושלים,3000,569.4,69,0,663,471,4,467,71,3,0,4,172,149,0,0,0,0,52,16,0
1,96,ירושלים,3000,569.5,69,0,663,437,2,435,21,1,2,0,158,218,0,0,0,1,11,22,1
1,97,ירושלים,3000,569.6,69,0,663,415,10,405,9,2,0,0,91,268,0,0,0,1,27,6,1
1,98,ירושלים,3000,569.7,69,0,682,427,11,416,8,2,0,0,127,205,0,0,0,0,52,19,3
1,99,ירושלים,3000,715.1,23,0,708,405,2,403,70,32,21,72,19,40,28,4,2,0,9,72,34
1,100,ירושלים,3000,715.2,23,0,708,450,0,450,21,115,16,61,62,32,25,0,8,1,18,81,10
1,101,ירושלים,3000,715.3,23,0,707,420,4,416,51,112,22,85,27,6,15,0,3,2,1,87,5
1,102,ירושלים,3000,735.0,263,0,717,473,0,473,83,36,4,4,128,15,0,0,0,13,84,97,9
1,103,ירושלים,3000,739.0,263,0,747,450,2,448,70,42,33,19,83,8,0,0,0,21,41,97,34
1,104,ירושלים,3000,740.1,266,0,741,455,1,454,101,81,23,31,29,7,6,0,0,28,80,64,4
1,105,ירושלים,3000,740.2,266,0,741,487,0,487,149,45,4,12,83,19,0,1,0,20,77,58,19
1,106,ירושלים,3000,740.3,266,0,739,431,4,427,89,53,30,3,76,4,0,0,0,27,49,85,11
1,107,ירושלים,3000,744.0,263,0,598,400,0,400,96,48,7,2,59,2,0,0,0,24,56,100,6
1,108,ירושלים,3000,750.1,265,0,727,493,2,491,105,30,27,7,111,23,1,0,0,39,70,57,21
1,109,ירושלים,3000,750.2,265,0,727,498,2,496,75,25,42,9,87,49,0,1,0,42,69,85,12
1,110,ירושלים,3000,750.3,265,0,727,463,8,455,126,36,27,13,91,14,1,0,0,40,68,34,5
1,111,ירושלים,3000,750.4,265,0,727,473,0,473,88,38,24,8,104,42,0,0,0,42,29,88,10
1,112,ירושלים,3000,751.1,267,0,698,485,2,483,142,20,7,5,97,1,0,0,0,20,121,55,15
1,113,ירושלים,3000,751.2,267,0,698,477,1,476,145,32,7,13,79,3,0,0,0,60,74,50,13
1,114,ירושלים,3000,751.3,267,0,698,492,2,490,142,22,5,24,85,3,0,0,0,44,81,76,8
1,115,ירושלים,3000,751.4,267,0,698,517,2,515,99,58,5,32,60,13,0,0,0,14,96,128,10
1,116,ירושלים,3000,751.5,267,0,698,451,3,448,127,54,11,13,63,1,0,0,0,15,34,97,33
1,117,ירושלים,3000,751.6,267,0,696,462,1,461,87,24,34,31,118,1,0,0,0,60,18,69,19
1,118,ירושלים,3000,752.1,382,0,668,451,1,450,150,42,19,2,42,0,0,0,0,28,92,72,3
1,119,ירושלים,3000,752.2,382,0,668,434,0,434,90,34,14,34,69,3,0,0,0,46,74,52,18
1,120,ירושלים,3000,752.3,382,0,668,434,1,433,143,28,3,12,37,34,0,0,0,23,83,68,2
1,121,ירושלים,3000,752.4,382,0,665,426,1,425,119,67,6,7,39,6,0,0,0,30,74,63,14
1,122,ירושלים,3000,797.0,263,0,545,351,0,351,79,75,26,4,26,15,0,1,0,10,41,65,9
1,123,ירושלים,3000,5.0,383,0,575,160,3,157,7,1,0,0,37,96,0,0,0,1,13,1,1
1,124,ירושלים,3000,16.0,7,0,651,67,1,66,3,1,1,0,11,48,0,0,0,0,1,1,0
1,125,ירושלים,3000,17.0,7,0,662,69,0,69,2,0,0,0,6,51,0,0,0,2,6,2,0
1,126,ירושלים,3000,18.0,383,0,678,180,3,177,8,1,0,0,24,115,0,0,0,0,17,12,0
1,127,ירושלים,3000,36.1,85,0,697,410,2,408,35,89,11,89,5,6,1,27,1,1,12,129,2
1,128,ירושלים,3000,36.2,85,0,697,406,1,405,41,83,36,59,36,1,0,13,0,29,9,88,10
1,129,ירושלים,3000,36.3,85,0,697,444,0,444,42,72,7,83,3,1,6,0,22,2,16,153,37
1,130,ירושלים,3000,36.4,85,1,696,381,1,380,20,43,8,120,0,5,4,0,1,5,40,121,13
1,131,ירושלים,3000,76.0,7,0,608,63,0,63,2,0,0,0,11,41,0,1,0,1,5,2,0
1,132,ירושלים,3000,83.1,375,0,731,234,3,231,35,34,1,13,39,22,5,1,0,16,40,21,4
1,133,ירושלים,3000,83.2,375,0,731,209,0,209,37,17,10,34,21,16,8,2,1,6,5,46,6
1,134,ירושלים,3000,83.3,375,0,731,236,1,235,37,20,9,16,45,26,6,1,4,26,20,21,4
1,135,ירושלים,3000,83.4,375,0,728,214,2,212,23,26,14,24,14,15,8,3,2,12,43,26,2
1,136,ירושלים,3000,85.0,65,0,516,284,1,283,28,25,22,34,44,34,2,0,0,13,31,43,7
1,137,ירושלים,3000,86.1,215,0,748,282,5,277,47,30,9,47,14,23,2,0,1,8,15,62,19
1,138,ירושלים,3000,86.2,215,0,748,314,0,314,65,59,37,28,9,6,8,0,0,17,26,49,10
1,139,ירושלים,3000,86.3,215,0,748,263,1,262,15,46,9,39,20,5,10,0,7,12,24,60,15
1,141,ירושלים,3000,87.2,90,0,657,369,3,366,34,14,7,60,15,120,15,0,0,9,23,68,1
1,142,ירושלים,3000,87.3,90,0,657,362,2,360,42,36,23,45,18,79,4,2,0,3,29,79,0
1,143,ירושלים,3000,92.1,100,0,617,338,1,337,97,45,5,17,45,21,2,1,0,6,35,57,6
1,144,ירושלים,3000,92.2,100,0,617,331,1,330,97,30,16,10,46,16,8,0,0,8,37,59,3
1,145,ירושלים,3000,94.1,25,0,578,233,2,231,18,44,15,25,17,14,8,0,0,15,16,57,2
1,146,ירושלים,3000,94.2,25,0,578,230,4,226,28,16,7,27,14,6,1,0,0,12,64,47,4
1,147,ירושלים,3000,94.3,25,0,578,197,0,197,28,30,8,44,35,7,0,0,0,10,10,19,6
1,148,ירושלים,3000,94.4,25,0,575,213,0,213,20,28,14,22,8,13,10,0,0,13,13,48,24
1,149,ירושלים,3000,119.1,398,0,696,319,2,317,29,17,6,7,76,113,15,0,0,11,28,11,4
1,150,ירושלים,3000,119.2,398,0,696,294,3,291,8,17,1,3,40,173,3,1,0,4,19,3,19
1,151,ירושלים,3000,119.3,398,0,696,312,1,311,17,10,1,16,37,182,2,0,0,11,13,21,1
1,152,ירושלים,3000,119.4,398,0,696,349,1,348,17,4,1,3,64,205,8,0,1,4,12,14,15
1,153,ירושלים,3000,119.5,398,0,696,258,0,258,28,17,0,16,20,121,8,0,0,6,29,4,9
1,154,ירושלים,3000,119.6,398,0,693,259,0,259,26,14,0,3,36,144,0,0,0,17,13,6,0
1,155,ירושלים,3000,165.1,92,0,636,322,0,322,21,38,4,16,18,105,0,0,0,32,63,21,4
1,156,ירושלים,3000,165.2,92,0,636,304,1,303,52,25,6,36,17,83,0,0,0,23,22,39,0
1,157,ירושלים,3000,165.3,92,0,636,296,2,294,24,13,3,14,13,111,2,7,0,22,45,30,10
1,158,ירושלים,3000,165.4,92,1,635,325,0,325,50,28,17,15,15,99,1,0,0,19,30,49,2
1,159,ירושלים,3000,191.1,34,0,687,371,0,371,89,34,1,38,55,10,0,0,4,12,44,70,14
1,160,ירושלים,3000,191.2,34,0,687,315,3,312,25,34,8,47,6,39,6,2,0,20,30,75,20
1,161,ירושלים,3000,191.3,34,0,687,367,4,363,77,76,3,38,53,9,6,0,0,17,29,41,14
1,162,ירושלים,3000,191.4,34,0,687,378,2,376,113,41,16,25,42,13,6,0,0,4,43,55,18
1,163,ירושלים,3000,191.5,34,0,687,303,0,303,38,15,8,7,15,20,13,2,2,60,53,49,21
1,164,ירושלים,3000,191.6,34,0,683,304,1,303,78,48,4,28,9,39,3,0,0,9,19,55,11
1,165,ירושלים,3000,193.0,65,0,699,428,1,427,20,19,4,28,35,218,0,0,0,14,41,12,36
1,166,ירושלים,3000,197.0,80,0,570,272,1,271,17,32,24,51,23,24,10,0,0,15,20,54,1
1,167,ירושלים,3000,198.0,80,0,598,278,0,278,31,38,29,28,15,17,0,0,0,9,37,69,5
1,168,ירושלים,3000,203.0,484,0,685,291,0,291,80,27,10,19,42,15,3,0,0,5,34,50,6
1,169,ירושלים,3000,204.0,80,0,602,282,2,280,52,11,2,35,44,15,1,0,0,18,38,58,6
1,170,ירושלים,3000,206.0,484,0,705,373,1,372,26,12,1,5,134,84,0,0,0,14,68,26,2
1,171,ירושלים,3000,405.1,89,0,676,370,2,368,49,59,10,68,8,30,9,0,4,7,12,78,34
1,172,ירושלים,3000,405.2,89,0,676,345,0,345,34,65,30,74,3,12,1,0,0,6,16,97,7
1,173,ירושלים,3000,405.3,89,0,676,358,1,357,64,58,4,64,17,20,4,4,0,5,42,59,16
1,174,ירושלים,3000,405.4,89,0,676,391,0,391,30,44,17,58,24,22,19,0,0,13,52,78,34
1,175,ירושלים,3000,405.5,89,0,676,364,0,364,13,83,22,97,4,16,11,1,0,7,13,76,21
1,176,ירושלים,3000,405.6,89,0,674,363,0,363,27,100,37,69,7,18,11,6,0,4,18,47,19
1,177,ירושלים,3000,832.0,376,0,653,63,0,63,1,0,0,0,11,39,0,0,0,4,7,1,0
1,178,ירושלים,3000,500.1,173,0,670,391,0,391,50,10,8,3,34,163,0,0,0,47,57,19,0
1,179,ירושלים,3000,500.2,173,0,670,408,1,407,56,6,1,1,32,206,0,0,0,31,47,27,0
1,180,ירושלים,3000,500.3,173,0,670,349,0,349,57,6,2,0,32,115,2,2,0,24,90,16,3
1,181,ירושלים,3000,500.4,173,0,668,377,0,377,28,7,0,10,45,130,0,0,0,36,86,35,0
1,182,ירושלים,3000,501.1,302,0,730,171,0,171,38,12,0,18,1,10,39,6,2,19,11,15,0
1,183,ירושלים,3000,501.2,302,0,730,176,0,176,17,4,4,8,0,39,34,31,7,12,15,5,0
1,184,ירושלים,3000,501.3,302,0,730,174,3,171,39,8,3,18,0,5,38,3,11,4,11,23,8
1,185,ירושלים,3000,501.4,302,0,727,202,3,199,40,12,1,4,2,17,43,13,2,11,29,24,1
1,186,ירושלים,3000,74.1,372,0,697,433,8,425,9,43,1,2,61,265,1,0,0,13,5,16,9
1,187,ירושלים,3000,74.2,372,0,697,451,1,450,32,4,0,4,116,241,0,0,0,10,29,14,0
1,188,ירושלים,3000,74.3,372,0,696,429,1,428,23,18,0,3,74,281,0,0,0,2,15,0,12
1,189,ירושלים,3000,209.0,3,0,722,561,8,553,15,0,0,0,103,401,0,0,0,11,17,6,0
1,190,ירושלים,3000,213.1,385,0,634,457,4,453,20,62,41,144,7,0,13,9,0,8,1,135,13
1,191,ירושלים,3000,213.2,385,0,634,423,0,423,37,65,7,132,0,5,13,0,0,1,3,108,52
1,192,ירושלים,3000,213.3,385,0,634,442,0,442,26,116,29,93,10,2,10,0,3,26,22,87,18
1,193,ירושלים,3000,213.4,385,0,634,458,1,457,43,73,17,158,10,12,13,0,0,5,6,117,3
1,194,ירושלים,3000,213.5,385,0,634,422,1,421,9,101,38,89,5,0,1,0,0,26,15,130,7
1,195,ירושלים,3000,213.6,385,1,630,444,6,438,28,98,18,99,3,1,12,22,0,3,9,128,17
1,196,ירושלים,3000,214.0,11,0,525,344,1,343,17,107,19,78,1,22,0,0,0,5,13,75,6
1,197,ירושלים,3000,222.1,49,0,677,488,1,487,34,3,0,0,124,258,0,0,0,19,25,24,0
1,198,ירושלים,3000,222.2,49,0,677,500,3,497,15,4,0,4,172,142,0,0,0,20,39,84,17
1,199,ירושלים,3000,222.3,49,0,676,484,9,475,53,1,0,6,124,187,0,0,0,14,67,23,0
1,200,ירושלים,3000,224.1,57,0,723,546,8,538,24,11,0,0,154,185,0,0,0,72,68,14,10
1,201,ירושלים,3000,224.2,57,0,723,555,1,554,14,20,2,3,184,214,0,0,0,21,52,43,1
1,202,ירושלים,3000,224.3,57,0,723,563,0,563,31,42,0,1,167,148,0,0,0,25,119,16,14
1,203,ירושלים,3000,224.4,57,0,723,545,8,537,69,18,0,3,157,128,0,0,0,43,89,29,1
1,204,ירושלים,3000,224.5,57,0,723,548,4,544,19,49,0,9,174,195,0,0,0,25,52,18,3
1,205,ירושלים,3000,224.6,57,0,718,564,5,559,21,17,0,0,229,138,0,0,0,17,57,61,19
1,206,ירושלים,3000,225.1,15,0,639,451,1,450,2,0,0,0,57,376,0,0,0,1,14,0,0
1,207,ירושלים,3000,225.2,15,0,639,395,6,389,27,4,5,5,119,223,0,0,0,1,5,0,0
1,208,ירושלים,3000,225.3,15,0,637,431,2,429,10,4,0,0,73,311,1,0,0,6,23,1,0
1,209,ירושלים,3000,238.0,3,0,717,467,5,462,11,1,0,0,52,361,0,0,0,0,22,0,15
1,210,ירושלים,3000,249.1,102,0,565,406,1,405,6,5,0,0,129,216,0,0,0,5,39,5,0
1,211,ירושלים,3000,249.2,102,0,565,402,0,402,17,1,0,0,95,215,0,0,0,4,29,41,0
1,212,ירושלים,3000,249.3,102,0,565,367,5,362,44,3,3,0,79,151,0,0,0,25,42,11,4
1,213,ירושלים,3000,249.4,102,0,565,358,10,348,23,6,0,0,39,238,0,0,0,7,32,2,1
1,214,ירושלים,3000,260.1,229,0,748,490,0,490,45,128,27,137,10,9,0,0,0,2,5,102,25
1,215,ירושלים,3000,260.2,229,0,748,457,0,457,46,96,17,79,2,7,0,0,0,2,35,168,5
1,216,ירושלים,3000,260.3,229,0,748,488,0,488,52,105,14,64,11,6,1,15,0,9,82,112,17
1,217,ירושלים,3000,260.4,229,0,746,496,2,494,70,107,28,102,23,18,2,0,0,21,9,107,7
1,218,ירושלים,3000,261.0,11,0,700,436,1,435,15,110,17,139,6,0,3,0,0,3,2,113,27
1,219,ירושלים,3000,267.0,30,0,592,419,1,418,45,16,18,5,149,81,0,0,0,46,38,18,2
1,220,ירושלים,3000,268.0,43,0,650,442,2,440,49,17,0,8,81,39,0,0,0,47,137,61,1
1,221,ירושלים,3000,269.0,43,0,721,503,0,503,46,31,1,6,139,58,0,0,0,41,130,51,0
1,222,ירושלים,3000,270.0,43,0,737,533,2,531,42,15,20,1,100,73,0,0,0,60,159,59,2
1,223,ירושלים,3000,272.1,157,0,701,433,1,432,50,31,0,11,141,46,0,0,0,59,60,30,4
1,224,ירושלים,3000,272.2,157,0,701,439,1,438,71,13,2,5,48,100,0,0,0,73,90,35,1
1,225,ירושלים,3000,272.3,157,0,701,478,3,475,63,33,0,6,78,64,0,0,0,44,85,101,1
1,226,ירושלים,3000,272.4,157,0,701,457,2,455,51,35,1,9,115,31,0,0,0,63,83,65,2
1,227,ירושלים,3000,272.5,157,0,700,424,2,422,52,42,2,4,52,47,0,0,0,62,110,47,4
1,228,ירושלים,3000,274.1,12,0,693,432,1,431,35,68,32,92,21,17,0,0,0,20,33,98,15
1,229,ירושלים,3000,274.2,12,0,693,420,4,416,61,88,8,46,4,4,20,0,0,30,37,111,7
1,230,ירושלים,3000,274.3,12,0,692,433,1,432,44,45,49,60,0,3,9,0,0,3,48,161,10
1,231,ירושלים,3000,275.0,11,0,631,351,1,350,30,53,13,90,12,9,0,0,0,7,16,94,26
1,232,ירושלים,3000,278.0,43,0,710,517,2,515,44,30,5,0,89,153,0,0,0,46,120,28,0
1,233,ירושלים,3000,280.0,30,0,627,228,0,228,32,39,16,85,5,0,0,0,0,5,3,40,3
1,234,ירושלים,3000,282.0,30,0,625,446,2,444,87,54,26,57,7,12,0,0,0,16,33,139,13
1,235,ירושלים,3000,286.0,30,0,747,494,0,494,34,6,4,22,112,234,0,0,0,9,41,25,7
1,236,ירושלים,3000,298.0,30,0,729,509,2,507,100,63,50,38,21,20,0,0,0,3,38,144,30
1,237,ירושלים,3000,444.1,13,0,663,475,3,472,76,91,18,115,10,9,2,0,0,12,32,100,7
1,238,ירושלים,3000,444.2,13,0,663,469,4,465,55,84,30,72,17,12,8,0,0,2,19,160,6
1,239,ירושלים,3000,444.3,13,0,663,451,2,449,62,96,10,77,0,10,0,0,0,20,29,129,16
1,240,ירושלים,3000,444.4,13,0,663,474,1,473,71,102,18,75,9,4,0,0,0,1,28,147,18
1,241,ירושלים,3000,447.0,71,0,576,355,4,351,20,14,0,0,82,184,0,0,0,28,16,7,0
1,242,ירושלים,3000,659.1,396,0,648,471,2,469,47,8,8,2,201,92,0,0,0,17,18,73,3
1,243,ירושלים,3000,659.2,396,0,648,479,1,478,73,23,3,13,116,155,0,0,0,4,27,64,0
1,244,ירושלים,3000,659.3,396,0,648,503,1,502,63,26,0,7,195,98,0,0,0,9,54,49,1
1,245,ירושלים,3000,659.4,396,0,648,445,1,444,72,30,7,7,130,104,0,0,0,30,17,46,1
1,246,ירושלים,3000,659.5,396,0,645,471,3,468,87,19,14,1,107,160,0,0,0,9,31,36,4
1,247,ירושלים,3000,706.1,124,0,602,407,1,406,54,31,16,9,45,50,0,0,0,43,92,61,5
1,248,ירושלים,3000,706.2,124,0,602,407,0,407,81,35,2,19,114,80,0,0,0,6,25,44,1
1,249,ירושלים,3000,706.3,124,0,602,384,1,383,51,25,11,10,80,16,0,0,0,42,59,84,5
1,250,ירושלים,3000,706.4,124,0,602,402,0,402,92,36,7,33,26,69,0,0,0,28,26,79,6
1,251,ירושלים,3000,708.1,276,0,682,500,2,498,51,27,27,0,192,137,0,0,0,11,35,16,2
1,252,ירושלים,3000,708.2,276,0,680,498,11,487,74,22,2,9,184,125,0,0,0,12,39,16,4
1,253,ירושלים,3000,718.0,71,0,570,420,1,419,54,20,9,1,105,129,0,0,0,41,35,21,4
1,254,ירושלים,3000,769.1,125,0,712,537,4,533,39,16,3,3,144,213,0,0,0,10,44,59,2
1,255,ירושלים,3000,769.2,125,0,712,538,6,532,62,38,0,1,94,242,0,0,0,11,72,11,1
1,256,ירושלים,3000,769.3,125,0,712,558,3,555,22,1,5,38,188,120,0,0,0,9,100,72,0
1,257,ירושלים,3000,769.4,125,0,712,525,5,520,46,7,4,1,167,236,0,0,0,17,20,22,0
1,258,ירושלים,3000,769.5,125,0,710,536,4,532,46,8,5,0,123,205,0,0,0,39,64,41,1
1,259,ירושלים,3000,771.1,123,0,554,444,4,440,10,2,0,0,148,232,0,0,0,2,45,1,0
1,260,ירושלים,3000,771.2,123,0,554,415,6,409,29,0,1,0,119,238,0,0,0,2,16,4,0
1,261,ירושלים,3000,771.3,123,0,554,417,3,414,10,0,0,0,105,284,0,1,0,1,13,0,0
1,262,ירושלים,3000,774.1,122,0,732,545,1,544,107,22,5,2,199,135,0,0,0,30,37,7,0
1,263,ירושלים,3000,774.2,122,0,732,542,5,537,53,31,1,11,137,259,0,0,0,11,8,25,1
1,264,ירושלים,3000,774.3,122,0,732,526,1,525,90,14,11,10,219,100,0,0,0,7,42,24,8
1,265,ירושלים,3000,774.4,122,0,732,557,8,549,36,37,16,2,149,179,0,0,0,53,52,23,2
1,266,ירושלים,3000,774.5,122,0,728,539,1,538,49,4,10,0,180,237,0,0,0,3,45,9,1
1,267,ירושלים,3000,776.1,121,0,629,478,3,475,46,23,0,1,164,112,0,0,0,74,38,17,0
1,268,ירושלים,3000,776.2,121,0,629,480,0,480,26,1,0,0,132,267,0,0,0,16,17,19,2
1,269,ירושלים,3000,776.3,121,0,629,470,5,465,9,13,2,0,179,192,0,0,0,14,42,13,1
1,270,ירושלים,3000,776.4,121,0,629,482,4,478,28,3,0,0,151,236,0,0,0,10,30,20,0
1,271,ירושלים,3000,776.5,121,0,629,479,9,470,20,1,10,8,145,222,0,0,0,29,29,3,3
1,272,ירושלים,3000,776.6,121,0,624,451,0,451,57,0,0,0,75,249,0,0,0,5,59,5,1
1,273,ירושלים,3000,777.0,71,0,600,459,4,455,22,0,0,0,170,219,0,0,0,0,33,11,0
1,274,ירושלים,3000,785.1,150,0,675,528,15,513,28,0,0,0,190,218,0,0,0,8,32,37,0
1,275,ירושלים,3000,785.2,150,0,675,509,3,506,36,1,0,0,146,292,0,0,0,1,27,3,0
1,276,ירושלים,3000,785.3,150,0,675,548,4,544,28,1,0,2,178,272,0,0,0,10,50,3,0
1,277,ירושלים,3000,785.4,150,0,675,510,6,504,11,8,0,0,184,263,0,0,0,4,33,1,0
1,278,ירושלים,3000,785.5,150,0,673,465,5,460,21,0,0,0,154,247,0,0,0,2,28,8,0
1,279,ירושלים,3000,787.1,129,0,743,517,2,515,28,2,3,0,291,155,0,0,0,5,22,9,0
1,280,ירושלים,3000,787.2,129,0,743,561,1,560,77,6,5,20,291,91,0,0,0,6,55,7,2
1,281,ירושלים,3000,787.3,129,0,741,543,5,538,24,20,9,1,123,262,0,0,0,35,44,17,3
1,282,ירושלים,3000,789.1,205,0,554,392,0,392,61,5,7,6,147,76,0,0,0,17,33,40,0
1,283,ירושלים,3000,789.2,205,0,554,439,6,433,53,10,23,34,112,83,0,0,0,32,44,42,0
1,284,ירושלים,3000,789.3,205,0,553,382,2,380,31,33,0,2,69,173,0,0,0,7,28,30,7
1,285,ירושלים,3000,795.0,71,0,612,454,3,451,22,7,5,0,196,112,0,0,0,9,66,30,4
1,286,ירושלים,3000,804.1,326,0,605,484,1,483,16,0,0,0,189,260,0,0,0,5,12,0,1
1,287,ירושלים,3000,804.2,326,0,605,494,4,490,8,0,0,0,282,150,0,3,0,1,43,3,0
1,288,ירושלים,3000,804.3,326,0,605,501,3,498,30,3,0,0,178,250,0,0,0,0,20,17,0
1,289,ירושלים,3000,804.4,326,0,603,500,1,499,22,0,0,0,117,331,0,0,0,2,12,15,0
1,290,ירושלים,3000,805.1,320,0,700,587,4,583,10,0,0,1,244,300,0,0,0,1,27,0,0
1,291,ירושלים,3000,805.2,320,0,700,565,2,563,50,0,0,0,255,185,0,0,0,24,47,2,0
1,292,ירושלים,3000,805.3,320,0,699,573,1,572,13,0,0,0,178,315,0,0,0,0,45,21,0
1,293,ירושלים,3000,806.1,371,0,673,534,5,529,44,3,0,0,121,268,0,0,0,20,46,27,0
1,294,ירושלים,3000,806.2,371,0,673,536,5,531,45,5,0,9,145,240,0,0,0,31,25,31,0
1,295,ירושלים,3000,807.1,391,0,622,444,2,442,5,1,0,14,105,273,1,0,0,11,27,5,0
1,296,ירושלים,3000,807.2,391,0,622,466,4,462,7,0,0,0,120,260,0,0,0,2,31,42,0
1,297,ירושלים,3000,807.3,391,0,622,484,2,482,6,5,0,0,96,301,0,0,0,11,50,13,0
1,298,ירושלים,3000,807.4,391,0,622,467,8,459,10,1,0,0,128,277,0,0,0,11,28,4,0
1,299,ירושלים,3000,811.1,390,0,682,535,3,532,63,0,0,0,106,259,0,0,0,13,85,6,0
1,300,ירושלים,3000,811.2,390,0,682,566,4,562,32,1,1,0,137,352,0,0,0,8,22,9,0
1,301,ירושלים,3000,811.3,390,0,682,549,9,540,33,0,0,0,143,308,0,0,0,8,27,21,0
1,302,ירושלים,3000,811.4,390,0,679,544,0,544,1,0,0,0,88,425,0,0,0,9,11,10,0
1,303,ירושלים,3000,827.1,127,0,634,455,4,451,47,0,0,0,154,216,0,0,0,3,25,6,0
1,304,ירושלים,3000,827.2,127,0,634,472,3,469,20,1,0,0,109,313,0,0,0,0,25,1,0
1,305,ירושלים,3000,827.3,127,0,634,479,5,474,13,0,0,8,115,318,0,0,0,0,19,0,1
1,306,ירושלים,3000,827.4,127,0,634,484,4,480,27,8,0,0,151,263,0,0,0,2,24,5,0
1,307,ירושלים,3000,827.5,127,0,634,480,5,475,3,0,0,0,102,348,0,0,0,7,7,8,0
1,308,ירושלים,3000,827.6,127,0,630,443,5,438,25,0,0,0,88,315,0,0,0,0,10,0,0
1,309,ירושלים,3000,3.0,18,1,654,385,1,384,32,0,0,0,131,174,0,0,0,3,37,7,0
1,310,ירושלים,3000,6.0,18,0,742,337,1,336,11,0,0,0,58,238,0,0,0,4,25,0,0
1,311,ירושלים,3000,8.1,5,0,668,433,2,431,3,6,0,0,228,165,0,0,0,1,24,4,0
1,312,ירושלים,3000,8.2,5,0,668,414,4,410,21,0,0,0,163,183,0,0,0,11,31,1,0
1,313,ירושלים,3000,8.3,5,0,668,465,6,459,32,6,0,0,229,142,0,0,0,0,39,11,0
1,314,ירושלים,3000,8.4,5,0,668,485,5,480,44,6,0,0,277,100,0,0,0,4,41,1,7
1,315,ירושלים,3000,8.5,5,0,668,478,2,476,29,0,0,0,295,106,0,0,0,10,35,1,0
1,316,ירושלים,3000,8.6,5,0,668,381,1,380,61,0,0,3,103,186,0,0,0,2,24,1,0
1,317,ירושלים,3000,8.7,5,0,664,431,3,428,6,0,0,0,127,272,0,0,0,4,17,2,0
1,318,ירושלים,3000,9.0,18,0,730,369,2,367,11,17,0,0,163,149,0,0,0,5,18,4,0
1,319,ירושלים,3000,25.0,18,0,634,355,3,352,12,0,0,0,74,240,0,0,0,1,18,7,0
1,320,ירושלים,3000,27.1,9,0,610,397,1,396,22,0,0,0,151,216,1,0,0,0,6,0,0
1,321,ירושלים,3000,27.2,9,0,610,403,5,398,2,1,0,0,138,220,0,0,0,3,28,6,0
1,322,ירושלים,3000,27.3,9,0,610,406,2,404,9,1,0,0,174,188,0,0,0,1,8,23,0
1,323,ירושלים,3000,27.4,9,0,610,395,4,391,43,2,0,0,118,180,0,0,0,17,29,2,0
1,324,ירושלים,3000,27.5,9,0,608,413,0,413,26,2,0,0,95,266,0,0,0,0,21,1,2
1,325,ירושלים,3000,30.1,74,0,707,512,4,508,23,0,0,0,92,375,2,0,0,0,15,1,0
1,326,ירושלים,3000,30.2,74,0,707,498,0,498,14,0,0,0,77,371,1,0,0,8,27,0,0
1,327,ירושלים,3000,30.3,74,0,707,487,1,486,41,0,0,0,96,311,0,0,0,5,32,1,0
1,328,ירושלים,3000,30.4,74,0,707,504,1,503,12,0,0,0,103,349,0,0,0,1,38,0,0
1,329,ירושלים,3000,30.5,74,0,703,494,1,493,2,0,0,0,71,371,0,0,0,18,20,11,0
1,330,ירושלים,3000,34.0,392,0,628,450,2,448,32,1,0,0,151,200,0,0,0,0,44,6,14
1,331,ירושלים,3000,38.0,18,0,616,354,3,351,11,4,0,0,119,198,0,0,0,1,18,0,0
1,332,ירושלים,3000,43.1,222,0,682,362,1,361,28,7,1,1,122,163,0,0,0,9,20,10,0
1,333,ירושלים,3000,43.2,222,0,682,379,0,379,23,4,0,1,123,148,0,0,0,12,58,10,0
1,334,ירושלים,3000,43.3,222,0,682,337,1,336,9,2,1,6,114,140,0,0,0,24,30,10,0
1,335,ירושלים,3000,43.4,222,0,682,298,3,295,18,1,0,7,43,194,0,0,0,2,14,8,8
1,336,ירושלים,3000,47.1,59,0,736,404,3,401,20,2,0,0,66,272,0,0,0,1,27,13,0
1,337,ירושלים,3000,47.2,59,0,736,363,3,360,6,14,0,0,95,218,0,0,0,0,23,4,0
1,338,ירושלים,3000,47.3,59,0,736,370,3,367,5,0,0,0,69,265,0,8,0,2,16,2,0
1,339,ירושלים,3000,55.1,16,0,680,377,2,375,25,3,0,0,135,184,0,0,0,0,25,3,0
1,340,ירושלים,3000,55.2,16,0,680,386,3,383,10,0,0,0,127,216,0,0,0,0,26,4,0
1,341,ירושלים,3000,55.3,16,0,680,454,0,454,21,1,0,0,205,200,0,0,0,0,24,2,1
1,342,ירושלים,3000,55.4,16,0,680,321,1,320,15,0,0,0,95,159,0,0,0,21,25,5,0
1,343,ירושלים,3000,55.5,16,0,680,384,1,383,27,0,0,0,120,216,0,1,0,1,17,1,0
1,344,ירושלים,3000,55.6,16,0,680,342,3,339,13,1,0,0,73,229,0,0,0,1,17,5,0
1,345,ירושלים,3000,59.0,142,0,706,475,2,473,15,5,0,0,122,303,0,0,0,1,27,0,0
1,346,ירושלים,3000,62.0,142,0,598,181,0,181,4,0,0,1,14,152,0,0,0,0,10,0,0
1,347,ירושלים,3000,63.0,142,0,725,459,4,455,4,0,0,0,174,275,0,0,0,0,2,0,0
1,348,ירושלים,3000,64.0,142,0,674,457,8,449,23,0,0,0,81,334,0,0,0,0,11,0,0
1,349,ירושלים,3000,65.0,142,0,699,334,3,331,9,0,0,0,16,305,0,0,0,0,1,0,0
1,350,ירושלים,3000,67.0,142,0,677,208,0,208,4,0,0,0,36,152,0,0,0,0,13,3,0
1,351,ירושלים,3000,75.0,18,0,559,343,4,339,9,1,0,0,159,149,0,0,0,2,15,4,0
1,352,ירושלים,3000,208.1,413,0,714,347,2,345,11,19,0,1,119,164,0,0,0,3,22,6,0
1,353,ירושלים,3000,208.2,413,0,714,327,2,325,4,1,0,4,50,209,10,0,0,1,38,8,0
1,354,ירושלים,3000,208.3,413,0,714,374,0,374,30,1,0,0,159,93,0,0,0,4,78,9,0
1,355,ירושלים,3000,208.4,413,0,714,331,0,331,42,26,0,0,112,122,0,0,0,6,9,13,1
1,356,ירושלים,3000,208.5,413,0,714,299,5,294,20,2,0,1,103,146,0,0,0,9,9,4,0
1,357,ירושלים,3000,223.1,6,0,744,520,3,517,17,1,0,0,25,396,0,0,0,2,54,22,0
1,358,ירושלים,3000,223.2,6,0,744,545,3,542,20,0,1,0,44,458,0,0,0,0,15,4,0
1,359,ירושלים,3000,223.3,6,0,744,520,1,519,12,0,0,0,15,461,0,0,0,3,17,11,0
1,360,ירושלים,3000,223.4,6,0,744,583,4,579,19,0,0,0,69,452,0,0,0,6,33,0,0
1,361,ירושלים,3000,223.5,6,0,744,522,3,519,8,4,0,0,61,404,0,0,0,3,28,11,0
1,362,ירושלים,3000,223.6,6,0,744,547,8,539,9,2,0,0,77,445,0,0,0,1,5,0,0
1,363,ירושלים,3000,223.7,6,0,744,526,1,525,20,2,0,0,61,423,0,0,0,1,18,0,0
1,364,ירושלים,3000,223.8,6,0,736,557,3,554,13,0,0,0,34,503,0,0,0,0,4,0,0
1,365,ירושלים,3000,244.1,126,0,639,478,4,474,8,2,0,0,120,336,0,0,0,0,7,1,0
1,366,ירושלים,3000,244.2,126,0,639,485,0,485,14,2,0,0,88,354,0,0,0,4,20,2,1
1,367,ירושלים,3000,244.3,126,0,639,448,5,443,15,1,0,2,146,246,0,0,0,1,32,0,0
1,368,ירושלים,3000,244.4,126,0,639,472,3,469,33,1,0,0,100,301,0,0,0,0,32,2,0
1,369,ירושלים,3000,244.5,126,0,636,510,6,504,2,0,0,0,36,454,0,0,0,0,10,2,0
1,370,ירושלים,3000,413.0,392,0,665,437,1,436,6,18,0,1,173,173,0,0,0,10,44,11,0
1,371,ירושלים,3000,207.0,380,0,722,532,1,531,45,0,1,0,101,300,0,1,0,21,54,7,1
1,372,ירושלים,3000,212.0,93,0,564,390,5,385,14,1,6,0,67,267,4,0,0,1,19,6,0
1,373,ירושלים,3000,215.1,143,0,745,483,3,480,33,2,0,0,159,208,0,0,0,14,33,30,1
1,374,ירושלים,3000,215.2,143,0,745,514,0,514,17,0,0,0,162,304,0,0,0,7,19,5,0
1,375,ירושלים,3000,215.3,143,0,745,525,3,522,41,0,0,0,188,229,0,0,0,3,51,10,0
1,376,ירושלים,3000,215.4,143,0,745,527,1,526,10,9,0,3,143,307,2,0,0,4,36,11,1
1,377,ירושלים,3000,215.5,143,0,744,510,2,508,35,3,0,0,82,345,0,0,0,7,23,13,0
1,378,ירושלים,3000,217.0,93,0,505,327,2,325,27,0,0,0,64,203,0,0,0,4,18,7,2
1,379,ירושלים,3000,218.0,93,0,601,385,1,384,14,8,0,1,49,249,0,0,0,20,35,8,0
1,380,ירושלים,3000,237.1,496,0,637,472,10,462,20,0,0,0,214,189,0,0,0,13,19,7,0
1,381,ירושלים,3000,237.2,496,0,637,430,3,427,6,0,10,0,176,170,0,0,2,1,56,6,0
1,382,ירושלים,3000,237.3,496,0,635,451,0,451,24,4,1,0,88,252,0,0,0,34,39,8,1
1,383,ירושלים,3000,253.0,227,0,605,425,2,423,48,8,0,1,57,209,0,0,0,45,44,11,0
1,384,ירושלים,3000,254.0,93,0,526,381,1,380,21,1,0,0,166,141,0,0,0,1,49,1,0
1,385,ירושלים,3000,256.0,93,0,657,444,0,444,19,3,0,0,91,214,0,0,0,41,39,37,0
1,386,ירושלים,3000,258.1,82,0,717,472,1,471,18,3,0,0,95,292,0,0,0,16,31,8,8
1,387,ירושלים,3000,258.2,82,0,717,489,0,489,49,3,4,2,136,203,0,0,0,12,40,39,1
1,388,ירושלים,3000,258.3,82,0,716,486,2,484,17,9,9,1,61,271,0,0,1,5,79,30,1
1,389,ירושלים,3000,264.1,32,0,636,422,3,419,89,12,1,15,112,41,2,0,0,24,46,54,23
1,390,ירושלים,3000,264.2,32,0,636,401,2,399,43,62,26,2,154,34,0,0,0,9,36,31,2
1,391,ירושלים,3000,264.3,32,0,636,397,2,395,77,25,11,4,92,46,1,0,0,8,50,53,28
1,392,ירושלים,3000,264.4,32,0,636,396,1,395,32,32,24,5,169,53,0,0,0,15,30,29,6
1,393,ירושלים,3000,264.5,32,0,636,390,0,390,80,13,1,4,101,97,13,0,0,10,19,48,4
1,394,ירושלים,3000,264.6,32,0,635,383,2,381,46,15,0,19,82,61,0,0,0,7,47,96,8
1,395,ירושלים,3000,265.0,380,0,622,450,3,447,22,5,0,0,147,211,1,0,0,29,26,5,1
1,396,ירושלים,3000,285.1,55,0,586,399,3,396,13,2,0,0,208,115,0,0,0,16,22,20,0
1,397,ירושלים,3000,285.2,55,0,586,377,1,376,55,12,0,1,150,111,0,0,0,8,26,13,0
1,398,ירושלים,3000,285.3,55,0,586,389,1,388,20,4,0,0,205,125,0,0,0,1,22,11,0
1,399,ירושלים,3000,285.4,55,0,583,353,0,353,11,0,0,1,137,163,0,0,0,8,14,19,0
1,400,ירושלים,3000,289.1,156,0,590,424,1,423,24,4,0,2,201,133,1,0,0,4,33,19,2
1,401,ירושלים,3000,289.2,156,0,590,406,4,402,18,4,0,0,116,227,0,0,0,11,23,3,0
1,402,ירושלים,3000,289.3,156,0,590,407,5,402,34,1,4,0,182,144,0,0,0,1,27,2,7
1,403,ירושלים,3000,289.4,156,0,587,381,1,380,40,4,0,0,123,174,0,0,0,13,13,13,0
1,404,ירושלים,3000,312.1,10,0,605,388,2,386,25,44,34,23,100,24,0,0,5,3,38,78,12
1,405,ירושלים,3000,312.2,10,0,605,385,2,383,52,42,22,14,85,90,0,0,0,22,20,27,9
1,406,ירושלים,3000,312.3,10,0,605,360,5,355,48,24,6,9,71,58,0,0,0,17,43,62,17
1,407,ירושלים,3000,312.4,10,0,605,354,3,351,27,45,12,22,38,86,0,0,0,8,38,61,14
1,408,ירושלים,3000,312.5,10,0,604,341,5,336,33,36,34,10,57,62,0,0,0,7,31,53,13
1,409,ירושלים,3000,314.0,132,0,632,435,3,432,47,44,9,36,49,67,0,0,0,33,105,35,7
1,410,ירושלים,3000,316.0,131,0,717,540,1,539,47,29,0,19,192,118,0,0,0,45,58,30,1
1,411,ירושלים,3000,318.0,131,0,713,477,0,477,49,57,23,28,41,30,2,0,0,40,77,129,1
1,412,ירושלים,3000,319.0,132,0,739,503,5,498,44,46,7,48,101,51,0,0,0,34,65,95,7
1,413,ירושלים,3000,321.0,131,0,676,475,1,474,136,22,4,50,65,24,1,0,0,12,12,141,7
1,414,ירושלים,3000,415.1,66,0,725,519,1,518,67,4,1,0,189,169,0,0,0,9,61,16,2
1,415,ירושלים,3000,415.2,66,0,725,549,0,549,49,0,5,0,166,260,0,0,0,5,45,19,0
1,416,ירושלים,3000,415.3,66,0,725,505,2,503,53,21,2,2,145,213,0,0,0,2,41,24,0
1,417,ירושלים,3000,415.4,66,0,725,510,3,507,16,9,0,0,222,195,0,0,0,8,28,28,1
1,418,ירושלים,3000,415.5,66,0,720,545,4,541,36,11,0,6,131,287,0,0,0,2,54,14,0
1,419,ירושלים,3000,417.1,136,0,524,371,6,365,15,0,0,0,68,261,0,0,0,11,9,0,1
1,420,ירושלים,3000,417.2,136,0,524,395,2,393,15,7,0,0,176,184,0,2,0,0,9,0,0
1,421,ירושלים,3000,417.3,136,0,524,405,2,403,10,5,0,0,90,270,0,0,1,0,24,1,2
1,422,ירושלים,3000,816.1,62,0,621,412,0,412,78,98,25,70,25,8,8,0,0,25,21,50,4
1,423,ירושלים,3000,816.2,62,0,621,379,2,377,61,65,22,43,36,20,3,0,0,0,29,89,9
1,424,ירושלים,3000,816.3,62,0,621,407,1,406,55,47,18,70,16,48,0,0,0,8,36,94,14
1,425,ירושלים,3000,816.4,62,0,621,394,0,394,87,38,7,57,15,7,7,0,0,9,17,115,35
1,426,ירושלים,3000,816.5,62,0,620,386,0,386,19,50,13,95,24,50,3,0,0,18,28,78,8
1,427,ירושלים,3000,967.1,228,0,542,397,2,395,60,52,13,88,15,2,7,0,0,14,23,107,14
1,428,ירושלים,3000,33.1,44,0,688,492,3,489,104,14,39,5,151,44,0,0,0,40,72,19,1
1,429,ירושלים,3000,33.2,44,0,688,469,1,468,101,17,5,8,73,37,0,0,0,45,84,88,10
1,430,ירושלים,3000,33.3,44,0,688,467,1,466,35,42,14,5,90,54,0,0,0,48,105,57,16
1,431,ירושלים,3000,33.4,44,0,688,459,1,458,31,31,4,17,173,26,0,0,0,44,66,62,4
1,432,ירושלים,3000,33.5,44,0,688,457,1,456,82,32,34,10,57,53,0,0,0,21,85,46,36
1,433,ירושלים,3000,33.6,44,0,688,472,1,471,88,24,2,29,67,49,0,0,0,55,111,44,2
1,434,ירושלים,3000,362.0,77,0,699,433,1,432,102,44,12,11,47,1,7,6,0,16,77,84,25
1,435,ירושלים,3000,364.1,22,0,607,325,4,321,85,25,7,2,47,21,0,0,0,19,64,40,11
1,436,ירושלים,3000,364.2,22,0,607,346,0,346,117,75,8,20,62,5,5,0,0,0,17,30,7
1,437,ירושלים,3000,364.3,22,0,606,350,0,350,113,13,0,15,69,6,2,0,0,21,51,45,15
1,438,ירושלים,3000,366.0,8,0,551,295,1,294,81,13,3,8,82,1,0,0,0,14,41,43,8
1,439,ירושלים,3000,367.1,67,0,717,374,2,372,107,59,14,13,63,14,0,4,0,5,48,35,10
1,440,ירושלים,3000,367.2,67,1,717,415,3,412,133,41,8,10,75,5,0,0,0,18,60,61,1
1,441,ירושלים,3000,369.0,8,0,527,280,1,279,48,15,11,8,87,40,0,0,0,1,17,37,15
1,442,ירושלים,3000,370.0,76,0,622,371,1,370,121,48,9,24,19,6,0,0,1,37,41,56,8
1,443,ירושלים,3000,372.0,491,0,648,414,2,412,79,46,28,13,31,19,0,0,0,24,45,109,18
1,444,ירושלים,3000,376.1,96,0,632,396,0,396,90,81,3,44,25,9,0,0,4,17,55,42,26
1,445,ירושלים,3000,376.2,96,0,632,377,1,376,60,56,11,35,12,6,0,0,0,19,38,127,12
1,446,ירושלים,3000,376.3,96,0,632,392,1,391,156,52,17,11,17,10,4,0,0,18,31,62,13
1,447,ירושלים,3000,376.4,96,0,632,379,3,376,81,55,19,47,19,5,0,0,0,15,51,66,18
1,448,ירושלים,3000,376.5,96,1,630,385,1,384,103,35,29,36,19,35,3,0,0,12,17,76,19
1,449,ירושלים,3000,385.1,107,0,717,468,3,465,93,74,5,18,16,5,1,0,0,33,91,96,33
1,450,ירושלים,3000,385.2,107,0,717,441,2,439,133,73,7,23,34,1,0,0,0,17,32,72,47
1,451,ירושלים,3000,385.3,107,0,717,469,1,468,117,58,15,62,41,0,0,1,0,23,49,93,9
1,452,ירושלים,3000,386.0,76,0,584,425,2,423,103,80,23,15,34,7,2,3,0,14,41,84,17
1,453,ירושלים,3000,387.1,50,0,519,321,1,320,70,51,8,20,22,1,0,0,1,14,35,88,10
1,454,ירושלים,3000,387.2,50,0,519,338,0,338,75,25,6,34,27,3,0,0,0,49,51,54,14
1,455,ירושלים,3000,387.3,50,0,517,331,0,331,72,35,6,23,31,3,0,0,0,28,37,76,20
1,456,ירושלים,3000,388.1,78,0,732,421,2,419,138,50,6,35,34,10,16,0,0,33,39,55,3
1,457,ירושלים,3000,388.2,78,0,732,433,1,432,151,61,17,36,7,7,2,0,0,37,40,59,15
1,458,ירושלים,3000,388.3,78,0,730,419,2,417,77,63,16,37,20,20,10,0,0,10,73,83,8
1,459,ירושלים,3000,390.0,77,0,715,439,5,434,79,25,25,44,32,2,0,0,0,15,44,140,28
1,460,ירושלים,3000,392.1,36,0,734,492,4,488,99,44,13,93,13,13,0,1,0,37,33,137,5
1,461,ירושלים,3000,392.2,36,0,734,493,0,493,120,81,20,57,44,16,0,0,0,28,34,86,7
1,462,ירושלים,3000,392.3,36,0,734,481,4,477,146,67,7,68,9,4,1,0,0,49,42,75,9
1,463,ירושלים,3000,393.0,35,0,560,362,1,361,30,57,29,59,2,0,1,0,0,28,35,107,13
1,464,ירושלים,3000,395.0,35,0,563,372,2,370,54,54,23,60,0,16,3,14,0,32,34,67,13
1,465,ירושלים,3000,401.0,35,0,622,316,0,316,61,22,25,21,45,1,17,0,0,2,21,81,20
1,466,ירושלים,3000,404.0,35,0,731,416,3,413,68,79,20,57,20,4,2,0,0,10,57,91,5
1,467,ירושלים,3000,406.0,275,0,606,341,2,339,69,35,12,66,6,2,0,0,0,18,46,82,3
1,468,ירושלים,3000,408.0,488,0,737,475,2,473,53,73,17,77,8,40,0,1,0,30,29,120,25
1,469,ירושלים,3000,410.0,35,0,607,393,0,393,22,61,49,142,1,6,11,1,0,10,14,68,8
1,470,ירושלים,3000,412.0,275,0,702,411,0,411,95,52,21,26,4,5,0,0,0,21,50,134,3
1,471,ירושלים,3000,426.0,8,0,579,295,4,291,58,25,45,2,38,9,0,2,0,17,50,45,0
1,472,ירושלים,3000,429.0,488,0,533,299,1,298,57,51,18,20,7,10,0,0,0,9,25,97,4
1,473,ירושלים,3000,434.1,133,0,740,463,1,462,42,89,22,76,2,26,8,0,0,20,25,139,13
1,474,ירושלים,3000,434.2,133,1,740,457,1,456,91,35,14,74,19,30,11,0,0,46,48,79,9
1,475,ירושלים,3000,434.3,133,1,740,453,2,451,87,37,13,29,4,18,4,0,0,46,66,113,34
1,476,ירושלים,3000,434.4,133,0,737,440,0,440,119,28,14,69,4,15,0,9,0,7,51,116,8
1,477,ירושלים,3000,439.0,86,0,706,368,0,368,29,51,4,85,26,52,2,0,0,9,26,66,18
1,478,ירושלים,3000,441.0,86,0,506,278,1,277,43,66,6,29,9,4,5,0,0,15,17,78,5
1,479,ירושלים,3000,452.0,86,0,504,281,2,279,58,34,2,38,7,0,4,3,0,19,19,88,7
1,480,ירושלים,3000,862.1,72,0,714,499,6,493,109,43,8,37,46,24,16,30,3,9,82,75,11
1,481,ירושלים,3000,862.2,72,0,714,481,1,480,100,85,26,25,41,18,0,2,0,18,57,84,24
1,482,ירושלים,3000,862.3,72,0,712,472,3,469,90,53,26,28,36,15,2,1,1,53,52,106,6
1,483,ירושלים,3000,73.1,113,0,569,306,1,305,86,37,18,25,24,12,0,0,0,5,26,60,12
1,484,ירושלים,3000,73.2,113,0,569,326,1,325,45,57,26,50,47,2,5,0,0,10,39,38,6
1,485,ירושלים,3000,73.3,113,0,569,317,2,315,52,85,18,23,11,12,0,0,0,8,6,95,5
1,486,ירושלים,3000,78.0,497,0,446,355,0,355,10,2,0,0,165,94,0,0,0,20,56,8,0
1,487,ירושלים,3000,300.0,321,0,743,548,2,546,97,127,25,57,10,0,3,0,0,11,40,150,26
1,488,ירושלים,3000,301.0,321,0,710,506,1,505,79,45,44,48,30,5,0,0,0,7,63,171,13
1,489,ירושלים,3000,302.0,321,0,693,492,2,490,99,107,19,47,19,1,0,0,0,9,57,108,24
1,490,ירושלים,3000,305.1,99,0,651,407,0,407,116,39,13,11,31,22,0,0,0,27,89,51,8
1,491,ירושלים,3000,305.2,99,0,651,360,2,358,68,35,5,7,27,11,0,0,0,29,91,83,2
1,492,ירושלים,3000,305.3,99,0,651,374,1,373,110,29,15,6,16,4,0,0,0,20,33,113,27
1,493,ירושלים,3000,305.4,99,0,649,394,3,391,103,51,12,10,30,17,2,0,0,22,43,90,11
1,494,ירושלים,3000,306.0,321,0,666,494,1,493,118,90,25,56,6,2,1,0,0,30,39,111,15
1,495,ירושלים,3000,307.0,135,0,536,397,2,395,101,73,24,64,10,0,7,1,0,5,14,69,27
1,496,ירושלים,3000,308.0,101,0,538,325,0,325,53,61,15,27,24,1,1,0,0,32,49,56,6
1,497,ירושלים,3000,309.1,111,1,378,259,1,258,91,29,6,14,30,2,5,0,0,15,28,34,4
1,498,ירושלים,3000,309.2,111,0,378,257,0,257,75,23,17,6,39,3,5,0,0,15,22,43,9
1,499,ירושלים,3000,313.0,101,0,647,356,3,353,96,48,27,9,50,20,10,0,0,8,39,25,21
1,500,ירושלים,3000,323.1,19,0,556,359,0,359,34,81,12,125,3,11,5,0,0,17,7,46,18
1,501,ירושלים,3000,323.2,19,0,556,337,0,337,55,30,9,68,20,8,20,0,0,18,22,79,8
1,502,ירושלים,3000,323.3,19,0,555,362,1,361,50,33,25,87,25,2,6,0,0,2,11,96,24
1,503,ירושלים,3000,325.0,101,0,751,457,2,455,138,21,16,6,58,12,0,2,0,26,93,77,6
1,504,ירושלים,3000,326.0,377,0,624,376,2,374,70,27,5,52,47,10,0,0,0,37,48,74,4
1,505,ירושלים,3000,327.1,26,0,706,417,4,413,103,24,29,11,87,5,0,2,0,20,51,78,3
1,506,ירושלים,3000,327.2,26,1,706,420,5,415,105,37,14,12,38,5,0,0,0,23,60,110,11
1,507,ירושלים,3000,327.3,26,0,705,448,2,446,91,26,4,12,81,7,0,9,0,48,75,83,10
1,508,ירושלים,3000,328.0,97,0,631,402,1,401,117,87,22,51,20,1,1,0,0,13,22,58,9
1,509,ירושלים,3000,329.0,321,0,743,530,1,529,117,87,59,48,18,7,0,0,0,10,23,137,23
1,510,ירושלים,3000,330.0,97,0,440,278,1,277,57,25,19,23,28,13,0,0,0,27,42,29,14
1,511,ירושלים,3000,331.0,31,0,516,340,0,340,57,62,11,24,43,6,0,0,0,11,59,54,13
1,512,ירושלים,3000,333.1,58,0,671,410,0,410,78,31,11,19,58,33,0,0,0,12,41,113,14
1,513,ירושלים,3000,333.2,58,0,671,383,2,381,74,51,7,27,46,19,1,3,0,21,36,78,18
1,514,ירושלים,3000,333.3,58,0,671,358,4,354,61,60,32,19,31,28,0,0,0,10,44,67,2
1,515,ירושלים,3000,333.4,58,0,671,385,1,384,79,48,3,38,60,14,7,1,0,14,42,60,18
1,516,ירושלים,3000,333.5,58,0,671,318,2,316,73,33,9,37,29,40,0,0,0,6,26,61,2
1,517,ירושלים,3000,333.6,58,0,668,330,1,329,50,23,17,50,25,17,2,0,3,4,42,89,7
1,518,ירושלים,3000,334.0,31,0,473,205,0,205,44,20,6,20,9,11,0,2,0,16,26,45,6
1,519,ירושלים,3000,335.1,103,0,612,397,0,397,134,55,3,14,55,17,7,0,0,31,43,32,6
1,520,ירושלים,3000,335.2,103,0,612,401,0,401,83,70,7,12,39,1,0,0,0,19,39,111,20
1,521,ירושלים,3000,336.0,52,0,559,345,4,341,54,41,8,30,84,8,0,0,1,23,36,50,6
1,522,ירושלים,3000,337.0,52,0,619,342,1,341,109,28,29,25,31,2,0,0,0,16,60,38,3
1,523,ירושלים,3000,338.0,135,0,617,438,0,438,65,52,13,36,57,1,0,0,0,16,86,98,14
1,524,ירושלים,3000,341.0,231,0,659,374,3,371,65,30,14,4,47,44,3,0,0,20,69,67,8
1,525,ירושלים,3000,346.0,497,0,511,336,0,336,78,17,8,19,61,57,0,0,0,5,34,51,6
1,526,ירושלים,3000,347.0,497,0,567,401,0,401,97,79,15,36,56,42,0,0,0,0,17,50,9
1,527,ירושלים,3000,348.0,101,0,611,398,0,398,114,17,30,8,93,16,0,0,0,11,28,64,17
1,528,ירושלים,3000,349.0,200,0,733,493,1,492,129,71,16,49,54,12,11,0,0,10,44,83,13
1,529,ירושלים,3000,350.0,231,0,590,333,9,324,24,17,3,6,144,50,1,0,0,10,29,37,3
1,530,ירושלים,3000,351.0,29,0,558,362,0,362,80,63,9,37,24,23,0,0,0,23,21,73,9
1,531,ירושלים,3000,354.0,200,0,730,461,1,460,42,96,15,69,41,41,0,0,0,8,21,118,9
1,532,ירושלים,3000,358.0,31,0,525,258,0,258,50,5,10,6,67,50,0,0,0,7,11,35,17
1,533,ירושלים,3000,360.0,29,0,613,401,1,400,18,16,21,40,81,93,0,0,0,2,64,62,3
1,534,ירושלים,3000,361.0,135,0,722,501,1,500,112,75,17,38,33,13,0,0,0,32,33,126,21
1,535,ירושלים,3000,378.0,29,0,563,390,1,389,67,54,22,27,39,1,1,0,0,14,26,119,19
1,536,ירושלים,3000,396.0,135,0,538,407,0,407,167,65,20,30,5,2,0,0,0,5,13,90,10
1,537,ירושלים,3000,425.0,52,0,426,229,2,227,55,26,10,10,53,2,0,0,0,14,27,24,6
1,538,ירושלים,3000,815.0,31,0,472,296,3,293,86,48,3,32,27,6,0,0,0,6,25,53,7
1,539,ירושלים,3000,817.0,29,1,679,436,1,435,81,68,31,17,35,13,2,0,0,3,20,138,27
1,540,ירושלים,3000,80.1,130,0,716,253,2,251,1,2,6,14,0,0,121,60,43,4,0,0,0
1,541,ירושלים,3000,80.2,130,0,716,237,1,236,1,0,0,2,0,0,122,37,71,2,0,0,1
1,542,ירושלים,3000,80.3,130,0,716,212,4,208,1,1,0,12,0,0,88,45,57,0,3,1,0
1,543,ירושלים,3000,80.4,130,0,714,256,4,252,3,1,0,4,1,0,123,48,69,2,1,0,0
1,544,ירושלים,3000,483.0,332,0,501,252,1,251,40,39,2,69,6,0,8,0,0,5,22,59,1
1,545,ירושלים,3000,485.1,110,0,733,442,0,442,57,57,13,21,24,11,0,0,1,11,58,178,11
1,546,ירושלים,3000,485.2,110,0,733,459,1,458,79,45,8,81,87,0,4,0,0,10,38,91,15
1,547,ירושלים,3000,485.3,110,0,733,475,3,472,117,73,22,46,13,8,1,11,0,52,15,99,15
1,548,ירושלים,3000,485.4,110,0,733,420,0,420,77,80,28,48,14,4,0,0,0,43,12,94,20
1,549,ירושלים,3000,485.5,110,0,733,412,0,412,120,81,21,21,20,4,0,0,0,9,30,102,4
1,550,ירושלים,3000,485.6,110,0,733,439,3,436,119,66,12,51,36,10,0,0,0,9,29,73,31
1,551,ירושלים,3000,485.7,110,0,733,424,0,424,32,76,32,78,8,0,9,0,0,10,22,127,30
1,552,ירושלים,3000,485.8,110,0,727,445,0,445,30,141,12,39,20,2,2,0,0,15,70,104,10
1,553,ירושלים,3000,489.1,368,0,557,173,2,171,0,0,0,12,0,1,87,31,35,0,2,2,1
1,554,ירושלים,3000,489.2,368,0,557,210,2,208,0,3,0,32,0,0,61,39,71,0,0,2,0
1,555,ירושלים,3000,548.1,301,0,569,176,2,174,3,4,1,6,1,0,86,25,42,0,1,2,3
1,556,ירושלים,3000,567.1,38,0,735,466,3,463,132,26,17,14,93,8,0,0,0,25,21,97,30
1,557,ירושלים,3000,567.2,38,0,735,439,3,436,112,22,37,24,72,28,0,0,0,11,60,65,5
1,558,ירושלים,3000,567.3,38,0,735,478,2,476,92,40,42,33,82,13,2,7,0,17,25,116,7
1,559,ירושלים,3000,567.4,38,0,735,472,3,469,204,17,5,4,100,2,0,0,0,10,57,64,6
1,560,ירושלים,3000,567.5,38,0,735,464,1,463,94,62,39,22,23,13,0,0,0,20,89,88,13
1,561,ירושלים,3000,567.6,38,0,734,481,2,479,120,119,14,12,62,42,0,0,0,14,49,44,3
1,562,ירושלים,3000,597.0,381,0,538,231,0,231,59,26,14,1,37,4,0,0,0,16,15,28,31
1,563,ירושלים,3000,598.0,381,0,630,376,4,372,82,47,8,43,37,18,10,3,4,30,46,30,14
1,564,ירושלים,3000,677.1,37,1,688,460,0,460,137,77,14,12,44,8,0,0,0,28,62,77,1
1,565,ירושלים,3000,677.2,37,0,688,424,1,423,75,53,13,20,80,14,12,0,0,6,58,82,10
1,566,ירושלים,3000,677.3,37,0,688,472,2,470,115,56,33,26,64,3,0,0,0,32,33,98,10
1,567,ירושלים,3000,677.4,37,0,688,450,0,450,167,86,17,11,45,2,0,0,0,8,45,51,18
1,568,ירושלים,3000,677.5,37,0,688,447,2,445,126,55,21,25,34,5,0,0,0,43,46,68,22
1,569,ירושלים,3000,677.6,37,0,684,390,2,388,84,20,19,7,58,35,0,0,0,15,59,81,10
1,570,ירושלים,3000,680.0,381,0,707,446,2,444,162,49,8,34,49,10,0,0,0,18,46,60,8
1,571,ירושלים,3000,684.0,182,0,646,400,2,398,128,48,7,2,58,3,6,0,0,13,85,33,15
1,572,ירושלים,3000,685.0,182,0,697,442,3,439,170,37,18,9,53,5,0,0,0,11,74,53,9
1,573,ירושלים,3000,693.1,181,0,696,412,1,411,113,50,2,3,80,4,0,0,0,46,52,50,11
1,574,ירושלים,3000,693.2,181,0,696,385,2,383,66,63,5,10,92,5,0,0,0,18,59,64,1
1,575,ירושלים,3000,693.3,181,0,696,436,0,436,149,31,3,18,73,3,0,0,1,22,59,69,8
1,576,ירושלים,3000,693.4,181,0,696,395,0,395,70,83,33,6,37,7,0,0,0,19,52,73,15
1,577,ירושלים,3000,824.1,2,0,684,435,3,432,117,47,1,11,118,33,0,1,0,14,44,41,5
1,578,ירושלים,3000,824.2,2,0,684,457,0,457,108,41,27,12,115,52,0,9,0,8,49,33,3
1,579,ירושלים,3000,824.3,2,0,684,416,2,414,61,36,16,32,100,17,0,0,0,12,34,87,19
1,580,ירושלים,3000,824.4,2,0,682,394,0,394,74,26,14,39,44,46,0,0,0,44,26,81,0
1,581,ירושלים,3000,825.1,46,0,635,404,0,404,80,44,26,8,99,38,0,0,0,13,19,70,7
1,582,ירושלים,3000,825.2,46,0,635,382,2,380,72,50,10,27,52,71,0,0,0,13,38,42,5
1,583,ירושלים,3000,825.3,46,0,635,376,4,372,85,47,31,14,37,19,0,0,1,30,22,81,5
1,584,ירושלים,3000,825.4,46,0,634,381,0,381,49,18,25,11,54,90,0,1,0,15,50,50,18
1,585,ירושלים,3000,870.0,332,0,597,423,3,420,134,61,27,27,25,6,0,0,0,4,20,110,6
1,586,ירושלים,3000,964.1,248,0,750,496,1,495,114,15,27,39,127,7,0,0,0,34,64,54,14
1,587,ירושלים,3000,964.2,248,0,750,490,2,488,89,39,21,9,75,14,0,0,7,18,108,103,5
1,588,ירושלים,3000,964.3,248,0,750,500,0,500,133,55,1,12,101,5,0,0,0,11,68,110,4
1,589,ירושלים,3000,964.4,248,0,750,530,1,529,166,47,40,10,61,12,0,0,0,20,70,75,28
1,590,ירושלים,3000,964.5,248,0,750,503,1,502,76,42,10,35,61,13,0,0,0,31,90,121,23
1,591,ירושלים,3000,964.6,248,0,750,474,3,471,98,69,9,27,63,1,0,0,0,40,55,97,12
1,592,ירושלים,3000,964.7,248,0,746,471,0,471,128,57,11,33,13,12,0,0,0,21,64,98,34
1,593,ירושלים,3000,422.1,87,0,586,274,4,270,57,45,9,35,36,2,0,0,0,11,45,28,2
1,594,ירושלים,3000,422.2,87,0,586,284,4,280,50,62,18,14,14,3,0,0,0,2,34,65,18
1,595,ירושלים,3000,422.3,87,0,586,278,2,276,54,22,29,28,28,6,0,0,0,22,9,74,4
1,596,ירושלים,3000,422.4,87,0,584,244,1,243,49,44,24,25,13,3,0,0,0,9,12,58,6
1,597,ירושלים,3000,451.0,45,0,559,127,1,126,22,26,12,23,0,4,2,0,0,9,8,15,5
1,598,ירושלים,3000,491.1,63,0,716,388,3,385,102,46,16,32,70,3,0,1,0,30,16,59,10
1,599,ירושלים,3000,491.2,63,0,716,400,6,394,65,35,7,44,24,35,0,0,0,12,44,118,10
1,600,ירושלים,3000,491.3,63,0,716,360,4,356,68,89,21,25,16,2,0,0,0,28,42,54,11
1,601,ירושלים,3000,491.4,63,0,716,375,0,375,136,20,5,14,24,24,0,0,0,13,44,67,28
1,602,ירושלים,3000,491.5,63,0,716,375,2,373,94,63,18,18,32,23,4,1,4,19,29,56,12
1,603,ירושלים,3000,491.6,63,0,715,372,3,369,94,44,13,12,54,3,12,0,0,34,41,56,6
1,604,ירושלים,3000,545.1,325,0,511,64,0,64,0,2,0,3,0,1,29,10,15,0,0,4,0
1,605,ירושלים,3000,545.2,325,0,511,80,0,80,1,0,0,4,0,0,35,31,6,0,0,2,1
1,606,ירושלים,3000,545.3,325,0,510,77,1,76,1,0,0,3,0,2,41,13,13,0,1,2,0
1,607,ירושלים,3000,587.0,45,0,615,303,1,302,100,37,21,22,26,1,1,0,0,6,19,60,9
1,608,ירושלים,3000,591.1,183,0,513,276,1,275,44,26,8,7,13,8,4,0,0,37,68,59,1
1,609,ירושלים,3000,591.2,183,0,513,261,2,259,59,51,1,31,7,7,7,0,7,16,49,17,7
1,610,ירושלים,3000,591.3,183,0,512,265,1,264,69,13,12,14,23,2,0,0,0,34,47,25,25
1,611,ירושלים,3000,592.0,240,0,592,365,3,362,99,45,6,6,23,6,0,0,0,9,58,74,36
1,612,ירושלים,3000,613.1,178,0,696,478,0,478,94,133,12,40,46,2,0,0,0,22,57,58,14
1,613,ירושלים,3000,613.2,178,0,696,470,2,468,81,81,27,36,5,6,0,0,0,19,36,138,39
1,614,ירושלים,3000,613.3,178,0,696,479,4,475,119,74,16,28,9,15,3,0,0,41,41,125,4
1,615,ירושלים,3000,613.4,178,0,696,460,0,460,118,71,41,62,5,29,0,0,0,20,40,69,5
1,616,ירושלים,3000,613.5,178,0,696,446,2,444,111,41,43,11,37,13,1,0,0,20,29,113,25
1,617,ירושלים,3000,634.0,45,0,539,325,2,323,66,25,19,40,61,2,2,0,0,9,41,51,7
1,618,ירושלים,3000,635.0,45,0,633,325,1,324,84,55,11,14,21,29,2,0,0,27,41,30,10
1,619,ירושלים,3000,637.0,45,0,603,274,2,272,70,45,19,7,42,1,0,0,0,9,23,40,16
1,620,ירושלים,3000,638.0,45,0,593,289,2,287,62,47,14,8,40,1,3,1,0,10,18,69,14
1,621,ירושלים,3000,641.0,240,0,664,387,2,385,136,43,15,15,43,7,0,0,0,42,25,57,2
1,622,ירושלים,3000,643.0,45,0,606,347,5,342,52,57,48,30,34,2,2,0,0,32,17,53,15
1,623,ירושלים,3000,690.1,94,0,607,319,2,317,68,51,20,21,16,0,0,16,0,13,50,55,7
1,624,ירושלים,3000,690.2,94,0,607,351,0,351,32,49,9,56,34,0,3,0,0,14,44,98,12
1,625,ירושלים,3000,690.3,94,0,607,312,1,311,78,46,12,60,5,4,1,0,0,10,16,69,10
1,626,ירושלים,3000,690.4,94,0,607,340,2,338,72,61,3,59,17,2,7,1,1,13,20,81,1
1,627,ירושלים,3000,690.5,94,0,605,342,1,341,68,58,17,47,6,2,19,0,0,12,23,71,18
1,628,ירושלים,3000,793.0,374,0,678,484,0,484,94,18,14,1,79,16,0,0,0,56,108,67,31
1,629,ירושלים,3000,851.1,218,0,682,489,0,489,104,33,10,5,68,5,0,0,0,92,97,68,7
1,630,ירושלים,3000,851.2,218,0,682,476,2,474,86,35,9,4,39,7,0,0,0,75,162,48,9
1,631,ירושלים,3000,851.3,218,0,682,481,3,478,173,33,6,1,102,2,0,0,0,35,48,67,11
1,632,ירושלים,3000,851.4,218,0,682,486,1,485,129,48,3,16,100,8,0,0,0,55,55,48,23
1,633,ירושלים,3000,851.5,218,0,680,478,2,476,108,30,13,0,27,9,0,0,0,56,126,99,8
1,634,ירושלים,3000,852.1,394,0,418,308,0,308,92,38,3,0,12,10,0,0,0,50,62,36,5
1,635,ירושלים,3000,852.2,394,0,417,307,3,304,108,18,6,1,24,0,1,0,1,28,66,39,12
1,636,ירושלים,3000,854.0,374,0,744,539,1,538,158,65,11,8,70,1,0,0,0,19,87,106,13
1,637,ירושלים,3000,855.1,399,0,722,520,3,517,106,10,0,0,45,24,0,0,0,97,144,76,15
1,638,ירושלים,3000,855.2,399,0,722,518,3,515,135,9,0,1,50,11,0,0,0,49,160,100,0
1,639,ירושלים,3000,855.3,399,0,722,524,2,522,120,21,7,3,73,15,0,0,0,66,87,82,48
1,640,ירושלים,3000,855.4,399,0,722,535,1,534,137,44,1,8,48,33,0,0,0,104,91,60,8
1,641,ירושלים,3000,859.1,393,0,751,553,3,550,130,35,10,17,123,4,0,0,0,66,95,40,30
1,642,ירושלים,3000,859.2,393,0,751,555,3,552,145,69,19,16,122,9,0,0,0,20,70,80,2
1,643,ירושלים,3000,859.3,393,0,751,535,1,534,167,38,1,2,101,1,0,0,0,43,102,77,2
1,644,ירושלים,3000,859.4,393,0,749,546,2,544,119,47,1,10,136,5,0,0,0,50,76,87,13
1,645,ירושלים,3000,866.0,374,0,614,425,0,425,114,26,8,10,93,15,0,0,0,39,80,39,1
1,646,ירושלים,3000,868.1,333,0,608,451,1,450,133,35,4,1,109,4,0,0,12,27,85,37,3
1,647,ירושלים,3000,868.2,333,0,608,437,0,437,143,45,6,15,40,14,0,0,0,12,76,80,6
1,648,ירושלים,3000,868.3,333,0,608,461,0,461,171,27,1,2,57,39,0,0,0,24,87,41,12
1,649,ירושלים,3000,868.4,333,0,608,437,1,436,184,37,1,4,46,10,0,0,0,22,58,67,7
1,650,ירושלים,3000,868.5,333,0,604,446,4,442,124,58,6,0,74,5,0,0,0,42,83,41,9
1,651,ירושלים,3000,871.0,374,0,731,505,1,504,175,66,7,13,42,6,0,0,0,18,67,88,22
1,652,ירושלים,3000,71.0,134,0,582,343,0,343,93,40,6,32,56,6,0,0,0,13,33,58,6
1,653,ירושלים,3000,137.1,149,0,715,335,1,334,83,41,7,34,14,16,6,1,0,8,24,61,39
1,654,ירושלים,3000,137.2,149,0,715,358,0,358,32,33,17,58,8,23,17,2,0,33,32,97,6
1,655,ירושלים,3000,137.3,149,0,715,357,0,357,54,38,13,50,33,12,4,0,0,9,50,85,9
1,656,ירושלים,3000,137.4,149,0,715,360,4,356,57,64,19,58,10,5,8,1,0,11,38,79,6
1,657,ירושלים,3000,137.5,149,0,715,364,0,364,30,47,8,69,27,17,3,1,0,20,20,107,15
1,658,ירושלים,3000,149.0,280,0,751,396,0,396,51,53,26,87,8,16,14,0,1,12,9,109,10
1,659,ירושלים,3000,407.0,280,0,615,367,1,366,27,47,18,123,1,13,0,0,0,30,16,88,3
1,660,ירושלים,3000,430.0,280,0,645,392,1,391,53,81,13,39,3,14,0,4,0,21,33,113,17
1,661,ירושלים,3000,433.1,4,0,660,380,1,379,29,34,7,78,15,9,0,0,0,15,49,118,25
1,662,ירושלים,3000,433.2,4,0,660,393,1,392,82,71,3,51,16,3,4,0,0,4,46,110,2
1,663,ירושלים,3000,433.3,4,0,660,365,5,360,26,86,9,45,14,12,32,0,0,18,26,83,9
1,664,ירושלים,3000,433.4,4,0,659,379,4,375,31,86,9,55,0,6,4,9,5,6,23,137,4
1,665,ירושלים,3000,435.0,280,0,676,432,0,432,22,51,7,118,13,1,6,0,0,32,62,102,18
1,666,ירושלים,3000,436.1,33,0,599,306,2,304,82,41,31,30,10,5,2,12,0,8,14,64,5
1,667,ירושלים,3000,436.2,33,0,599,335,0,335,51,72,12,35,1,9,1,9,0,5,47,89,4
1,668,ירושלים,3000,437.0,327,0,675,374,0,374,71,63,26,38,4,8,0,2,0,9,24,124,5
1,669,ירושלים,3000,440.0,327,0,731,390,0,390,29,80,28,77,12,10,11,0,0,2,40,95,6
1,670,ירושלים,3000,456.1,40,0,641,384,2,382,89,43,19,52,17,11,2,2,0,15,57,68,7
1,671,ירושלים,3000,456.2,40,0,641,377,0,377,64,48,10,59,12,0,7,0,0,30,59,82,6
1,672,ירושלים,3000,456.3,40,1,641,399,0,399,36,82,13,55,39,26,6,20,0,3,31,84,4
1,673,ירושלים,3000,456.4,40,0,641,347,4,343,41,45,5,64,16,11,6,0,0,14,24,113,4
1,674,ירושלים,3000,456.5,40,0,641,361,4,357,33,91,7,65,2,16,10,0,6,16,14,81,16
1,675,ירושלים,3000,456.6,40,0,636,376,0,376,50,72,19,66,5,1,8,0,0,5,10,126,14
1,676,ירושלים,3000,463.0,134,0,666,370,1,369,74,49,13,95,5,5,6,0,0,5,20,85,12
1,677,ירושלים,3000,465.1,236,0,659,427,1,426,90,23,40,35,30,12,7,1,0,24,70,86,8
1,678,ירושלים,3000,465.2,236,0,659,448,0,448,87,65,18,59,31,3,0,3,7,20,77,77,1
1,679,ירושלים,3000,465.3,236,0,659,419,0,419,92,84,10,12,11,23,2,0,0,42,44,92,7
1,680,ירושלים,3000,468.1,400,0,714,473,2,471,115,62,12,27,23,11,0,0,0,47,37,135,2
1,681,ירושלים,3000,468.2,400,0,714,467,3,464,120,61,16,54,8,18,0,0,7,42,23,101,14
1,682,ירושלים,3000,468.3,400,0,714,459,0,459,107,33,34,48,12,9,0,0,0,9,41,142,24
1,683,ירושלים,3000,468.4,400,1,714,465,1,464,122,56,5,52,33,5,0,1,1,21,50,98,20
1,684,ירושלים,3000,468.5,400,0,711,477,0,477,146,108,9,36,32,8,2,0,0,14,29,77,16
1,685,ירושלים,3000,471.1,20,0,736,369,1,368,72,34,15,41,50,4,0,0,0,6,20,113,13
1,686,ירושלים,3000,471.2,20,0,736,391,1,390,92,65,19,42,13,3,3,0,0,26,44,75,8
1,687,ירושלים,3000,471.3,20,0,734,416,2,414,90,83,28,49,10,12,5,2,3,29,24,74,5
1,688,ירושלים,3000,474.1,17,0,550,269,0,269,66,58,3,40,6,1,15,0,0,3,15,56,6
1,689,ירושלים,3000,474.2,17,0,550,277,0,277,18,56,5,57,4,2,7,4,3,3,23,78,17
1,690,ירושלים,3000,474.3,17,0,549,280,1,279,28,45,6,90,4,9,5,0,0,15,6,64,7
1,691,ירושלים,3000,518.1,329,0,666,86,2,84,6,2,0,8,0,0,34,14,14,0,2,1,3
1,692,ירושלים,3000,518.2,329,0,666,117,3,114,2,2,0,3,2,3,37,17,12,6,11,19,0
1,693,ירושלים,3000,518.3,329,0,666,118,2,116,5,1,0,8,1,0,56,10,17,2,7,8,1
1,694,ירושלים,3000,518.4,329,0,666,129,0,129,4,2,1,6,0,0,56,15,14,8,12,9,2
1,695,ירושלים,3000,518.5,329,0,666,109,4,105,0,1,0,11,0,0,44,27,10,3,2,7,0
1,696,ירושלים,3000,518.6,329,0,666,96,0,96,2,1,0,3,2,0,49,4,20,3,7,5,0
1,697,ירושלים,3000,518.7,329,0,665,141,1,140,4,1,1,11,0,2,61,6,14,4,18,16,2
1,698,ירושלים,3000,623.0,324,0,510,267,1,266,62,13,0,1,3,12,5,5,0,34,86,45,0
1,699,ירושלים,3000,998.1,316,0,707,89,2,87,5,3,1,9,0,0,39,13,14,1,1,1,0
1,700,ירושלים,3000,998.2,316,0,707,99,0,99,1,2,0,5,1,0,43,22,16,0,5,2,2
1,701,ירושלים,3000,998.3,316,0,707,81,1,80,7,1,0,5,1,6,38,8,14,0,0,0,0
1,702,ירושלים,3000,998.4,316,0,707,92,4,88,1,2,0,7,0,0,39,12,19,4,3,1,0
1,703,ירושלים,3000,998.5,316,0,707,108,2,106,1,0,0,13,1,0,66,8,11,1,5,0,0
1,704,ירושלים,3000,998.6,316,0,707,73,2,71,3,3,0,4,0,4,30,7,10,4,1,5,0
1,705,ירושלים,3000,998.7,316,0,707,108,1,107,0,5,0,10,0,3,55,17,14,0,1,2,0
1,706,ירושלים,3000,998.8,316,0,706,111,1,110,9,0,0,9,2,0,59,14,8,5,3,1,0
12,5934,ישרש,828,1.1,3,0,390,285,0,285,99,33,2,17,21,15,0,0,0,4,11,46,37
12,5935,ישרש,828,1.2,3,0,389,288,0,288,66,28,4,25,21,0,0,0,0,23,10,101,10
20,11530,כאבול,504,3.1,5,0,550,361,3,358,0,0,0,10,0,0,249,64,35,0,0,0,0
20,11531,כאבול,504,3.2,5,0,550,348,3,345,0,0,0,16,0,0,212,80,37,0,0,0,0
20,11532,כאבול,504,3.3,5,0,550,334,4,330,0,0,0,4,1,0,143,91,91,0,0,0,0
20,11533,כאבול,504,6.1,3,0,742,409,1,408,1,3,0,33,0,0,201,94,69,6,0,0,1
20,11534,כאבול,504,6.2,3,0,742,527,8,519,0,0,0,42,0,0,331,112,34,0,0,0,0
20,11535,כאבול,504,6.3,3,0,742,497,2,495,0,1,0,11,0,0,226,108,149,0,0,0,0
20,11536,כאבול,504,6.4,3,0,742,483,1,482,5,0,0,37,0,0,192,164,70,0,0,14,0
20,11537,כאבול,504,7.1,1,0,580,333,4,329,0,0,0,15,0,0,138,68,98,0,0,10,0
20,11538,כאבול,504,7.2,1,0,580,283,4,279,1,0,3,13,0,0,113,86,57,0,0,6,0
20,11539,כאבול,504,7.3,1,0,580,324,3,321,8,0,1,22,0,0,99,121,69,0,0,1,0
20,11540,כאבול,504,7.4,1,0,579,381,5,376,0,0,0,20,0,0,208,78,70,0,0,0,0
20,11541,כאבול,504,10.1,2,0,596,349,0,349,0,0,0,4,0,0,236,62,47,0,0,0,0
20,11542,כאבול,504,10.2,2,0,596,483,12,471,1,0,0,30,1,0,125,240,74,0,0,0,0
20,11543,כאבול,504,10.3,2,0,596,410,5,405,0,0,0,15,0,0,114,258,18,0,0,0,0
20,11544,כאבול,504,10.4,2,0,594,404,1,403,0,0,0,18,0,0,68,227,90,0,0,0,0
17,9637,כוכב מיכאל,824,1.1,1,0,402,301,1,300,38,72,17,56,0,0,0,0,0,2,12,91,12
17,9638,כוכב מיכאל,824,1.2,1,0,402,302,1,301,30,92,25,24,6,6,0,0,1,7,18,80,12
6,2783,כסראסמיע,1296,1.0,8,0,655,280,3,277,5,84,22,35,0,0,10,0,0,0,0,109,12
6,2784,כסראסמיע,1296,2.0,6,1,744,40,2,38,5,5,6,4,0,0,0,4,0,0,0,10,4
6,2785,כסראסמיע,1296,3.0,9,0,717,414,5,409,21,65,52,87,0,0,10,0,2,0,2,168,2
6,2786,כסראסמיע,1296,5.0,11,0,739,75,0,75,4,14,11,7,0,0,0,4,0,0,0,34,1
6,2787,כסראסמיע,1296,6.1,7,0,406,111,0,111,3,19,50,2,0,0,0,0,0,0,7,26,4
6,2788,כסראסמיע,1296,6.2,7,0,406,121,0,121,1,28,33,13,0,1,0,1,0,0,0,39,5
6,2789,כסראסמיע,1296,7.1,5,0,731,396,0,396,100,45,50,88,0,0,59,2,6,5,4,33,4
6,2790,כסראסמיע,1296,7.2,5,0,731,471,2,469,32,47,77,117,0,3,2,1,0,0,1,170,19
6,2791,כסראסמיע,1296,8.1,10,0,697,121,1,120,1,28,19,22,0,0,1,2,1,1,2,41,2
6,2792,כסראסמיע,1296,8.2,10,0,696,149,1,148,3,42,19,16,0,0,0,0,0,0,0,47,21
13,6849,כפר הנגיד,582,1.0,1,0,372,297,1,296,41,91,19,29,6,0,0,0,0,4,4,101,1
13,6850,כפר הנגיד,582,2.0,1,0,446,330,1,329,33,40,18,79,6,1,0,0,0,1,13,130,8
8,3356,כפר חסידים א,112,1.0,1,0,578,409,0,409,45,119,25,33,24,16,0,0,0,7,27,102,11
5,1764,כפר יחזקאל,85,1.1,1,0,411,341,2,339,13,80,31,41,8,0,1,0,0,2,3,128,32
5,1765,כפר יחזקאל,85,1.2,1,0,410,339,1,338,8,85,30,73,3,0,4,0,0,1,10,105,19
4,1590,כפר כמא,508,2.0,2,0,700,243,1,242,7,67,8,55,1,0,12,32,2,0,0,50,8
4,1591,כפר כמא,508,3.0,3,0,668,244,0,244,4,41,13,27,0,0,25,36,1,0,8,70,19
4,1592,כפר כמא,508,4.1,1,0,506,164,1,163,1,31,17,24,0,0,1,36,1,0,0,42,10
4,1593,כפר כמא,508,4.2,1,0,506,228,12,216,0,62,22,40,0,0,8,14,0,0,0,62,8
4,1594,כפר כמא,508,4.3,1,0,506,167,3,164,9,21,6,29,0,0,16,37,0,0,0,32,14
11,5395,כפר סירקין,249,1.0,1,0,578,466,1,465,36,137,16,159,0,2,5,0,0,0,8,98,4
11,5396,כפר סירקין,249,2.0,1,0,496,421,0,421,31,76,36,76,4,0,0,0,0,0,25,112,61
3,1249,כרם בן זמרה,664,1.0,1,0,434,302,1,301,108,17,2,14,18,3,0,0,1,27,48,56,7
12,5750,מודיעיןמכביםרעות,1200,11.1,2,0,627,454,5,449,23,137,47,49,1,0,0,0,0,6,13,157,16
12,5751,מודיעיןמכביםרעות,1200,11.2,2,0,627,455,3,452,73,122,54,48,18,2,0,5,0,5,3,107,15
12,5752,מודיעיןמכביםרעות,1200,11.3,2,0,627,447,4,443,51,87,38,43,1,0,0,4,0,3,21,176,19
12,5753,מודיעיןמכביםרעות,1200,12.1,1,0,608,398,1,397,80,80,29,70,11,1,0,0,0,3,20,87,16
12,5754,מודיעיןמכביםרעות,1200,12.2,1,0,608,411,0,411,40,73,50,75,13,4,0,0,0,3,15,96,42
12,5755,מודיעיןמכביםרעות,1200,12.3,1,0,608,410,3,407,71,135,15,60,7,0,0,0,0,6,9,95,9
12,5756,מודיעיןמכביםרעות,1200,12.4,1,0,608,421,9,412,45,62,64,60,3,7,0,0,0,8,7,125,31
12,5757,מודיעיןמכביםרעות,1200,12.5,1,0,604,396,0,396,47,105,35,61,4,0,0,0,0,1,37,103,3
12,5758,מודיעיןמכביםרעות,1200,16.0,10,0,742,527,0,527,55,119,27,33,12,2,0,0,0,84,72,113,10
12,5759,מודיעיןמכביםרעות,1200,18.0,10,0,749,521,1,520,68,82,25,35,6,12,0,0,0,41,48,172,31
12,5760,מודיעיןמכביםרעות,1200,21.1,7,0,686,504,1,503,100,128,42,53,10,12,0,0,0,12,23,121,2
12,5761,מודיעיןמכביםרעות,1200,21.2,7,0,686,518,2,516,88,98,78,69,21,0,20,0,0,17,25,90,10
12,5762,מודיעיןמכביםרעות,1200,21.3,7,0,686,529,2,527,81,93,72,71,8,6,0,0,0,35,21,122,18
12,5763,מודיעיןמכביםרעות,1200,21.4,7,0,686,552,1,551,44,156,44,55,27,4,0,0,0,41,10,120,50
12,5764,מודיעיןמכביםרעות,1200,21.5,7,0,684,504,1,503,132,136,20,53,3,8,0,7,1,28,5,93,17
12,5765,מודיעיןמכביםרעות,1200,25.1,13,0,530,398,2,396,82,95,30,59,3,2,0,0,0,11,18,77,19
12,5766,מודיעיןמכביםרעות,1200,25.2,13,0,530,395,0,395,41,93,15,47,3,0,0,0,0,15,9,154,18
12,5767,מודיעיןמכביםרעות,1200,25.3,13,0,528,391,0,391,24,129,21,61,17,0,0,0,0,5,20,78,36
12,5768,מודיעיןמכביםרעות,1200,30.1,3,0,637,436,0,436,83,57,28,45,45,31,0,0,0,9,25,104,9
12,5769,מודיעיןמכביםרעות,1200,30.2,3,0,637,454,2,452,35,134,59,76,2,0,0,0,0,12,18,107,9
12,5770,מודיעיןמכביםרעות,1200,30.3,3,0,637,453,0,453,42,117,23,77,13,5,0,0,0,15,26,102,33
12,5771,מודיעיןמכביםרעות,1200,30.4,3,0,637,442,0,442,38,104,34,97,8,0,0,0,0,3,11,129,18
12,5772,מודיעיןמכביםרעות,1200,30.5,3,0,633,453,4,449,30,102,50,87,8,0,0,0,0,8,21,135,8
12,5773,מודיעיןמכביםרעות,1200,32.1,4,0,745,555,1,554,130,92,47,71,17,19,0,0,0,4,24,115,35
12,5774,מודיעיןמכביםרעות,1200,32.2,4,0,745,521,1,520,55,180,54,61,7,1,0,0,1,11,30,117,3
12,5775,מודיעיןמכביםרעות,1200,32.3,4,0,743,510,2,508,64,109,35,76,4,5,5,0,0,12,60,136,2
12,5776,מודיעיןמכביםרעות,1200,34.1,9,0,637,438,1,437,102,107,25,47,2,1,3,0,0,4,31,107,8
12,5777,מודיעיןמכביםרעות,1200,34.2,9,0,637,444,4,440,51,127,16,79,1,0,0,0,0,6,10,140,10
12,5778,מודיעיןמכביםרעות,1200,34.3,9,0,637,437,1,436,64,45,13,73,0,1,3,0,0,15,25,181,16
12,5779,מודיעיןמכביםרעות,1200,34.4,9,0,637,463,0,463,53,114,37,65,9,0,1,0,0,1,14,163,6
12,5780,מודיעיןמכביםרעות,1200,34.5,9,0,637,453,1,452,38,137,25,60,16,0,0,0,0,6,24,91,55
12,5781,מודיעיןמכביםרעות,1200,34.6,9,0,634,460,2,458,49,89,52,48,20,8,0,0,0,17,49,105,21
12,5782,מודיעיןמכביםרעות,1200,37.1,21,0,675,498,2,496,91,79,39,18,4,1,0,0,0,14,81,148,21
12,5783,מודיעיןמכביםרעות,1200,37.2,21,0,675,543,2,541,96,109,36,36,2,5,0,0,0,16,73,165,3
12,5784,מודיעיןמכביםרעות,1200,37.3,21,0,675,529,1,528,97,140,66,20,2,1,0,0,0,17,57,108,20
12,5785,מודיעיןמכביםרעות,1200,37.4,21,0,675,517,0,517,44,197,36,43,11,0,0,0,0,20,12,120,34
12,5786,מודיעיןמכביםרעות,1200,38.0,107,0,632,500,1,499,69,100,30,67,3,0,0,5,0,3,17,192,13
12,5787,מודיעיןמכביםרעות,1200,39.0,107,0,687,534,0,534,47,86,23,29,14,21,0,0,0,112,66,126,10
12,5788,מודיעיןמכביםרעות,1200,41.0,10,0,739,535,2,533,117,97,33,74,5,3,0,0,0,17,68,95,24
12,5789,מודיעיןמכביםרעות,1200,43.1,16,0,419,311,2,309,22,65,17,39,1,1,1,0,0,24,23,94,22
12,5790,מודיעיןמכביםרעות,1200,43.2,16,0,418,297,1,296,23,65,20,12,2,4,0,0,0,16,9,125,20
12,5791,מודיעיןמכביםרעות,1200,46.0,20,0,741,550,1,549,98,109,12,77,21,1,0,1,0,16,8,161,45
12,5792,מודיעיןמכביםרעות,1200,48.1,23,0,602,456,0,456,17,91,61,32,5,11,0,0,0,2,71,128,38
12,5793,מודיעיןמכביםרעות,1200,48.2,23,0,602,467,0,467,49,129,32,50,11,0,2,0,0,16,37,104,37
12,5794,מודיעיןמכביםרעות,1200,48.3,23,0,602,457,1,456,40,80,56,86,1,2,0,4,0,11,37,130,9
12,5795,מודיעיןמכביםרעות,1200,48.4,23,0,600,466,1,465,45,94,55,23,4,0,0,0,0,11,17,204,12
12,5796,מודיעיןמכביםרעות,1200,53.1,5,0,720,530,0,530,65,79,60,34,25,1,0,1,0,33,90,139,3
12,5797,מודיעיןמכביםרעות,1200,53.2,5,0,720,515,2,513,107,84,22,59,5,11,0,0,0,46,23,120,36
12,5798,מודיעיןמכביםרעות,1200,53.3,5,0,720,521,1,520,42,171,42,38,13,2,0,0,0,20,10,162,20
12,5799,מודיעיןמכביםרעות,1200,54.0,107,0,626,483,1,482,135,80,37,42,1,4,1,0,0,15,49,107,11
12,5800,מודיעיןמכביםרעות,1200,56.1,11,0,675,492,3,489,36,161,20,71,16,2,5,0,0,6,1,157,14
12,5801,מודיעיןמכביםרעות,1200,56.2,11,0,675,519,3,516,33,173,26,39,5,0,3,0,0,16,52,157,12
12,5802,מודיעיןמכביםרעות,1200,56.3,11,0,674,480,2,478,13,116,51,59,2,2,0,0,0,7,7,208,13
12,5803,מודיעיןמכביםרעות,1200,60.0,107,0,665,508,1,507,135,120,24,37,1,3,1,0,0,27,17,132,10
12,5804,מודיעיןמכביםרעות,1200,63.1,17,0,730,565,1,564,43,140,15,145,12,1,0,0,0,18,35,144,11
12,5805,מודיעיןמכביםרעות,1200,63.2,17,0,730,574,5,569,68,120,36,70,25,3,0,0,0,3,30,189,25
12,5806,מודיעיןמכביםרעות,1200,63.3,17,0,728,571,0,571,38,146,50,80,9,0,0,3,0,10,36,180,19
12,5807,מודיעיןמכביםרעות,1200,67.1,12,0,604,455,2,453,82,93,6,57,9,1,0,0,0,45,19,124,17
12,5808,מודיעיןמכביםרעות,1200,67.2,12,0,604,478,0,478,36,117,42,47,2,11,0,0,0,45,15,141,22
12,5809,מודיעיןמכביםרעות,1200,67.3,12,0,604,451,3,448,96,74,17,119,0,14,0,0,0,4,15,95,14
12,5810,מודיעיןמכביםרעות,1200,67.4,12,0,604,477,1,476,98,98,25,34,22,2,0,5,0,8,12,155,17
12,5811,מודיעיןמכביםרעות,1200,67.5,12,0,604,483,1,482,41,90,26,83,7,25,0,0,0,6,16,128,60
12,5812,מודיעיןמכביםרעות,1200,71.0,25,0,736,582,1,581,114,73,25,54,9,4,0,0,0,37,107,121,37
12,5813,מודיעיןמכביםרעות,1200,72.0,20,0,736,588,3,585,91,71,55,38,18,2,0,0,0,1,38,230,41
12,5814,מודיעיןמכביםרעות,1200,75.1,14,0,661,508,5,503,153,74,30,26,19,1,0,0,0,34,22,117,27
12,5815,מודיעיןמכביםרעות,1200,75.2,14,0,661,496,4,492,75,108,9,80,4,4,5,0,0,10,14,180,3
12,5816,מודיעיןמכביםרעות,1200,75.3,14,0,661,494,1,493,115,90,13,57,11,7,0,0,0,53,43,90,14
12,5817,מודיעיןמכביםרעות,1200,75.4,14,0,661,499,3,496,61,113,43,52,33,11,0,0,0,11,43,102,27
12,5818,מודיעיןמכביםרעות,1200,75.5,14,0,661,495,1,494,59,61,6,25,12,0,0,0,0,8,74,198,51
12,5819,מודיעיןמכביםרעות,1200,75.6,14,1,660,489,3,486,57,120,54,27,3,4,0,0,0,21,56,112,32
12,5820,מודיעיןמכביםרעות,1200,77.1,18,0,535,402,1,401,61,81,19,14,12,0,1,0,0,5,39,164,5
12,5821,מודיעיןמכביםרעות,1200,77.2,18,0,535,426,0,426,38,133,44,46,13,0,2,0,0,6,12,121,11
12,5822,מודיעיןמכביםרעות,1200,77.3,18,0,535,403,0,403,41,92,8,64,10,7,0,0,0,21,19,107,34
12,5823,מודיעיןמכביםרעות,1200,78.1,19,0,749,580,0,580,107,125,25,39,4,1,4,0,0,57,51,155,12
12,5824,מודיעיןמכביםרעות,1200,78.2,19,0,749,584,1,583,134,99,9,47,5,3,18,0,0,19,26,169,54
12,5825,מודיעיןמכביםרעות,1200,78.3,19,0,749,580,1,579,113,178,28,38,6,2,0,0,0,16,32,156,10
12,5826,מודיעיןמכביםרעות,1200,78.4,19,0,749,581,0,581,68,99,69,79,31,0,0,0,0,6,17,197,15
12,5827,מודיעיןמכביםרעות,1200,79.1,6,1,731,541,2,539,71,112,58,73,19,15,1,0,0,9,20,145,16
12,5828,מודיעיןמכביםרעות,1200,79.2,6,0,731,535,3,532,50,81,49,55,8,3,3,0,0,37,97,146,3
12,5829,מודיעיןמכביםרעות,1200,79.3,6,0,731,528,0,528,44,68,39,49,7,1,0,0,0,47,36,177,60
12,5830,מודיעיןמכביםרעות,1200,79.4,6,0,730,552,1,551,69,150,57,49,14,0,1,0,0,7,16,160,28
12,5831,מודיעיןמכביםרעות,1200,80.0,20,0,673,517,2,515,77,118,53,40,35,11,0,0,0,23,10,134,14
12,5832,מודיעיןמכביםרעות,1200,82.1,105,0,717,513,0,513,45,85,30,37,36,0,0,0,0,20,35,215,10
12,5833,מודיעיןמכביםרעות,1200,82.2,105,1,717,568,0,568,103,162,32,52,0,1,0,0,0,9,27,157,25
12,5834,מודיעיןמכביםרעות,1200,82.3,105,0,717,507,0,507,89,132,36,26,5,0,0,0,0,9,63,135,12
12,5835,מודיעיןמכביםרעות,1200,82.4,105,0,716,543,2,541,71,107,42,49,0,12,3,0,0,5,71,141,40
12,5836,מודיעיןמכביםרעות,1200,83.0,109,0,648,534,1,533,111,129,22,27,22,7,0,0,0,10,43,120,42
12,5837,מודיעיןמכביםרעות,1200,84.0,25,0,617,509,1,508,45,63,37,82,32,0,6,0,0,18,45,165,15
12,5838,מודיעיןמכביםרעות,1200,85.0,25,0,617,495,0,495,46,97,29,44,15,10,0,0,0,7,35,176,36
12,5839,מודיעיןמכביםרעות,1200,86.0,25,0,722,578,0,578,127,96,28,46,8,2,0,0,0,41,25,194,11
12,5840,מודיעיןמכביםרעות,1200,88.1,22,0,521,412,0,412,53,114,17,14,4,11,0,0,0,3,30,154,12
12,5841,מודיעיןמכביםרעות,1200,88.2,22,0,521,425,3,422,56,82,24,33,10,1,0,1,0,7,39,148,21
12,5842,מודיעיןמכביםרעות,1200,88.3,22,0,521,404,0,404,101,52,27,40,0,2,0,0,0,7,45,127,3
12,5843,מודיעיןמכביםרעות,1200,89.0,25,0,693,572,1,571,65,159,78,47,4,1,0,20,0,23,77,92,5
12,5844,מודיעיןמכביםרעות,1200,90.1,108,0,580,443,6,437,109,89,10,57,12,10,0,0,0,19,11,112,8
12,5845,מודיעיןמכביםרעות,1200,90.2,108,0,580,452,2,450,67,52,28,85,9,16,1,0,0,12,38,129,13
12,5846,מודיעיןמכביםרעות,1200,90.3,108,0,580,466,0,466,64,102,59,49,36,0,1,0,0,9,13,100,33
12,5847,מודיעיןמכביםרעות,1200,90.4,108,0,578,453,1,452,72,98,18,77,4,2,0,0,0,11,37,119,14
12,5848,מודיעיןמכביםרעות,1200,91.1,106,0,577,413,0,413,76,67,28,16,6,5,0,0,0,23,47,142,3
12,5849,מודיעיןמכביםרעות,1200,91.2,106,0,577,431,0,431,56,92,20,18,7,1,0,0,0,46,86,96,9
12,5850,מודיעיןמכביםרעות,1200,91.3,106,0,577,420,1,419,129,73,11,36,9,1,0,0,0,23,28,88,21
12,5851,מודיעיןמכביםרעות,1200,91.4,106,0,577,421,1,420,67,58,25,32,1,6,0,0,0,38,53,113,27
12,5852,מודיעיןמכביםרעות,1200,94.0,109,0,650,545,0,545,106,74,15,53,55,0,0,0,0,10,34,124,74
12,5853,מודיעיןמכביםרעות,1200,103.0,103,0,585,456,1,455,36,108,38,59,5,8,8,0,0,4,23,138,28
12,5854,מודיעיןמכביםרעות,1200,104.0,103,0,420,338,0,338,10,92,28,80,0,1,0,0,0,21,5,98,3
12,5855,מודיעיןמכביםרעות,1200,105.0,103,0,572,443,0,443,5,76,68,106,0,0,0,0,0,3,13,165,7
12,5856,מודיעיןמכביםרעות,1200,106.0,102,0,690,503,0,503,27,107,19,102,0,7,0,0,0,5,4,179,53
12,5857,מודיעיןמכביםרעות,1200,107.0,102,0,487,381,0,381,24,65,28,73,1,0,0,1,0,0,18,134,37
12,5858,מודיעיןמכביםרעות,1200,109.0,24,0,624,464,2,462,51,111,51,58,0,1,0,0,0,0,8,175,7
12,5859,מודיעיןמכביםרעות,1200,110.0,103,0,472,365,0,365,16,108,41,43,0,0,0,0,0,2,1,139,15
12,5860,מודיעיןמכביםרעות,1200,111.0,103,0,468,390,1,389,10,97,37,78,0,0,2,0,0,20,1,114,30
12,5861,מודיעיןמכביםרעות,1200,112.0,102,0,486,366,0,366,57,88,30,64,5,0,0,0,0,0,35,78,9
12,5862,מודיעיןמכביםרעות,1200,113.1,104,0,592,441,0,441,36,48,39,106,0,0,22,0,0,0,16,154,20
12,5863,מודיעיןמכביםרעות,1200,113.2,104,0,592,468,0,468,43,80,80,49,6,0,0,0,0,1,0,198,11
12,5864,מודיעיןמכביםרעות,1200,113.3,104,0,592,472,0,472,18,92,19,120,0,0,14,0,0,0,10,173,26
12,5865,מודיעיןמכביםרעות,1200,113.4,104,0,590,456,1,455,7,77,68,86,14,0,1,0,0,0,1,154,47
12,5866,מודיעיןמכביםרעות,1200,114.0,24,0,499,371,1,370,24,76,47,57,0,0,0,0,0,11,23,118,14
11,5398,מזור,606,2.1,1,0,454,346,1,345,32,97,22,58,1,0,0,1,0,6,1,117,10
11,5399,מזור,606,2.2,1,0,454,337,2,335,32,69,30,26,0,0,1,0,0,8,6,135,28
3,1366,משגב עם,378,1.0,1,0,292,201,2,199,9,50,26,31,0,0,0,1,0,3,4,61,14
5,1779,נאעורה,524,1.1,1,0,570,272,1,271,0,3,0,5,0,0,77,144,42,0,0,0,0
5,1780,נאעורה,524,1.2,1,0,570,304,3,301,8,2,0,6,0,0,132,103,46,0,0,4,0
5,1781,נאעורה,524,1.3,1,0,570,262,6,256,2,2,6,18,1,0,90,112,20,0,0,5,0
18,9815,נווה זוהר,1057,1.0,1,0,61,19,0,19,8,1,0,1,1,1,0,0,0,1,2,2,2
17,9654,ניצן,351,1.1,1,0,570,397,1,396,57,48,0,4,29,16,0,0,0,75,89,73,5
17,9655,ניצן,351,1.2,1,0,570,395,0,395,60,36,1,4,23,2,0,0,0,92,127,46,4
17,9656,ניצן,351,1.3,1,0,568,412,3,409,79,54,1,6,17,11,0,0,0,52,103,80,6
18,10325,ניצנה קהילת חינוך,1195,1.0,1,0,348,82,1,81,8,19,2,25,0,0,0,3,1,2,1,18,2
17,9659,ניצנים,359,1.0,1,0,478,404,0,404,28,115,45,97,0,0,4,0,0,0,0,107,8
18,9935,ניר משה,2047,1.0,1,0,469,328,1,327,36,74,21,39,21,2,0,1,0,5,24,93,11
3,1422,עין זיוון,4503,1.0,1,0,361,258,1,257,13,54,24,46,0,0,0,0,0,6,2,90,22
3,1423,עין קנייא,4502,1.0,3,0,223,34,0,34,3,6,3,7,3,0,0,0,0,1,1,8,2
6,2538,עכו,7600,2.0,112,0,748,417,2,415,43,39,42,13,9,4,114,56,32,10,12,32,9
6,2539,עכו,7600,5.1,113,0,544,318,2,316,82,35,24,18,55,18,2,1,0,15,17,30,19
6,2540,עכו,7600,5.2,113,0,544,272,2,270,58,43,3,16,20,11,2,19,5,12,26,53,2
6,2541,עכו,7600,5.3,113,0,543,267,2,265,76,30,22,3,24,2,0,0,0,20,40,34,14
6,2542,עכו,7600,6.0,12,0,590,331,3,328,110,57,19,33,29,3,0,0,0,10,40,15,12
6,2543,עכו,7600,7.0,10,1,620,369,0,369,72,30,4,36,55,1,14,21,5,11,47,57,16
6,2544,עכו,7600,8.0,10,0,621,433,1,432,141,69,15,26,50,5,1,0,0,10,55,45,15
6,2545,עכו,7600,9.0,116,0,627,377,8,369,83,29,89,4,9,13,0,0,0,5,36,89,12
6,2546,עכו,7600,10.0,116,0,691,355,3,352,133,31,12,5,33,1,25,0,2,21,53,34,2
6,2547,עכו,7600,11.1,2,0,722,455,1,454,144,27,29,6,71,18,0,0,0,29,39,40,51
6,2548,עכו,7600,11.2,2,0,722,460,5,455,120,24,12,8,55,8,0,0,0,8,58,152,10
6,2549,עכו,7600,11.3,2,0,722,480,0,480,172,28,10,4,56,6,5,0,0,38,69,73,19
6,2550,עכו,7600,11.4,2,0,722,454,0,454,178,52,26,5,54,0,0,0,0,8,30,86,15
6,2551,עכו,7600,11.5,2,0,721,446,5,441,96,37,36,4,64,9,0,2,0,16,71,71,35
6,2552,עכו,7600,15.1,38,1,746,514,3,511,127,67,1,13,49,15,5,0,1,74,37,110,12
6,2553,עכו,7600,15.2,38,0,746,527,0,527,137,65,4,13,28,1,12,3,0,71,68,113,12
6,2554,עכו,7600,15.3,38,0,746,489,2,487,128,57,5,28,57,10,6,4,0,24,67,97,4
6,2555,עכו,7600,18.1,109,0,519,336,0,336,96,25,15,1,63,4,0,0,0,17,59,50,6
6,2556,עכו,7600,18.2,109,0,519,370,0,370,97,37,5,2,86,1,6,0,0,17,64,52,3
6,2557,עכו,7600,18.3,109,0,517,353,3,350,159,34,16,5,33,6,0,0,0,10,31,42,14
6,2558,עכו,7600,20.0,48,1,606,389,1,388,147,42,1,1,96,1,0,0,0,11,31,51,7
6,2559,עכו,7600,21.1,17,0,384,176,1,175,16,17,14,9,1,3,77,12,12,1,1,11,1
6,2560,עכו,7600,21.2,17,0,384,164,2,162,20,8,26,3,1,0,32,44,8,2,7,7,4
6,2561,עכו,7600,22.1,20,0,701,284,9,275,44,20,34,1,15,2,25,24,15,1,50,40,4
6,2562,עכו,7600,22.2,20,0,701,289,5,284,46,12,37,13,17,1,52,51,13,3,16,23,0
6,2563,עכו,7600,22.3,20,0,699,312,4,308,36,17,43,22,21,0,53,53,13,17,11,18,4
6,2564,עכו,7600,24.0,23,0,664,338,3,335,79,16,9,17,25,5,34,48,14,9,30,37,12
6,2565,עכו,7600,26.0,21,0,561,297,2,295,53,28,21,7,20,16,45,15,9,9,28,39,5
6,2566,עכו,7600,27.0,21,0,604,279,4,275,78,23,35,17,23,2,23,8,5,7,12,41,1
6,2567,עכו,7600,28.0,19,0,534,212,4,208,28,16,19,8,1,1,31,27,1,7,30,23,16
6,2568,עכו,7600,29.0,23,0,578,250,5,245,48,36,19,10,20,2,31,28,14,1,9,21,6
6,2569,עכו,7600,30.0,25,0,570,253,2,251,8,4,8,8,2,3,155,46,8,1,3,5,0
6,2570,עכו,7600,34.1,27,0,673,302,5,297,8,1,2,18,0,0,107,110,35,0,3,12,1
6,2571,עכו,7600,34.2,27,0,672,319,10,309,2,2,0,8,0,0,132,124,39,0,0,2,0
6,2572,עכו,7600,36.1,35,0,403,185,0,185,23,8,8,8,4,9,58,22,23,3,8,9,2
6,2573,עכו,7600,36.2,115,0,402,180,1,179,22,8,6,7,3,0,47,50,9,7,4,15,1
6,2574,עכו,7600,37.0,29,0,582,251,5,246,28,1,10,1,1,5,78,104,7,2,1,7,1
6,2575,עכו,7600,38.0,44,0,556,306,6,300,40,25,13,8,19,0,90,67,18,1,3,16,0
6,2576,עכו,7600,39.1,26,0,697,360,2,358,9,33,15,9,3,0,146,81,32,0,4,17,9
6,2577,עכו,7600,39.2,26,0,697,384,1,383,14,3,3,19,51,1,127,77,47,0,32,8,1
6,2578,עכו,7600,39.3,26,0,696,353,3,350,20,20,3,15,1,3,126,100,51,0,0,9,2
6,2579,עכו,7600,40.1,1,0,665,303,3,300,16,6,18,23,7,0,130,57,30,4,2,4,3
6,2580,עכו,7600,40.2,1,0,665,355,6,349,24,20,5,25,0,1,106,61,83,4,6,13,1
6,2581,עכו,7600,40.3,1,0,665,333,4,329,36,8,28,21,10,0,94,40,28,20,18,24,2
6,2582,עכו,7600,40.4,1,0,665,370,3,367,15,14,7,32,0,0,141,88,47,6,0,16,1
6,2583,עכו,7600,41.0,30,0,675,291,10,281,0,17,0,22,0,0,126,89,14,0,0,11,2
6,2584,עכו,7600,43.0,111,0,619,264,5,259,8,2,13,9,2,0,72,120,28,0,1,3,1
6,2585,עכו,7600,44.0,111,0,560,265,1,264,0,0,1,6,1,0,114,83,34,0,0,13,12
6,2586,עכו,7600,45.0,30,0,557,268,6,262,0,2,0,8,0,0,100,115,29,0,0,8,0
6,2587,עכו,7600,46.0,30,0,490,211,3,208,0,1,0,9,1,0,102,73,14,0,0,8,0
6,2588,עכו,7600,50.0,13,0,461,215,0,215,37,40,40,16,21,1,13,15,8,7,8,8,1
6,2589,עכו,7600,52.0,7,0,679,338,5,333,110,31,56,13,26,2,7,18,18,0,4,41,7
6,2590,עכו,7600,53.0,33,0,715,316,2,314,52,24,51,19,37,0,11,9,0,13,36,58,4
6,2591,עכו,7600,55.1,106,0,735,523,1,522,156,44,12,46,46,12,42,23,5,13,59,33,31
6,2592,עכו,7600,55.2,106,0,734,530,1,529,144,25,19,24,47,8,97,7,15,11,50,60,22
6,2593,עכו,7600,56.1,4,0,717,429,3,426,106,51,31,12,66,6,28,8,2,12,37,25,42
6,2594,עכו,7600,56.2,4,0,717,395,10,385,87,30,33,20,56,0,8,9,0,9,52,72,9
6,2595,עכו,7600,56.3,4,1,717,356,5,351,115,33,29,17,46,1,21,4,1,1,50,17,16
6,2596,עכו,7600,56.4,4,0,715,351,5,346,106,49,54,27,8,4,0,0,0,4,27,57,10
6,2597,עכו,7600,57.0,100,0,691,352,2,350,73,43,38,7,20,12,13,14,2,4,20,90,14
6,2598,עכו,7600,58.0,19,0,711,354,10,344,43,27,16,9,1,3,120,42,37,4,20,18,4
6,2599,עכו,7600,60.0,41,0,588,271,4,267,46,39,60,23,11,1,25,1,1,4,17,28,11
6,2600,עכו,7600,63.0,101,0,444,287,1,286,38,55,19,3,45,17,7,0,5,12,23,53,9
6,2601,עכו,7600,64.1,15,0,710,508,1,507,97,59,58,14,31,20,5,7,1,14,43,140,18
6,2603,עכו,7600,72.0,12,0,627,401,2,399,103,36,2,14,79,1,0,17,10,38,40,49,10
6,2604,עכו,7600,73.0,48,0,670,444,6,438,123,33,23,12,110,19,0,0,0,21,43,50,4
6,2605,עכו,7600,74.0,12,0,560,380,4,376,114,75,4,5,48,27,6,0,1,14,30,43,9
6,2606,עכו,7600,75.1,3,0,620,387,6,381,109,41,12,10,35,11,3,6,9,22,40,78,5
6,2607,עכו,7600,75.2,3,0,620,363,1,362,94,29,17,11,49,13,26,10,23,4,40,28,18
6,2608,עכו,7600,75.3,3,0,620,343,0,343,48,28,1,3,67,13,45,2,2,9,80,32,13
6,2609,עכו,7600,75.4,3,0,620,370,6,364,83,35,10,12,35,4,33,26,11,7,52,49,7
6,2610,עכו,7600,75.5,3,0,616,378,4,374,89,49,12,5,38,3,6,6,12,18,42,75,19
6,2611,עכו,7600,80.0,19,0,659,264,5,259,79,22,29,10,5,1,34,11,8,6,10,43,1
18,9770,ערד,2560,2.0,2,0,684,339,5,334,77,74,56,13,10,36,1,10,0,1,2,50,4
18,9771,ערד,2560,3.0,29,0,622,380,0,380,20,15,46,3,14,197,0,4,0,18,26,29,8
18,9772,ערד,2560,4.1,5,0,506,279,3,276,22,26,36,23,1,85,0,8,0,3,10,60,2
18,9773,ערד,2560,4.2,5,0,506,326,2,324,33,31,35,25,2,119,0,0,0,1,13,53,12
18,9774,ערד,2560,4.3,5,0,506,300,1,299,41,25,56,14,2,87,0,0,0,12,3,44,15
18,9775,ערד,2560,7.1,9,0,518,206,1,205,12,35,35,7,0,64,1,4,0,6,7,31,3
18,9776,ערד,2560,8.0,4,0,648,400,2,398,43,38,73,17,14,111,0,0,0,0,42,55,5
18,9777,ערד,2560,10.0,2,0,664,355,2,353,39,57,75,9,4,102,0,8,0,4,6,45,4
18,9778,ערד,2560,13.0,4,0,731,377,3,374,37,62,31,28,2,105,0,0,0,5,43,55,6
18,9779,ערד,2560,15.1,3,0,649,405,1,404,58,72,78,14,9,89,3,1,0,11,14,51,4
18,9780,ערד,2560,15.2,3,0,649,423,0,423,31,25,8,25,23,196,0,0,0,3,33,74,5
18,9781,ערד,2560,15.3,3,0,649,382,1,381,38,49,13,14,13,84,1,0,0,2,66,95,6
18,9782,ערד,2560,15.4,3,0,649,402,1,401,58,74,29,24,6,104,0,1,0,14,10,77,4
18,9783,ערד,2560,15.5,3,0,649,406,1,405,57,85,13,27,3,149,1,0,0,1,9,55,5
18,9784,ערד,2560,15.6,3,0,645,417,1,416,30,40,22,22,26,126,3,0,0,8,24,99,16
18,9785,ערד,2560,16.0,2,0,575,326,2,324,49,20,66,10,11,61,0,0,0,4,18,73,12
18,9786,ערד,2560,17.0,2,0,741,363,2,361,55,27,52,19,12,122,0,0,0,6,6,58,4
18,9787,ערד,2560,18.0,29,0,650,381,3,378,31,18,37,4,9,203,0,1,0,4,9,43,19
18,9788,ערד,2560,23.0,26,0,718,417,4,413,21,53,80,28,2,66,0,2,0,19,41,88,13
18,9789,ערד,2560,24.1,14,0,377,217,1,216,42,41,21,17,11,28,1,2,0,6,9,26,12
18,9790,ערד,2560,24.2,16,0,376,209,1,208,38,21,27,14,19,20,0,0,0,6,22,36,5
18,9791,ערד,2560,25.1,10,0,683,423,2,421,51,44,22,1,30,156,2,1,0,9,50,46,9
18,9792,ערד,2560,25.2,10,0,683,437,2,435,29,79,34,30,17,186,0,0,0,4,19,30,7
18,9793,ערד,2560,25.3,10,0,683,433,4,429,27,47,55,5,22,170,0,4,0,4,18,67,10
18,9794,ערד,2560,25.4,10,0,683,420,5,415,54,36,26,8,20,195,0,0,0,15,25,35,1
18,9795,ערד,2560,25.5,10,0,680,452,5,447,35,87,49,1,0,198,0,0,0,3,16,56,2
18,9796,ערד,2560,26.0,13,0,677,346,3,343,31,78,35,8,5,68,0,0,0,12,24,72,10
18,9797,ערד,2560,27.0,19,0,412,262,0,262,34,47,26,18,7,35,0,0,0,24,7,62,2
18,9798,ערד,2560,29.0,23,0,664,348,8,340,60,70,63,7,4,39,0,0,0,4,4,68,21
18,9799,ערד,2560,30.1,15,0,522,325,1,324,55,43,15,33,7,32,4,12,0,3,56,54,10
18,9800,ערד,2560,30.2,15,0,522,291,5,286,22,23,37,9,40,31,7,0,1,6,18,88,4
18,9801,ערד,2560,30.3,25,0,522,326,1,325,82,48,21,9,5,24,11,0,0,2,50,64,9
18,9802,ערד,2560,31.1,24,0,697,310,8,302,37,12,82,0,12,91,7,29,0,1,2,25,4
18,9803,ערד,2560,31.2,24,0,697,313,0,313,26,38,29,11,16,133,4,1,0,4,29,21,1
18,9804,ערד,2560,31.3,24,0,697,313,2,311,18,22,44,4,10,154,0,1,1,6,8,41,2
18,9805,ערד,2560,31.4,24,0,694,327,3,324,37,20,77,0,6,139,0,2,0,1,23,19,0
18,9806,ערד,2560,33.0,4,0,711,469,1,468,68,112,26,53,3,30,3,6,8,24,19,104,12
18,9807,ערד,2560,34.0,19,0,434,118,2,116,11,19,16,5,0,4,0,0,0,10,18,27,6
11,5066,פתח תקווה,7900,18.1,3,0,702,358,3,355,83,35,31,28,43,2,0,0,0,7,26,88,12
11,5067,פתח תקווה,7900,18.2,3,0,702,343,0,343,82,37,45,16,33,15,0,0,6,8,21,70,10
11,5068,פתח תקווה,7900,18.3,3,0,702,382,3,379,62,93,27,36,18,1,0,0,0,12,23,97,10
11,5069,פתח תקווה,7900,18.4,3,0,702,298,2,296,84,46,44,6,13,1,0,1,0,7,22,65,7
11,5070,פתח תקווה,7900,18.5,3,0,702,328,6,322,78,35,63,20,15,1,0,0,0,6,19,58,27
11,5071,פתח תקווה,7900,18.6,3,0,702,338,5,333,53,46,62,43,13,11,0,0,0,4,15,80,6
11,5072,פתח תקווה,7900,21.0,21,0,528,290,3,287,45,58,43,9,22,2,0,0,0,18,20,61,9
11,5073,פתח תקווה,7900,24.0,21,0,671,439,1,438,104,97,25,27,18,35,6,0,8,11,24,62,21
11,5074,פתח תקווה,7900,26.1,19,0,687,378,4,374,72,70,41,75,13,3,0,0,0,23,10,63,4
11,5075,פתח תקווה,7900,26.2,19,0,687,357,1,356,29,60,29,31,23,13,0,0,0,7,59,91,14
11,5076,פתח תקווה,7900,26.3,19,0,687,396,1,395,64,66,45,33,40,26,0,0,0,9,19,83,10
11,5077,פתח תקווה,7900,26.4,19,0,687,378,3,375,116,79,40,23,14,17,0,0,0,13,16,52,5
11,5078,פתח תקווה,7900,26.5,19,0,687,368,2,366,54,90,51,12,26,7,0,0,0,10,43,65,8
11,5079,פתח תקווה,7900,26.6,19,0,683,333,6,327,56,54,34,25,42,35,0,0,0,4,6,62,9
11,5080,פתח תקווה,7900,39.0,144,0,620,423,1,422,87,106,11,20,23,3,8,0,0,6,49,81,28
11,5081,פתח תקווה,7900,40.0,125,0,643,386,2,384,111,41,3,13,34,3,0,5,0,47,60,54,13
11,5082,פתח תקווה,7900,43.1,31,0,696,405,5,400,59,68,6,12,76,10,0,0,0,18,45,99,7
11,5083,פתח תקווה,7900,43.2,31,1,696,366,3,363,109,50,6,1,50,1,1,0,0,14,11,90,30
11,5084,פתח תקווה,7900,43.3,31,0,696,401,2,399,98,35,53,9,51,11,0,0,0,9,16,89,28
11,5085,פתח תקווה,7900,43.4,31,0,696,394,3,391,114,34,12,7,69,13,0,0,0,24,28,83,7
11,5086,פתח תקווה,7900,43.5,31,0,691,379,1,378,78,64,40,15,59,6,1,0,0,17,20,65,13
11,5087,פתח תקווה,7900,49.1,4,0,670,427,2,425,175,28,1,0,58,19,0,0,0,43,58,41,2
11,5088,פתח תקווה,7900,49.2,4,0,670,431,1,430,49,33,13,12,131,4,0,0,0,51,64,61,12
11,5089,פתח תקווה,7900,49.3,4,0,670,445,2,443,84,17,6,2,83,41,0,0,0,51,107,51,1
11,5090,פתח תקווה,7900,49.4,4,0,670,458,6,452,101,20,6,1,148,25,0,0,0,17,62,68,4
11,5091,פתח תקווה,7900,49.5,4,0,670,468,2,466,120,43,2,1,53,62,0,0,0,36,64,85,0
11,5092,פתח תקווה,7900,49.6,4,0,670,422,2,420,100,25,35,3,37,25,0,0,0,46,103,21,25
11,5093,פתח תקווה,7900,49.7,4,0,663,443,1,442,111,25,11,3,42,66,0,0,0,42,48,87,7
11,5094,פתח תקווה,7900,57.0,1,0,611,388,2,386,90,31,2,6,46,11,0,0,0,27,81,79,13
11,5095,פתח תקווה,7900,58.0,1,0,596,396,2,394,125,36,0,1,63,3,1,0,0,18,40,79,28
11,5096,פתח תקווה,7900,59.0,102,0,630,387,3,384,136,59,7,8,39,30,0,0,0,3,47,47,8
11,5097,פתח תקווה,7900,60.1,24,0,702,425,1,424,100,56,18,9,70,10,0,0,0,37,40,77,7
11,5098,פתח תקווה,7900,60.2,24,0,702,430,6,424,97,54,24,15,42,3,0,1,0,14,25,133,16
11,5099,פתח תקווה,7900,60.3,24,0,702,449,5,444,109,37,40,38,72,9,0,0,2,10,60,57,10
11,5100,פתח תקווה,7900,60.4,24,0,702,400,2,398,104,51,37,31,34,14,0,2,0,16,28,77,4
11,5101,פתח תקווה,7900,63.0,91,0,658,386,4,382,107,51,6,9,50,18,0,0,0,12,43,68,18
11,5102,פתח תקווה,7900,64.0,91,0,698,490,3,487,111,125,57,17,49,2,0,0,0,23,32,69,2
11,5103,פתח תקווה,7900,149.0,102,0,663,376,5,371,66,66,12,10,45,16,0,0,0,5,11,113,27
11,5104,פתח תקווה,7900,154.1,14,0,616,419,3,416,130,34,48,10,34,8,0,0,0,23,45,77,7
11,5105,פתח תקווה,7900,154.2,14,0,616,443,3,440,48,89,46,49,33,4,8,0,13,26,21,77,26
11,5106,פתח תקווה,7900,154.3,14,0,616,431,0,431,62,128,27,28,10,2,0,0,0,8,17,128,21
11,5107,פתח תקווה,7900,154.4,14,0,616,406,3,403,66,111,26,23,15,9,0,0,0,15,37,89,12
11,5108,פתח תקווה,7900,154.5,14,0,612,423,1,422,48,84,33,25,43,0,0,0,0,19,11,138,21
11,5109,פתח תקווה,7900,161.1,41,0,614,387,3,384,90,105,25,20,16,4,0,0,1,12,27,71,13
11,5110,פתח תקווה,7900,161.2,41,0,614,396,5,391,106,70,38,10,17,3,0,0,0,6,37,94,10
11,5111,פתח תקווה,7900,161.3,41,0,614,380,0,380,110,61,16,35,11,1,1,0,0,8,28,105,4
11,5112,פתח תקווה,7900,161.4,41,0,614,411,2,409,46,52,75,61,14,1,0,0,0,6,24,118,12
11,5113,פתח תקווה,7900,164.0,21,0,666,410,4,406,97,79,32,32,10,28,0,0,0,4,27,87,10
11,5114,פתח תקווה,7900,166.0,21,0,741,436,1,435,81,83,62,22,17,1,0,0,0,10,20,101,38
11,5115,פתח תקווה,7900,171.0,21,0,704,447,3,444,98,61,41,43,44,0,0,0,0,5,21,84,47
11,5116,פתח תקווה,7900,172.1,112,0,654,421,1,420,124,40,23,29,65,15,0,0,0,16,56,47,5
11,5117,פתח תקווה,7900,172.2,112,0,654,417,2,415,97,61,24,22,51,15,0,0,0,19,27,83,16
11,5118,פתח תקווה,7900,172.3,112,0,654,422,2,420,70,58,36,46,66,4,0,0,0,9,21,97,13
11,5119,פתח תקווה,7900,177.0,91,0,682,460,1,459,87,30,51,22,67,3,0,0,0,28,28,121,22
11,5120,פתח תקווה,7900,185.1,93,0,743,501,1,500,82,93,75,20,16,6,0,0,0,29,20,145,14
11,5121,פתח תקווה,7900,185.2,93,0,742,509,1,508,72,104,61,52,11,35,0,0,0,8,45,110,10
11,5122,פתח תקווה,7900,188.0,116,0,632,388,1,387,98,31,7,11,118,22,0,1,0,17,18,63,1
11,5123,פתח תקווה,7900,189.0,116,0,628,409,3,406,78,58,20,9,62,8,0,0,0,30,51,72,18
11,5124,פתח תקווה,7900,231.0,91,0,629,460,4,456,134,69,38,7,46,1,0,0,0,37,19,90,15
11,5125,פתח תקווה,7900,232.0,91,0,628,414,3,411,77,77,9,22,35,0,0,0,0,23,53,94,21
11,5126,פתח תקווה,7900,233.0,21,0,651,336,3,333,40,68,44,18,19,1,0,0,0,6,16,115,6
11,5127,פתח תקווה,7900,239.1,34,0,687,472,1,471,136,45,12,2,93,2,0,0,0,37,50,88,6
11,5128,פתח תקווה,7900,239.2,34,0,687,470,2,468,128,58,11,23,92,2,0,0,0,32,56,64,2
11,5129,פתח תקווה,7900,239.3,34,0,687,450,3,447,56,20,39,24,65,5,0,0,0,91,68,78,1
11,5130,פתח תקווה,7900,239.4,34,0,687,453,4,449,137,39,5,2,62,20,0,0,0,45,71,44,24
11,5131,פתח תקווה,7900,239.5,34,0,687,461,4,457,115,42,10,3,66,9,0,0,0,73,64,68,7
11,5132,פתח תקווה,7900,239.6,34,0,687,446,3,443,93,41,5,17,41,28,0,0,0,85,90,33,10
11,5133,פתח תקווה,7900,239.7,34,0,680,465,1,464,66,62,11,5,61,36,0,0,0,27,86,90,20
11,5134,פתח תקווה,7900,253.1,35,0,642,390,5,385,87,33,8,20,58,18,1,0,0,18,58,78,6
11,5135,פתח תקווה,7900,253.2,35,0,642,413,3,410,82,36,12,23,43,9,0,2,0,18,68,106,11
11,5136,פתח תקווה,7900,253.3,35,0,641,422,2,420,98,59,38,10,43,4,0,0,0,27,35,89,17
11,5137,פתח תקווה,7900,254.0,91,0,650,412,2,410,91,71,12,24,34,24,0,0,0,38,64,44,8
11,5138,פתח תקווה,7900,260.0,144,0,617,393,1,392,79,94,3,39,35,0,0,0,0,7,31,92,12
11,5139,פתח תקווה,7900,261.0,1,0,684,459,3,456,156,33,19,29,67,4,0,0,0,26,45,67,10
11,5140,פתח תקווה,7900,280.1,103,0,689,430,2,428,92,56,30,22,23,44,0,0,0,18,48,72,23
11,5141,פתח תקווה,7900,280.2,103,0,689,454,3,451,112,113,15,27,54,12,0,0,0,1,45,60,12
11,5142,פתח תקווה,7900,280.3,103,0,689,482,5,477,84,60,48,46,31,6,0,0,0,10,33,151,8
11,5143,פתח תקווה,7900,293.0,91,0,747,506,4,502,162,29,36,56,19,5,1,0,0,33,26,96,39
11,5144,פתח תקווה,7900,301.1,108,0,731,585,2,583,96,30,12,8,176,10,0,0,0,57,111,79,4
11,5145,פתח תקווה,7900,301.2,108,0,731,548,1,547,120,37,23,4,108,25,0,0,0,72,95,62,1
11,5146,פתח תקווה,7900,301.3,108,0,731,571,0,571,91,32,3,0,94,40,0,0,0,73,86,149,3
11,5147,פתח תקווה,7900,301.4,108,0,731,563,1,562,59,23,55,38,88,17,0,0,0,51,153,77,1
11,5148,פתח תקווה,7900,301.5,108,0,731,574,2,572,70,8,13,12,168,40,0,0,0,68,99,83,11
11,5149,פתח תקווה,7900,301.6,108,0,731,578,3,575,110,65,26,5,97,19,0,0,0,49,145,50,9
11,5150,פתח תקווה,7900,301.7,108,0,731,574,2,572,119,24,5,1,86,54,0,0,0,67,109,90,17
11,5151,פתח תקווה,7900,309.1,113,0,728,610,3,607,32,7,0,0,241,229,0,0,0,30,46,22,0
11,5152,פתח תקווה,7900,309.2,113,0,728,617,1,616,41,1,0,0,123,331,0,0,0,17,72,31,0
11,5153,פתח תקווה,7900,309.3,113,0,728,619,3,616,45,9,0,3,168,325,0,0,0,12,39,14,1
11,5154,פתח תקווה,7900,309.4,113,0,728,607,0,607,50,12,4,0,188,261,0,0,0,24,38,30,0
11,5155,פתח תקווה,7900,309.5,113,1,728,599,1,598,45,10,0,0,131,332,0,0,1,9,54,16,0
11,5156,פתח תקווה,7900,309.6,113,0,728,599,1,598,50,2,0,0,192,238,0,0,0,18,72,26,0
11,5157,פתח תקווה,7900,309.7,113,0,721,623,3,620,59,7,0,0,227,210,0,0,0,27,53,37,0
11,5158,פתח תקווה,7900,957.0,91,0,597,444,5,439,84,108,19,54,22,0,1,0,0,42,7,78,24
11,5159,פתח תקווה,7900,14.1,28,0,622,265,3,262,44,21,38,9,51,11,0,0,0,6,19,53,10
11,5160,פתח תקווה,7900,14.2,28,0,622,301,3,298,64,51,22,9,34,4,0,0,0,18,19,61,16
11,5161,פתח תקווה,7900,14.3,28,0,622,270,3,267,63,32,43,14,32,12,0,0,0,5,7,55,4
11,5162,פתח תקווה,7900,15.1,11,0,739,317,3,314,49,29,33,56,24,10,0,0,0,7,36,61,9
11,5163,פתח תקווה,7900,15.2,11,0,739,335,4,331,60,46,53,39,14,14,0,0,0,1,31,69,4
11,5164,פתח תקווה,7900,15.3,11,0,739,298,1,297,69,35,27,39,21,24,0,0,0,12,12,45,13
11,5165,פתח תקווה,7900,15.4,11,0,739,308,3,305,92,46,38,23,24,18,0,0,0,3,9,51,1
11,5166,פתח תקווה,7900,15.5,11,0,739,284,6,278,44,55,34,3,31,14,0,0,0,4,18,64,11
11,5167,פתח תקווה,7900,15.6,11,0,739,321,2,319,94,46,51,1,28,23,0,2,0,14,6,47,7
11,5168,פתח תקווה,7900,15.7,11,0,736,298,2,296,63,56,25,7,14,11,0,0,0,17,30,69,4
11,5169,פתח תקווה,7900,56.0,46,0,683,473,3,470,67,60,20,3,61,30,0,0,0,18,58,108,45
11,5170,פתח תקווה,7900,61.1,88,0,593,345,2,343,77,20,2,6,88,1,0,0,0,49,21,61,18
11,5171,פתח תקווה,7900,61.2,88,0,593,412,2,410,134,45,16,3,51,12,0,0,0,24,64,57,4
11,5172,פתח תקווה,7900,61.3,88,0,592,396,4,392,109,61,16,29,37,5,0,0,0,22,39,61,13
11,5173,פתח תקווה,7900,66.0,7,0,576,309,2,307,89,47,23,11,30,24,0,0,0,8,18,50,7
11,5174,פתח תקווה,7900,67.0,7,0,521,361,0,361,76,14,15,11,70,17,0,0,0,12,79,50,17
11,5175,פתח תקווה,7900,68.0,65,0,633,360,8,352,74,52,58,3,19,1,0,0,0,14,35,57,39
11,5176,פתח תקווה,7900,70.0,65,0,672,334,2,332,108,49,32,6,49,14,0,0,0,7,13,47,7
11,5177,פתח תקווה,7900,72.0,118,0,535,346,1,345,91,72,53,21,30,6,0,0,0,1,10,51,10
11,5178,פתח תקווה,7900,74.1,48,0,622,370,2,368,65,45,12,28,18,4,0,0,0,6,22,155,13
11,5179,פתח תקווה,7900,74.2,48,0,622,362,3,359,60,41,29,22,34,2,1,0,0,4,24,107,35
11,5180,פתח תקווה,7900,74.3,48,0,622,391,1,390,74,72,53,14,29,0,2,0,0,16,27,93,10
11,5181,פתח תקווה,7900,74.4,48,0,622,354,3,351,66,56,46,29,26,0,0,0,0,23,15,89,1
11,5182,פתח תקווה,7900,74.5,48,0,622,365,1,364,63,70,57,38,12,2,0,0,0,5,12,97,8
11,5183,פתח תקווה,7900,75.0,95,0,700,311,5,306,45,59,6,79,16,0,0,0,0,14,8,77,2
11,5184,פתח תקווה,7900,76.0,95,0,635,302,2,300,86,23,34,32,13,6,0,0,0,14,30,56,6
11,5185,פתח תקווה,7900,78.0,96,0,670,387,4,383,48,88,18,41,53,13,1,0,0,6,20,88,7
11,5186,פתח תקווה,7900,79.0,96,0,658,418,3,415,78,68,16,46,41,57,0,0,0,7,7,83,12
11,5187,פתח תקווה,7900,81.1,143,0,682,401,5,396,81,37,24,52,15,24,0,0,0,20,32,108,3
11,5188,פתח תקווה,7900,81.2,143,0,682,434,3,431,45,52,41,51,20,12,0,0,0,23,15,150,22
11,5189,פתח תקווה,7900,81.3,143,0,682,396,2,394,139,56,13,15,26,5,0,0,0,8,38,63,31
11,5190,פתח תקווה,7900,81.4,143,0,682,390,4,386,72,65,52,22,3,24,0,0,0,21,18,85,24
11,5191,פתח תקווה,7900,81.5,143,0,678,382,1,381,50,95,26,44,6,5,5,0,0,14,11,108,17
11,5192,פתח תקווה,7900,85.0,95,0,654,417,2,415,59,62,31,54,7,1,0,6,0,9,26,142,18
11,5193,פתח תקווה,7900,94.0,37,0,592,344,0,344,78,58,17,36,23,1,0,0,0,5,47,61,18
11,5194,פתח תקווה,7900,96.0,68,0,448,281,1,280,31,53,40,49,4,4,0,0,0,4,17,69,9
11,5195,פתח תקווה,7900,97.0,68,0,590,412,4,408,47,96,25,53,21,5,0,0,0,3,25,119,14
11,5196,פתח תקווה,7900,101.0,67,0,519,401,1,400,85,60,9,20,16,41,0,0,2,35,18,93,21
11,5197,פתח תקווה,7900,102.0,121,0,820,637,1,636,120,84,26,51,16,5,0,0,0,24,128,153,29
11,5198,פתח תקווה,7900,108.1,128,0,749,565,1,564,76,97,51,40,10,6,0,0,0,45,54,148,37
11,5199,פתח תקווה,7900,108.2,128,0,749,597,0,597,110,115,36,50,4,19,0,0,0,18,65,163,17
11,5200,פתח תקווה,7900,108.3,128,0,749,543,0,543,152,72,27,66,34,8,2,0,0,7,9,152,14
11,5201,פתח תקווה,7900,108.4,128,0,747,604,0,604,68,136,45,37,2,57,0,0,0,30,44,175,10
11,5202,פתח תקווה,7900,114.0,7,0,544,277,3,274,44,35,16,8,56,3,0,0,0,6,26,71,9
11,5203,פתח תקווה,7900,116.0,2,0,678,466,2,464,88,95,24,45,35,8,0,0,0,34,28,84,23
11,5204,פתח תקווה,7900,119.1,5,0,698,428,6,422,60,101,15,62,37,12,0,0,0,5,15,108,7
11,5205,פתח תקווה,7900,119.2,5,0,698,448,2,446,95,93,48,21,12,22,0,0,0,8,9,126,12
11,5206,פתח תקווה,7900,119.3,5,0,698,442,3,439,93,100,26,37,9,20,0,0,0,15,27,102,10
11,5207,פתח תקווה,7900,119.4,5,0,698,426,2,424,72,60,34,40,25,14,0,0,0,28,42,94,15
11,5208,פתח תקווה,7900,119.5,5,0,698,406,6,400,61,81,42,22,5,11,0,1,0,16,19,122,20
11,5209,פתח תקווה,7900,119.6,5,0,692,403,1,402,51,50,29,68,4,65,0,0,1,16,15,71,32
11,5210,פתח תקווה,7900,123.0,68,1,555,349,1,348,79,66,15,43,6,12,0,0,0,18,12,72,25
11,5211,פתח תקווה,7900,139.0,2,0,558,412,1,411,57,35,42,20,28,23,0,0,0,7,89,90,20
11,5212,פתח תקווה,7900,140.0,67,0,572,426,5,421,56,92,21,90,17,13,0,0,0,6,22,90,14
11,5213,פתח תקווה,7900,143.0,2,1,608,433,0,433,78,47,5,14,64,33,0,0,0,12,90,82,8
11,5214,פתח תקווה,7900,145.0,96,0,651,399,8,391,64,49,17,25,13,80,0,1,0,8,20,100,14
11,5215,פתח תקווה,7900,191.1,52,0,701,515,0,515,21,103,13,34,74,4,0,0,2,10,37,200,17
11,5216,פתח תקווה,7900,191.2,52,0,701,456,0,456,54,104,38,47,61,5,0,0,0,11,52,66,18
11,5217,פתח תקווה,7900,191.3,52,0,701,465,1,464,51,97,39,32,45,19,0,0,0,24,19,94,44
11,5218,פתח תקווה,7900,191.4,52,0,701,479,1,478,62,108,101,32,31,2,0,0,0,3,26,75,38
11,5219,פתח תקווה,7900,191.5,52,0,700,489,1,488,68,71,41,52,9,11,0,0,0,5,43,141,47
11,5220,פתח תקווה,7900,192.0,7,0,654,335,4,331,80,53,30,2,26,9,0,0,0,8,52,49,22
11,5221,פתח תקווה,7900,193.0,7,0,517,340,2,338,87,32,52,1,36,2,0,0,0,18,44,53,13
11,5222,פתח תקווה,7900,212.0,65,0,573,350,3,347,62,32,26,17,21,1,0,0,0,20,39,117,12
11,5223,פתח תקווה,7900,225.1,54,0,627,395,0,395,123,41,50,26,19,2,0,0,0,9,45,74,6
11,5224,פתח תקווה,7900,225.2,54,0,627,417,0,417,98,42,13,20,9,5,0,0,0,23,57,131,19
11,5225,פתח תקווה,7900,225.3,54,0,627,418,4,414,131,74,37,17,20,6,0,0,0,14,28,70,17
11,5226,פתח תקווה,7900,225.4,54,0,627,425,2,423,131,45,17,22,6,0,0,0,0,29,18,149,6
11,5227,פתח תקווה,7900,225.5,54,0,622,421,2,419,85,63,28,42,10,7,0,0,0,12,13,140,19
11,5228,פתח תקווה,7900,227.1,6,0,637,463,1,462,44,29,10,28,88,90,0,0,0,23,79,68,3
11,5229,פתח תקווה,7900,227.2,6,0,637,435,2,433,105,19,8,8,39,84,0,0,0,16,32,108,14
11,5230,פתח תקווה,7900,227.3,6,0,637,452,1,451,42,43,15,27,21,91,0,0,0,16,68,89,39
11,5231,פתח תקווה,7900,227.4,6,0,637,456,2,454,61,45,6,29,63,34,5,0,0,69,28,106,8
11,5232,פתח תקווה,7900,227.5,6,0,633,417,0,417,40,27,13,29,38,108,0,0,0,18,46,72,26
11,5233,פתח תקווה,7900,229.1,30,0,645,424,4,420,130,53,36,21,35,1,0,0,0,26,25,80,13
11,5234,פתח תקווה,7900,229.2,30,0,645,444,3,441,64,35,29,45,19,1,0,0,0,44,71,125,8
11,5235,פתח תקווה,7900,229.3,30,0,645,406,0,406,172,76,12,14,22,3,0,0,0,7,24,63,13
11,5236,פתח תקווה,7900,229.4,30,0,645,446,2,444,114,47,26,34,23,9,0,0,0,16,57,81,37
11,5237,פתח תקווה,7900,229.5,30,0,645,430,4,426,120,78,28,29,32,6,0,2,1,11,45,61,13
11,5238,פתח תקווה,7900,229.6,30,0,643,448,2,446,122,79,43,26,69,8,0,0,0,9,18,60,12
11,5239,פתח תקווה,7900,242.1,90,0,696,520,0,520,115,38,5,22,43,20,0,0,0,38,79,144,16
11,5240,פתח תקווה,7900,242.2,90,0,696,557,0,557,54,60,1,42,12,8,0,0,0,70,159,133,18
11,5241,פתח תקווה,7900,242.3,90,0,696,531,1,530,41,76,56,37,6,8,0,0,0,51,103,143,9
11,5242,פתח תקווה,7900,242.4,90,0,696,523,0,523,69,37,21,38,15,24,0,0,2,62,64,182,9
11,5243,פתח תקווה,7900,242.5,90,0,696,519,3,516,88,68,17,53,21,9,0,0,0,88,106,63,3
11,5244,פתח תקווה,7900,242.6,90,0,693,507,0,507,72,84,8,20,22,40,0,0,0,77,60,110,14
11,5245,פתח תקווה,7900,251.0,67,0,583,425,1,424,42,60,22,62,19,26,0,0,0,15,54,109,15
11,5246,פתח תקווה,7900,265.0,118,0,663,444,3,441,142,45,67,17,20,5,2,0,0,24,29,76,14
11,5247,פתח תקווה,7900,276.1,132,0,647,524,3,521,115,83,14,41,30,8,0,0,0,15,41,146,28
11,5248,פתח תקווה,7900,276.2,132,0,647,515,1,514,123,154,18,51,3,0,1,2,0,17,21,103,21
11,5249,פתח תקווה,7900,276.3,132,0,647,528,0,528,95,147,34,35,17,1,1,0,0,4,16,169,9
11,5250,פתח תקווה,7900,276.4,132,0,647,532,4,528,74,124,11,42,12,4,0,0,0,27,15,179,40
11,5251,פתח תקווה,7900,276.5,132,0,643,550,0,550,119,95,28,74,6,1,0,0,0,20,37,153,17
11,5252,פתח תקווה,7900,283.0,123,0,659,513,0,513,127,61,41,30,16,12,0,0,0,65,45,104,12
11,5253,פתח תקווה,7900,286.0,121,0,698,570,1,569,127,91,55,26,17,3,3,0,0,20,96,101,30
11,5254,פתח תקווה,7900,300.1,122,0,428,323,0,323,40,62,33,35,6,13,0,0,0,7,32,73,22
11,5255,פתח תקווה,7900,300.2,122,0,427,349,1,348,69,60,15,32,2,21,0,0,0,20,46,70,13
11,5256,פתח תקווה,7900,310.0,123,0,661,500,1,499,147,90,5,16,22,38,0,0,0,44,50,67,20
11,5257,פתח תקווה,7900,316.0,37,0,607,312,1,311,97,35,13,14,20,0,0,0,0,18,33,75,6
11,5258,פתח תקווה,7900,322.0,123,0,697,562,0,562,84,103,8,38,8,68,0,0,0,42,40,165,6
11,5259,פתח תקווה,7900,956.0,123,0,711,578,0,578,102,106,28,39,25,7,0,0,0,40,81,123,27
11,5260,פתח תקווה,7900,959.1,10,0,728,567,1,566,34,116,22,64,11,6,12,0,0,51,15,226,9
11,5261,פתח תקווה,7900,959.2,10,0,728,578,1,577,85,59,48,50,6,10,8,0,0,28,16,228,39
11,5262,פתח תקווה,7900,959.3,10,0,728,571,0,571,68,138,47,48,42,0,0,0,0,1,19,199,9
11,5263,פתח תקווה,7900,959.4,10,0,728,557,1,556,76,98,22,56,19,0,0,1,4,16,30,149,85
11,5264,פתח תקווה,7900,959.5,10,0,726,551,3,548,34,82,35,79,0,14,0,0,0,6,73,185,40
11,5265,פתח תקווה,7900,960.1,105,0,725,582,1,581,48,142,23,41,7,11,0,0,0,28,80,182,19
11,5266,פתח תקווה,7900,960.2,105,0,725,573,1,572,93,92,52,67,6,6,0,1,0,6,39,181,29
11,5267,פתח תקווה,7900,2.1,27,0,677,344,2,342,102,42,46,5,26,2,0,0,0,24,16,71,8
11,5268,פתח תקווה,7900,2.2,27,0,677,339,1,338,50,52,72,9,18,9,0,0,0,10,29,79,10
11,5269,פתח תקווה,7900,2.3,27,0,677,317,2,315,63,42,46,8,17,2,0,0,0,11,34,86,6
11,5270,פתח תקווה,7900,2.4,27,0,677,369,6,363,61,85,64,16,37,21,0,0,0,6,16,49,8
11,5271,פתח תקווה,7900,2.5,27,0,677,309,2,307,73,58,43,10,20,19,0,0,0,2,28,46,8
11,5272,פתח תקווה,7900,2.6,27,0,677,288,1,287,83,69,29,10,28,8,0,0,0,14,17,25,4
11,5273,פתח תקווה,7900,2.7,27,0,677,313,6,307,99,46,54,5,6,2,0,0,0,17,8,54,16
11,5274,פתח תקווה,7900,2.8,27,0,676,318,1,317,58,50,53,5,27,13,0,0,0,4,15,89,3
11,5275,פתח תקווה,7900,9.1,100,0,582,272,1,271,48,70,32,8,25,4,0,0,0,8,18,53,5
11,5276,פתח תקווה,7900,9.2,100,0,582,265,0,265,100,41,26,8,10,0,0,0,0,2,14,55,9
11,5277,פתח תקווה,7900,9.3,100,0,582,273,2,271,49,50,57,23,10,5,0,0,0,1,10,49,17
11,5278,פתח תקווה,7900,9.4,100,0,580,265,4,261,46,27,37,13,25,9,0,0,0,29,30,37,8
11,5279,פתח תקווה,7900,11.1,97,0,698,430,0,430,68,63,20,22,75,52,0,0,0,7,63,49,11
11,5280,פתח תקווה,7900,11.2,97,0,698,429,4,425,76,63,28,18,95,29,0,0,0,15,38,52,11
11,5281,פתח תקווה,7900,11.3,97,0,698,380,2,378,35,40,24,18,66,51,0,0,0,41,19,80,4
11,5282,פתח תקווה,7900,11.4,97,0,694,417,4,413,91,39,40,25,37,67,0,0,0,15,21,72,6
11,5283,פתח תקווה,7900,12.1,127,0,665,429,6,423,105,52,33,10,49,20,0,0,0,16,57,77,4
11,5284,פתח תקווה,7900,12.2,127,0,665,416,5,411,83,51,28,19,43,16,0,0,0,20,34,92,25
11,5285,פתח תקווה,7900,12.3,127,0,665,404,1,403,73,49,18,22,70,19,0,0,0,18,28,100,6
11,5286,פתח תקווה,7900,12.4,127,0,665,419,2,417,130,53,30,29,23,0,0,0,0,8,26,106,12
11,5287,פתח תקווה,7900,32.0,137,0,715,457,10,447,66,94,50,15,26,8,0,0,0,30,46,95,17
11,5288,פתח תקווה,7900,93.1,26,1,643,355,3,352,119,21,28,5,26,29,0,0,0,7,47,44,26
11,5289,פתח תקווה,7900,93.2,26,0,643,372,1,371,62,43,7,19,26,53,0,0,0,16,13,112,20
11,5290,פתח תקווה,7900,93.3,26,0,643,382,1,381,111,38,42,25,45,16,0,0,0,18,28,47,11
11,5291,פתח תקווה,7900,93.4,26,0,643,366,1,365,109,33,25,11,58,22,0,0,0,4,19,74,10
11,5292,פתח תקווה,7900,93.5,26,0,643,380,1,379,75,37,88,10,36,7,0,0,0,11,24,70,21
11,5293,פתח תקווה,7900,95.0,29,0,678,435,1,434,80,66,69,25,26,22,0,0,0,15,49,78,4
11,5294,פתח תקווה,7900,98.0,29,0,675,340,5,335,70,44,65,10,24,1,0,0,0,17,28,58,18
11,5295,פתח תקווה,7900,99.0,29,0,728,511,4,507,36,118,28,24,48,80,0,0,0,15,47,101,10
11,5296,פתח תקווה,7900,103.0,50,0,690,462,2,460,138,39,30,24,63,10,0,0,0,23,35,84,14
11,5297,פתח תקווה,7900,104.0,50,0,674,408,0,408,77,91,14,29,33,13,0,0,0,15,59,72,5
11,5298,פתח תקווה,7900,111.0,29,0,635,306,4,302,44,30,14,44,38,0,0,3,0,11,12,102,4
11,5299,פתח תקווה,7900,113.0,36,0,802,555,5,550,96,31,25,25,78,148,0,0,0,9,59,67,12
11,5300,פתח תקווה,7900,115.0,36,0,732,499,2,497,68,53,21,28,55,128,2,0,0,17,34,86,5
11,5301,פתח תקווה,7900,122.1,17,0,560,359,4,355,74,48,43,32,21,0,0,0,0,14,16,79,28
11,5302,פתח תקווה,7900,122.2,17,0,560,318,2,316,102,37,22,20,9,2,0,0,0,27,37,47,13
11,5303,פתח תקווה,7900,122.3,17,0,560,309,0,309,26,58,35,31,7,1,0,0,0,15,24,104,8
11,5304,פתח תקווה,7900,122.4,17,0,558,357,2,355,46,92,13,24,5,2,10,0,0,24,4,133,2
11,5305,פתח תקווה,7900,133.1,15,0,729,439,3,436,119,74,57,18,47,20,1,0,0,4,7,83,6
11,5306,פתח תקווה,7900,133.2,15,0,729,432,1,431,62,65,38,42,41,45,0,0,0,8,14,106,10
11,5307,פתח תקווה,7900,133.3,15,0,729,434,0,434,57,83,13,32,44,43,0,0,0,27,11,95,29
11,5308,פתח תקווה,7900,133.4,15,0,729,434,2,432,85,64,36,6,63,37,1,0,0,21,30,78,11
11,5309,פתח תקווה,7900,133.5,15,0,729,379,2,377,68,23,18,15,83,28,0,0,0,3,54,76,9
11,5310,פתח תקווה,7900,133.6,15,0,729,434,4,430,52,69,49,27,81,43,0,0,0,38,14,48,9
11,5311,פתח תקווה,7900,133.7,15,0,725,446,8,438,73,53,20,6,18,90,0,0,0,24,46,81,27
11,5312,פתח תקווה,7900,162.0,134,0,607,379,0,379,57,37,39,34,19,66,0,0,0,15,27,78,7
11,5313,פתח תקווה,7900,170.1,145,0,749,520,0,520,86,87,47,30,56,1,0,0,0,20,21,139,33
11,5314,פתח תקווה,7900,170.2,145,0,749,542,2,540,155,123,34,65,10,2,0,0,0,23,33,70,25
11,5315,פתח תקווה,7900,170.3,145,0,749,549,0,549,158,95,17,17,22,1,1,0,0,19,44,133,42
11,5316,פתח תקווה,7900,170.4,145,0,749,560,4,556,79,93,43,34,63,30,0,0,0,6,34,170,4
11,5317,פתח תקווה,7900,170.5,145,0,746,509,1,508,119,105,34,35,6,4,0,0,0,13,26,150,16
11,5318,פתח תקווה,7900,173.0,36,0,757,467,10,457,56,88,47,20,32,66,0,0,0,6,24,111,7
11,5319,פתח תקווה,7900,202.0,63,0,592,445,0,445,63,82,50,46,20,6,0,0,0,10,11,129,28
11,5320,פתח תקווה,7900,209.1,85,0,668,501,3,498,72,95,30,55,7,0,0,0,0,33,37,159,10
11,5321,פתח תקווה,7900,215.1,107,0,707,527,2,525,75,88,41,62,28,1,0,0,0,12,67,141,10
11,5322,פתח תקווה,7900,215.2,107,0,707,531,3,528,68,139,54,25,23,44,4,0,0,42,10,93,26
11,5323,פתח תקווה,7900,215.3,107,0,707,509,0,509,73,101,38,45,29,2,1,0,0,10,59,109,42
11,5324,פתח תקווה,7900,215.4,107,0,707,533,0,533,134,121,19,77,19,4,0,0,0,1,19,134,5
11,5325,פתח תקווה,7900,215.5,107,0,707,521,11,510,115,74,19,32,30,6,0,0,0,18,85,106,25
11,5326,פתח תקווה,7900,215.6,107,0,707,519,4,515,53,84,50,19,49,2,0,0,0,9,30,190,29
11,5327,פתח תקווה,7900,215.7,107,0,703,518,2,516,164,73,19,34,2,13,0,0,0,2,59,111,39
11,5328,פתח תקווה,7900,218.0,137,0,679,403,6,397,90,58,26,16,30,9,0,0,0,29,47,76,16
11,5329,פתח תקווה,7900,219.0,131,0,588,334,2,332,52,73,40,14,33,11,0,0,0,28,41,36,4
11,5330,פתח תקווה,7900,222.0,133,0,575,331,1,330,39,37,38,16,44,76,0,0,0,2,23,53,2
11,5331,פתח תקווה,7900,228.0,50,0,696,428,2,426,81,87,23,18,17,21,0,0,0,11,51,110,7
11,5332,פתח תקווה,7900,240.1,94,0,527,345,1,344,73,47,24,24,22,26,0,0,0,8,56,52,12
11,5333,פתח תקווה,7900,240.2,94,0,527,307,2,305,54,65,52,3,23,1,0,0,0,13,32,61,1
11,5334,פתח תקווה,7900,240.3,94,0,525,299,0,299,98,35,32,8,30,9,0,0,0,9,25,51,2
11,5335,פתח תקווה,7900,244.1,109,0,418,321,0,321,62,80,20,23,0,0,0,0,0,5,14,110,7
11,5336,פתח תקווה,7900,244.2,109,0,418,341,0,341,52,84,64,36,7,3,0,0,0,2,7,78,8
11,5337,פתח תקווה,7900,245.1,55,0,611,497,0,497,55,86,33,121,13,13,0,0,0,4,8,158,6
11,5338,פתח תקווה,7900,245.2,55,0,611,489,3,486,45,125,32,48,6,0,0,0,0,11,14,169,36
11,5339,פתח תקווה,7900,245.3,55,0,611,485,1,484,106,128,40,61,8,0,0,0,0,2,23,106,10
11,5340,פתח תקווה,7900,245.4,55,0,611,473,2,471,82,116,37,40,9,5,0,0,0,18,22,90,52
11,5341,פתח תקווה,7900,245.5,55,0,610,472,1,471,58,83,39,74,26,1,0,0,0,3,22,156,9
11,5342,פתח תקווה,7900,248.1,101,0,682,554,5,549,61,168,80,36,13,1,0,0,0,13,30,140,7
11,5343,פתח תקווה,7900,248.2,101,0,682,567,0,567,41,179,14,96,0,0,0,0,0,1,15,217,4
11,5344,פתח תקווה,7900,248.3,101,0,682,564,1,563,75,116,56,62,13,0,7,0,0,9,25,191,9
11,5345,פתח תקווה,7900,248.4,101,0,682,553,0,553,116,108,22,51,3,3,0,0,0,15,35,188,12
11,5346,פתח תקווה,7900,248.5,101,0,682,551,0,551,45,100,71,75,13,0,0,0,0,7,20,215,5
11,5347,פתח תקווה,7900,248.6,101,0,682,579,0,579,39,128,52,93,28,1,0,0,0,11,25,154,48
11,5348,פתח תקווה,7900,258.0,63,0,601,461,2,459,25,115,52,65,2,0,0,0,0,11,17,160,12
11,5349,פתח תקווה,7900,259.0,131,0,624,462,4,458,64,102,16,47,10,2,0,0,0,29,30,133,25
11,5350,פתח תקווה,7900,269.1,115,0,645,525,0,525,51,71,48,76,21,1,0,0,0,4,41,195,17
11,5351,פתח תקווה,7900,269.2,115,0,645,524,1,523,73,131,81,38,3,16,0,0,0,2,18,119,42
11,5352,פתח תקווה,7900,269.3,115,0,645,538,0,538,63,156,32,76,11,10,0,0,0,11,16,156,7
11,5353,פתח תקווה,7900,269.4,115,0,645,522,0,522,22,126,24,64,8,8,0,0,0,1,60,191,18
11,5354,פתח תקווה,7900,269.5,115,0,643,535,1,534,67,165,36,34,4,0,0,0,0,9,54,151,14
11,5355,פתח תקווה,7900,270.1,22,0,684,480,4,476,86,33,0,6,165,8,0,0,0,41,78,53,6
11,5356,פתח תקווה,7900,270.2,22,0,684,482,1,481,33,19,0,1,172,54,0,0,0,35,117,47,3
11,5357,פתח תקווה,7900,270.3,22,0,684,512,6,506,104,17,0,1,81,43,0,0,0,81,64,112,3
11,5358,פתח תקווה,7900,270.4,22,0,684,552,0,552,75,21,3,1,199,45,0,0,0,18,74,77,39
11,5359,פתח תקווה,7900,270.5,22,0,684,504,0,504,81,20,2,7,123,17,0,0,0,88,77,71,18
11,5360,פתח תקווה,7900,270.6,22,0,684,520,1,519,71,28,0,2,183,31,0,0,0,44,117,42,1
11,5361,פתח תקווה,7900,270.7,22,0,680,496,0,496,69,49,2,5,136,16,0,0,0,42,107,68,2
11,5362,פתח תקווה,7900,277.1,117,0,694,514,2,512,82,72,9,51,62,7,3,0,0,7,22,171,26
11,5363,פתח תקווה,7900,277.2,117,0,694,533,1,532,92,134,23,55,3,17,0,0,0,14,42,134,18
11,5364,פתח תקווה,7900,277.3,117,0,694,510,1,509,80,109,13,29,21,0,0,0,0,12,13,184,48
11,5365,פתח תקווה,7900,277.4,117,0,694,507,1,506,120,111,50,23,1,0,0,0,0,8,61,114,18
11,5366,פתח תקווה,7900,277.5,117,0,690,482,1,481,25,133,28,41,25,3,0,0,0,12,49,111,54
11,5367,פתח תקווה,7900,278.1,106,0,706,579,1,578,52,134,59,54,16,4,0,0,0,4,21,225,9
11,5368,פתח תקווה,7900,278.2,106,0,706,584,1,583,59,132,39,50,14,1,0,0,0,36,30,199,23
11,5369,פתח תקווה,7900,278.3,106,0,706,555,0,555,68,152,28,17,11,12,0,0,0,0,13,224,30
11,5370,פתח תקווה,7900,278.4,106,0,706,555,2,553,67,120,47,30,12,1,1,0,0,3,26,144,102
11,5371,פתח תקווה,7900,278.5,106,0,706,549,8,541,90,99,72,55,19,0,0,0,0,1,14,162,29
11,5372,פתח תקווה,7900,278.6,106,0,703,584,1,583,88,154,23,111,3,0,2,0,0,5,5,155,37
11,5373,פתח תקווה,7900,279.0,131,0,740,432,5,427,60,108,30,54,10,3,0,0,0,15,6,120,21
11,5374,פתח תקווה,7900,282.1,120,0,503,399,0,399,88,53,36,38,30,1,0,0,0,11,10,107,25
11,5375,פתח תקווה,7900,282.2,120,0,503,386,1,385,60,83,39,32,2,1,0,0,0,10,15,133,10
11,5376,פתח תקווה,7900,282.3,120,0,502,405,1,404,51,99,27,52,7,1,12,0,0,14,9,121,11
11,5377,פתח תקווה,7900,291.1,129,1,726,518,1,517,154,41,58,55,39,1,0,0,0,8,22,120,19
11,5378,פתח תקווה,7900,291.2,129,1,726,536,2,534,139,131,33,35,3,2,0,0,0,17,52,104,18
11,5379,פתח תקווה,7900,291.3,129,0,726,491,2,489,136,102,13,38,8,2,7,0,0,15,50,97,21
11,5380,פתח תקווה,7900,291.4,129,0,726,500,3,497,88,114,28,45,35,13,0,7,0,23,20,115,9
11,5381,פתח תקווה,7900,291.5,129,0,725,503,1,502,85,66,60,48,28,4,0,0,0,7,50,140,14
11,5382,פתח תקווה,7900,292.1,138,0,744,547,1,546,102,71,56,28,19,28,0,0,0,14,98,127,3
11,5383,פתח תקווה,7900,292.2,138,0,743,564,3,561,138,79,18,28,33,3,0,0,0,9,38,174,41
11,5384,פתח תקווה,7900,306.0,139,0,664,509,1,508,139,70,43,27,28,15,0,0,0,36,28,101,21
11,5385,פתח תקווה,7900,313.0,131,0,746,587,5,582,118,81,10,112,49,1,0,0,0,31,30,127,23
3,1256,צבעון,1213,1.0,2,0,226,175,1,174,14,46,15,52,0,0,1,0,0,1,6,33,6
5,1790,צנדלה,636,1.0,1,0,719,238,4,234,0,0,0,1,0,0,98,100,34,0,0,1,0
5,1791,צנדלה,636,2.0,1,0,698,231,3,228,0,0,0,8,0,0,116,64,37,0,0,3,0
3,1257,צפת,8000,1.0,26,0,547,361,1,360,58,18,0,0,48,48,0,0,0,32,76,80,0
3,1258,צפת,8000,2.1,2,0,642,392,1,391,92,23,6,1,53,13,0,0,0,38,89,58,18
3,1259,צפת,8000,2.2,2,0,642,381,1,380,76,23,5,3,39,40,0,0,0,43,94,52,5
3,1260,צפת,8000,2.3,2,0,642,386,1,385,87,43,0,0,55,17,0,0,0,69,63,47,4
3,1261,צפת,8000,2.4,2,0,640,396,1,395,44,25,2,3,77,48,0,0,0,41,99,52,4
3,1262,צפת,8000,5.0,21,0,657,393,1,392,167,42,21,9,25,13,0,0,0,33,47,25,10
3,1263,צפת,8000,6.0,26,0,645,322,3,319,45,2,6,2,21,52,1,0,0,34,130,26,0
3,1264,צפת,8000,7.0,32,0,592,328,1,327,66,44,43,10,33,9,0,0,0,29,29,57,7
3,1265,צפת,8000,8.0,22,0,508,325,3,322,109,41,0,1,57,11,0,0,0,24,39,36,4
3,1266,צפת,8000,9.1,23,0,697,379,1,378,59,41,0,36,97,37,0,0,0,28,43,17,20
3,1267,צפת,8000,9.2,23,0,696,378,1,377,63,9,3,6,122,36,0,0,0,13,43,82,0
3,1268,צפת,8000,10.1,14,0,640,394,1,393,104,29,16,18,66,8,0,0,0,16,64,64,8
3,1269,צפת,8000,10.2,14,0,640,376,6,370,167,32,40,1,21,13,0,0,0,7,38,33,18
3,1270,צפת,8000,10.3,14,0,640,397,1,396,123,38,11,4,57,24,0,0,0,26,51,45,17
3,1271,צפת,8000,10.4,14,0,639,403,0,403,139,53,36,0,48,12,0,0,0,27,41,46,1
3,1272,צפת,8000,11.0,16,0,560,326,2,324,84,26,22,20,20,5,0,0,7,21,34,69,16
3,1273,צפת,8000,12.0,26,0,647,348,2,346,63,23,1,12,38,27,0,0,0,54,57,63,8
3,1274,צפת,8000,14.1,3,0,725,364,1,363,42,7,0,2,66,69,0,0,0,55,60,58,4
3,1275,צפת,8000,14.2,3,0,723,359,2,357,45,23,0,1,74,89,0,0,0,56,43,25,1
3,1276,צפת,8000,15.1,37,0,411,206,2,204,30,13,0,8,49,46,0,0,0,8,44,6,0
3,1277,צפת,8000,15.2,37,0,411,209,2,207,13,11,3,5,35,99,0,0,0,3,26,12,0
3,1278,צפת,8000,17.1,19,0,651,395,1,394,61,4,1,8,126,118,0,0,0,11,40,21,4
3,1279,צפת,8000,17.2,19,0,651,403,0,403,120,24,2,0,105,85,0,0,0,42,16,8,1
3,1280,צפת,8000,17.3,19,0,651,432,0,432,32,11,9,4,139,125,0,0,0,16,55,20,21
3,1281,צפת,8000,17.4,19,0,648,386,3,383,48,7,2,3,81,150,0,0,0,32,48,12,0
3,1282,צפת,8000,18.0,38,0,468,252,0,252,47,18,12,10,70,55,0,0,0,4,10,26,0
3,1283,צפת,8000,19.0,36,0,610,386,1,385,17,0,0,0,93,244,0,0,0,2,21,8,0
3,1284,צפת,8000,21.0,25,0,634,336,4,332,25,30,24,0,107,70,0,0,0,5,41,29,1
3,1285,צפת,8000,22.0,36,0,506,303,2,301,25,0,5,23,146,74,0,0,0,6,18,4,0
3,1286,צפת,8000,27.1,4,0,684,365,2,363,53,20,14,9,74,66,0,0,0,38,31,56,2
3,1287,צפת,8000,27.2,4,0,684,342,2,340,40,39,23,7,88,68,0,3,0,17,23,28,4
3,1288,צפת,8000,31.1,11,0,663,375,2,373,84,4,24,10,141,69,0,0,0,9,14,13,5
3,1289,צפת,8000,31.2,11,0,663,385,5,380,67,10,4,5,123,96,0,0,0,13,40,21,1
3,1290,צפת,8000,31.3,11,0,663,407,2,405,64,12,10,3,151,45,0,0,0,21,51,37,11
3,1291,צפת,8000,31.4,11,0,661,368,5,363,38,14,13,2,127,103,0,0,0,19,29,14,4
3,1292,צפת,8000,32.0,5,0,560,342,3,339,40,12,17,1,94,113,1,0,0,1,44,16,0
3,1293,צפת,8000,33.0,34,0,675,368,3,365,127,34,24,15,22,15,0,1,0,9,40,60,18
3,1294,צפת,8000,34.0,33,0,633,307,2,305,79,31,5,23,52,4,0,0,0,26,37,23,25
3,1295,צפת,8000,35.0,36,0,565,357,2,355,16,5,0,0,166,100,0,0,0,21,37,10,0
3,1296,צפת,8000,40.0,13,0,410,173,2,171,4,5,0,9,0,0,71,51,18,1,2,9,1
3,1297,צפת,8000,42.1,27,0,398,256,3,253,76,18,8,8,20,7,0,0,0,9,32,66,9
3,1298,צפת,8000,42.2,27,0,398,253,2,251,118,32,23,1,18,5,0,2,0,4,22,24,2
3,1299,צפת,8000,44.0,35,0,541,336,1,335,97,36,5,1,77,13,0,0,0,16,30,45,15
3,1425,קלע,4024,1.0,1,0,324,208,2,206,9,36,25,30,13,9,0,0,0,11,16,54,3
8,3468,קרית אתא,6800,1.0,87,0,543,293,3,290,110,49,14,12,32,15,3,0,0,8,7,23,17
8,3469,קרית אתא,6800,3.0,6,0,604,223,3,220,89,26,15,6,19,2,0,0,0,7,19,30,7
8,3470,קרית אתא,6800,4.0,8,0,589,307,5,302,118,13,30,17,24,4,4,0,0,6,20,47,19
8,3471,קרית אתא,6800,5.0,50,0,639,301,9,292,67,47,41,11,3,7,0,0,0,6,36,55,19
8,3472,קרית אתא,6800,6.0,84,0,573,222,2,220,84,19,14,20,25,5,0,0,0,5,6,41,1
8,3473,קרית אתא,6800,7.0,87,0,577,214,4,210,66,21,24,1,11,27,1,0,0,3,15,31,10
8,3474,קרית אתא,6800,8.1,37,0,732,420,2,418,92,26,29,6,65,1,0,0,0,18,86,88,7
8,3475,קרית אתא,6800,8.2,37,0,731,412,3,409,71,39,40,11,32,9,6,2,0,40,72,60,27
8,3476,קרית אתא,6800,9.0,83,0,656,347,8,339,73,31,38,18,44,4,0,0,0,33,36,43,19
8,3477,קרית אתא,6800,10.0,11,0,467,288,2,286,72,27,15,6,67,2,0,0,0,5,40,43,9
8,3478,קרית אתא,6800,11.1,74,0,392,277,3,274,73,14,8,1,63,15,0,0,0,32,23,42,3
8,3479,קרית אתא,6800,11.2,32,0,391,282,0,282,70,25,19,16,24,14,0,0,0,12,54,47,1
8,3480,קרית אתא,6800,12.0,11,0,648,262,5,257,72,38,18,9,15,6,0,0,0,12,22,55,10
8,3481,קרית אתא,6800,13.0,13,0,683,429,3,426,132,65,27,32,54,1,0,0,0,41,16,55,3
8,3482,קרית אתא,6800,14.0,85,0,626,285,4,281,81,34,30,8,18,3,2,0,0,18,27,56,4
8,3483,קרית אתא,6800,16.1,1,0,701,390,2,388,148,35,33,2,35,17,0,0,0,8,41,67,2
8,3484,קרית אתא,6800,16.2,1,0,701,380,8,372,98,39,7,42,8,37,0,0,0,29,57,29,26
8,3485,קרית אתא,6800,16.3,1,0,701,379,1,378,113,53,29,14,13,20,0,0,0,40,9,81,6
8,3486,קרית אתא,6800,16.4,1,0,698,339,1,338,71,55,74,15,20,0,0,0,0,9,20,64,10
8,3487,קרית אתא,6800,17.0,2,0,687,434,2,432,82,89,29,15,67,6,0,0,0,45,19,65,15
8,3488,קרית אתא,6800,18.0,57,0,657,259,1,258,105,7,21,9,42,4,0,0,0,6,24,34,6
8,3489,קרית אתא,6800,19.0,17,0,470,235,2,233,81,12,7,7,23,6,0,0,0,15,23,52,7
8,3490,קרית אתא,6800,20.0,7,0,641,249,1,248,44,22,38,5,38,4,0,0,0,12,19,56,10
8,3491,קרית אתא,6800,23.0,5,0,701,469,3,466,138,76,25,4,42,72,0,0,0,10,38,55,6
8,3492,קרית אתא,6800,24.0,79,0,743,537,2,535,174,95,35,8,45,16,0,0,0,35,13,95,19
8,3493,קרית אתא,6800,25.0,82,0,705,464,3,461,138,25,21,25,49,18,0,0,0,19,42,103,21
8,3494,קרית אתא,6800,28.0,14,0,588,411,1,410,81,44,21,2,109,41,0,0,0,16,52,41,3
8,3495,קרית אתא,6800,29.0,43,0,706,505,0,505,143,76,18,28,67,6,0,0,0,23,40,101,3
8,3496,קרית אתא,6800,30.1,3,0,696,466,4,462,153,49,4,2,130,8,0,0,0,12,23,72,9
8,3497,קרית אתא,6800,30.2,3,0,696,452,3,449,82,46,18,9,66,23,0,0,0,51,60,76,18
8,3498,קרית אתא,6800,30.3,3,0,696,440,4,436,159,24,5,6,126,33,0,0,0,16,27,40,0
8,3499,קרית אתא,6800,30.4,3,0,692,430,5,425,99,49,50,26,64,8,0,0,0,32,38,31,28
8,3500,קרית אתא,6800,32.0,67,0,514,312,3,309,136,55,7,4,21,0,0,0,0,9,33,39,5
8,3501,קרית אתא,6800,33.1,25,0,542,322,0,322,104,57,14,7,17,1,0,0,0,21,27,61,13
8,3502,קרית אתא,6800,33.2,25,0,542,326,1,325,63,64,18,4,58,1,0,0,0,14,26,68,9
8,3503,קרית אתא,6800,33.3,81,0,541,338,3,335,76,65,14,9,48,8,0,0,0,15,22,70,8
8,3504,קרית אתא,6800,35.1,26,0,750,473,3,470,90,75,2,19,40,28,0,0,0,35,60,116,5
8,3505,קרית אתא,6800,35.2,26,0,750,430,3,427,127,32,19,17,32,4,0,0,0,15,98,72,11
8,3506,קרית אתא,6800,35.3,26,0,748,438,4,434,84,71,44,6,13,8,1,0,0,9,56,133,9
8,3507,קרית אתא,6800,36.1,19,0,606,383,3,380,125,67,11,4,28,6,0,0,0,21,51,57,10
8,3508,קרית אתא,6800,36.2,19,0,606,390,0,390,90,52,18,19,42,9,0,0,0,31,54,66,9
8,3509,קרית אתא,6800,36.3,19,0,606,370,2,368,133,45,3,14,65,5,0,0,0,7,29,32,35
8,3510,קרית אתא,6800,36.4,19,0,603,374,5,369,111,72,7,4,27,21,0,0,0,9,38,66,14
8,3511,קרית אתא,6800,37.1,60,0,399,277,4,273,91,50,15,12,9,4,0,0,0,6,27,41,18
8,3512,קרית אתא,6800,37.2,60,0,399,281,0,281,91,45,8,11,22,0,0,0,0,10,27,65,2
8,3513,קרית אתא,6800,38.0,75,0,582,279,2,277,94,17,39,17,8,3,0,0,0,16,28,38,17
8,3514,קרית אתא,6800,39.0,49,0,740,527,1,526,124,98,39,54,23,6,0,0,0,57,29,66,30
8,3515,קרית אתא,6800,41.1,23,0,542,231,6,225,120,15,5,3,12,7,0,0,0,7,12,36,8
8,3516,קרית אתא,6800,41.2,23,0,541,204,2,202,78,31,22,8,13,1,0,0,0,4,6,33,6
8,3517,קרית אתא,6800,42.0,66,0,594,349,2,347,90,41,21,10,54,10,0,0,0,4,36,64,17
8,3518,קרית אתא,6800,44.0,88,0,744,474,3,471,114,83,23,17,81,3,0,0,0,15,51,56,28
8,3519,קרית אתא,6800,45.1,69,0,692,484,2,482,159,102,31,24,12,1,0,0,0,49,14,60,30
8,3520,קרית אתא,6800,45.2,73,0,691,508,3,505,166,38,48,3,39,10,0,0,0,29,35,120,17
8,3521,קרית אתא,6800,46.0,51,0,751,530,4,526,102,53,27,10,64,11,0,0,0,9,40,177,33
8,3522,קרית אתא,6800,49.0,76,0,602,396,2,394,101,39,1,2,143,40,0,0,0,5,38,20,5
8,3523,קרית אתא,6800,50.0,8,0,665,307,2,305,75,48,22,14,28,6,0,0,0,9,42,59,2
8,3524,קרית אתא,6800,51.0,65,0,541,256,3,253,56,28,56,5,13,4,0,0,0,23,36,31,1
8,3525,קרית אתא,6800,52.0,11,0,549,325,2,323,69,76,25,11,50,2,0,1,0,9,30,44,6
8,3526,קרית אתא,6800,53.0,77,0,721,478,2,476,108,68,7,38,63,15,0,0,0,5,39,128,5
8,3527,קרית אתא,6800,54.0,61,0,548,377,0,377,106,26,6,8,38,13,0,0,0,17,40,97,26
8,3528,קרית אתא,6800,55.0,61,0,743,511,4,507,117,60,37,19,56,7,0,0,0,19,90,49,53
8,3529,קרית אתא,6800,59.0,43,0,727,487,2,485,129,55,9,47,77,13,0,0,0,4,35,107,9
8,3530,קרית אתא,6800,61.0,72,0,719,504,1,503,91,93,7,59,29,2,0,0,0,35,67,108,12
8,3531,קרית אתא,6800,62.0,39,1,621,425,1,424,94,70,12,8,67,51,0,0,0,21,48,46,7
8,3532,קרית אתא,6800,63.0,2,0,666,411,4,407,115,32,8,10,72,15,0,0,0,12,55,82,6
8,3533,קרית אתא,6800,64.0,2,0,648,447,5,442,125,52,2,17,92,17,0,0,0,53,26,51,7
8,3534,קרית אתא,6800,65.0,40,0,745,558,1,557,96,102,28,51,53,7,0,0,0,4,19,178,19
8,3535,קרית אתא,6800,66.0,53,0,702,513,1,512,84,52,68,64,17,15,0,0,0,49,16,105,42
8,3536,קרית אתא,6800,67.0,55,0,531,407,3,404,72,76,11,58,1,2,0,0,0,4,15,148,17
8,3537,קרית אתא,6800,68.0,61,0,751,500,1,499,177,85,55,17,28,2,0,0,0,14,46,66,9
8,3538,קרית אתא,6800,69.0,68,0,621,459,0,459,87,130,37,36,2,1,0,0,0,3,19,100,44
8,3539,קרית אתא,6800,70.0,40,0,585,402,1,401,115,65,31,30,15,16,0,0,0,12,10,99,8
8,3540,קרית אתא,6800,71.0,40,0,618,457,1,456,74,112,25,26,9,11,0,0,0,32,36,100,31
8,3541,קרית אתא,6800,72.0,5,0,642,448,2,446,86,75,14,11,86,46,0,0,0,22,56,43,7
8,3542,קרית אתא,6800,73.0,40,0,735,567,1,566,59,180,17,99,0,0,0,0,0,1,41,160,9
8,3543,קרית אתא,6800,74.0,40,0,607,459,1,458,91,115,33,51,2,0,0,0,0,23,3,139,1
8,3544,קרית אתא,6800,75.0,8,0,696,367,3,364,129,28,6,17,22,7,0,0,0,25,32,79,19
8,3545,קרית אתא,6800,76.0,71,0,662,480,4,476,112,25,12,8,110,48,0,0,0,30,40,58,33
8,3546,קרית אתא,6800,77.1,70,0,742,606,1,605,122,103,55,32,8,4,1,0,0,21,81,160,18
8,3547,קרית אתא,6800,77.2,70,0,742,655,1,654,83,122,60,57,0,0,0,0,0,36,106,170,20
8,3548,קרית אתא,6800,78.0,79,0,601,422,1,421,104,58,27,22,40,10,2,0,0,11,44,82,21
8,3549,קרית אתא,6800,79.0,78,0,668,469,4,465,87,108,35,5,33,19,0,0,0,5,52,116,5
8,3404,קרית ביאליק,9500,2.0,25,0,686,388,3,385,86,78,23,6,37,2,0,0,0,23,69,48,13
8,3405,קרית ביאליק,9500,3.0,4,0,739,403,3,400,155,55,25,25,23,6,0,0,0,7,30,69,5
8,3406,קרית ביאליק,9500,4.0,21,0,689,398,2,396,114,70,5,15,28,13,0,0,0,10,4,106,31
8,3407,קרית ביאליק,9500,5.1,9,0,714,472,3,469,85,43,67,29,8,4,0,0,0,13,116,96,8
8,3408,קרית ביאליק,9500,5.2,9,0,714,455,3,452,88,64,62,22,42,0,0,0,0,12,7,132,23
8,3409,קרית ביאליק,9500,5.3,9,0,714,446,2,444,63,92,48,50,35,14,0,0,0,5,32,79,26
8,3410,קרית ביאליק,9500,5.4,9,0,714,437,2,435,105,78,21,41,1,1,2,0,0,1,31,125,29
8,3411,קרית ביאליק,9500,5.5,9,0,711,433,2,431,36,100,29,48,6,3,0,0,0,16,8,169,16
8,3412,קרית ביאליק,9500,6.0,2,0,679,415,1,414,55,49,46,23,49,0,0,0,0,9,49,100,34
8,3413,קרית ביאליק,9500,8.1,7,0,576,349,1,348,51,62,31,62,10,2,0,1,0,6,4,106,13
8,3414,קרית ביאליק,9500,8.2,7,0,576,396,1,395,73,118,9,38,8,2,0,0,0,7,15,113,12
8,3415,קרית ביאליק,9500,8.3,7,0,576,398,1,397,56,92,29,54,18,0,0,0,0,0,10,124,14
8,3416,קרית ביאליק,9500,12.0,6,0,598,200,1,199,72,30,22,10,5,2,0,0,0,1,13,28,16
8,3417,קרית ביאליק,9500,13.0,6,0,735,329,2,327,108,73,11,38,9,0,0,0,0,1,42,41,4
8,3418,קרית ביאליק,9500,14.0,10,0,582,184,1,183,23,34,34,1,3,0,0,0,0,1,20,44,23
8,3419,קרית ביאליק,9500,15.1,5,0,600,406,6,400,97,103,45,4,21,6,0,0,0,7,32,72,13
8,3420,קרית ביאליק,9500,15.2,5,0,600,377,0,377,86,59,39,36,2,13,0,0,1,16,12,93,20
8,3421,קרית ביאליק,9500,15.3,5,0,600,381,4,377,77,80,50,13,8,9,0,0,0,17,41,71,11
8,3422,קרית ביאליק,9500,15.4,5,0,600,392,3,389,55,89,56,28,4,2,0,0,0,2,35,94,24
8,3423,קרית ביאליק,9500,16.0,13,0,592,310,1,309,61,51,26,22,46,26,0,0,0,13,10,48,6
8,3424,קרית ביאליק,9500,17.0,21,0,718,399,3,396,103,35,24,39,60,0,3,0,0,5,12,94,21
8,3425,קרית ביאליק,9500,18.0,2,0,597,355,3,352,79,89,27,27,17,1,0,0,0,2,3,69,38
8,3426,קרית ביאליק,9500,19.0,2,0,659,409,2,407,100,78,14,67,6,3,0,0,0,13,20,101,5
8,3427,קרית ביאליק,9500,20.0,12,0,651,342,1,341,85,67,19,27,9,2,0,0,0,9,21,76,26
8,3428,קרית ביאליק,9500,21.0,10,0,612,299,0,299,117,29,44,5,17,12,0,0,0,6,25,41,3
8,3429,קרית ביאליק,9500,22.0,3,0,563,240,4,236,53,33,67,1,5,2,0,0,0,7,19,43,6
8,3430,קרית ביאליק,9500,23.0,3,1,616,279,2,277,95,32,54,13,2,10,0,0,0,5,9,44,13
8,3431,קרית ביאליק,9500,24.0,3,0,548,246,3,243,77,23,37,4,16,11,0,0,0,6,7,60,2
8,3432,קרית ביאליק,9500,25.0,3,0,692,360,3,357,119,26,73,3,50,15,0,0,0,2,18,50,1
8,3433,קרית ביאליק,9500,26.0,6,0,602,285,5,280,91,30,23,17,15,18,1,0,0,8,18,53,6
8,3434,קרית ביאליק,9500,27.0,13,0,533,289,6,283,102,26,24,16,3,26,0,0,0,11,24,51,0
8,3435,קרית ביאליק,9500,29.0,4,0,593,369,0,369,77,54,53,27,11,1,0,0,0,1,37,92,16
8,3436,קרית ביאליק,9500,34.0,2,0,696,399,0,399,40,144,39,41,12,0,6,0,0,3,12,93,9
8,3437,קרית ביאליק,9500,35.0,28,0,650,372,3,369,96,52,27,23,1,0,8,0,0,13,41,93,15
8,3438,קרית ביאליק,9500,36.0,27,0,449,275,0,275,27,67,40,26,1,0,0,0,0,5,27,79,3
8,3439,קרית ביאליק,9500,37.0,28,0,710,439,3,436,76,96,22,47,36,13,0,0,0,17,27,80,22
8,3440,קרית ביאליק,9500,38.0,28,0,669,438,2,436,65,92,44,54,1,0,0,0,0,2,24,126,28
8,3441,קרית ביאליק,9500,39.0,28,0,517,289,3,286,91,65,25,14,3,0,0,0,0,3,3,57,25
8,3442,קרית ביאליק,9500,40.1,1,0,742,482,2,480,107,38,38,53,22,3,0,0,0,12,38,159,10
8,3443,קרית ביאליק,9500,40.2,1,0,742,474,2,472,56,50,15,103,3,0,7,0,0,8,29,192,9
8,3444,קרית ביאליק,9500,40.3,1,0,742,441,3,438,63,89,47,43,14,1,2,0,0,32,27,80,40
8,3445,קרית ביאליק,9500,40.4,1,0,740,470,0,470,61,159,23,53,6,8,1,0,0,6,9,131,13
8,3446,קרית ביאליק,9500,43.1,8,0,703,430,0,430,137,60,26,11,6,30,0,0,0,28,19,100,13
8,3447,קרית ביאליק,9500,43.2,8,0,703,460,1,459,95,100,74,52,8,14,0,0,0,3,38,67,8
8,3448,קרית ביאליק,9500,43.3,8,0,702,437,3,434,72,96,29,28,11,0,0,0,0,5,27,153,13
8,3449,קרית ביאליק,9500,44.0,27,0,592,364,0,364,84,45,12,42,32,1,0,0,0,9,41,92,6
8,3450,קרית ביאליק,9500,45.0,25,0,650,507,0,507,92,106,45,37,41,8,0,0,0,15,11,135,17
8,3451,קרית ביאליק,9500,46.0,25,0,714,503,2,501,114,98,34,73,6,0,0,0,0,12,36,97,31
8,3452,קרית ביאליק,9500,47.0,25,0,556,438,8,430,41,143,34,36,16,4,0,0,0,13,27,107,9
8,3453,קרית ביאליק,9500,48.0,27,0,391,246,0,246,21,60,16,24,12,0,2,0,0,10,31,55,15
8,3454,קרית ביאליק,9500,49.0,10,0,557,312,1,311,98,60,30,16,7,18,0,0,0,8,11,44,19
8,3455,קרית ביאליק,9500,50.0,10,0,412,208,2,206,66,17,10,3,39,3,0,0,0,19,27,14,8
8,3456,קרית ביאליק,9500,52.0,13,0,598,355,1,354,84,84,14,10,26,6,0,0,0,1,14,64,51
8,3457,קרית ביאליק,9500,55.0,4,0,637,447,4,443,87,143,14,43,8,1,0,0,0,17,28,81,21
8,3458,קרית ביאליק,9500,59.1,26,0,720,544,0,544,225,120,38,24,8,6,0,0,0,25,7,83,8
8,3459,קרית ביאליק,9500,59.2,26,0,720,537,0,537,152,83,22,33,21,5,0,0,0,4,43,171,3
8,3460,קרית ביאליק,9500,59.3,26,0,720,564,5,559,51,149,67,53,7,8,0,0,0,14,39,138,33
8,3461,קרית ביאליק,9500,953.1,23,0,621,493,0,493,72,116,25,64,2,0,0,0,0,8,32,153,21
8,3462,קרית ביאליק,9500,953.2,23,0,621,480,1,479,37,157,35,42,6,5,0,0,0,10,9,144,34
8,3463,קרית ביאליק,9500,953.3,23,0,621,494,2,492,79,74,23,63,22,2,0,0,0,15,24,136,54
8,3464,קרית ביאליק,9500,953.4,23,0,621,467,0,467,68,144,17,61,35,0,0,0,0,14,6,121,1
8,3465,קרית ביאליק,9500,953.5,23,0,618,484,4,480,59,108,36,35,12,0,2,0,0,2,23,180,23
8,3552,קרית ים,9600,2.0,40,0,717,400,0,400,103,52,43,9,23,5,0,0,0,11,43,92,19
8,3553,קרית ים,9600,6.1,18,0,669,215,1,214,67,27,44,0,19,2,1,0,0,5,15,33,1
8,3554,קרית ים,9600,6.2,18,0,669,233,5,228,62,50,19,3,21,4,0,0,0,7,19,35,8
8,3555,קרית ים,9600,7.0,27,0,526,258,5,253,99,26,15,4,8,3,0,0,0,7,47,38,6
8,3556,קרית ים,9600,8.0,27,0,700,343,4,339,105,61,24,12,35,8,0,0,0,3,26,54,11
8,3557,קרית ים,9600,10.0,27,0,604,247,3,244,100,24,28,1,15,2,0,0,0,11,19,43,1
8,3558,קרית ים,9600,11.0,27,0,706,337,9,328,95,36,40,8,35,7,0,0,0,19,39,31,18
8,3559,קרית ים,9600,12.0,3,0,735,353,5,348,118,46,27,11,25,4,0,1,0,24,43,39,10
8,3560,קרית ים,9600,13.0,3,0,630,252,6,246,42,37,53,6,19,13,0,0,0,5,12,56,3
8,3561,קרית ים,9600,14.0,4,0,718,326,4,322,90,63,41,3,18,2,0,0,0,3,25,60,17
8,3562,קרית ים,9600,15.0,3,0,688,184,3,181,41,21,34,2,10,5,0,0,0,2,30,24,12
8,3563,קרית ים,9600,16.0,4,0,682,378,6,372,101,39,26,17,8,7,0,0,3,11,69,88,3
8,3564,קרית ים,9600,17.0,27,0,639,319,6,313,115,40,19,10,34,0,0,0,0,24,22,42,7
8,3565,קרית ים,9600,18.0,3,0,601,238,0,238,72,23,52,18,12,11,0,0,0,9,9,27,5
8,3566,קרית ים,9600,22.0,31,0,721,321,2,319,70,15,77,15,30,17,0,0,0,19,17,55,4
8,3567,קרית ים,9600,24.1,5,0,669,336,2,334,79,35,35,25,35,10,0,0,0,6,24,75,10
8,3568,קרית ים,9600,24.2,5,0,669,354,4,350,122,20,29,5,41,4,0,0,0,3,53,60,13
8,3569,קרית ים,9600,24.3,5,0,669,290,6,284,78,48,18,5,20,7,0,0,0,6,19,64,19
8,3570,קרית ים,9600,24.4,5,0,669,312,5,307,72,53,33,18,27,0,0,0,0,5,28,60,11
8,3571,קרית ים,9600,24.5,5,0,669,321,3,318,56,103,29,6,29,0,0,0,0,7,25,55,8
8,3572,קרית ים,9600,24.6,5,0,665,264,4,260,63,23,47,10,19,6,0,0,0,7,9,68,8
8,3573,קרית ים,9600,26.0,29,0,690,340,8,332,115,48,40,13,18,1,0,2,0,10,21,53,11
8,3574,קרית ים,9600,28.0,7,0,507,224,9,215,63,30,20,10,0,4,0,2,0,2,30,50,4
8,3575,קרית ים,9600,29.1,2,0,612,300,1,299,110,28,42,13,36,9,0,0,0,15,11,27,8
8,3576,קרית ים,9600,29.2,2,0,612,308,2,306,44,46,95,9,25,2,5,0,0,1,26,45,8
8,3577,קרית ים,9600,29.3,2,0,612,283,8,275,88,35,21,10,5,4,0,0,0,3,23,75,11
8,3578,קרית ים,9600,29.4,2,0,612,286,6,280,66,24,41,37,24,5,0,0,0,5,18,48,12
8,3579,קרית ים,9600,29.5,2,0,611,260,2,258,66,12,41,4,10,17,0,0,0,1,21,70,16
8,3580,קרית ים,9600,32.0,6,0,611,399,2,397,126,70,21,16,16,1,0,0,0,4,33,99,11
8,3581,קרית ים,9600,34.1,15,0,606,369,3,366,141,24,22,3,69,3,0,0,0,10,32,54,8
8,3582,קרית ים,9600,34.2,15,0,606,346,4,342,67,34,52,12,10,2,0,0,0,18,17,116,14
8,3583,קרית ים,9600,34.3,15,0,606,347,4,343,103,75,19,29,11,4,0,0,0,0,10,65,27
8,3584,קרית ים,9600,34.4,15,0,605,365,2,363,34,44,74,14,18,1,0,0,0,1,21,106,50
8,3585,קרית ים,9600,35.0,30,0,540,289,2,287,73,28,73,12,13,2,0,0,1,7,11,51,16
8,3586,קרית ים,9600,36.0,21,0,547,340,3,337,71,30,39,11,19,4,0,0,0,9,73,47,34
8,3587,קרית ים,9600,37.0,30,0,574,322,9,313,66,65,35,8,10,2,0,0,0,29,12,50,36
8,3588,קרית ים,9600,38.0,39,0,665,324,4,320,126,46,41,1,7,0,0,0,0,10,19,53,17
8,3589,קרית ים,9600,39.0,21,0,548,321,1,320,66,39,47,10,18,34,0,0,0,6,27,63,10
8,3590,קרית ים,9600,40.1,1,0,737,450,2,448,142,46,26,27,40,9,0,0,0,15,77,39,27
8,3591,קרית ים,9600,40.2,1,0,737,445,3,442,78,68,56,18,26,3,0,0,0,53,17,103,20
8,3592,קרית ים,9600,40.3,1,0,737,430,2,428,127,50,28,35,27,42,2,0,0,5,18,83,11
8,3593,קרית ים,9600,40.4,1,0,737,424,6,418,151,78,18,27,14,5,0,0,0,3,15,85,22
8,3594,קרית ים,9600,40.5,1,0,736,452,2,450,60,50,70,33,12,6,0,0,0,9,17,170,23
8,3595,קרית ים,9600,41.0,41,0,682,374,4,370,104,66,57,16,21,0,0,0,0,20,9,73,4
8,3596,קרית ים,9600,44.0,31,0,670,377,1,376,74,45,33,12,23,18,0,0,0,17,25,115,14
8,3597,קרית ים,9600,45.0,31,0,674,298,3,295,67,51,56,12,27,0,0,4,0,12,22,40,4
8,3598,קרית ים,9600,47.0,27,0,492,284,0,284,116,16,10,8,27,5,0,0,0,33,18,28,23
8,3599,קרית ים,9600,48.1,9,0,726,424,2,422,94,36,18,10,41,13,0,0,0,10,81,110,9
8,3600,קרית ים,9600,48.2,9,0,726,424,3,421,118,61,46,5,11,3,0,0,0,9,52,81,35
8,3601,קרית ים,9600,48.3,9,0,725,449,5,444,119,89,35,35,3,0,0,0,0,11,39,100,13
8,3602,קרית ים,9600,50.0,31,0,741,401,4,397,121,42,50,25,15,10,0,0,0,3,27,90,14
8,3603,קרית ים,9600,51.0,21,0,589,307,3,304,59,23,104,2,5,2,0,0,0,3,22,67,17
8,3604,קרית ים,9600,52.0,21,0,627,385,2,383,111,85,19,22,21,14,0,0,0,35,13,53,10
8,3605,קרית ים,9600,54.0,42,0,546,408,4,404,87,68,50,17,52,0,0,0,0,13,21,86,10
8,3606,קרית ים,9600,63.1,38,0,679,484,3,481,118,87,38,6,21,12,0,0,0,10,45,92,52
8,3607,קרית ים,9600,63.2,38,0,679,466,5,461,127,69,14,27,7,0,0,0,0,4,47,138,28
8,3608,קרית ים,9600,63.3,38,0,679,478,5,473,154,65,23,46,23,1,0,0,0,13,56,79,13
8,3609,קרית ים,9600,63.4,38,0,679,435,2,433,116,80,30,45,14,1,0,0,0,23,53,64,7
8,3610,קרית ים,9600,63.5,38,0,676,456,2,454,102,108,13,31,7,2,0,0,0,12,46,123,10
8,3611,קרית ים,9600,64.0,42,0,534,374,2,372,78,39,34,45,13,1,0,0,0,28,44,70,20
8,3612,קרית ים,9600,950.0,36,0,610,422,2,420,65,93,20,68,12,1,0,0,0,10,30,104,17
17,9527,קרית מלאכי,1034,1.0,10,0,693,490,4,486,115,35,1,4,139,17,0,0,0,65,38,51,21
17,9528,קרית מלאכי,1034,3.0,1,0,661,481,4,477,104,77,7,1,75,23,0,0,0,16,90,75,9
17,9529,קרית מלאכי,1034,5.0,5,0,557,327,8,319,89,53,21,12,47,17,0,0,0,18,12,41,9
17,9530,קרית מלאכי,1034,6.0,7,0,411,281,0,281,90,22,11,2,32,14,0,0,0,28,29,49,4
17,9531,קרית מלאכי,1034,7.0,5,0,471,256,2,254,77,25,0,1,59,3,0,1,0,19,45,14,10
17,9532,קרית מלאכי,1034,8.1,3,0,727,470,2,468,84,43,6,0,92,49,0,0,0,38,83,73,0
17,9533,קרית מלאכי,1034,8.2,3,0,727,473,3,470,48,12,0,14,99,118,3,0,0,28,71,75,2
17,9534,קרית מלאכי,1034,8.3,3,0,727,482,0,482,54,30,0,0,80,32,0,0,0,116,59,111,0
17,9535,קרית מלאכי,1034,8.4,3,0,727,501,1,500,141,28,0,1,91,63,0,0,0,48,95,33,0
17,9536,קרית מלאכי,1034,8.5,3,0,722,492,1,491,82,32,3,1,121,75,0,1,0,55,100,13,8
17,9537,קרית מלאכי,1034,9.0,7,0,492,255,1,254,92,48,10,3,30,2,0,0,0,15,25,28,1
17,9538,קרית מלאכי,1034,10.0,7,0,585,427,1,426,96,15,2,5,155,53,0,0,0,39,35,26,0
17,9539,קרית מלאכי,1034,11.0,10,0,596,338,6,332,107,46,4,9,43,31,0,0,0,17,31,40,4
17,9540,קרית מלאכי,1034,12.1,18,0,657,452,1,451,102,20,0,11,95,28,0,0,0,70,52,48,25
17,9541,קרית מלאכי,1034,12.2,18,0,657,484,1,483,80,29,15,0,84,57,0,0,0,78,85,51,4
17,9542,קרית מלאכי,1034,12.3,18,0,657,489,3,486,160,23,9,2,107,26,0,0,0,27,87,37,8
17,9543,קרית מלאכי,1034,12.4,18,0,657,478,2,476,135,3,1,0,97,32,0,0,0,36,116,38,18
17,9544,קרית מלאכי,1034,12.5,18,0,656,477,4,473,109,78,27,1,33,64,0,0,0,32,62,66,1
17,9545,קרית מלאכי,1034,14.0,5,0,611,407,3,404,171,45,1,4,57,3,0,0,0,18,46,56,3
17,9546,קרית מלאכי,1034,15.0,5,0,551,341,4,337,71,19,1,19,67,3,11,0,0,16,34,66,30
17,9547,קרית מלאכי,1034,16.0,1,0,594,431,2,429,85,58,5,6,101,8,0,0,0,12,94,38,22
17,9548,קרית מלאכי,1034,19.0,1,0,716,522,5,517,116,29,15,1,60,11,0,0,0,10,105,162,8
17,9549,קרית מלאכי,1034,21.0,1,0,741,522,2,520,184,27,24,14,44,18,0,0,0,35,76,81,17
17,9550,קרית מלאכי,1034,22.0,10,0,556,316,2,314,118,30,16,3,53,3,0,0,0,21,31,20,19
17,9551,קרית מלאכי,1034,24.1,4,0,702,417,3,414,170,26,1,11,66,19,0,1,0,9,66,43,2
17,9552,קרית מלאכי,1034,24.2,4,0,702,436,2,434,111,35,4,8,72,39,0,0,0,30,100,29,6
17,9553,קרית מלאכי,1034,24.3,4,0,702,469,3,466,165,23,18,5,80,57,0,0,0,10,47,57,4
17,9554,קרית מלאכי,1034,24.4,4,0,702,413,4,409,126,47,6,0,66,31,0,0,0,20,37,70,6
17,9555,קרית מלאכי,1034,24.5,4,0,702,443,0,443,128,41,7,1,118,24,0,0,0,35,64,20,5
17,9556,קרית מלאכי,1034,950.0,21,0,654,473,1,472,145,65,0,3,94,9,0,0,0,12,66,73,5
3,1341,ראש פינה,26,1.1,1,0,680,439,2,437,76,88,20,51,1,19,0,0,0,29,25,113,15
3,1342,ראש פינה,26,1.2,1,0,680,437,1,436,112,67,6,91,7,10,4,0,0,2,49,65,23
3,1343,ראש פינה,26,1.3,1,0,680,456,1,455,76,74,16,67,6,0,1,1,0,8,21,173,12
3,1344,ראש פינה,26,1.4,1,0,679,478,3,475,27,155,27,62,8,17,15,0,0,1,12,134,17
18,10431,רהט,1161,1.0,8,0,718,393,3,390,0,9,0,28,0,0,97,191,53,0,0,12,0
18,10432,רהט,1161,3.0,8,0,624,298,1,297,0,0,0,14,0,0,20,248,15,0,0,0,0
18,10433,רהט,1161,12.1,22,0,567,302,4,298,1,1,0,8,0,0,35,234,4,0,0,15,0
18,10434,רהט,1161,12.2,22,0,567,310,4,306,1,1,0,13,1,0,62,209,18,0,1,0,0
18,10435,רהט,1161,12.3,22,0,565,278,1,277,1,0,0,6,0,0,34,201,33,0,0,1,1
18,10436,רהט,1161,14.0,13,0,706,354,4,350,0,4,0,11,0,0,74,225,36,0,0,0,0
18,10437,רהט,1161,16.1,9,0,721,375,3,372,0,1,1,28,0,0,98,174,62,7,0,1,0
18,10438,רהט,1161,16.2,9,0,721,398,1,397,0,0,0,23,0,0,85,236,53,0,0,0,0
18,10439,רהט,1161,16.3,9,0,719,382,2,380,1,0,0,10,0,0,37,278,51,3,0,0,0
18,10440,רהט,1161,18.0,13,0,631,346,2,344,0,0,0,47,0,4,39,236,18,0,0,0,0
18,10441,רהט,1161,20.0,10,0,692,365,3,362,5,14,0,35,0,1,101,104,58,0,0,40,4
18,10442,רהט,1161,21.0,10,0,749,337,4,333,1,5,0,25,0,0,48,178,42,0,1,30,3
18,10443,רהט,1161,28.0,20,0,697,385,3,382,32,0,0,5,0,0,64,146,122,0,1,10,2
18,10444,רהט,1161,29.0,10,0,653,374,6,368,15,43,2,32,0,0,39,152,43,4,1,33,4
18,10445,רהט,1161,30.1,16,0,635,393,11,382,0,0,0,4,0,0,127,244,7,0,0,0,0
18,10446,רהט,1161,30.2,16,0,635,354,6,348,0,0,0,11,0,0,50,275,8,0,0,4,0
18,10447,רהט,1161,30.3,16,0,635,344,2,342,0,0,0,10,0,0,69,261,2,0,0,0,0
18,10448,רהט,1161,30.4,16,0,633,312,2,310,0,0,0,4,0,0,65,235,6,0,0,0,0
18,10449,רהט,1161,33.1,3,0,549,373,5,368,0,0,0,33,0,0,103,183,49,0,0,0,0
18,10450,רהט,1161,33.2,3,0,549,329,2,327,1,10,0,7,0,0,95,196,18,0,0,0,0
18,10451,רהט,1161,33.3,3,0,549,283,2,281,0,1,0,7,0,0,68,160,45,0,0,0,0
18,10452,רהט,1161,34.0,10,0,702,393,5,388,1,22,6,89,0,0,64,88,17,0,0,89,12
18,10453,רהט,1161,37.1,18,0,536,267,2,265,3,4,0,7,0,0,87,156,6,0,1,1,0
18,10454,רהט,1161,37.2,18,0,536,290,1,289,2,2,0,21,0,0,55,196,9,0,1,3,0
18,10455,רהט,1161,37.3,18,0,536,238,2,236,0,9,0,15,0,0,31,161,12,0,0,7,1
18,10456,רהט,1161,41.1,1,0,687,326,6,320,3,6,0,13,0,0,69,212,9,0,0,7,1
18,10457,רהט,1161,41.2,1,0,687,310,2,308,0,24,3,29,0,0,42,194,14,0,0,1,1
18,10458,רהט,1161,41.3,1,0,687,350,1,349,2,0,0,9,0,0,38,294,6,0,0,0,0
18,10459,רהט,1161,43.1,7,0,586,341,2,339,1,2,0,23,0,1,97,160,47,0,0,8,0
18,10460,רהט,1161,43.2,7,0,586,327,1,326,0,1,0,14,9,0,132,128,41,0,0,0,1
18,10461,רהט,1161,43.3,7,0,586,331,3,328,0,0,0,14,0,0,117,130,65,0,0,1,1
18,10462,רהט,1161,43.4,7,0,583,322,1,321,0,0,0,24,0,0,122,141,25,0,0,1,8
18,10463,רהט,1161,44.0,20,0,580,347,3,344,3,2,0,2,0,2,87,234,9,4,1,0,0
18,10464,רהט,1161,47.1,21,0,599,319,3,316,1,2,0,16,0,0,74,186,24,0,0,13,0
18,10465,רהט,1161,47.2,21,0,599,343,4,339,1,0,2,13,0,0,82,224,17,0,0,0,0
18,10466,רהט,1161,47.3,21,0,597,330,4,326,0,3,1,54,8,0,73,153,20,0,0,14,0
18,10467,רהט,1161,48.1,4,0,679,390,3,387,2,0,0,16,0,0,83,267,19,0,0,0,0
18,10468,רהט,1161,48.2,4,0,679,421,4,417,0,0,0,19,0,0,90,274,34,0,0,0,0
18,10469,רהט,1161,48.3,4,0,677,448,2,446,0,7,0,3,1,0,70,307,58,0,0,0,0
18,10470,רהט,1161,51.1,11,0,675,304,8,296,2,0,0,40,0,0,37,199,17,0,0,1,0
18,10471,רהט,1161,51.2,11,0,675,408,4,404,1,7,0,51,0,0,97,121,102,0,0,25,0
18,10472,רהט,1161,51.3,11,0,675,345,5,340,0,7,0,10,0,0,62,213,46,0,0,1,1
18,10473,רהט,1161,51.4,11,0,675,453,1,452,0,0,5,23,0,0,64,319,38,0,2,1,0
18,10474,רהט,1161,51.5,11,0,673,369,3,366,5,27,0,18,0,0,23,213,71,0,0,6,3
18,10475,רהט,1161,52.1,2,0,726,312,11,301,0,0,8,7,0,0,51,219,16,0,0,0,0
18,10476,רהט,1161,52.2,2,0,726,433,5,428,1,0,0,55,0,0,111,245,16,0,0,0,0
18,10477,רהט,1161,52.3,2,0,723,407,3,404,0,0,0,5,0,0,60,320,17,0,0,2,0
18,10478,רהט,1161,53.0,8,0,564,343,1,342,25,0,0,4,0,0,61,199,53,0,0,0,0
18,10479,רהט,1161,54.0,8,0,533,310,4,306,9,2,1,11,0,0,46,209,25,0,0,3,0
18,10480,רהט,1161,55.1,14,0,664,431,4,427,1,21,0,139,0,4,34,130,11,0,0,85,2
18,10481,רהט,1161,55.2,14,0,664,410,3,407,7,6,3,81,0,2,59,188,42,0,3,15,1
18,10482,רהט,1161,55.3,14,0,664,422,2,420,19,10,1,104,0,0,109,118,5,0,0,54,0
18,10483,רהט,1161,55.4,14,0,664,436,1,435,12,25,7,87,0,1,90,162,27,0,0,22,2
18,10484,רהט,1161,55.5,14,0,661,410,4,406,1,30,1,103,0,0,88,97,19,0,8,55,4
18,10485,רהט,1161,56.1,19,0,649,332,3,329,2,0,0,28,2,42,12,223,13,0,0,7,0
18,10486,רהט,1161,56.2,19,0,649,351,4,347,0,0,0,42,0,0,51,215,39,0,0,0,0
18,10487,רהט,1161,56.3,19,0,649,281,10,271,1,0,0,10,1,0,69,184,5,0,0,1,0
18,10488,רהט,1161,56.4,19,0,647,323,3,320,3,1,0,33,0,0,38,208,35,0,2,0,0
18,10489,רהט,1161,58.1,5,0,689,470,4,466,0,0,0,32,2,0,41,361,25,0,2,3,0
18,10490,רהט,1161,58.2,5,0,689,379,3,376,0,20,0,26,0,0,90,197,41,0,2,0,0
18,10491,רהט,1161,58.3,5,0,689,382,8,374,1,0,0,9,0,0,30,302,23,0,0,8,1
18,10492,רהט,1161,58.4,5,0,689,387,4,383,0,18,0,21,0,0,62,264,17,0,0,1,0
18,10493,רהט,1161,58.5,5,0,685,430,2,428,0,0,0,6,0,0,76,340,5,0,0,1,0
18,10494,רהט,1161,60.0,13,0,582,354,2,352,2,0,0,7,1,0,55,263,16,0,0,0,8
5,2377,רומאנה,539,1.0,1,0,441,337,1,336,0,1,0,12,0,0,174,135,13,0,0,1,0
5,2378,רומאנה,539,2.0,2,0,445,267,8,259,14,0,0,10,0,0,141,76,18,0,0,0,0
12,5518,רמלה,8500,5.1,10,0,721,404,9,395,28,8,4,27,42,15,92,80,61,2,8,25,3
12,5519,רמלה,8500,5.2,10,0,721,416,8,408,79,18,12,9,48,2,86,28,11,7,43,58,7
12,5520,רמלה,8500,5.3,10,0,721,440,6,434,60,44,3,47,89,5,28,22,10,12,74,29,11
12,5521,רמלה,8500,5.4,10,0,718,377,8,369,74,31,1,18,33,2,55,53,31,15,24,30,2
12,5522,רמלה,8500,8.0,12,1,687,476,3,473,74,45,51,15,117,4,24,5,24,29,24,46,15
12,5523,רמלה,8500,9.0,12,0,522,319,2,317,99,48,43,2,35,8,0,0,0,6,28,43,5
12,5524,רמלה,8500,10.1,28,0,594,316,6,310,74,1,0,23,15,1,87,34,22,2,10,25,16
12,5525,רמלה,8500,10.2,28,0,594,362,5,357,120,17,16,3,33,5,17,0,9,7,73,56,1
12,5526,רמלה,8500,10.3,28,0,594,373,4,369,92,32,9,9,74,3,23,4,6,10,35,64,8
12,5527,רמלה,8500,13.0,12,0,696,499,5,494,72,78,40,10,30,13,0,0,0,40,117,87,7
12,5528,רמלה,8500,14.1,23,0,634,400,5,395,56,59,17,13,42,0,48,3,10,7,52,82,6
12,5529,רמלה,8500,14.2,23,0,634,384,2,382,117,46,2,12,43,1,46,3,2,9,35,42,24
12,5530,רמלה,8500,14.3,23,0,632,383,10,373,75,40,12,48,45,8,21,1,27,8,35,52,1
12,5531,רמלה,8500,16.0,6,0,562,352,4,348,107,30,14,13,32,5,13,18,13,7,24,68,4
12,5532,רמלה,8500,19.1,31,0,752,435,5,430,134,37,8,19,62,6,17,28,4,12,76,22,5
12,5533,רמלה,8500,19.2,31,0,752,423,4,419,148,49,1,2,47,23,2,5,1,10,70,53,8
12,5534,רמלה,8500,19.3,31,0,752,405,2,403,103,51,14,11,38,11,6,1,1,15,95,46,11
12,5535,רמלה,8500,20.0,13,0,454,272,1,271,61,10,9,0,48,20,0,0,2,10,69,39,3
12,5536,רמלה,8500,22.0,7,0,619,328,3,325,115,25,6,6,73,7,0,0,0,26,38,21,8
12,5537,רמלה,8500,23.0,7,0,597,397,0,397,134,38,1,2,67,9,0,0,0,35,55,37,19
12,5538,רמלה,8500,24.0,13,1,575,342,6,336,103,31,12,13,37,1,1,2,0,49,55,22,10
12,5539,רמלה,8500,25.0,13,0,571,367,2,365,97,16,7,9,92,3,0,0,0,21,58,45,17
12,5540,רמלה,8500,26.0,6,0,503,286,3,283,93,64,8,6,39,4,2,1,0,7,33,23,3
12,5541,רמלה,8500,28.0,9,0,448,233,2,231,67,17,0,5,63,3,1,3,0,14,23,34,1
12,5542,רמלה,8500,29.0,17,0,499,262,6,256,7,2,0,12,0,0,138,44,50,0,1,1,1
12,5543,רמלה,8500,30.1,2,0,604,371,6,365,90,15,3,9,74,10,4,6,6,6,101,29,12
12,5544,רמלה,8500,30.2,2,0,604,366,4,362,115,61,7,6,58,1,0,0,0,6,48,52,8
12,5545,רמלה,8500,30.3,2,0,604,378,1,377,164,20,0,6,93,3,2,0,0,14,35,37,3
12,5546,רמלה,8500,30.4,2,0,604,368,4,364,98,64,3,0,87,3,0,3,0,31,32,26,17
12,5547,רמלה,8500,30.5,2,0,604,369,8,361,99,75,9,0,69,11,0,0,0,15,34,41,8
12,5548,רמלה,8500,33.0,7,0,688,405,8,397,140,35,6,12,75,17,0,1,0,22,38,48,3
12,5549,רמלה,8500,37.0,33,0,575,299,3,296,89,68,4,5,29,3,2,0,0,8,58,24,6
12,5550,רמלה,8500,40.0,17,0,454,226,2,224,17,2,0,7,2,2,98,57,16,0,5,14,4
12,5551,רמלה,8500,41.1,41,0,606,331,4,327,13,1,0,37,2,1,110,74,74,2,0,11,2
12,5552,רמלה,8500,41.2,41,0,606,278,2,276,52,8,0,20,17,8,71,46,13,18,11,11,1
12,5553,רמלה,8500,44.0,12,0,656,438,5,433,134,21,30,30,49,26,0,0,0,20,38,84,1
12,5554,רמלה,8500,45.0,30,0,685,504,1,503,149,41,18,8,93,2,0,0,0,18,60,94,20
12,5555,רמלה,8500,46.0,30,0,697,525,8,517,132,80,34,16,101,9,0,0,0,19,58,59,9
12,5556,רמלה,8500,47.0,35,0,713,527,6,521,165,45,2,4,80,6,0,0,0,19,69,126,5
12,5557,רמלה,8500,48.1,36,0,660,329,3,326,45,10,0,6,4,0,67,117,66,1,7,3,0
12,5558,רמלה,8500,48.2,36,0,660,282,3,279,48,4,3,9,19,1,44,82,24,18,12,11,4
12,5559,רמלה,8500,48.3,36,0,660,241,2,239,53,10,3,13,22,6,37,24,5,12,11,38,5
12,5560,רמלה,8500,48.4,36,0,659,261,4,257,46,16,3,5,29,3,18,66,20,2,16,23,10
12,5562,רמלה,8500,50.0,19,0,621,310,8,302,1,0,0,14,0,0,52,138,80,0,17,0,0
12,5563,רמלה,8500,51.1,37,0,504,249,3,246,0,0,0,10,0,0,49,171,16,0,0,0,0
12,5564,רמלה,8500,51.2,37,0,504,200,1,199,1,1,0,8,0,0,40,127,16,0,2,4,0
12,5565,רמלה,8500,51.3,37,0,504,172,3,169,14,1,0,6,0,0,32,93,20,0,2,1,0
12,5566,רמלה,8500,52.1,38,0,410,176,4,172,0,3,0,19,0,0,88,42,18,0,0,2,0
12,5567,רמלה,8500,52.2,38,0,408,207,4,203,1,5,0,20,0,1,56,45,64,0,5,5,1
12,5568,רמלה,8500,53.1,20,0,679,456,3,453,114,67,11,6,59,4,17,15,13,32,49,51,15
12,5569,רמלה,8500,53.2,20,0,679,462,5,457,161,58,8,11,79,9,4,7,0,16,22,65,17
12,5570,רמלה,8500,53.3,20,0,679,461,4,457,155,69,36,22,56,7,1,2,1,16,42,38,12
12,5571,רמלה,8500,55.0,5,0,601,299,2,297,112,38,7,11,64,3,0,0,0,13,22,18,9
12,5572,רמלה,8500,56.0,22,0,489,250,1,249,102,21,1,9,45,4,1,1,0,1,32,25,7
12,5573,רמלה,8500,57.0,39,0,482,284,9,275,91,9,6,1,90,3,0,0,0,6,48,20,1
12,5574,רמלה,8500,58.1,3,0,734,377,8,369,76,24,4,10,67,5,0,21,1,22,61,77,1
12,5575,רמלה,8500,58.2,3,0,734,415,6,409,105,59,17,5,80,2,1,0,0,28,51,57,4
12,5576,רמלה,8500,58.3,3,1,734,424,1,423,78,65,18,27,94,1,3,0,0,18,31,84,4
12,5577,רמלה,8500,58.4,3,0,734,416,3,413,146,32,7,2,35,30,0,5,0,26,91,15,24
12,5578,רמלה,8500,59.0,32,0,673,463,0,463,184,25,5,20,61,15,1,29,1,6,24,85,7
12,5579,רמלה,8500,61.0,9,0,660,403,3,400,107,29,26,15,142,4,0,0,0,9,43,14,11
12,5580,רמלה,8500,62.0,9,0,622,313,5,308,103,11,13,3,54,2,6,3,1,23,31,56,2
12,5581,רמלה,8500,63.0,39,0,468,236,6,230,66,16,7,13,43,4,0,6,0,13,18,33,11
12,5582,רמלה,8500,65.1,27,0,708,434,5,429,15,10,3,23,27,0,109,130,85,0,19,8,0
12,5583,רמלה,8500,65.2,27,0,708,424,6,418,127,37,10,14,51,1,17,2,3,18,57,78,3
12,5584,רמלה,8500,65.3,27,0,707,419,8,411,73,27,10,42,21,5,23,76,14,11,34,70,5
12,5585,רמלה,8500,67.0,32,0,685,398,6,392,89,37,5,12,83,32,6,2,6,17,31,60,12
12,5586,רמלה,8500,70.0,8,0,618,293,8,285,103,17,7,1,63,9,0,0,0,14,14,56,1
12,5587,רמלה,8500,71.0,8,0,561,299,8,291,74,28,6,7,41,4,2,5,0,28,38,49,9
12,5588,רמלה,8500,72.0,42,0,650,437,6,431,60,36,4,9,114,2,78,5,6,22,33,51,11
12,5589,רמלה,8500,73.0,6,0,649,459,4,455,124,66,13,10,65,4,1,0,0,16,59,54,43
12,5590,רמלה,8500,74.0,42,1,567,323,1,322,94,23,25,7,21,5,5,0,0,19,22,85,16
12,5591,רמלה,8500,75.0,6,0,625,429,5,424,124,64,10,7,44,14,10,0,0,9,42,90,10
12,5592,רמלה,8500,76.1,29,0,710,511,3,508,148,65,28,12,90,1,0,0,1,12,31,118,2
12,5593,רמלה,8500,76.2,29,0,710,480,3,477,105,37,58,41,41,4,0,0,0,15,99,67,10
12,5594,רמלה,8500,76.3,29,0,710,496,4,492,102,45,10,23,74,18,3,0,0,31,87,97,2
12,5595,רמלה,8500,76.4,29,0,710,495,2,493,133,51,41,39,76,11,1,0,0,15,45,77,4
12,5596,רמלה,8500,77.0,7,0,699,478,2,476,150,32,8,14,80,5,0,0,0,22,59,43,63
12,5597,רמלה,8500,80.1,40,0,388,217,1,216,33,15,3,23,15,0,47,24,12,6,11,15,12
12,5598,רמלה,8500,80.2,40,0,387,204,2,202,34,43,0,33,12,0,26,16,3,8,12,10,5
12,5599,רמלה,8500,83.0,5,0,420,242,6,236,58,32,21,11,33,12,1,0,2,7,26,30,3
12,5600,רמלה,8500,84.1,45,0,548,348,4,344,92,51,12,1,51,1,3,1,10,48,41,25,8
12,5601,רמלה,8500,84.2,45,0,548,299,1,298,78,28,24,5,17,1,9,21,20,3,32,57,3
12,5602,רמלה,8500,84.3,45,0,548,337,4,333,104,34,28,21,35,1,0,0,0,17,42,35,16
12,5603,רמלה,8500,84.4,45,0,548,321,0,321,90,29,28,6,58,1,10,1,6,11,20,59,2
12,5604,רמלה,8500,84.5,45,1,547,283,1,282,63,29,37,21,27,9,20,0,7,0,25,35,9
12,5605,רמלה,8500,85.0,30,0,741,555,8,547,111,32,3,60,108,9,0,0,0,34,41,97,52
12,5606,רמלה,8500,86.1,34,0,644,505,4,501,162,70,5,3,35,0,1,0,14,9,85,102,15
12,5607,רמלה,8500,86.2,34,0,644,489,5,484,162,77,6,9,61,2,0,0,0,8,66,72,21
12,5608,רמלה,8500,86.3,34,1,644,491,1,490,118,39,5,12,66,2,0,0,0,66,50,112,20
12,5609,רמלה,8500,86.4,34,0,642,463,1,462,148,49,4,21,35,7,0,0,0,13,72,68,45
12,5610,רמלה,8500,87.0,22,1,644,438,4,434,117,48,22,25,34,2,7,4,2,19,72,58,24
12,5611,רמלה,8500,90.0,12,0,571,324,4,320,116,57,26,11,25,1,0,0,0,3,25,45,11
12,5612,רמלה,8500,91.0,30,0,690,538,5,533,117,109,0,22,62,6,1,0,0,64,49,93,10
12,5613,רמלה,8500,92.0,12,0,562,276,1,275,63,29,9,5,34,11,1,0,0,8,66,35,14
12,5614,רמלה,8500,93.0,7,0,727,459,3,456,96,106,63,12,31,8,0,0,0,43,34,55,8
12,5615,רמלה,8500,94.0,6,0,531,351,4,347,84,10,16,12,63,8,35,0,1,16,56,34,12
12,5616,רמלה,8500,950.0,26,0,698,373,8,365,12,0,0,7,7,0,123,72,139,1,4,0,0
12,5617,רמלה,8500,951.0,26,0,673,381,2,379,0,0,0,14,0,0,126,176,63,0,0,0,0
17,9557,שדרות,1031,1.1,20,0,420,297,1,296,70,27,7,26,25,2,0,0,0,16,36,77,10
17,9558,שדרות,1031,1.2,20,0,420,277,0,277,90,40,11,41,13,0,0,0,2,8,16,51,5
17,9559,שדרות,1031,2.1,3,0,414,265,3,262,48,20,12,9,34,5,0,0,0,27,76,30,1
17,9560,שדרות,1031,2.2,3,0,414,264,2,262,40,4,4,2,53,2,0,0,0,55,52,37,13
17,9561,שדרות,1031,4.1,5,0,408,258,3,255,59,17,9,7,69,6,0,0,0,15,28,29,16
17,9562,שדרות,1031,4.2,5,0,407,272,2,270,79,34,1,4,60,3,0,0,0,18,17,41,13
17,9563,שדרות,1031,5.0,27,0,734,358,4,354,64,42,1,12,66,19,0,0,0,13,38,70,29
17,9564,שדרות,1031,6.0,7,0,722,384,2,382,83,37,1,16,51,35,0,0,0,43,71,43,2
17,9565,שדרות,1031,7.0,12,0,705,369,5,364,105,27,49,6,64,8,0,0,0,12,48,25,20
17,9566,שדרות,1031,8.0,12,0,662,328,3,325,114,31,8,6,54,12,0,0,0,18,48,30,4
17,9567,שדרות,1031,9.1,4,0,643,373,0,373,158,30,3,2,73,5,0,0,0,11,40,47,4
17,9568,שדרות,1031,9.2,4,0,643,382,2,380,101,34,13,18,76,1,0,0,0,6,47,77,7
17,9569,שדרות,1031,9.3,4,0,643,372,5,367,136,29,21,12,32,7,0,0,0,17,47,61,5
17,9570,שדרות,1031,9.4,4,0,643,377,6,371,87,47,6,4,55,1,0,0,0,33,74,56,8
17,9571,שדרות,1031,10.1,16,0,646,369,1,368,104,38,10,8,25,3,0,0,0,27,76,30,47
17,9572,שדרות,1031,10.2,16,0,646,397,3,394,138,40,24,2,31,8,0,0,0,19,33,78,21
17,9573,שדרות,1031,10.3,16,0,646,357,4,353,154,24,26,6,31,1,0,0,0,16,47,33,15
17,9574,שדרות,1031,10.4,16,0,646,369,3,366,114,18,46,2,67,7,0,0,0,9,44,42,17
17,9575,שדרות,1031,10.5,16,0,646,348,5,343,81,33,14,5,53,3,0,0,0,50,65,37,2
17,9576,שדרות,1031,10.6,16,0,642,369,6,363,124,37,18,18,34,9,0,0,0,4,61,51,7
17,9577,שדרות,1031,12.0,12,0,554,282,3,279,98,19,18,5,21,7,0,4,12,26,31,22,16
17,9578,שדרות,1031,15.0,22,0,645,426,2,424,126,55,13,2,27,6,0,0,0,16,64,111,4
17,9579,שדרות,1031,20.0,9,0,628,302,1,301,76,46,21,2,45,2,0,0,0,12,31,43,23
17,9580,שדרות,1031,24.0,22,0,639,450,1,449,133,100,11,12,26,2,0,0,0,31,95,27,12
17,9581,שדרות,1031,25.0,12,0,629,411,3,408,106,57,18,3,33,14,1,0,0,42,54,65,15
17,9582,שדרות,1031,26.1,11,0,580,422,2,420,91,32,2,21,51,15,0,0,0,66,80,48,14
17,9583,שדרות,1031,26.2,11,0,580,415,2,413,87,40,11,8,28,0,0,0,0,50,113,74,2
17,9584,שדרות,1031,26.3,11,0,580,421,2,419,128,39,13,4,44,19,0,0,0,39,77,54,2
17,9585,שדרות,1031,26.4,11,0,577,390,0,390,94,29,2,1,55,7,0,0,5,32,60,91,14
17,9586,שדרות,1031,27.0,23,0,517,331,2,329,108,16,17,21,32,9,0,0,0,13,47,62,4
17,9587,שדרות,1031,28.0,22,0,701,469,2,467,92,61,72,1,28,4,0,0,0,17,80,108,4
17,9588,שדרות,1031,29.0,22,0,684,399,3,396,88,50,32,4,45,11,0,0,0,53,26,56,31
17,9589,שדרות,1031,30.0,27,0,594,365,2,363,122,30,0,14,23,28,0,0,0,34,56,52,4
17,9590,שדרות,1031,32.0,22,0,719,503,3,500,89,24,36,16,81,1,0,0,0,81,85,83,4
17,9591,שדרות,1031,33.1,24,0,592,415,2,413,159,62,3,26,33,0,0,0,0,32,34,48,16
17,9592,שדרות,1031,33.2,24,0,592,373,0,373,109,45,7,11,62,2,1,0,0,24,75,28,9
17,9593,שדרות,1031,33.3,24,0,592,369,2,367,119,38,31,3,20,2,0,0,0,53,57,35,9
17,9594,שדרות,1031,33.4,24,0,591,333,1,332,70,38,38,25,33,1,0,0,0,23,42,50,12
17,9595,שדרות,1031,34.0,25,0,669,397,2,395,135,24,3,5,80,4,3,11,0,30,46,51,3
17,9596,שדרות,1031,35.0,12,0,741,532,3,529,176,101,7,25,26,6,0,0,0,60,51,73,4
17,9597,שדרות,1031,37.0,22,0,567,415,2,413,59,26,27,22,56,6,0,0,0,43,91,55,28
17,9598,שדרות,1031,38.0,23,1,434,336,0,336,79,39,3,0,35,7,0,0,0,17,114,28,14
18,9879,שובה,761,1.0,3,0,482,344,1,343,130,17,0,0,32,11,0,0,0,26,53,64,10
6,2811,תובל,1172,1.0,1,0,348,224,0,224,3,30,13,65,0,0,5,1,0,10,0,88,9
14,6860,תל אביב  יפו,5000,1.0,86,0,593,437,0,437,32,135,13,64,0,0,8,0,0,11,1,141,32
14,6861,תל אביב  יפו,5000,3.0,86,0,698,512,1,511,17,118,59,75,1,0,10,0,0,3,2,202,24
14,6862,תל אביב  יפו,5000,4.0,63,0,721,478,4,474,80,103,21,51,11,4,9,0,0,1,5,163,26
14,6863,תל אביב  יפו,5000,8.0,173,0,691,498,1,497,32,97,50,90,3,3,1,0,0,7,39,158,17
14,6864,תל אביב  יפו,5000,9.0,173,0,634,469,0,469,14,161,25,82,4,0,6,0,0,5,7,145,20
14,6865,תל אביב  יפו,5000,10.0,252,0,668,531,1,530,18,169,54,91,2,0,0,0,0,0,9,177,10
14,6866,תל אביב  יפו,5000,12.0,122,0,656,475,1,474,42,90,29,120,5,3,8,0,0,0,9,99,69
14,6867,תל אביב  יפו,5000,13.0,63,0,745,372,1,371,51,83,23,40,17,2,0,0,0,16,22,94,23
14,6868,תל אביב  יפו,5000,14.0,172,0,608,359,1,358,40,43,37,22,8,5,3,1,0,2,5,177,15
14,6869,תל אביב  יפו,5000,15.0,172,0,691,386,2,384,46,90,41,43,32,1,4,0,0,2,10,87,28
14,6870,תל אביב  יפו,5000,19.1,121,0,678,505,4,501,21,150,21,106,0,0,4,0,4,3,7,175,10
14,6871,תל אביב  יפו,5000,19.2,121,0,678,543,0,543,28,123,48,130,6,13,0,0,0,0,1,174,20
14,6872,תל אביב  יפו,5000,19.3,121,0,678,518,3,515,42,120,39,81,8,2,3,0,0,2,38,145,35
14,6873,תל אביב  יפו,5000,19.4,121,0,678,526,0,526,23,147,23,149,0,4,0,0,0,6,5,157,12
14,6874,תל אביב  יפו,5000,19.5,121,0,678,515,1,514,49,135,21,90,0,0,15,0,0,0,25,166,13
14,6875,תל אביב  יפו,5000,19.6,121,0,674,531,2,529,43,155,46,45,0,0,0,0,0,8,50,175,7
14,6876,תל אביב  יפו,5000,21.0,63,0,704,636,1,635,7,1,2,2,88,496,0,0,0,2,10,7,20
14,6877,תל אביב  יפו,5000,26.1,66,0,635,497,1,496,10,134,102,99,4,0,1,0,0,4,11,112,19
14,6878,תל אביב  יפו,5000,26.2,66,0,635,508,2,506,38,80,14,171,1,0,1,0,0,2,23,153,23
14,6879,תל אביב  יפו,5000,26.3,66,0,635,502,1,501,20,145,54,73,0,8,3,0,0,1,5,173,19
14,6880,תל אביב  יפו,5000,26.4,66,0,635,479,1,478,38,80,38,94,0,0,1,2,0,7,12,174,32
14,6881,תל אביב  יפו,5000,26.5,66,0,634,485,0,485,28,177,48,92,2,0,0,0,0,1,9,107,21
14,6882,תל אביב  יפו,5000,27.1,298,0,731,559,0,559,27,146,12,103,8,0,0,0,0,2,2,255,4
14,6883,תל אביב  יפו,5000,27.2,298,0,731,567,0,567,55,137,39,130,2,0,4,0,0,7,1,177,15
14,6884,תל אביב  יפו,5000,27.3,298,0,731,538,0,538,33,152,47,87,0,0,9,0,0,22,3,183,2
14,6885,תל אביב  יפו,5000,27.4,298,0,730,561,0,561,28,176,73,81,0,0,0,0,0,0,0,162,41
14,6886,תל אביב  יפו,5000,30.1,170,0,687,485,0,485,48,113,36,104,9,1,0,0,0,3,23,121,27
14,6887,תל אביב  יפו,5000,30.2,170,0,687,482,1,481,114,68,26,111,3,2,3,0,0,1,22,111,20
14,6888,תל אביב  יפו,5000,30.3,170,0,687,496,0,496,60,116,15,90,0,3,0,0,0,14,29,166,3
14,6889,תל אביב  יפו,5000,30.4,170,0,686,510,0,510,27,113,21,131,7,1,7,0,0,2,10,171,20
14,6890,תל אביב  יפו,5000,31.1,270,0,684,473,5,468,13,165,24,50,20,11,16,0,0,9,11,146,3
14,6891,תל אביב  יפו,5000,31.2,270,0,684,487,1,486,53,129,41,29,1,1,0,0,0,1,3,174,54
14,6892,תל אביב  יפו,5000,31.3,270,0,684,500,1,499,52,112,27,87,1,0,0,0,0,5,9,184,22
14,6893,תל אביב  יפו,5000,31.4,270,0,684,496,2,494,69,98,22,89,24,0,8,0,3,2,1,155,23
14,6894,תל אביב  יפו,5000,31.5,270,0,684,529,2,527,60,121,53,126,0,0,1,0,0,1,12,151,2
14,6895,תל אביב  יפו,5000,31.6,270,0,684,510,0,510,17,122,14,163,0,0,20,0,0,2,14,134,24
14,6896,תל אביב  יפו,5000,31.7,270,0,684,542,1,541,58,115,31,82,0,0,2,4,0,2,12,214,21
14,6897,תל אביב  יפו,5000,31.8,270,0,684,501,0,501,10,135,38,91,4,0,0,0,0,0,3,206,14
14,6898,תל אביב  יפו,5000,31.9,270,0,683,526,0,526,21,103,16,118,5,4,0,0,3,0,4,232,20
14,6899,תל אביב  יפו,5000,38.1,56,0,596,452,1,451,23,92,25,87,3,0,1,0,4,0,1,192,23
14,6900,תל אביב  יפו,5000,38.2,56,0,596,441,0,441,14,81,32,159,0,7,5,0,1,1,1,133,7
14,6901,תל אביב  יפו,5000,38.3,56,0,596,467,0,467,18,88,35,145,1,0,16,0,0,0,1,119,44
14,6902,תל אביב  יפו,5000,38.4,56,0,596,443,0,443,8,77,14,140,0,0,7,0,0,0,0,160,37
14,6903,תל אביב  יפו,5000,42.1,10,0,697,519,0,519,23,126,28,111,1,1,31,0,0,0,31,152,15
14,6904,תל אביב  יפו,5000,42.2,10,0,697,538,2,536,18,198,46,88,13,0,7,0,0,0,6,142,18
14,6905,תל אביב  יפו,5000,42.3,10,0,697,517,0,517,10,82,34,139,1,0,0,0,0,0,14,220,17
14,6906,תל אביב  יפו,5000,42.4,10,0,694,544,1,543,16,129,37,126,0,12,6,0,0,3,1,187,26
14,6907,תל אביב  יפו,5000,56.1,28,0,698,476,1,475,102,78,98,73,6,1,0,0,0,13,6,87,11
14,6908,תל אביב  יפו,5000,56.2,28,0,698,489,4,485,52,77,22,90,15,1,0,0,0,1,5,206,16
14,6909,תל אביב  יפו,5000,56.3,28,0,698,471,0,471,51,111,9,95,0,0,3,0,0,10,16,155,21
14,6910,תל אביב  יפו,5000,56.4,28,0,694,474,1,473,45,105,42,74,1,0,0,0,3,1,1,158,43
14,6911,תל אביב  יפו,5000,58.0,238,0,539,392,1,391,17,65,41,70,3,8,0,0,0,0,5,177,5
14,6912,תל אביב  יפו,5000,60.0,111,0,748,537,2,535,23,123,50,137,0,0,3,0,0,11,0,174,14
14,6913,תל אביב  יפו,5000,62.1,13,0,611,454,0,454,22,62,34,50,0,0,16,0,0,10,9,199,52
14,6914,תל אביב  יפו,5000,62.2,13,0,611,415,2,413,31,102,14,82,15,3,0,0,4,8,14,125,15
14,6915,תל אביב  יפו,5000,62.3,13,0,611,432,0,432,25,104,9,80,9,12,8,0,1,0,17,124,43
14,6916,תל אביב  יפו,5000,62.4,13,0,611,423,2,421,14,149,23,96,0,0,5,8,0,0,0,116,10
14,6917,תל אביב  יפו,5000,62.5,13,0,611,437,0,437,27,81,93,71,0,1,3,0,0,11,30,94,26
14,6918,תל אביב  יפו,5000,63.1,6,0,653,474,0,474,50,93,56,137,0,3,0,0,0,18,23,83,11
14,6919,תל אביב  יפו,5000,63.2,6,0,653,473,1,472,9,135,30,87,6,4,1,0,3,14,8,129,46
14,6920,תל אביב  יפו,5000,63.3,6,0,653,465,0,465,56,129,20,53,3,0,3,0,0,1,35,135,30
14,6921,תל אביב  יפו,5000,63.4,6,0,653,471,0,471,61,96,19,72,1,24,0,0,0,9,9,168,12
14,6922,תל אביב  יפו,5000,63.5,6,0,653,464,1,463,33,139,34,82,0,0,6,0,0,9,21,131,8
14,6923,תל אביב  יפו,5000,63.6,6,0,650,506,2,504,31,111,20,124,11,1,0,0,0,9,1,166,30
14,6924,תל אביב  יפו,5000,65.0,162,0,659,413,0,413,30,100,30,125,11,0,2,3,1,0,4,81,26
14,6925,תל אביב  יפו,5000,67.1,107,0,671,378,0,378,29,146,11,76,5,1,2,0,0,2,2,90,14
14,6926,תל אביב  יפו,5000,67.2,107,0,671,405,1,404,8,112,8,120,1,1,14,0,0,10,2,110,18
14,6927,תל אביב  יפו,5000,67.3,107,0,671,400,1,399,1,71,10,122,4,10,8,0,0,10,3,139,21
14,6928,תל אביב  יפו,5000,68.0,112,0,474,335,0,335,5,44,34,50,0,2,9,0,0,1,0,186,4
14,6929,תל אביב  יפו,5000,69.0,111,0,744,512,1,511,34,91,54,102,2,0,20,3,0,10,22,166,7
14,6930,תל אביב  יפו,5000,72.0,162,0,672,153,0,153,14,14,15,37,0,1,7,0,0,1,7,55,2
14,6931,תל אביב  יפו,5000,74.1,269,0,719,449,0,449,41,88,27,93,0,13,34,0,8,0,1,135,9
14,6932,תל אביב  יפו,5000,74.2,269,0,719,407,0,407,3,80,25,129,1,3,6,0,5,3,12,138,2
14,6933,תל אביב  יפו,5000,74.3,269,0,717,407,3,404,18,97,57,81,3,0,3,0,0,1,1,132,11
14,6934,תל אביב  יפו,5000,76.1,16,0,631,351,2,349,39,62,17,104,0,0,7,1,0,2,4,101,12
14,6935,תל אביב  יפו,5000,76.2,16,0,631,360,0,360,15,68,34,106,2,20,3,0,0,1,12,96,3
14,6936,תל אביב  יפו,5000,76.3,16,0,631,349,0,349,8,103,8,86,18,4,3,0,0,8,2,90,19
14,6937,תל אביב  יפו,5000,76.4,16,0,631,396,1,395,47,82,45,78,2,5,9,9,0,4,1,104,9
14,6938,תל אביב  יפו,5000,76.5,16,0,631,361,1,360,18,102,25,83,12,8,7,2,2,13,13,64,11
14,6939,תל אביב  יפו,5000,76.6,16,0,629,377,3,374,24,106,23,117,0,0,9,2,0,1,1,66,25
14,6940,תל אביב  יפו,5000,80.0,299,0,732,516,2,514,40,127,14,93,0,0,13,0,0,0,14,173,40
14,6941,תל אביב  יפו,5000,81.0,299,0,659,493,3,490,33,89,30,184,0,0,1,3,0,13,0,99,38
14,6942,תל אביב  יפו,5000,83.0,112,0,592,432,1,431,13,134,28,85,0,1,0,0,0,4,8,128,30
14,6943,תל אביב  יפו,5000,84.0,299,0,677,437,2,435,13,95,24,98,0,0,5,6,0,1,17,159,17
14,6944,תל אביב  יפו,5000,85.0,71,0,685,523,2,521,35,127,36,90,8,8,0,0,0,3,10,180,24
14,6945,תל אביב  יפו,5000,91.0,112,0,654,436,1,435,41,57,32,132,0,0,11,5,0,2,1,152,2
14,6946,תל אביב  יפו,5000,92.0,112,0,605,429,1,428,45,75,53,109,1,0,24,0,0,0,0,114,7
14,6947,תל אביב  יפו,5000,93.0,299,0,720,506,1,505,21,98,24,180,2,1,6,0,0,0,15,154,4
14,6948,תל אביב  יפו,5000,94.0,71,0,660,486,2,484,37,101,57,113,1,16,16,0,0,5,11,116,11
14,6949,תל אביב  יפו,5000,95.0,71,0,533,400,0,400,46,108,16,79,0,1,5,0,0,13,3,113,16
14,6950,תל אביב  יפו,5000,96.0,71,0,553,437,0,437,32,101,32,70,10,0,6,0,0,0,3,177,6
14,6951,תל אביב  יפו,5000,98.1,303,0,697,477,3,474,90,130,27,42,10,1,0,0,1,0,17,142,14
14,6952,תל אביב  יפו,5000,98.2,303,0,697,484,3,481,59,101,27,73,7,8,0,0,0,38,3,161,4
14,6953,תל אביב  יפו,5000,98.3,303,0,697,484,1,483,63,88,45,98,11,0,0,0,0,0,14,146,18
14,6954,תל אביב  יפו,5000,98.4,303,0,697,508,4,504,34,137,34,53,30,0,0,0,0,2,13,182,19
14,6955,תל אביב  יפו,5000,98.5,303,0,693,493,1,492,16,102,41,66,0,1,0,0,0,0,1,227,38
14,6956,תל אביב  יפו,5000,99.0,299,0,629,445,1,444,20,108,36,51,0,2,15,5,0,0,3,188,16
14,6957,תל אביב  יפו,5000,100.0,228,0,739,600,2,598,55,168,85,53,2,0,0,0,0,0,15,181,39
14,6958,תל אביב  יפו,5000,102.0,293,0,572,450,0,450,3,91,35,113,0,0,0,0,0,2,0,193,13
14,6959,תל אביב  יפו,5000,103.0,228,0,532,390,0,390,34,71,45,72,0,2,1,0,0,4,0,152,9
14,6960,תל אביב  יפו,5000,109.1,218,0,696,546,0,546,23,114,19,132,1,0,2,0,0,0,9,214,32
14,6961,תל אביב  יפו,5000,109.2,218,0,696,583,1,582,28,164,29,106,17,0,3,1,0,1,26,189,18
14,6962,תל אביב  יפו,5000,109.3,218,0,696,555,0,555,25,119,24,135,7,1,0,5,0,0,3,171,65
14,6963,תל אביב  יפו,5000,109.4,218,0,696,564,1,563,16,138,24,139,0,5,2,0,0,2,0,221,16
14,6964,תל אביב  יפו,5000,109.5,218,0,696,567,0,567,20,157,32,165,0,0,1,0,0,0,15,157,20
14,6965,תל אביב  יפו,5000,109.6,218,0,696,529,2,527,32,68,63,132,2,0,2,1,0,3,1,195,28
14,6966,תל אביב  יפו,5000,119.0,79,0,694,273,0,273,15,51,10,55,4,1,4,1,0,0,3,108,21
14,6967,תל אביב  יפו,5000,138.0,238,0,734,565,0,565,64,159,49,74,7,1,0,3,4,0,2,135,67
14,6968,תל אביב  יפו,5000,142.0,79,0,710,395,1,394,5,63,29,89,0,10,1,1,0,0,14,171,11
14,6969,תל אביב  יפו,5000,147.1,5,0,687,464,1,463,29,75,44,110,6,0,0,0,4,2,2,149,42
14,6970,תל אביב  יפו,5000,147.2,5,0,687,436,1,435,19,87,15,105,7,15,0,0,0,0,13,152,22
14,6971,תל אביב  יפו,5000,147.3,5,0,687,434,0,434,20,77,29,136,0,0,14,0,0,1,8,127,22
14,6972,תל אביב  יפו,5000,147.4,5,0,687,459,0,459,66,56,43,111,0,1,2,0,0,1,3,173,3
14,6973,תל אביב  יפו,5000,147.5,5,0,687,435,0,435,6,134,42,109,0,0,6,0,0,1,2,132,3
14,6974,תל אביב  יפו,5000,147.6,5,0,683,460,1,459,5,73,89,114,0,0,0,5,2,6,18,141,6
14,6975,תל אביב  יפו,5000,155.1,229,0,707,519,0,519,95,131,17,25,29,1,3,0,0,2,5,176,35
14,6976,תל אביב  יפו,5000,155.2,229,0,707,512,2,510,64,112,34,88,6,0,0,0,0,4,32,150,20
14,6977,תל אביב  יפו,5000,155.3,229,0,707,511,1,510,64,140,31,54,38,0,1,0,0,1,11,133,37
14,6978,תל אביב  יפו,5000,155.4,229,0,707,500,1,499,40,81,25,91,10,0,1,1,0,30,7,195,18
14,6979,תל אביב  יפו,5000,155.5,229,0,707,508,1,507,39,77,87,55,1,2,0,1,1,12,20,194,18
14,6980,תל אביב  יפו,5000,155.6,229,0,707,518,1,517,82,123,28,49,28,1,0,0,0,12,33,152,9
14,6981,תל אביב  יפו,5000,155.7,229,0,707,498,0,498,71,167,45,86,6,2,0,1,0,1,10,93,16
14,6982,תל אביב  יפו,5000,155.8,229,0,706,564,1,563,67,146,44,43,14,19,0,0,0,3,33,137,57
14,6983,תל אביב  יפו,5000,159.0,63,0,608,341,0,341,18,56,7,33,26,123,1,0,0,1,16,51,9
14,6984,תל אביב  יפו,5000,160.1,171,0,718,433,1,432,77,79,52,42,10,3,0,0,0,2,16,143,8
14,6985,תל אביב  יפו,5000,160.2,171,0,718,441,5,436,88,87,28,33,14,4,18,0,0,13,25,104,22
14,6986,תל אביב  יפו,5000,160.3,171,0,718,480,1,479,69,76,61,30,6,13,0,0,0,5,4,181,34
14,6987,תל אביב  יפו,5000,160.4,171,0,718,428,2,426,46,115,22,56,39,3,0,0,0,2,22,112,9
14,6988,תל אביב  יפו,5000,160.5,171,0,718,442,3,439,55,118,79,50,6,0,5,0,0,8,8,102,8
14,6989,תל אביב  יפו,5000,169.1,59,0,588,393,0,393,5,135,33,73,0,0,11,0,0,3,3,99,31
14,6990,תל אביב  יפו,5000,169.2,59,0,588,404,1,403,11,76,42,146,0,0,0,1,1,7,5,89,25
14,6991,תל אביב  יפו,5000,169.3,59,0,588,385,1,384,18,54,19,122,0,0,3,0,0,0,2,153,13
14,6992,תל אביב  יפו,5000,179.0,79,0,634,425,3,422,22,57,24,99,0,1,9,0,0,0,13,158,39
14,6993,תל אביב  יפו,5000,180.0,185,0,606,411,2,409,28,96,18,145,3,0,13,0,0,2,2,85,17
14,6994,תל אביב  יפו,5000,181.0,185,0,689,475,0,475,6,89,50,107,7,2,5,0,4,9,21,137,38
14,6995,תל אביב  יפו,5000,182.0,185,0,671,424,1,423,27,92,29,122,0,1,2,1,0,2,1,140,6
14,6996,תל אביב  יפו,5000,189.0,29,0,743,549,0,549,8,89,30,92,9,1,3,47,0,4,57,163,46
14,6997,תל אביב  יפו,5000,190.0,29,0,730,538,3,535,17,129,48,145,0,0,4,1,0,21,0,152,18
14,6998,תל אביב  יפו,5000,191.0,79,0,573,411,1,410,27,103,20,53,2,0,1,0,10,0,10,173,11
14,6999,תל אביב  יפו,5000,193.1,115,0,659,466,2,464,15,86,12,153,2,1,0,0,9,9,8,154,15
14,7000,תל אביב  יפו,5000,193.2,115,0,659,468,2,466,23,61,27,63,0,0,3,12,0,3,12,245,17
14,7001,תל אביב  יפו,5000,193.3,115,0,659,465,0,465,31,88,25,124,2,1,0,0,0,2,35,116,41
14,7002,תל אביב  יפו,5000,193.4,115,0,659,480,0,480,28,78,38,94,1,0,1,0,0,4,10,165,61
14,7003,תל אביב  יפו,5000,193.5,115,0,656,472,1,471,38,121,30,109,4,0,3,0,0,0,10,149,7
14,7004,תל אביב  יפו,5000,194.0,185,0,654,446,1,445,52,69,26,112,2,0,2,1,0,2,9,131,39
14,7005,תל אביב  יפו,5000,197.0,112,0,636,461,1,460,27,85,35,77,2,0,5,0,0,0,1,216,12
14,7006,תל אביב  יפו,5000,226.0,63,0,745,544,4,540,40,87,29,134,9,2,9,0,0,22,11,189,8
14,7007,תל אביב  יפו,5000,227.1,300,0,741,532,3,529,18,139,53,103,7,0,0,0,0,12,24,156,17
14,7008,תל אביב  יפו,5000,227.2,300,0,741,560,2,558,8,100,53,72,5,0,12,0,0,1,5,282,20
14,7009,תל אביב  יפו,5000,227.3,300,0,741,545,2,543,37,136,48,130,0,4,0,0,0,0,3,174,11
14,7010,תל אביב  יפו,5000,227.4,300,0,741,535,2,533,25,123,71,75,6,0,0,0,0,0,7,215,11
14,7011,תל אביב  יפו,5000,227.5,300,0,737,547,0,547,27,112,19,171,1,6,0,0,0,17,3,156,35
14,7012,תל אביב  יפו,5000,229.1,227,0,682,537,1,536,25,117,27,61,9,3,1,0,0,0,3,255,35
14,7013,תל אביב  יפו,5000,229.2,227,0,682,551,1,550,64,165,32,71,2,0,9,0,0,0,10,195,2
14,7014,תל אביב  יפו,5000,229.3,227,0,682,495,2,493,62,97,47,46,0,0,0,0,0,0,19,201,21
14,7015,תל אביב  יפו,5000,229.4,227,0,682,525,5,520,13,194,55,98,0,0,2,23,0,10,7,108,10
14,7016,תל אביב  יפו,5000,229.5,227,0,682,536,1,535,43,144,45,98,0,1,1,0,0,8,10,162,23
14,7017,תל אביב  יפו,5000,229.6,227,0,682,515,0,515,23,129,13,98,31,0,5,0,0,5,16,189,6
14,7018,תל אביב  יפו,5000,230.1,36,0,746,500,1,499,70,59,6,74,15,2,0,0,0,6,29,197,41
14,7019,תל אביב  יפו,5000,230.2,36,0,746,512,2,510,66,125,8,124,0,3,10,0,0,5,16,137,16
14,7020,תל אביב  יפו,5000,230.3,36,0,746,555,5,550,46,145,100,109,7,1,2,0,0,2,22,110,6
14,7021,תל אביב  יפו,5000,230.4,36,0,746,554,0,554,18,152,36,148,9,9,2,3,0,9,15,147,6
14,7022,תל אביב  יפו,5000,230.5,36,0,746,517,0,517,81,90,16,70,65,0,3,0,0,4,13,128,47
14,7023,תל אביב  יפו,5000,230.6,36,0,741,521,1,520,43,124,24,129,16,0,11,0,0,4,11,132,26
14,7024,תל אביב  יפו,5000,232.0,293,0,545,370,2,368,11,87,14,100,0,0,1,1,0,1,5,121,27
14,7025,תל אביב  יפו,5000,233.0,311,0,699,523,0,523,96,125,25,56,7,0,0,0,0,10,4,178,22
14,7026,תל אביב  יפו,5000,276.0,238,0,622,504,3,501,33,146,20,153,1,4,0,0,0,1,1,127,15
14,7027,תל אביב  יפו,5000,306.0,86,0,608,475,0,475,63,99,31,106,1,6,0,0,0,22,0,123,24
14,7028,תל אביב  יפו,5000,311.1,236,0,683,533,1,532,66,151,41,102,0,2,0,0,0,8,27,123,12
14,7029,תל אביב  יפו,5000,311.2,236,0,683,514,1,513,34,144,22,59,0,0,0,0,0,0,0,228,26
14,7030,תל אביב  יפו,5000,311.3,236,0,683,528,1,527,51,105,22,119,1,0,1,0,0,2,2,192,32
14,7031,תל אביב  יפו,5000,311.4,236,0,683,561,0,561,41,156,51,67,6,1,9,0,0,3,7,194,26
14,7032,תל אביב  יפו,5000,311.5,236,0,683,511,3,508,29,121,52,92,6,0,3,0,0,4,7,170,24
14,7033,תל אביב  יפו,5000,311.6,236,0,683,535,1,534,41,62,34,134,1,0,0,0,0,7,2,230,23
14,7034,תל אביב  יפו,5000,311.7,236,0,683,547,0,547,40,123,63,71,8,1,12,0,0,5,4,190,30
14,7035,תל אביב  יפו,5000,346.0,162,0,651,498,1,497,37,106,26,121,1,4,5,1,2,0,12,168,14
14,7036,תל אביב  יפו,5000,399.0,238,0,592,481,0,481,34,92,37,71,4,1,5,0,0,18,21,185,13
14,7037,תל אביב  יפו,5000,601.0,71,0,679,522,0,522,11,162,68,92,0,0,1,0,0,0,6,151,31
14,7038,תל אביב  יפו,5000,602.1,8,0,672,508,0,508,71,93,51,66,4,13,2,12,0,0,4,145,47
14,7039,תל אביב  יפו,5000,602.2,8,0,672,474,0,474,69,92,24,107,4,1,0,0,0,13,5,146,13
14,7040,תל אביב  יפו,5000,602.3,8,0,672,501,0,501,78,129,71,47,0,0,0,11,0,0,7,136,22
14,7041,תל אביב  יפו,5000,602.4,8,0,672,509,1,508,71,125,44,83,3,0,8,0,0,0,16,142,16
14,7042,תל אביב  יפו,5000,602.5,8,0,672,512,0,512,20,145,42,98,4,0,0,0,0,8,6,164,25
14,7043,תל אביב  יפו,5000,602.6,8,0,672,490,3,487,43,109,53,72,1,0,1,0,0,5,2,191,10
14,7044,תל אביב  יפו,5000,602.7,8,0,672,503,1,502,55,145,42,65,1,0,1,0,0,27,4,143,19
14,7045,תל אביב  יפו,5000,602.8,8,0,672,487,2,485,5,110,19,98,1,0,9,0,0,1,0,195,47
14,7046,תל אביב  יפו,5000,602.9,8,0,669,477,2,475,45,124,14,40,5,0,0,0,0,13,10,182,42
14,7047,תל אביב  יפו,5000,950.1,54,0,579,388,0,388,29,91,36,87,2,0,1,0,0,2,9,126,5
14,7048,תל אביב  יפו,5000,950.2,54,0,579,394,1,393,12,141,23,67,11,1,6,0,0,5,15,87,25
14,7049,תל אביב  יפו,5000,950.3,54,0,577,390,1,389,4,83,42,79,0,0,1,1,0,2,13,146,18
14,7050,תל אביב  יפו,5000,952.1,163,0,686,477,1,476,27,118,33,142,1,0,0,0,0,1,4,141,9
14,7051,תל אביב  יפו,5000,952.2,163,0,686,517,1,516,39,62,28,117,2,0,7,0,0,16,13,203,29
14,7052,תל אביב  יפו,5000,952.3,163,0,686,479,2,477,48,99,37,130,5,0,0,1,0,2,7,141,7
14,7053,תל אביב  יפו,5000,952.4,163,0,686,466,0,466,45,127,9,58,3,12,0,0,0,13,24,166,9
14,7054,תל אביב  יפו,5000,952.5,163,0,686,488,1,487,61,105,49,24,17,0,0,0,0,6,3,199,23
14,7055,תל אביב  יפו,5000,952.6,163,0,686,502,2,500,88,60,25,92,25,7,0,0,0,1,19,145,38
14,7056,תל אביב  יפו,5000,952.7,163,0,686,482,1,481,29,119,52,87,3,0,0,0,0,3,1,156,31
14,7057,תל אביב  יפו,5000,952.8,163,0,679,496,0,496,34,103,76,55,20,3,0,0,0,2,7,183,13
14,7058,תל אביב  יפו,5000,954.1,160,0,582,371,0,371,5,74,27,126,0,2,24,0,0,7,16,79,11
14,7059,תל אביב  יפו,5000,954.2,160,0,582,407,0,407,9,85,23,113,0,0,1,9,14,2,1,131,19
14,7060,תל אביב  יפו,5000,954.3,160,0,579,382,3,379,12,115,32,93,0,1,20,0,0,0,0,97,9
14,7061,תל אביב  יפו,5000,956.0,311,0,656,473,1,472,42,73,48,47,3,0,1,0,0,21,28,198,11
14,7062,תל אביב  יפו,5000,118.1,80,0,720,366,0,366,38,76,41,63,6,1,3,0,0,6,41,82,9
14,7063,תל אביב  יפו,5000,118.2,80,0,720,408,1,407,16,89,28,109,2,1,1,0,0,1,3,126,31
14,7064,תל אביב  יפו,5000,118.3,80,0,720,373,0,373,46,120,8,78,3,1,11,0,0,11,1,76,18
14,7065,תל אביב  יפו,5000,118.4,80,0,720,350,1,349,54,71,25,64,17,1,9,0,0,2,1,86,19
14,7066,תל אביב  יפו,5000,118.5,80,0,720,367,1,366,19,86,31,88,0,1,0,0,0,1,2,120,18
14,7067,תל אביב  יפו,5000,118.6,80,0,716,381,1,380,43,50,41,44,5,0,18,0,1,0,2,136,40
14,7068,תל אביב  יפו,5000,128.1,313,0,679,367,1,366,33,83,48,96,1,0,7,0,0,2,4,84,8
14,7069,תל אביב  יפו,5000,128.2,313,0,679,351,6,345,15,58,16,71,0,3,0,0,0,0,34,127,21
14,7070,תל אביב  יפו,5000,128.3,313,0,679,366,1,365,61,62,27,66,4,1,0,1,0,2,4,113,24
14,7071,תל אביב  יפו,5000,128.4,313,0,679,335,0,335,27,65,20,77,2,4,1,4,0,3,5,117,10
14,7072,תל אביב  יפו,5000,128.5,313,0,679,366,2,364,21,95,32,88,2,1,10,0,0,0,2,89,24
14,7073,תל אביב  יפו,5000,128.6,313,0,674,372,1,371,37,68,29,40,0,0,10,0,0,7,1,163,16
14,7074,תל אביב  יפו,5000,130.0,180,0,737,411,1,410,18,94,48,119,1,0,3,0,0,0,14,100,13
14,7075,תל אביב  יפו,5000,131.0,180,0,746,475,1,474,56,151,35,100,0,5,2,0,0,2,6,92,25
14,7076,תל אביב  יפו,5000,132.0,180,0,561,328,0,328,11,71,22,99,0,0,4,0,0,0,16,81,24
14,7077,תל אביב  יפו,5000,134.0,222,0,573,347,0,347,22,89,36,85,0,0,7,0,0,1,16,90,1
14,7078,תל אביב  יפו,5000,137.0,237,0,605,357,1,356,27,72,9,101,7,2,19,1,0,0,1,102,15
14,7079,תל אביב  יפו,5000,149.1,9,0,629,372,0,372,22,99,30,88,0,0,0,8,0,0,9,96,20
14,7080,תל אביב  יפו,5000,149.2,9,0,629,382,0,382,20,64,28,57,1,0,2,0,0,7,2,175,26
14,7081,תל אביב  יפו,5000,149.3,9,0,629,374,0,374,17,86,52,63,3,0,6,0,0,7,3,133,4
14,7082,תל אביב  יפו,5000,149.4,9,0,626,408,0,408,14,86,52,81,0,1,7,0,0,0,3,152,12
14,7083,תל אביב  יפו,5000,151.0,237,0,497,273,0,273,5,70,38,67,0,1,0,0,0,0,7,77,8
14,7084,תל אביב  יפו,5000,152.0,222,0,644,385,0,385,27,113,39,88,0,0,1,0,0,0,12,90,15
14,7085,תל אביב  יפו,5000,166.1,50,0,684,474,0,474,23,124,20,88,16,0,18,2,1,6,16,127,33
14,7086,תל אביב  יפו,5000,166.2,50,0,684,458,1,457,10,99,24,114,1,0,3,0,0,0,1,177,28
14,7087,תל אביב  יפו,5000,166.3,50,0,684,467,0,467,39,107,70,114,10,0,8,0,0,0,0,115,4
14,7088,תל אביב  יפו,5000,166.4,50,0,684,443,4,439,25,118,38,88,0,0,15,0,0,23,1,121,10
14,7089,תל אביב  יפו,5000,166.5,50,0,684,444,0,444,12,150,22,77,0,0,5,1,0,1,1,132,43
14,7090,תל אביב  יפו,5000,166.6,50,0,684,466,0,466,12,122,23,105,0,0,9,0,0,1,4,159,31
14,7091,תל אביב  יפו,5000,174.0,237,0,684,461,0,461,6,64,20,209,2,0,13,0,0,0,1,136,10
14,7092,תל אביב  יפו,5000,175.0,237,0,686,447,1,446,0,92,24,109,0,25,5,0,0,0,0,168,23
14,7093,תל אביב  יפו,5000,202.0,248,0,744,500,1,499,23,174,74,79,1,0,0,0,0,0,12,130,6
14,7094,תל אביב  יפו,5000,203.0,4,0,682,466,0,466,40,69,96,113,0,0,18,0,0,3,0,111,16
14,7095,תל אביב  יפו,5000,204.1,18,0,650,462,1,461,71,59,47,105,1,5,11,0,0,0,9,102,51
14,7096,תל אביב  יפו,5000,204.2,18,0,650,438,1,437,33,104,13,65,1,26,0,2,1,2,2,178,10
14,7097,תל אביב  יפו,5000,204.3,18,0,650,436,3,433,25,136,18,64,15,2,0,0,0,21,4,128,20
14,7098,תל אביב  יפו,5000,204.4,18,0,647,449,1,448,30,93,38,93,4,0,0,0,0,10,6,159,15
14,7099,תל אביב  יפו,5000,206.0,4,0,522,368,1,367,39,54,38,99,0,3,9,0,0,0,4,110,11
14,7100,תל אביב  יפו,5000,207.0,4,0,679,445,1,444,19,56,79,96,0,1,4,0,0,5,3,155,26
14,7101,תל אביב  יפו,5000,208.0,258,0,503,335,2,333,1,44,26,114,2,3,10,0,0,11,1,103,18
14,7102,תל אביב  יפו,5000,209.0,258,0,563,398,1,397,26,68,31,85,0,0,4,0,0,1,18,155,9
14,7103,תל אביב  יפו,5000,211.0,258,0,536,284,0,284,16,53,24,62,0,2,7,1,0,1,7,105,6
14,7104,תל אביב  יפו,5000,212.1,52,0,655,425,2,423,41,94,37,97,4,7,16,0,0,0,0,121,6
14,7105,תל אביב  יפו,5000,212.2,52,0,655,428,1,427,10,75,39,115,5,0,0,0,0,6,9,155,13
14,7106,תל אביב  יפו,5000,212.3,52,0,655,459,1,458,9,98,16,106,2,9,17,0,1,5,13,160,22
14,7107,תל אביב  יפו,5000,212.4,52,0,655,425,1,424,27,116,17,129,0,3,1,10,0,0,1,85,35
14,7108,תל אביב  יפו,5000,212.5,52,0,655,397,1,396,9,89,52,56,3,2,4,0,0,4,14,139,24
14,7109,תל אביב  יפו,5000,212.6,52,0,653,444,1,443,39,97,20,116,2,5,0,0,1,0,1,148,14
14,7110,תל אביב  יפו,5000,216.0,187,0,644,447,1,446,6,119,45,97,8,4,4,0,0,0,14,147,2
14,7111,תל אביב  יפו,5000,217.0,187,0,578,402,1,401,21,97,26,108,2,0,0,0,0,0,8,112,27
14,7112,תל אביב  יפו,5000,220.0,4,0,700,519,1,518,12,128,40,153,0,1,1,0,0,1,1,165,16
14,7113,תל אביב  יפו,5000,223.0,4,0,535,414,1,413,10,58,24,111,18,3,2,0,0,1,3,172,11
14,7114,תל אביב  יפו,5000,225.0,258,0,528,353,0,353,13,59,31,90,5,0,5,3,0,0,1,129,17
14,7115,תל אביב  יפו,5000,231.0,248,0,664,398,1,397,41,98,20,81,5,1,1,5,0,2,13,103,27
14,7116,תל אביב  יפו,5000,234.0,187,0,691,449,2,447,60,78,19,65,8,8,3,0,0,3,17,148,38
14,7117,תל אביב  יפו,5000,236.1,117,0,662,399,0,399,35,58,67,96,3,3,3,0,0,4,7,71,52
14,7118,תל אביב  יפו,5000,236.2,117,0,662,430,0,430,9,115,19,96,14,0,7,0,0,16,20,132,2
14,7119,תל אביב  יפו,5000,236.3,117,0,662,424,0,424,30,102,53,75,1,0,7,1,0,2,3,124,26
14,7120,תל אביב  יפו,5000,236.4,117,0,662,441,1,440,33,67,103,85,1,0,8,0,1,4,11,114,13
14,7121,תל אביב  יפו,5000,236.5,117,0,662,420,1,419,24,94,19,140,0,10,2,0,0,2,8,104,16
14,7122,תל אביב  יפו,5000,237.1,58,0,621,390,1,389,36,60,39,88,2,0,10,0,0,11,13,116,14
14,7123,תל אביב  יפו,5000,237.2,58,0,621,391,1,390,9,99,45,72,0,0,11,0,0,4,2,102,46
14,7124,תל אביב  יפו,5000,237.3,58,0,621,370,0,370,13,71,28,91,0,0,0,0,0,1,7,150,9
14,7125,תל אביב  יפו,5000,237.4,58,0,621,371,1,370,20,84,12,72,0,0,6,0,0,5,19,128,24
14,7126,תל אביב  יפו,5000,237.5,58,0,619,390,1,389,13,46,34,140,0,0,2,0,0,1,0,140,13
14,7127,תל אביב  יפו,5000,246.0,120,0,625,429,0,429,5,148,56,106,0,0,6,0,0,0,0,99,9
14,7128,תל אביב  יפו,5000,247.0,120,0,713,489,2,487,9,124,37,172,8,3,5,1,0,0,5,104,19
14,7129,תל אביב  יפו,5000,248.0,120,0,674,493,5,488,33,179,36,102,0,1,2,1,0,0,1,128,5
14,7130,תל אביב  יפו,5000,250.0,120,0,723,521,2,519,10,99,39,161,0,0,18,0,2,0,2,178,10
14,7131,תל אביב  יפו,5000,254.0,120,0,646,387,0,387,31,79,45,81,0,10,0,2,0,6,6,115,12
14,7132,תל אביב  יפו,5000,256.0,120,0,617,458,1,457,22,72,16,118,0,0,9,0,0,16,6,172,26
14,7133,תל אביב  יפו,5000,257.0,120,0,585,445,1,444,18,73,35,150,21,0,27,1,0,2,0,99,18
14,7134,תל אביב  יפו,5000,261.0,120,0,568,408,1,407,5,104,31,125,0,0,4,0,1,0,0,118,19
14,7135,תל אביב  יפו,5000,274.0,305,0,501,377,0,377,53,71,13,70,9,5,0,1,0,0,3,135,17
14,7136,תל אביב  יפו,5000,277.1,1,0,744,473,1,472,50,88,50,95,7,0,0,0,0,7,11,141,23
14,7137,תל אביב  יפו,5000,277.2,1,0,744,469,1,468,24,103,48,120,2,0,1,8,0,1,4,134,23
14,7138,תל אביב  יפו,5000,277.3,1,0,744,479,5,474,31,131,13,109,6,0,1,0,0,7,10,146,20
14,7139,תל אביב  יפו,5000,277.4,1,0,744,475,0,475,27,171,31,73,8,0,3,0,0,3,1,137,21
14,7140,תל אביב  יפו,5000,277.5,1,0,744,431,0,431,9,115,42,126,1,2,9,2,0,4,4,94,23
14,7141,תל אביב  יפו,5000,277.6,1,0,744,457,0,457,21,94,19,91,0,3,0,0,0,1,8,203,17
14,7142,תל אביב  יפו,5000,287.1,15,0,745,480,2,478,20,63,47,165,1,4,8,0,10,0,17,132,11
14,7143,תל אביב  יפו,5000,287.2,15,0,745,467,0,467,5,98,77,161,2,3,0,1,0,0,1,107,12
14,7144,תל אביב  יפו,5000,287.3,15,0,745,427,0,427,14,131,8,69,0,2,1,0,0,7,8,167,20
14,7145,תל אביב  יפו,5000,287.4,15,0,744,494,0,494,41,91,54,145,1,0,27,0,0,0,4,114,17
14,7146,תל אביב  יפו,5000,288.1,33,0,560,324,2,322,7,41,35,111,3,1,3,0,0,0,5,96,20
14,7147,תל אביב  יפו,5000,288.2,33,0,560,349,0,349,14,82,26,43,1,2,2,0,0,1,2,161,15
14,7148,תל אביב  יפו,5000,288.3,33,0,560,330,0,330,19,50,39,80,0,7,4,0,0,3,4,114,10
14,7149,תל אביב  יפו,5000,288.4,33,0,560,341,0,341,16,92,20,78,4,0,5,0,3,5,2,87,29
14,7150,תל אביב  יפו,5000,288.5,33,0,560,304,0,304,9,65,36,97,1,0,0,0,0,9,5,76,6
14,7151,תל אביב  יפו,5000,288.6,33,0,555,315,1,314,12,82,12,92,0,0,3,0,0,0,7,92,14
14,7152,תל אביב  יפו,5000,290.0,268,0,742,370,3,367,25,76,26,101,7,0,4,0,0,8,17,99,4
14,7153,תל אביב  יפו,5000,291.1,182,0,715,366,2,364,66,84,54,42,0,0,5,0,0,0,2,108,3
14,7154,תל אביב  יפו,5000,291.2,182,0,715,375,0,375,23,81,29,70,9,0,1,2,1,13,25,115,6
14,7155,תל אביב  יפו,5000,291.3,182,0,715,406,0,406,30,63,27,135,0,0,10,1,0,0,6,116,18
14,7156,תל אביב  יפו,5000,291.4,182,0,715,373,1,372,13,102,20,94,1,8,0,0,0,1,17,100,16
14,7157,תל אביב  יפו,5000,291.5,182,0,713,397,1,396,17,70,57,92,0,4,0,0,0,5,1,133,17
14,7158,תל אביב  יפו,5000,323.1,32,0,660,347,3,344,13,52,46,64,12,0,3,1,0,3,4,119,27
14,7159,תל אביב  יפו,5000,323.2,32,0,660,333,5,328,31,64,39,76,0,0,2,0,0,0,7,102,7
14,7160,תל אביב  יפו,5000,323.3,32,0,660,311,0,311,19,77,9,98,0,0,2,0,0,0,4,91,11
14,7161,תל אביב  יפו,5000,323.4,32,0,660,362,1,361,26,92,12,81,0,7,0,0,0,8,19,108,8
14,7162,תל אביב  יפו,5000,323.5,32,0,660,311,0,311,5,106,8,71,0,0,5,0,0,1,0,113,2
14,7163,תל אביב  יפו,5000,323.6,32,0,660,334,0,334,15,58,29,100,5,0,4,0,0,4,4,95,20
14,7164,תל אביב  יפו,5000,323.7,32,0,660,320,0,320,19,76,6,87,0,0,3,0,0,1,4,108,16
14,7165,תל אביב  יפו,5000,323.8,32,0,656,388,1,387,25,67,34,65,11,0,4,0,0,18,3,149,11
14,7166,תל אביב  יפו,5000,326.1,181,0,728,375,0,375,11,66,39,77,1,16,6,0,0,3,6,144,6
14,7167,תל אביב  יפו,5000,326.2,181,0,728,371,4,367,41,38,24,150,3,1,1,0,0,0,11,89,9
14,7168,תל אביב  יפו,5000,326.3,181,0,728,386,2,384,40,56,43,73,2,6,1,0,0,2,6,140,15
14,7169,תל אביב  יפו,5000,326.4,181,0,728,378,0,378,10,67,37,97,4,8,2,2,0,0,2,133,16
14,7170,תל אביב  יפו,5000,326.5,181,0,727,365,4,361,35,58,12,88,0,1,5,0,0,0,15,133,14
14,7171,תל אביב  יפו,5000,338.1,286,0,572,294,1,293,15,55,19,76,0,0,6,1,0,0,0,94,27
14,7172,תל אביב  יפו,5000,338.2,286,0,572,287,0,287,18,72,11,47,14,0,17,0,0,0,3,101,4
14,7173,תל אביב  יפו,5000,338.3,286,0,572,274,2,272,22,73,18,62,1,0,0,0,3,4,6,78,5
14,7174,תל אביב  יפו,5000,338.4,286,0,572,298,1,297,16,78,10,72,10,0,0,0,0,1,14,69,27
14,7175,תל אביב  יפו,5000,338.5,286,0,572,272,0,272,29,41,21,73,5,0,6,0,0,0,4,80,13
14,7176,תל אביב  יפו,5000,338.6,286,0,572,271,2,269,29,68,14,71,0,0,2,0,0,0,2,68,15
14,7177,תל אביב  יפו,5000,338.7,286,0,572,281,0,281,20,85,17,31,0,0,0,0,0,0,2,118,8
14,7178,תל אביב  יפו,5000,338.8,286,0,564,297,0,297,10,93,25,78,0,1,8,1,0,1,4,69,7
14,7179,תל אביב  יפו,5000,339.1,279,0,748,403,0,403,15,105,37,75,0,0,20,0,0,1,4,132,14
14,7180,תל אביב  יפו,5000,339.2,279,0,748,411,1,410,52,74,14,64,4,2,2,0,0,4,15,148,31
14,7181,תל אביב  יפו,5000,339.3,279,0,748,394,0,394,38,69,37,83,1,1,2,0,0,0,4,140,19
14,7182,תל אביב  יפו,5000,339.4,279,0,747,413,2,411,12,92,21,109,1,0,2,0,0,12,2,142,18
14,7183,תל אביב  יפו,5000,364.1,33,0,739,442,2,440,16,103,21,79,8,7,2,3,0,1,6,160,34
14,7184,תל אביב  יפו,5000,364.2,33,0,739,454,0,454,80,61,16,92,1,3,1,0,0,1,49,115,35
14,7185,תל אביב  יפו,5000,364.3,33,0,739,413,0,413,16,134,49,70,6,0,8,0,0,2,0,121,7
14,7186,תל אביב  יפו,5000,364.4,33,0,739,434,0,434,17,77,22,146,1,0,1,7,0,2,17,129,15
14,7187,תל אביב  יפו,5000,364.5,33,0,739,457,1,456,24,84,25,106,5,19,30,4,0,1,6,136,16
14,7188,תל אביב  יפו,5000,364.6,33,0,739,421,1,420,39,78,34,85,10,0,3,0,0,0,4,159,8
14,7189,תל אביב  יפו,5000,364.7,33,0,739,403,2,401,26,108,33,89,1,1,2,5,0,1,25,101,9
14,7190,תל אביב  יפו,5000,364.8,33,0,739,430,0,430,17,146,11,131,0,0,1,0,0,0,1,106,17
14,7191,תל אביב  יפו,5000,364.9,33,0,736,464,0,464,5,96,59,133,0,9,3,1,0,3,3,114,38
14,7192,תל אביב  יפו,5000,367.0,292,0,651,395,0,395,23,95,20,74,0,0,1,16,0,7,24,127,8
14,7193,תל אביב  יפו,5000,368.0,292,0,535,286,0,286,14,60,17,71,0,0,25,0,3,5,0,80,11
14,7194,תל אביב  יפו,5000,369.0,292,0,511,314,0,314,15,68,16,91,2,10,12,0,0,0,1,90,9
14,7195,תל אביב  יפו,5000,378.1,30,0,588,325,3,322,16,95,16,79,1,0,4,0,2,1,8,87,13
14,7196,תל אביב  יפו,5000,378.2,30,0,588,327,1,326,22,62,20,134,0,0,4,0,0,0,0,72,12
14,7197,תל אביב  יפו,5000,378.3,30,0,588,343,1,342,12,64,24,92,2,3,3,9,1,4,7,101,20
14,7198,תל אביב  יפו,5000,378.4,30,0,588,305,0,305,3,68,23,75,6,0,16,0,0,4,2,94,14
14,7199,תל אביב  יפו,5000,378.5,30,0,588,311,0,311,14,88,19,67,0,0,19,4,0,0,7,84,9
14,7200,תל אביב  יפו,5000,378.6,30,0,588,360,0,360,13,62,43,118,0,5,10,0,0,5,1,82,21
14,7201,תל אביב  יפו,5000,387.1,96,0,642,394,1,393,22,136,42,58,0,0,1,0,0,9,2,120,3
14,7202,תל אביב  יפו,5000,387.2,96,0,642,376,1,375,36,99,9,83,1,1,6,1,1,0,0,127,11
14,7203,תל אביב  יפו,5000,387.3,96,0,642,414,2,412,24,77,34,153,0,0,10,0,0,0,5,94,15
14,7204,תל אביב  יפו,5000,387.4,96,0,642,393,0,393,32,77,25,68,1,0,10,0,0,0,3,159,18
14,7205,תל אביב  יפו,5000,387.5,96,0,642,390,0,390,14,68,59,113,2,0,0,0,0,3,0,108,23
14,7206,תל אביב  יפו,5000,387.6,96,0,639,435,2,433,20,107,10,122,0,24,2,0,0,0,5,117,26
14,7207,תל אביב  יפו,5000,391.1,78,0,604,401,0,401,37,85,30,110,0,0,3,2,0,0,9,118,7
14,7208,תל אביב  יפו,5000,391.2,78,0,604,408,1,407,37,111,36,93,0,0,0,0,0,2,6,96,26
14,7209,תל אביב  יפו,5000,391.3,78,0,604,405,2,403,21,88,47,111,0,7,1,0,0,9,3,111,5
14,7210,תל אביב  יפו,5000,391.4,78,0,604,387,0,387,12,75,11,108,1,0,10,0,0,22,18,122,8
14,7211,תל אביב  יפו,5000,391.5,78,0,601,391,0,391,8,119,14,93,0,0,6,0,0,0,0,141,10
14,7212,תל אביב  יפו,5000,398.1,30,0,680,396,0,396,30,98,26,101,1,0,6,1,8,1,38,79,7
14,7213,תל אביב  יפו,5000,398.2,30,0,680,403,0,403,2,83,15,94,0,2,10,0,0,7,33,140,17
14,7214,תל אביב  יפו,5000,398.3,30,0,680,413,0,413,11,95,30,133,0,2,4,0,0,0,1,121,16
14,7215,תל אביב  יפו,5000,398.4,30,0,680,435,0,435,32,53,32,147,8,0,3,8,0,2,0,143,7
14,7216,תל אביב  יפו,5000,398.5,30,0,680,378,1,377,3,88,34,93,6,1,1,0,0,2,11,116,22
14,7217,תל אביב  יפו,5000,398.6,30,0,680,390,0,390,1,53,37,117,0,0,3,0,0,0,3,149,27
14,7218,תל אביב  יפו,5000,398.7,30,0,674,431,0,431,11,78,41,133,5,4,3,2,0,1,3,127,23
14,7219,תל אביב  יפו,5000,427.1,290,0,718,474,3,471,27,74,30,111,0,1,11,7,0,1,12,178,19
14,7220,תל אביב  יפו,5000,427.2,290,0,718,461,1,460,11,84,36,148,8,3,10,5,0,0,2,115,38
14,7221,תל אביב  יפו,5000,427.3,290,0,718,461,1,460,8,124,4,162,1,11,20,0,1,5,10,104,10
14,7222,תל אביב  יפו,5000,427.4,290,0,718,464,1,463,3,79,14,150,0,1,5,8,0,4,19,148,32
14,7223,תל אביב  יפו,5000,427.5,290,0,718,493,4,489,31,100,27,107,1,29,8,0,0,0,5,164,17
14,7224,תל אביב  יפו,5000,427.6,290,0,718,436,0,436,18,90,30,138,0,3,3,7,0,13,1,125,8
14,7225,תל אביב  יפו,5000,427.7,290,0,716,496,0,496,43,87,48,173,0,4,1,0,0,0,5,114,21
14,7226,תל אביב  יפו,5000,443.1,306,0,590,332,2,330,15,68,40,71,1,0,4,0,0,3,18,105,5
14,7227,תל אביב  יפו,5000,443.2,306,0,590,342,1,341,44,52,23,84,1,23,4,4,0,0,3,101,2
14,7228,תל אביב  יפו,5000,443.3,306,0,590,342,3,339,23,58,29,70,2,0,31,0,1,5,4,104,12
14,7229,תל אביב  יפו,5000,443.4,306,0,588,313,0,313,14,63,15,70,22,0,3,0,0,6,3,108,9
14,7230,תל אביב  יפו,5000,446.1,45,0,731,470,3,467,17,129,43,81,1,6,7,0,2,0,11,133,37
14,7231,תל אביב  יפו,5000,446.2,45,0,731,429,2,427,28,77,72,115,0,2,7,1,4,0,0,106,15
14,7232,תל אביב  יפו,5000,446.3,45,0,731,441,0,441,60,89,8,106,3,5,1,2,0,0,8,145,14
14,7233,תל אביב  יפו,5000,446.4,45,0,731,497,1,496,35,64,58,191,3,3,18,0,2,0,2,89,31
14,7234,תל אביב  יפו,5000,448.1,221,0,653,313,0,313,34,36,41,79,7,4,11,1,0,0,2,85,13
14,7235,תל אביב  יפו,5000,448.2,221,0,653,324,0,324,19,95,18,70,0,2,4,0,0,0,3,102,11
14,7236,תל אביב  יפו,5000,448.3,221,0,653,279,1,278,19,47,7,75,1,0,0,0,0,2,3,102,22
14,7237,תל אביב  יפו,5000,448.4,221,0,650,280,1,279,39,69,31,53,1,7,3,0,0,0,9,58,9
14,7238,תל אביב  יפו,5000,451.1,264,0,722,288,2,286,44,44,38,47,0,0,0,1,0,0,18,76,18
14,7239,תל אביב  יפו,5000,451.2,264,0,722,291,0,291,6,87,6,58,6,1,0,0,0,0,10,100,17
14,7240,תל אביב  יפו,5000,451.3,264,0,722,303,2,301,15,53,33,84,0,1,0,3,0,3,13,90,6
14,7241,תל אביב  יפו,5000,451.4,264,0,722,250,0,250,52,44,14,77,6,0,0,0,0,3,5,37,12
14,7242,תל אביב  יפו,5000,451.5,264,0,721,256,2,254,11,58,11,54,7,0,6,0,0,6,27,68,6
14,7243,תל אביב  יפו,5000,452.1,286,0,700,300,0,300,30,81,12,62,6,0,8,0,0,0,12,84,5
14,7244,תל אביב  יפו,5000,452.2,286,0,700,301,0,301,11,54,14,92,2,1,7,0,0,20,10,81,9
14,7245,תל אביב  יפו,5000,452.3,286,0,700,306,0,306,28,60,33,84,3,0,6,11,0,3,1,72,5
14,7246,תל אביב  יפו,5000,452.4,286,0,700,304,1,303,19,89,6,76,1,0,0,0,0,0,2,96,14
14,7247,תל אביב  יפו,5000,452.5,286,0,700,357,1,356,56,67,19,74,1,0,0,0,0,12,1,112,14
14,7248,תל אביב  יפו,5000,452.6,286,0,700,286,0,286,57,55,17,44,6,10,5,0,1,2,8,75,6
14,7249,תל אביב  יפו,5000,452.7,286,0,700,293,1,292,27,82,11,45,4,0,1,4,0,4,12,98,4
14,7250,תל אביב  יפו,5000,452.8,286,0,700,276,0,276,5,39,23,103,0,0,13,1,0,2,3,80,7
14,7251,תל אביב  יפו,5000,452.9,286,0,698,342,3,339,8,39,17,84,4,0,2,0,7,0,7,156,15
14,7252,תל אביב  יפו,5000,458.1,49,0,565,315,0,315,24,60,8,84,0,0,2,0,0,19,7,98,13
14,7253,תל אביב  יפו,5000,458.2,49,0,565,324,1,323,23,69,37,49,6,0,1,0,0,3,8,115,12
14,7254,תל אביב  יפו,5000,458.3,49,0,565,322,2,320,16,69,13,75,2,2,4,0,0,1,3,125,10
14,7255,תל אביב  יפו,5000,458.4,49,0,562,329,0,329,8,49,58,85,6,2,2,2,0,5,0,90,22
14,7256,תל אביב  יפו,5000,618.1,77,0,686,415,1,414,10,106,16,144,17,2,2,0,0,1,1,109,6
14,7257,תל אביב  יפו,5000,618.2,77,0,686,420,2,418,20,64,39,111,0,4,9,0,0,0,2,167,2
14,7258,תל אביב  יפו,5000,618.3,77,0,686,412,1,411,13,83,13,120,3,10,2,0,0,2,3,156,6
14,7259,תל אביב  יפו,5000,618.4,77,0,686,429,2,427,23,88,14,123,1,0,14,1,0,1,20,126,16
14,7260,תל אביב  יפו,5000,618.5,77,0,686,459,2,457,45,67,33,105,0,0,1,0,3,1,3,179,20
14,7261,תל אביב  יפו,5000,618.6,77,0,686,405,0,405,31,73,11,128,2,1,23,0,2,0,5,118,11
14,7262,תל אביב  יפו,5000,618.7,77,0,686,410,1,409,22,98,26,125,1,0,11,0,0,0,5,112,9
14,7263,תל אביב  יפו,5000,618.8,77,0,686,407,0,407,12,101,36,93,0,2,4,2,0,0,1,119,37
14,7264,תל אביב  יפו,5000,618.9,77,0,679,438,0,438,15,98,28,98,0,7,1,31,0,4,1,137,18
14,7265,תל אביב  יפו,5000,958.0,305,0,454,313,1,312,27,73,54,16,0,4,0,0,0,11,13,104,10
14,7266,תל אביב  יפו,5000,273.0,92,0,579,369,3,366,59,54,16,28,39,8,0,0,0,21,48,85,8
14,7267,תל אביב  יפו,5000,582.1,74,0,674,277,2,275,47,20,7,94,21,7,4,0,0,2,11,38,24
14,7268,תל אביב  יפו,5000,582.2,74,0,674,279,2,277,13,41,15,98,2,8,16,0,0,0,4,77,3
14,7269,תל אביב  יפו,5000,582.3,74,0,674,247,3,244,42,25,9,61,27,4,8,0,0,2,16,47,3
14,7270,תל אביב  יפו,5000,582.4,74,0,674,270,0,270,11,42,13,62,16,1,29,0,1,9,6,78,2
14,7271,תל אביב  יפו,5000,582.5,74,0,674,255,0,255,16,49,10,79,7,1,9,0,2,0,5,61,16
14,7272,תל אביב  יפו,5000,582.6,74,0,674,282,3,279,16,35,6,91,15,3,22,5,2,0,10,69,5
14,7273,תל אביב  יפו,5000,585.1,310,0,644,223,3,220,13,28,16,54,0,15,2,0,5,5,9,50,23
14,7274,תל אביב  יפו,5000,585.2,310,0,644,217,0,217,37,50,13,46,3,0,5,0,0,0,6,42,15
14,7275,תל אביב  יפו,5000,585.3,310,0,644,182,0,182,11,33,18,35,2,0,2,0,0,9,19,50,3
14,7276,תל אביב  יפו,5000,585.4,310,0,644,225,0,225,17,33,27,42,1,6,2,0,0,3,13,76,5
14,7277,תל אביב  יפו,5000,585.5,310,0,644,196,1,195,33,37,12,53,2,6,5,1,0,0,2,34,10
14,7278,תל אביב  יפו,5000,585.6,310,0,656,198,0,198,26,22,11,54,1,0,3,0,1,4,1,72,3
14,7279,תל אביב  יפו,5000,632.1,282,0,735,541,2,539,61,98,24,95,0,0,0,0,0,0,19,212,30
14,7280,תל אביב  יפו,5000,632.2,282,0,734,540,1,539,12,208,33,100,2,1,3,0,0,3,4,139,34
14,7281,תל אביב  יפו,5000,635.1,105,0,675,493,0,493,44,133,28,73,0,16,0,0,0,6,20,158,15
14,7282,תל אביב  יפו,5000,635.2,105,0,675,510,5,505,20,101,24,107,0,10,1,0,0,23,14,179,26
14,7283,תל אביב  יפו,5000,635.3,105,0,675,495,0,495,24,118,37,119,1,6,5,0,0,4,27,142,12
14,7284,תל אביב  יפו,5000,635.4,105,0,675,509,1,508,26,115,45,77,6,8,8,1,0,16,13,171,22
14,7285,תל אביב  יפו,5000,635.5,105,0,675,481,1,480,76,55,53,113,9,0,1,1,0,1,18,140,13
14,7286,תל אביב  יפו,5000,635.6,105,0,675,495,0,495,35,115,35,74,1,0,3,5,0,6,19,179,23
14,7287,תל אביב  יפו,5000,635.7,105,0,670,498,2,496,48,119,14,89,2,5,1,0,0,7,20,185,6
14,7288,תל אביב  יפו,5000,638.0,253,0,701,561,4,557,40,183,57,109,1,3,3,0,0,6,21,128,6
14,7289,תל אביב  יפו,5000,641.0,253,0,718,539,1,538,45,65,12,131,1,0,0,0,0,50,26,154,54
14,7290,תל אביב  יפו,5000,642.0,241,0,617,364,1,363,13,31,27,83,4,0,30,0,0,3,43,108,21
14,7291,תל אביב  יפו,5000,644.0,73,0,626,447,4,443,64,108,32,56,24,11,28,5,9,0,23,79,4
14,7292,תל אביב  יפו,5000,645.0,73,0,622,422,1,421,54,71,18,73,40,6,3,0,0,37,37,61,21
14,7293,תל אביב  יפו,5000,646.0,73,0,671,446,2,444,38,76,15,68,8,11,16,0,0,11,46,113,42
14,7294,תל אביב  יפו,5000,647.1,35,0,644,464,4,460,25,113,34,84,16,0,1,0,0,1,20,159,7
14,7295,תל אביב  יפו,5000,647.2,35,0,644,461,1,460,72,38,25,101,44,5,2,4,0,0,9,142,18
14,7296,תל אביב  יפו,5000,647.3,35,0,644,463,2,461,30,77,12,88,14,5,1,0,0,4,9,181,40
14,7297,תל אביב  יפו,5000,647.4,35,0,644,430,0,430,66,99,9,75,5,2,1,0,0,2,16,134,21
14,7298,תל אביב  יפו,5000,647.5,35,0,642,476,4,472,26,77,17,95,4,9,1,0,8,11,18,162,44
14,7299,תל אביב  יפו,5000,661.0,12,0,448,302,1,301,74,30,33,43,23,1,3,0,1,15,10,57,11
14,7300,תל אביב  יפו,5000,662.0,114,0,673,442,2,440,91,43,15,26,88,10,0,0,0,4,63,95,5
14,7301,תל אביב  יפו,5000,663.0,68,0,542,274,0,274,31,75,25,48,1,0,5,0,0,0,5,71,13
14,7302,תל אביב  יפו,5000,664.0,241,0,684,356,4,352,71,45,2,42,71,21,2,0,0,5,49,42,2
14,7303,תל אביב  יפו,5000,665.0,114,0,712,486,2,484,73,89,8,60,72,1,0,0,0,14,43,115,9
14,7304,תל אביב  יפו,5000,666.0,25,0,714,486,1,485,162,63,30,31,91,22,4,0,0,8,27,40,7
14,7305,תל אביב  יפו,5000,667.0,114,0,606,356,0,356,20,62,8,81,19,5,1,0,0,5,17,124,14
14,7306,תל אביב  יפו,5000,668.0,114,0,583,339,1,338,55,56,16,69,4,0,2,0,0,16,16,99,5
14,7307,תל אביב  יפו,5000,669.0,114,0,697,229,0,229,85,54,3,11,9,2,0,0,0,2,12,40,11
14,7308,תל אביב  יפו,5000,670.0,114,0,661,452,1,451,100,74,11,39,21,1,0,2,0,14,24,143,22
14,7309,תל אביב  יפו,5000,671.0,12,0,514,341,0,341,50,46,7,87,30,28,3,0,0,5,23,50,12
14,7310,תל אביב  יפו,5000,672.0,241,0,611,437,1,436,56,59,8,65,65,11,0,0,1,26,50,89,6
14,7311,תל אביב  יפו,5000,673.0,25,0,634,398,0,398,73,70,11,36,20,0,5,0,0,15,17,119,32
14,7312,תל אביב  יפו,5000,674.0,25,0,635,398,0,398,65,76,26,43,58,1,6,0,0,5,32,72,14
14,7313,תל אביב  יפו,5000,675.0,25,0,575,375,0,375,79,55,15,32,27,1,9,0,0,29,27,91,10
14,7314,תל אביב  יפו,5000,676.0,12,0,551,291,4,287,55,13,28,47,42,5,0,0,0,6,25,56,10
14,7315,תל אביב  יפו,5000,677.0,41,0,589,322,0,322,70,52,61,30,20,2,5,0,0,3,25,47,7
14,7316,תל אביב  יפו,5000,678.0,41,0,559,343,3,340,58,23,12,33,58,16,22,0,0,8,35,70,5
14,7317,תל אביב  יפו,5000,679.0,41,0,651,374,2,372,105,33,9,31,21,20,2,2,0,6,67,63,13
14,7318,תל אביב  יפו,5000,680.0,41,0,549,344,2,342,89,34,4,25,33,12,0,0,0,9,25,88,23
14,7319,תל אביב  יפו,5000,682.0,57,0,702,416,5,411,182,29,9,26,32,12,3,0,0,17,22,66,13
14,7320,תל אביב  יפו,5000,683.0,57,0,725,467,3,464,119,73,3,36,75,8,4,0,0,44,32,47,23
14,7321,תל אביב  יפו,5000,684.1,109,0,605,307,3,304,90,48,13,19,44,1,7,0,0,9,8,52,13
14,7322,תל אביב  יפו,5000,684.2,109,0,605,328,1,327,93,20,3,22,42,3,0,5,0,8,42,62,27
14,7323,תל אביב  יפו,5000,684.3,109,0,605,329,3,326,73,54,2,22,65,1,0,0,0,16,35,54,4
14,7324,תל אביב  יפו,5000,684.4,109,0,605,338,2,336,94,28,5,4,80,17,7,0,0,24,28,43,6
14,7325,תל אביב  יפו,5000,684.5,109,0,604,339,2,337,66,55,8,17,54,2,0,0,0,22,25,64,24
14,7326,תל אביב  יפו,5000,687.1,70,0,741,501,3,498,84,66,33,73,78,12,2,0,0,5,22,116,7
14,7327,תל אביב  יפו,5000,687.2,70,0,741,493,0,493,119,48,13,91,41,5,0,0,0,18,19,127,12
14,7328,תל אביב  יפו,5000,687.3,70,0,741,500,0,500,81,127,29,41,56,4,10,6,0,7,31,75,33
14,7329,תל אביב  יפו,5000,687.4,70,0,737,486,2,484,63,128,36,78,44,3,6,0,0,8,22,75,21
14,7330,תל אביב  יפו,5000,688.0,119,0,567,356,1,355,123,42,6,9,81,30,0,0,0,19,25,10,10
14,7331,תל אביב  יפו,5000,690.1,146,0,704,380,0,380,96,47,19,55,33,33,1,0,0,8,27,47,14
14,7332,תל אביב  יפו,5000,690.2,146,0,704,396,1,395,82,93,23,13,33,12,0,0,0,17,48,72,2
14,7333,תל אביב  יפו,5000,690.3,146,0,704,409,5,404,101,45,15,31,21,6,5,0,0,43,45,64,28
14,7334,תל אביב  יפו,5000,690.4,146,0,704,384,4,380,52,46,12,107,31,3,0,0,0,18,24,73,14
14,7335,תל אביב  יפו,5000,690.5,146,0,700,392,3,389,59,54,35,19,51,30,3,0,0,19,40,70,9
14,7336,תל אביב  יפו,5000,691.0,68,0,606,390,1,389,67,38,32,101,62,1,2,0,0,5,23,49,9
14,7337,תל אביב  יפו,5000,692.0,68,0,672,432,4,428,20,84,32,92,4,25,16,0,1,2,15,107,30
14,7338,תל אביב  יפו,5000,693.0,68,0,675,443,0,443,57,59,15,90,68,11,6,0,0,3,32,94,8
14,7339,תל אביב  יפו,5000,695.0,119,0,584,381,1,380,53,52,28,18,63,1,3,0,0,13,18,96,35
14,7340,תל אביב  יפו,5000,697.0,119,0,628,403,4,399,118,46,6,18,44,2,0,0,0,14,60,72,19
14,7341,תל אביב  יפו,5000,698.0,41,0,474,291,2,289,51,72,4,25,25,4,4,0,0,2,27,64,11
14,7342,תל אביב  יפו,5000,703.1,44,0,740,450,3,447,114,70,8,17,77,4,0,0,0,31,34,77,15
14,7343,תל אביב  יפו,5000,703.2,44,0,740,437,1,436,134,58,29,7,48,12,0,0,0,17,55,65,11
14,7344,תל אביב  יפו,5000,703.3,44,0,740,501,3,498,143,80,18,14,63,43,0,0,0,27,50,58,2
14,7345,תל אביב  יפו,5000,703.4,44,0,740,460,2,458,86,55,19,16,41,3,0,0,0,20,40,157,21
14,7346,תל אביב  יפו,5000,703.5,44,0,737,483,0,483,122,30,28,7,59,15,0,0,2,12,51,116,41
14,7347,תל אביב  יפו,5000,706.1,215,0,389,279,0,279,94,21,13,17,58,5,0,0,0,3,25,35,8
14,7348,תל אביב  יפו,5000,706.2,215,0,389,279,2,277,102,16,3,1,66,14,0,0,0,7,27,36,5
14,7349,תל אביב  יפו,5000,709.0,243,0,572,342,0,342,56,56,21,3,77,7,0,0,0,20,29,60,13
14,7350,תל אביב  יפו,5000,711.0,265,0,661,381,5,376,74,40,58,22,38,9,0,0,0,38,34,55,8
14,7351,תל אביב  יפו,5000,712.1,91,0,634,392,4,388,93,76,15,39,41,1,0,0,0,17,41,62,3
14,7352,תל אביב  יפו,5000,712.2,91,0,634,397,3,394,85,81,12,19,50,39,0,0,0,6,50,47,5
14,7353,תל אביב  יפו,5000,712.3,91,0,634,437,0,437,134,36,13,18,73,4,0,0,0,19,74,58,8
14,7354,תל אביב  יפו,5000,712.4,91,0,634,390,2,388,96,55,23,26,47,15,0,1,0,11,22,49,43
14,7355,תל אביב  יפו,5000,712.5,91,0,634,373,3,370,108,32,9,21,50,4,2,2,0,14,17,107,4
14,7356,תל אביב  יפו,5000,712.6,91,0,629,399,4,395,160,33,23,18,63,2,0,1,0,3,48,39,5
14,7357,תל אביב  יפו,5000,714.0,243,0,521,323,2,321,85,57,25,26,21,0,3,0,0,5,4,70,25
14,7358,תל אביב  יפו,5000,719.0,281,0,583,353,1,352,110,51,12,24,55,5,0,0,0,15,16,58,6
14,7359,תל אביב  יפו,5000,720.0,22,0,735,445,1,444,66,49,3,5,96,5,0,0,0,48,40,107,25
14,7360,תל אביב  יפו,5000,721.0,22,0,593,315,5,310,104,16,7,5,81,12,0,0,0,17,35,27,6
14,7361,תל אביב  יפו,5000,726.0,22,0,704,412,2,410,96,27,24,15,100,21,0,0,0,3,72,37,15
14,7362,תל אביב  יפו,5000,727.1,216,0,663,388,3,385,155,47,6,15,50,7,0,0,0,12,22,52,19
14,7363,תל אביב  יפו,5000,727.2,216,0,663,401,3,398,87,48,30,24,34,2,0,0,0,20,14,122,17
14,7364,תל אביב  יפו,5000,727.3,216,0,663,419,1,418,137,79,9,9,27,13,0,1,0,6,37,86,14
14,7365,תל אביב  יפו,5000,727.4,216,0,663,413,3,410,127,23,23,22,64,5,0,0,0,6,56,66,18
14,7366,תל אביב  יפו,5000,727.5,216,0,663,406,2,404,142,64,9,9,62,25,0,0,0,11,35,45,2
14,7367,תל אביב  יפו,5000,727.6,216,0,663,405,4,401,102,70,16,36,18,6,0,0,0,11,55,83,4
14,7368,תל אביב  יפו,5000,727.7,216,0,659,390,5,385,101,52,27,10,42,23,0,0,0,10,40,76,4
14,7369,תל אביב  יפו,5000,728.0,284,0,679,352,4,348,80,63,30,15,39,8,0,0,0,15,31,57,10
14,7370,תל אביב  יפו,5000,731.1,150,0,381,198,1,197,45,27,13,17,24,8,6,0,0,6,10,33,8
14,7371,תל אביב  יפו,5000,731.2,150,0,379,210,0,210,63,21,15,9,30,3,0,0,0,14,30,24,1
14,7372,תל אביב  יפו,5000,733.0,265,0,586,319,4,315,51,59,21,18,50,1,0,0,0,10,32,63,10
14,7373,תל אביב  יפו,5000,734.0,265,0,602,341,4,337,80,47,23,4,58,15,0,0,0,9,45,43,13
14,7374,תל אביב  יפו,5000,736.0,265,0,567,350,0,350,96,38,16,4,84,6,0,0,0,15,24,59,8
14,7375,תל אביב  יפו,5000,737.0,119,0,678,410,1,409,92,71,1,6,73,9,0,0,0,35,72,37,13
14,7376,תל אביב  יפו,5000,738.0,284,0,684,347,3,344,98,104,31,24,15,3,0,0,0,8,34,26,1
14,7377,תל אביב  יפו,5000,739.0,43,0,678,340,2,338,88,54,13,8,37,18,0,0,0,5,59,52,4
14,7378,תל אביב  יפו,5000,740.0,43,0,561,295,1,294,73,25,20,23,25,6,2,0,0,7,78,33,2
14,7379,תל אביב  יפו,5000,741.0,119,0,689,435,6,429,128,38,5,27,64,3,3,0,0,21,50,72,18
14,7380,תל אביב  יפו,5000,742.1,308,0,630,370,0,370,61,111,3,12,62,3,0,1,0,15,36,48,18
14,7381,תל אביב  יפו,5000,742.2,308,0,630,380,1,379,57,42,32,35,65,5,0,0,4,9,41,76,13
14,7382,תל אביב  יפו,5000,742.3,308,0,630,392,3,389,107,65,11,4,69,7,4,0,0,4,48,47,23
14,7383,תל אביב  יפו,5000,742.4,308,0,630,364,5,359,74,51,22,17,69,17,0,8,0,9,38,46,8
14,7384,תל אביב  יפו,5000,742.5,308,0,630,371,2,369,97,51,1,32,64,5,0,0,0,4,22,89,4
14,7385,תל אביב  יפו,5000,743.0,22,0,731,482,1,481,72,77,48,38,34,11,0,0,0,8,15,167,11
14,7386,תל אביב  יפו,5000,744.0,231,0,379,193,5,188,80,16,2,19,15,15,0,3,0,5,18,10,5
14,7387,תל אביב  יפו,5000,745.0,231,0,443,198,2,196,67,20,7,24,17,4,0,0,0,8,11,35,3
14,7388,תל אביב  יפו,5000,747.0,281,0,503,329,1,328,99,22,8,25,27,8,1,0,0,16,29,91,2
14,7389,תל אביב  יפו,5000,749.0,43,0,586,209,1,208,63,18,15,14,28,3,0,0,0,13,29,22,3
14,7390,תל אביב  יפו,5000,753.0,287,0,531,260,6,254,50,25,2,2,24,3,8,1,20,29,20,50,20
14,7391,תל אביב  יפו,5000,754.0,43,0,748,510,1,509,125,23,8,6,150,24,3,0,0,14,64,72,20
14,7392,תל אביב  יפו,5000,755.0,287,0,418,217,1,216,62,28,1,7,29,5,13,0,0,9,13,35,14
14,7393,תל אביב  יפו,5000,756.0,43,0,647,288,3,285,75,31,13,15,29,9,5,0,0,14,47,36,11
14,7394,תל אביב  יפו,5000,757.0,231,0,354,166,0,166,48,19,3,10,33,1,0,0,0,12,12,18,10
14,7395,תל אביב  יפו,5000,758.0,22,0,626,421,1,420,124,43,16,25,38,6,0,0,0,26,43,81,18
14,7396,תל אביב  יפו,5000,761.0,265,0,505,311,3,308,77,26,14,5,50,20,0,0,0,22,36,57,1
14,7397,תל אביב  יפו,5000,762.0,265,0,697,437,3,434,87,64,6,8,56,15,0,0,0,53,49,82,14
14,7398,תל אביב  יפו,5000,764.0,231,0,547,248,3,245,68,17,18,28,33,11,1,0,0,7,22,39,1
14,7399,תל אביב  יפו,5000,766.0,231,0,369,162,0,162,68,15,4,5,28,2,1,0,1,9,7,20,2
14,7400,תל אביב  יפו,5000,770.1,85,0,619,354,2,352,103,45,15,22,21,1,0,0,0,1,39,97,8
14,7401,תל אביב  יפו,5000,770.2,85,0,619,369,2,367,61,24,31,30,45,2,0,0,0,28,14,114,18
14,7402,תל אביב  יפו,5000,770.3,85,0,619,350,5,345,94,59,19,19,55,11,0,0,0,9,32,41,6
14,7403,תל אביב  יפו,5000,770.4,85,0,619,363,3,360,72,72,13,23,33,3,0,0,0,4,54,77,9
14,7404,תל אביב  יפו,5000,770.5,85,0,619,378,1,377,82,29,39,22,11,10,0,0,0,19,48,77,40
14,7405,תל אביב  יפו,5000,776.1,26,0,670,426,4,422,85,38,5,30,135,7,0,0,0,16,70,25,11
14,7406,תל אביב  יפו,5000,776.2,26,0,670,417,6,411,116,37,4,11,106,4,8,11,0,14,47,49,4
14,7407,תל אביב  יפו,5000,776.3,26,0,670,445,3,442,100,10,8,67,135,19,6,1,0,2,46,19,29
14,7408,תל אביב  יפו,5000,776.4,26,0,670,420,1,419,101,46,3,49,83,17,9,0,0,4,36,59,12
14,7409,תל אביב  יפו,5000,777.0,92,0,551,366,0,366,77,59,1,25,75,7,6,0,0,20,21,55,20
14,7410,תל אביב  יפו,5000,778.0,92,0,674,418,6,412,131,14,2,28,73,12,0,0,0,20,48,49,35
14,7411,תל אביב  יפו,5000,780.0,211,0,691,399,1,398,61,27,6,14,133,5,1,0,3,24,31,72,21
14,7412,תל אביב  יפו,5000,781.0,211,0,678,389,2,387,109,10,9,30,94,16,20,0,0,18,31,44,6
14,7413,תל אביב  יפו,5000,783.1,246,0,585,373,3,370,95,36,7,39,62,2,8,3,1,13,35,58,11
14,7414,תל אביב  יפו,5000,783.2,246,0,585,342,3,339,82,49,13,24,70,5,2,1,0,4,8,76,5
14,7415,תל אביב  יפו,5000,788.1,95,0,639,356,5,351,71,42,25,54,54,12,30,0,3,9,12,37,2
14,7416,תל אביב  יפו,5000,788.2,95,0,639,345,5,340,66,52,8,40,60,1,3,23,0,9,28,42,8
14,7417,תל אביב  יפו,5000,788.3,95,0,639,332,3,329,61,50,7,58,52,6,4,4,0,10,16,50,11
14,7418,תל אביב  יפו,5000,788.4,95,0,635,323,3,320,27,51,12,36,78,11,4,1,0,8,17,67,8
14,7419,תל אביב  יפו,5000,789.0,92,0,488,315,4,311,80,19,9,28,74,1,2,2,0,8,44,40,4
14,7420,תל אביב  יפו,5000,791.1,21,0,632,365,1,364,73,40,25,33,44,2,21,3,4,12,19,86,2
14,7421,תל אביב  יפו,5000,791.2,21,0,632,369,2,367,64,19,5,108,73,2,3,1,0,5,30,54,3
14,7422,תל אביב  יפו,5000,791.3,21,0,632,350,1,349,57,30,7,47,86,8,1,0,1,11,42,57,2
14,7423,תל אביב  יפו,5000,791.4,21,0,632,351,1,350,74,37,5,31,63,3,13,0,0,11,50,52,11
14,7424,תל אביב  יפו,5000,791.5,21,0,632,366,3,363,36,43,9,88,56,4,10,10,3,3,13,86,2
14,7425,תל אביב  יפו,5000,791.6,21,0,628,345,0,345,47,38,9,73,28,20,28,0,7,8,26,44,17
14,7426,תל אביב  יפו,5000,971.1,225,0,565,310,0,310,34,87,22,41,15,5,0,0,1,2,0,81,22
14,7427,תל אביב  יפו,5000,971.2,225,0,565,340,3,337,8,88,36,48,5,8,1,0,1,37,6,89,10
14,7428,תל אביב  יפו,5000,971.3,225,0,565,321,0,321,16,72,21,95,0,4,16,0,0,6,11,60,20
14,7429,תל אביב  יפו,5000,971.4,225,0,563,312,2,310,19,60,19,82,0,2,6,0,0,1,11,90,20
14,7430,תל אביב  יפו,5000,259.1,2,0,733,294,3,291,32,77,11,60,5,1,2,0,0,1,12,69,21
14,7431,תל אביב  יפו,5000,259.2,2,0,733,340,1,339,51,53,35,86,1,9,0,0,0,3,7,81,13
14,7432,תל אביב  יפו,5000,259.3,2,0,733,317,1,316,62,81,11,38,15,11,0,1,0,10,5,75,7
14,7433,תל אביב  יפו,5000,259.4,2,0,733,349,3,346,18,86,16,86,2,2,6,0,0,4,6,111,9
14,7434,תל אביב  יפו,5000,259.5,2,0,733,278,1,277,29,43,5,51,14,2,5,0,0,13,7,92,16
14,7435,תל אביב  יפו,5000,259.6,2,0,733,290,0,290,34,55,16,34,17,0,19,0,0,2,7,87,19
14,7436,תל אביב  יפו,5000,259.7,2,0,733,308,3,305,5,78,34,63,3,4,0,0,0,12,7,91,8
14,7437,תל אביב  יפו,5000,259.8,2,0,728,362,2,360,35,112,10,109,10,0,4,0,1,2,2,65,10
14,7438,תל אביב  יפו,5000,263.0,256,0,673,560,0,560,38,106,92,93,10,3,7,0,0,2,1,194,14
14,7439,תל אביב  יפו,5000,265.0,302,0,577,334,2,332,8,83,21,100,0,6,26,1,9,1,0,70,7
14,7440,תל אביב  יפו,5000,267.0,113,0,593,291,5,286,11,42,7,49,0,0,64,61,27,0,0,19,6
14,7441,תל אביב  יפו,5000,268.0,256,0,532,409,0,409,17,127,24,57,0,0,1,0,0,3,10,154,16
14,7442,תל אביב  יפו,5000,271.0,256,0,538,422,0,422,25,98,37,90,0,1,12,0,6,0,26,119,8
14,7443,תל אביב  יפו,5000,278.0,256,0,573,456,0,456,23,134,31,66,0,0,1,0,0,7,1,191,2
14,7444,תל אביב  יפו,5000,307.0,256,0,659,549,1,548,36,92,29,129,9,0,0,0,0,8,7,223,15
14,7445,תל אביב  יפו,5000,434.1,275,0,650,403,1,402,37,84,30,85,4,6,5,21,0,0,14,109,7
14,7446,תל אביב  יפו,5000,434.2,275,0,650,350,0,350,14,58,30,105,2,0,29,0,0,2,7,96,7
14,7447,תל אביב  יפו,5000,434.3,275,0,650,377,1,376,25,56,34,126,0,0,5,19,0,3,1,95,12
14,7448,תל אביב  יפו,5000,435.0,309,0,633,410,0,410,6,91,30,97,0,0,10,9,0,0,0,162,5
14,7449,תל אביב  יפו,5000,436.0,309,0,688,409,0,409,23,52,25,150,3,1,4,5,0,7,15,91,33
14,7450,תל אביב  יפו,5000,438.0,309,0,729,483,1,482,53,120,34,100,4,0,0,0,0,0,25,135,11
14,7451,תל אביב  יפו,5000,488.1,190,0,521,256,1,255,21,60,18,43,8,0,5,0,0,1,15,65,19
14,7452,תל אביב  יפו,5000,488.2,190,0,521,251,1,250,38,65,16,40,6,2,0,0,0,10,3,48,22
14,7453,תל אביב  יפו,5000,488.3,190,0,520,271,0,271,22,48,18,66,13,0,4,1,0,5,16,63,15
14,7454,תל אביב  יפו,5000,495.1,60,0,666,362,2,360,27,138,37,76,3,1,0,0,0,0,2,63,13
14,7455,תל אביב  יפו,5000,495.2,60,0,666,376,4,372,9,95,12,129,0,14,6,5,0,0,13,81,8
14,7456,תל אביב  יפו,5000,495.3,60,0,666,397,0,397,27,77,20,104,1,5,4,3,0,0,20,124,12
14,7457,תל אביב  יפו,5000,495.4,60,0,666,427,0,427,34,143,14,62,5,5,2,0,0,3,14,138,7
14,7458,תל אביב  יפו,5000,495.5,60,0,666,376,0,376,9,86,44,87,6,0,19,0,0,9,0,103,13
14,7459,תל אביב  יפו,5000,495.6,60,0,666,377,0,377,37,71,38,84,0,3,5,0,0,1,3,131,4
14,7460,תל אביב  יפו,5000,495.7,60,0,666,361,0,361,16,78,62,77,1,0,5,0,0,0,8,108,6
14,7461,תל אביב  יפו,5000,495.8,60,0,662,415,0,415,18,75,35,110,1,1,15,0,1,0,6,140,13
14,7462,תל אביב  יפו,5000,499.1,90,0,627,400,1,399,32,56,10,102,1,8,30,0,0,0,14,129,17
14,7463,תל אביב  יפו,5000,499.2,90,0,627,365,0,365,13,84,26,99,0,5,2,6,9,1,0,98,22
14,7464,תל אביב  יפו,5000,499.3,90,0,627,378,1,377,26,69,28,119,9,6,8,0,0,6,0,80,26
14,7465,תל אביב  יפו,5000,499.4,90,0,627,362,1,361,13,70,25,98,0,13,14,0,1,2,11,79,35
14,7466,תל אביב  יפו,5000,499.5,90,0,625,389,1,388,12,63,14,109,6,9,40,0,0,0,2,105,28
14,7467,תל אביב  יפו,5000,501.1,94,0,687,385,3,382,27,90,51,102,0,6,17,7,0,2,9,64,7
14,7468,תל אביב  יפו,5000,501.2,94,0,687,403,2,401,33,94,19,93,8,3,8,0,0,5,4,124,10
14,7469,תל אביב  יפו,5000,501.3,94,0,687,406,2,404,34,73,24,117,6,3,6,0,0,4,15,113,9
14,7470,תל אביב  יפו,5000,501.4,94,0,686,414,0,414,19,92,43,136,5,1,2,4,0,0,1,87,24
14,7471,תל אביב  יפו,5000,506.0,276,0,745,358,1,357,33,69,22,110,2,0,1,0,2,4,8,78,28
14,7472,תל אביב  יפו,5000,507.0,276,0,746,323,0,323,12,61,40,78,1,2,8,1,0,1,15,96,8
14,7473,תל אביב  יפו,5000,529.1,24,0,682,328,1,327,24,93,16,49,16,2,8,0,0,2,4,101,12
14,7474,תל אביב  יפו,5000,529.2,24,0,682,311,0,311,14,73,13,79,4,6,5,0,0,0,12,92,13
14,7475,תל אביב  יפו,5000,529.3,24,0,682,332,2,330,40,70,15,104,6,0,9,0,0,2,24,53,7
14,7476,תל אביב  יפו,5000,529.4,24,0,682,306,2,304,40,43,6,67,20,4,1,0,0,12,49,61,1
14,7477,תל אביב  יפו,5000,529.5,24,0,682,307,2,305,17,60,32,58,22,6,9,0,0,11,5,81,4
14,7478,תל אביב  יפו,5000,529.6,24,0,678,297,0,297,22,48,27,56,3,1,0,0,0,4,15,97,24
14,7479,תל אביב  יפו,5000,535.1,191,0,720,378,10,368,53,93,14,51,9,0,5,0,0,6,8,121,8
14,7480,תל אביב  יפו,5000,535.2,191,0,720,361,1,360,36,54,27,47,11,0,3,0,0,0,44,127,11
14,7481,תל אביב  יפו,5000,535.3,191,0,720,356,1,355,24,62,33,66,4,3,1,5,0,10,17,124,6
14,7482,תל אביב  יפו,5000,535.4,191,0,719,366,2,364,41,105,20,59,1,5,0,0,0,15,2,105,11
14,7483,תל אביב  יפו,5000,568.1,93,0,615,348,0,348,39,56,20,89,1,4,3,1,0,15,2,111,7
14,7484,תל אביב  יפו,5000,568.2,93,0,615,316,2,314,31,55,22,83,4,1,2,1,0,0,5,93,17
14,7485,תל אביב  יפו,5000,568.3,93,0,615,323,0,323,61,35,39,46,6,0,2,0,0,3,5,117,9
14,7486,תל אביב  יפו,5000,568.4,93,0,615,324,0,324,34,79,34,66,18,0,4,0,0,1,3,72,13
14,7487,תל אביב  יפו,5000,568.5,93,0,611,347,0,347,60,85,16,78,8,0,5,0,0,1,3,74,17
14,7488,תל אביב  יפו,5000,571.0,277,0,698,388,1,387,20,79,27,62,0,0,3,0,0,4,14,169,9
14,7489,תל אביב  יפו,5000,572.1,235,0,741,413,0,413,27,68,12,71,0,4,26,0,0,12,3,142,48
14,7490,תל אביב  יפו,5000,572.2,235,0,741,439,3,436,18,92,51,109,15,6,8,0,0,0,12,102,23
14,7491,תל אביב  יפו,5000,572.3,235,0,741,392,0,392,29,57,11,88,1,5,6,6,0,24,7,128,30
14,7492,תל אביב  יפו,5000,572.4,235,0,741,431,1,430,51,104,24,86,4,1,17,0,0,8,6,115,14
14,7493,תל אביב  יפו,5000,572.5,235,0,741,417,0,417,54,74,17,110,1,0,12,9,5,0,12,119,4
14,7494,תל אביב  יפו,5000,572.6,235,0,736,451,0,451,37,85,26,91,13,2,8,0,0,7,26,128,28
14,7495,תל אביב  יפו,5000,574.1,69,0,675,364,2,362,35,59,23,93,3,0,5,0,1,3,6,98,36
14,7496,תל אביב  יפו,5000,574.2,69,0,675,370,0,370,13,94,37,90,13,0,2,0,0,6,5,87,23
14,7497,תל אביב  יפו,5000,574.3,69,0,675,336,0,336,8,41,19,58,1,0,23,0,0,0,20,137,29
14,7498,תל אביב  יפו,5000,574.4,69,0,675,330,0,330,5,104,13,83,5,0,16,4,0,5,1,81,13
14,7499,תל אביב  יפו,5000,574.5,69,0,675,357,1,356,18,52,27,81,9,1,7,0,0,4,3,102,52
14,7500,תל אביב  יפו,5000,574.6,69,0,675,353,0,353,18,94,23,92,6,0,15,0,0,1,9,86,9
14,7501,תל אביב  יפו,5000,574.7,69,0,675,352,0,352,11,60,46,107,0,0,2,0,0,3,7,107,9
14,7502,תל אביב  יפו,5000,574.8,69,0,675,349,3,346,28,60,21,95,1,0,6,0,0,0,4,124,7
14,7503,תל אביב  יפו,5000,574.9,69,0,672,393,2,391,12,72,35,109,9,14,19,2,0,0,6,89,24
14,7504,תל אביב  יפו,5000,575.0,277,0,653,405,1,404,29,57,29,98,10,0,5,7,0,16,2,138,13
14,7505,תל אביב  יפו,5000,576.0,247,0,742,422,2,420,23,69,10,201,3,0,3,0,0,6,6,83,16
14,7506,תל אביב  יפו,5000,593.0,247,0,687,390,0,390,17,64,35,104,1,1,1,0,0,0,1,157,9
14,7507,תל אביב  יפו,5000,614.1,20,0,746,473,2,471,6,68,37,174,5,13,29,0,0,0,2,123,14
14,7508,תל אביב  יפו,5000,614.2,20,0,746,532,0,532,10,121,38,159,3,10,24,0,1,4,24,123,15
14,7509,תל אביב  יפו,5000,614.3,20,0,746,526,0,526,5,96,19,204,2,4,13,0,0,11,13,151,8
14,7510,תל אביב  יפו,5000,614.4,20,0,745,508,0,508,16,110,16,154,9,6,23,0,0,0,1,156,17
14,7511,תל אביב  יפו,5000,616.0,256,0,605,388,1,387,20,57,24,117,7,4,1,0,0,0,11,144,2
14,7512,תל אביב  יפו,5000,824.1,312,0,530,282,5,277,10,67,49,39,0,1,5,9,3,0,5,73,16
14,7513,תל אביב  יפו,5000,824.2,312,0,530,270,1,269,15,35,10,83,6,0,24,16,3,9,5,58,5
14,7514,תל אביב  יפו,5000,827.1,210,0,617,297,1,296,21,33,28,65,4,0,7,0,0,1,7,120,10
14,7515,תל אביב  יפו,5000,827.2,210,0,617,274,0,274,28,76,11,57,3,7,4,5,0,0,5,73,5
14,7516,תל אביב  יפו,5000,827.3,210,0,615,274,3,271,19,61,18,81,6,1,20,0,0,6,5,47,7
14,7517,תל אביב  יפו,5000,828.1,194,0,641,295,2,293,18,27,26,57,1,4,29,10,26,2,4,79,10
14,7518,תל אביב  יפו,5000,828.2,194,0,641,313,1,312,23,82,19,85,0,0,12,0,14,0,2,69,6
14,7519,תל אביב  יפו,5000,828.3,194,0,641,300,1,299,17,60,22,83,8,0,8,14,0,4,13,64,6
14,7520,תל אביב  יפו,5000,828.4,194,0,640,317,0,317,16,47,6,96,2,2,12,2,0,1,9,108,16
14,7521,תל אביב  יפו,5000,836.1,257,0,707,356,1,355,6,17,0,28,9,1,92,107,55,2,3,35,0
14,7522,תל אביב  יפו,5000,836.2,257,0,707,347,3,344,45,47,2,74,2,0,38,40,20,0,12,49,15
14,7523,תל אביב  יפו,5000,836.3,257,0,707,339,0,339,60,42,4,81,1,0,45,23,22,0,11,40,10
14,7524,תל אביב  יפו,5000,836.4,257,0,707,352,2,350,9,21,14,42,7,0,85,55,48,0,2,58,9
14,7525,תל אביב  יפו,5000,836.5,257,0,707,358,1,357,14,51,11,82,1,5,101,21,25,1,1,40,4
14,7526,תל אביב  יפו,5000,836.6,257,0,707,340,1,339,5,21,13,50,1,0,100,42,75,10,1,21,0
14,7527,תל אביב  יפו,5000,836.7,257,0,707,337,1,336,10,50,15,80,3,0,59,33,40,1,2,39,4
14,7528,תל אביב  יפו,5000,836.8,257,0,702,350,0,350,10,58,40,45,0,1,52,39,12,0,8,64,21
14,7529,תל אביב  יפו,5000,839.0,250,0,663,428,5,423,61,47,14,29,137,55,0,0,0,10,22,46,2
14,7530,תל אביב  יפו,5000,843.0,23,0,653,345,9,336,101,51,23,21,39,1,2,0,0,12,29,55,2
14,7531,תל אביב  יפו,5000,844.1,75,0,600,364,3,361,76,20,27,12,121,20,0,0,0,15,11,55,4
14,7532,תל אביב  יפו,5000,844.2,75,0,600,392,4,388,103,41,2,7,138,2,0,0,0,26,28,40,1
14,7533,תל אביב  יפו,5000,844.3,75,0,598,377,5,372,50,34,31,10,104,7,2,0,2,9,21,99,3
14,7534,תל אביב  יפו,5000,848.0,47,0,717,315,5,310,67,35,16,53,1,1,19,8,14,7,17,67,5
14,7535,תל אביב  יפו,5000,849.0,47,0,721,330,4,326,46,31,40,28,8,2,54,28,14,8,12,54,1
14,7536,תל אביב  יפו,5000,854.0,47,0,634,299,1,298,52,41,15,67,16,3,8,4,11,5,10,55,11
14,7537,תל אביב  יפו,5000,856.0,201,0,453,242,9,233,72,8,30,21,23,7,2,2,2,3,14,46,3
14,7538,תל אביב  יפו,5000,858.0,23,0,471,266,4,262,42,34,34,6,61,5,0,0,0,14,37,22,7
14,7539,תל אביב  יפו,5000,859.0,201,0,641,303,4,299,78,23,13,17,41,1,7,1,2,6,22,82,6
14,7540,תל אביב  יפו,5000,860.1,204,0,659,362,3,359,111,23,24,14,95,0,0,0,0,16,32,40,4
14,7541,תל אביב  יפו,5000,860.2,204,0,659,390,2,388,47,74,37,8,92,5,0,0,0,13,33,67,12
14,7542,תל אביב  יפו,5000,860.3,204,0,659,390,1,389,87,25,2,39,113,6,0,0,0,45,42,27,3
14,7543,תל אביב  יפו,5000,860.4,204,0,659,365,2,363,67,99,11,29,42,1,0,0,0,9,35,59,11
14,7544,תל אביב  יפו,5000,861.1,203,0,620,355,3,352,57,45,29,27,18,3,21,42,24,6,25,52,3
14,7545,תל אביב  יפו,5000,861.2,203,0,620,348,2,346,78,43,3,31,42,7,41,2,1,21,12,44,21
14,7546,תל אביב  יפו,5000,861.3,203,0,620,296,3,293,29,73,18,19,34,2,11,47,5,3,12,35,5
14,7547,תל אביב  יפו,5000,861.4,203,0,617,340,2,338,48,98,5,47,55,3,5,1,5,5,25,38,3
14,7548,תל אביב  יפו,5000,863.0,201,0,513,301,1,300,68,46,27,29,27,1,22,2,9,4,17,44,4
14,7549,תל אביב  יפו,5000,865.1,46,0,538,278,2,276,10,16,22,38,9,12,39,23,46,3,2,47,9
14,7550,תל אביב  יפו,5000,865.2,46,0,538,299,3,296,52,25,11,49,0,9,37,14,29,2,7,43,18
14,7551,תל אביב  יפו,5000,865.3,46,0,538,299,1,298,26,23,24,53,1,0,53,21,31,2,5,49,10
14,7552,תל אביב  יפו,5000,866.1,200,0,718,319,4,315,59,26,9,7,30,2,45,23,26,8,25,50,5
14,7553,תל אביב  יפו,5000,866.2,200,0,718,355,3,352,82,40,27,10,49,1,1,9,0,19,18,71,25
14,7554,תל אביב  יפו,5000,866.3,200,0,718,346,3,343,77,59,34,25,17,1,9,5,4,6,21,70,15
14,7555,תל אביב  יפו,5000,866.4,200,0,718,367,3,364,75,45,22,24,52,3,12,6,0,18,20,83,4
14,7556,תל אביב  יפו,5000,866.5,200,0,718,329,8,321,30,25,35,51,26,1,3,0,7,20,25,88,10
14,7557,תל אביב  יפו,5000,869.1,48,0,634,286,1,285,86,28,15,5,38,5,11,3,9,1,38,43,3
14,7558,תל אביב  יפו,5000,869.2,48,0,634,302,5,297,45,81,18,10,48,0,23,17,5,6,11,30,3
14,7559,תל אביב  יפו,5000,869.3,48,0,634,299,3,296,38,22,13,46,15,12,20,10,6,20,23,63,8
14,7560,תל אביב  יפו,5000,869.4,48,0,634,279,6,273,76,26,11,23,7,1,24,19,18,3,12,42,11
14,7561,תל אביב  יפו,5000,869.5,48,0,630,269,5,264,74,37,24,6,30,0,3,7,8,9,12,39,15
14,7562,תל אביב  יפו,5000,873.1,202,0,702,325,1,324,55,18,1,15,3,8,34,75,41,12,17,41,4
14,7563,תל אביב  יפו,5000,873.2,202,0,702,342,3,339,23,24,12,20,16,1,62,33,68,9,16,28,27
14,7564,תל אביב  יפו,5000,873.3,202,0,700,330,1,329,26,43,15,34,1,6,82,22,50,1,7,41,1
14,7565,תל אביב  יפו,5000,875.1,230,0,749,343,3,340,27,10,24,57,0,0,54,57,68,5,4,34,0
14,7566,תל אביב  יפו,5000,875.2,230,0,749,314,2,312,10,16,0,39,0,0,94,45,80,1,1,23,3
14,7567,תל אביב  יפו,5000,875.3,230,0,749,334,4,330,6,48,4,33,0,0,72,84,52,0,5,26,0
14,7568,תל אביב  יפו,5000,877.0,250,0,653,378,3,375,66,35,7,20,85,5,10,0,0,5,21,92,29
14,7569,תל אביב  יפו,5000,878.1,76,0,532,244,2,242,19,12,4,50,10,0,69,33,22,1,1,21,0
14,7570,תל אביב  יפו,5000,878.2,76,0,532,228,3,225,13,29,3,49,0,0,49,26,24,0,0,27,5
14,7571,תל אביב  יפו,5000,878.3,76,0,532,289,3,286,4,10,3,25,3,0,71,54,85,0,0,31,0
14,7572,תל אביב  יפו,5000,881.0,249,0,656,353,2,351,92,47,32,15,43,10,11,10,8,11,33,35,4
14,7573,תל אביב  יפו,5000,883.1,118,0,627,353,2,351,4,18,11,94,2,0,80,38,41,7,5,38,13
14,7574,תל אביב  יפו,5000,883.2,118,0,627,368,3,365,43,34,4,92,1,2,81,15,12,0,4,55,22
14,7575,תל אביב  יפו,5000,883.3,118,0,625,357,0,357,6,72,39,50,3,0,55,45,33,0,2,51,1
14,7576,תל אביב  יפו,5000,892.1,84,0,611,243,5,238,22,45,9,49,0,0,13,4,23,1,7,61,4
14,7577,תל אביב  יפו,5000,892.2,84,0,611,298,0,298,14,41,6,92,7,3,26,14,3,4,3,78,7
14,7578,תל אביב  יפו,5000,892.3,84,0,611,282,2,280,16,47,15,79,0,0,7,15,9,8,6,73,5
14,7579,תל אביב  יפו,5000,892.4,84,0,611,264,2,262,5,72,5,50,2,3,22,18,26,6,12,36,5
14,7580,תל אביב  יפו,5000,892.5,84,0,611,303,0,303,41,28,13,115,11,3,30,1,12,0,1,40,8
14,7581,תל אביב  יפו,5000,893.0,302,0,573,321,0,321,14,57,5,70,0,10,29,15,6,0,4,101,10
14,7582,תל אביב  יפו,5000,896.1,27,0,565,289,4,285,63,59,27,25,29,0,9,1,10,2,16,37,7
14,7583,תל אביב  יפו,5000,896.2,27,0,565,279,5,274,50,64,12,17,39,0,2,1,2,21,13,51,2
14,7584,תל אביב  יפו,5000,896.3,27,0,565,257,2,255,69,19,12,15,36,2,6,0,1,11,18,55,11
14,7585,תל אביב  יפו,5000,897.0,249,0,561,318,0,318,59,56,14,18,20,9,3,0,7,10,39,80,3
14,7586,תל אביב  יפו,5000,916.0,113,0,535,256,2,254,16,63,10,43,1,0,9,6,6,1,2,63,34
14,7587,תל אביב  יפו,5000,918.0,113,0,702,349,2,347,6,51,4,63,0,0,67,68,10,0,1,54,23
14,7588,תל אביב  יפו,5000,919.0,113,0,636,256,8,248,4,9,0,47,0,0,90,23,43,0,1,25,6
14,7589,תל אביב  יפו,5000,923.1,51,0,540,233,1,232,9,16,8,14,0,0,18,65,71,0,0,23,8
14,7590,תל אביב  יפו,5000,923.2,51,0,540,251,1,250,19,5,13,38,0,2,72,31,50,0,1,5,14
14,7591,תל אביב  יפו,5000,923.3,51,0,538,273,3,270,26,7,1,53,0,0,98,28,36,1,0,13,7
14,7592,תל אביב  יפו,5000,936.1,110,0,713,372,0,372,6,30,3,25,0,4,111,48,109,0,2,29,5
14,7593,תל אביב  יפו,5000,936.2,110,0,713,375,4,371,24,13,21,56,30,2,64,39,42,14,9,55,2
14,7594,תל אביב  יפו,5000,936.3,110,0,712,364,3,361,13,40,10,62,0,0,65,66,55,1,11,35,3
14,7595,תל אביב  יפו,5000,962.0,113,0,643,337,2,335,2,74,8,97,0,0,59,3,13,0,5,62,12
18,10495,תראבין אצאנעישוב,1346,1.0,1,0,699,238,5,233,87,7,0,1,6,1,5,72,7,8,8,27,4
2,782,אבן ספיר,783,1.0,2,0,544,378,1,377,123,95,3,34,5,11,0,0,0,7,31,47,21
2,783,אורה,780,1.1,2,0,447,312,2,310,62,52,17,17,11,1,0,0,0,5,20,119,6
2,784,אורה,780,1.2,2,0,446,312,1,311,72,39,16,9,27,1,0,0,0,30,36,64,17
16,8348,אזור,565,1.1,5,0,675,430,2,428,91,101,14,46,27,1,0,0,0,9,32,98,9
16,8349,אזור,565,1.2,5,0,675,451,1,450,91,58,19,20,52,8,0,0,0,4,42,129,27
16,8350,אזור,565,1.3,5,0,674,435,2,433,126,49,26,18,51,12,0,0,0,29,18,77,27
16,8351,אזור,565,2.0,10,0,601,398,0,398,80,35,12,30,40,5,0,0,0,9,42,115,30
16,8352,אזור,565,3.0,14,0,557,332,5,327,73,46,16,8,60,0,0,0,0,3,44,62,15
16,8353,אזור,565,4.0,2,0,731,463,3,460,83,58,36,28,45,3,0,0,0,8,54,122,23
16,8354,אזור,565,5.0,2,0,741,520,1,519,94,48,13,45,83,0,26,0,0,11,62,124,13
16,8355,אזור,565,10.1,9,0,718,459,6,453,124,39,17,21,71,22,0,0,0,16,33,92,18
16,8356,אזור,565,10.2,9,0,717,422,5,417,94,46,31,11,27,22,2,0,0,28,20,104,32
16,8357,אזור,565,11.0,15,0,711,486,0,486,80,81,68,43,21,16,0,0,0,21,19,107,30
16,8358,אזור,565,12.0,12,0,659,402,2,400,70,80,9,29,106,14,0,0,0,6,35,49,2
16,8359,אזור,565,13.0,10,0,648,492,3,489,126,108,2,8,81,5,1,0,0,9,33,90,26
16,8360,אזור,565,14.0,10,0,654,497,3,494,71,102,26,46,32,1,0,0,0,26,28,131,31
16,8361,אזור,565,15.1,7,0,504,381,0,381,79,64,11,24,78,2,0,0,1,6,33,78,5
16,8362,אזור,565,15.2,7,0,504,372,5,367,78,78,18,24,39,5,0,0,0,22,33,64,6
16,8363,אזור,565,15.3,7,0,504,345,1,344,36,62,15,49,46,2,0,0,0,3,37,76,18
16,8364,אזור,565,16.0,2,0,535,306,2,304,103,46,15,15,33,4,0,0,0,3,35,48,2
11,4945,אלעד,1309,1.0,3,0,613,486,3,483,34,15,0,0,264,50,0,0,0,29,71,20,0
11,4946,אלעד,1309,3.0,23,0,637,536,2,534,29,5,0,0,281,153,0,0,0,23,35,8,0
11,4947,אלעד,1309,5.1,8,0,454,394,1,393,14,1,0,0,214,112,0,0,0,13,36,3,0
11,4948,אלעד,1309,5.2,8,0,454,371,0,371,33,1,0,0,146,99,0,0,0,34,55,3,0
11,4949,אלעד,1309,6.0,12,0,621,529,1,528,24,11,0,0,212,125,0,0,0,49,84,23,0
11,4950,אלעד,1309,8.0,3,0,612,486,4,482,35,3,0,0,348,27,0,0,0,25,41,3,0
11,4951,אלעד,1309,9.1,21,0,672,570,1,569,13,0,0,0,211,280,0,0,0,9,32,24,0
11,4952,אלעד,1309,9.2,21,0,672,586,2,584,9,22,0,0,129,391,0,0,0,8,14,11,0
11,4953,אלעד,1309,9.3,21,0,672,556,1,555,16,0,0,0,155,314,0,0,0,0,44,26,0
11,4954,אלעד,1309,9.4,21,0,672,537,3,534,40,0,1,0,194,209,0,0,1,7,35,47,0
11,4955,אלעד,1309,9.5,21,0,672,577,5,572,20,9,0,0,265,222,0,0,0,4,30,19,3
11,4956,אלעד,1309,9.6,21,0,671,554,6,548,19,1,0,0,188,303,0,0,0,8,27,1,1
11,4957,אלעד,1309,11.1,18,0,633,524,3,521,58,3,0,1,275,48,0,0,9,9,112,6,0
11,4958,אלעד,1309,11.2,18,0,633,488,0,488,46,3,0,0,277,82,0,2,0,6,50,22,0
11,4959,אלעד,1309,11.3,18,0,633,506,1,505,68,5,0,0,262,66,0,0,0,23,74,7,0
11,4960,אלעד,1309,11.4,18,0,632,515,3,512,31,8,0,0,300,102,0,0,0,7,56,8,0
11,4961,אלעד,1309,15.0,12,0,751,657,8,649,4,8,0,0,299,287,0,0,0,1,28,22,0
11,4962,אלעד,1309,16.0,12,0,702,590,3,587,42,0,0,0,107,389,3,0,0,0,46,0,0
11,4963,אלעד,1309,19.0,23,0,716,598,1,597,18,0,1,2,261,164,0,0,0,46,67,38,0
11,4964,אלעד,1309,21.1,24,0,551,477,1,476,14,6,0,0,276,114,0,0,0,17,47,2,0
11,4965,אלעד,1309,21.2,24,0,551,465,1,464,25,0,4,0,245,162,0,0,0,2,21,5,0
11,4966,אלעד,1309,21.3,24,0,551,485,3,482,13,0,0,0,258,142,0,1,0,3,59,6,0
11,4967,אלעד,1309,24.0,12,0,627,520,3,517,26,0,0,0,263,164,0,0,0,2,59,3,0
11,4968,אלעד,1309,25.1,5,0,718,605,2,603,25,0,0,0,235,247,0,0,0,14,58,24,0
11,4969,אלעד,1309,25.2,5,0,718,594,5,589,55,0,0,0,274,185,0,0,0,2,53,20,0
11,4970,אלעד,1309,25.3,5,0,717,596,14,582,28,11,0,0,204,219,0,0,0,53,27,39,1
11,4971,אלעד,1309,27.0,16,0,743,645,2,643,19,6,0,0,165,396,0,0,0,1,49,2,5
11,4972,אלעד,1309,30.1,1,0,569,462,2,460,41,78,0,0,188,101,0,0,0,13,20,13,6
11,4973,אלעד,1309,30.2,1,0,569,455,4,451,25,12,0,0,251,102,0,0,0,14,24,23,0
11,4974,אלעד,1309,30.3,1,0,569,464,1,463,27,15,0,0,242,88,0,0,0,16,46,16,13
11,4975,אלעד,1309,30.4,1,0,569,474,3,471,25,2,0,0,225,116,0,0,0,32,45,26,0
11,4976,אלעד,1309,31.1,17,0,725,614,3,611,27,5,0,0,326,146,0,0,0,23,70,14,0
11,4977,אלעד,1309,31.2,17,0,725,615,1,614,13,34,0,0,207,286,0,0,0,6,61,7,0
11,4978,אלעד,1309,31.3,17,0,725,625,1,624,36,0,0,0,297,205,0,0,0,18,63,5,0
11,4979,אלעד,1309,31.4,17,0,725,616,3,613,63,2,0,0,270,143,0,0,0,22,89,24,0
11,4980,אלעד,1309,31.5,17,0,725,615,4,611,27,0,0,2,262,274,0,0,0,11,34,1,0
11,4981,אלעד,1309,32.0,16,0,732,619,0,619,25,0,0,0,319,199,0,0,0,9,38,29,0
11,4982,אלעד,1309,33.0,3,0,622,481,1,480,46,4,0,0,255,13,0,0,0,51,60,51,0
11,4983,אלעד,1309,34.0,12,0,599,504,0,504,38,4,0,0,285,118,0,0,0,16,38,5,0
2,1119,אספר,3754,1.0,1,0,500,369,2,367,28,8,0,0,53,152,0,0,0,30,64,32,0
18,9926,אשבול,71,1.0,1,0,467,351,0,351,109,35,3,12,43,4,0,0,0,15,67,60,3
18,10417,באר אורה,21,1.1,1,0,393,264,0,264,87,54,18,24,6,1,0,0,0,8,7,53,6
18,10418,באר אורה,21,1.2,1,0,393,262,1,261,51,35,32,16,0,0,20,0,0,0,47,50,10
20,11231,בית גן,480,3.0,1,0,676,376,3,373,13,56,26,178,0,5,35,12,0,0,0,47,1
20,11232,בית גן,480,5.0,1,0,622,338,2,336,0,40,16,185,0,0,10,7,0,0,1,70,7
20,11233,בית גן,480,6.1,2,0,737,396,4,392,4,65,29,148,0,0,13,6,0,0,0,122,5
20,11234,בית גן,480,6.2,2,0,737,457,1,456,2,45,13,207,0,0,5,0,0,0,18,165,1
20,11235,בית גן,480,8.1,3,0,544,315,2,313,18,32,20,170,0,0,9,0,1,0,1,60,2
20,11236,בית גן,480,8.2,3,0,544,299,4,295,4,34,9,189,0,0,6,1,0,1,0,40,11
20,11237,בית גן,480,8.3,3,0,543,360,1,359,3,13,23,151,0,0,15,0,0,0,0,149,5
20,11238,בית גן,480,9.1,7,0,542,305,0,305,35,46,18,152,0,0,5,2,0,1,0,39,7
20,11239,בית גן,480,9.2,7,0,542,319,2,317,13,42,26,144,0,0,0,12,0,1,2,75,2
20,11240,בית גן,480,9.3,7,0,541,314,8,306,14,52,28,112,0,0,11,0,0,2,3,78,6
20,11241,בית גן,480,10.1,4,0,548,342,1,341,5,29,26,149,0,4,4,0,0,0,0,119,5
20,11242,בית גן,480,10.2,4,0,548,332,1,331,21,16,43,125,0,0,5,0,1,0,6,104,10
20,11243,בית גן,480,10.3,4,0,546,299,0,299,22,28,21,146,0,0,2,0,3,0,0,70,7
20,11244,בית גן,480,11.1,8,0,732,420,1,419,8,25,10,218,2,0,3,9,0,0,1,141,2
20,11245,בית גן,480,11.2,8,0,732,426,1,425,0,41,53,197,5,0,8,2,0,0,0,94,25
20,11246,בית גן,480,11.3,8,0,730,450,5,445,17,75,5,192,0,0,16,0,0,0,3,133,4
2,832,בית מאיר,751,1.0,1,0,367,251,0,251,48,5,0,20,33,34,0,0,0,27,52,31,1
2,920,בית שמש,2610,47.1,57,0,594,412,2,410,15,0,0,0,151,160,0,0,0,20,47,17,0
2,921,בית שמש,2610,47.2,57,0,594,444,0,444,8,20,0,3,155,214,0,0,0,2,39,3,0
2,922,בית שמש,2610,47.3,57,0,594,452,3,449,17,7,0,0,183,160,0,0,0,3,78,1,0
2,923,בית שמש,2610,47.4,57,0,593,424,3,421,7,6,0,0,118,220,0,0,0,11,45,14,0
2,924,בית שמש,2610,50.0,42,0,734,541,8,533,21,3,0,0,211,250,0,0,0,2,45,1,0
2,925,בית שמש,2610,64.0,42,0,631,485,2,483,36,1,0,3,132,236,0,0,0,4,49,22,0
2,926,בית שמש,2610,66.1,37,0,530,382,1,381,48,2,0,0,63,192,0,0,0,11,32,8,25
2,927,בית שמש,2610,66.2,37,0,530,398,2,396,14,10,0,0,152,149,0,0,0,12,40,19,0
2,928,בית שמש,2610,66.3,37,0,528,402,1,401,33,19,7,0,85,128,0,0,0,9,93,27,0
2,929,בית שמש,2610,69.1,38,0,749,510,0,510,51,17,1,8,103,80,2,0,0,37,127,62,22
2,930,בית שמש,2610,69.2,38,0,749,504,0,504,41,21,1,2,78,87,0,0,0,100,107,63,4
2,931,בית שמש,2610,69.3,38,0,747,503,2,501,51,25,2,0,72,132,0,0,0,57,128,32,2
2,932,בית שמש,2610,81.0,42,1,647,449,3,446,35,7,0,0,135,185,0,0,0,16,52,16,0
2,933,בית שמש,2610,87.0,48,0,593,459,0,459,33,14,0,0,201,99,0,0,0,37,46,26,3
2,934,בית שמש,2610,88.1,47,0,696,593,10,583,14,0,0,0,212,280,0,0,0,5,37,35,0
2,935,בית שמש,2610,88.2,47,0,696,573,3,570,19,9,0,0,158,272,0,0,0,20,91,1,0
2,936,בית שמש,2610,88.3,47,0,693,573,5,568,5,5,0,0,180,290,0,0,0,6,78,4,0
2,937,בית שמש,2610,93.1,49,0,529,397,1,396,67,5,5,1,84,66,0,6,0,69,63,27,3
2,938,בית שמש,2610,93.2,49,0,529,376,1,375,13,16,15,1,42,192,0,0,0,28,26,42,0
2,939,בית שמש,2610,93.3,49,1,529,343,2,341,38,35,3,0,30,132,0,0,0,29,54,17,3
2,940,בית שמש,2610,106.0,65,0,672,576,2,574,18,0,0,0,52,483,0,0,0,3,16,2,0
2,941,בית שמש,2610,108.1,21,0,515,386,2,384,27,2,0,0,127,157,0,0,0,21,44,6,0
2,942,בית שמש,2610,108.2,21,0,515,393,4,389,27,2,0,3,117,193,0,0,0,15,24,8,0
2,943,בית שמש,2610,108.3,21,0,514,385,3,382,7,0,1,0,106,201,0,0,0,24,30,13,0
2,944,בית שמש,2610,110.1,46,0,684,562,4,558,47,7,0,0,236,206,0,0,0,2,49,11,0
2,945,בית שמש,2610,110.2,46,0,684,542,0,542,45,3,0,1,163,273,0,0,0,25,11,21,0
2,946,בית שמש,2610,110.3,46,0,684,579,5,574,13,11,0,0,224,253,0,0,0,24,43,5,1
2,947,בית שמש,2610,110.4,46,0,680,527,6,521,6,0,0,0,199,258,0,0,0,5,51,2,0
2,948,בית שמש,2610,111.1,59,0,573,481,1,480,4,0,0,0,94,333,0,0,0,10,36,3,0
2,949,בית שמש,2610,111.2,59,0,572,466,11,455,5,0,0,0,50,350,0,0,0,7,29,14,0
2,950,בית שמש,2610,116.0,48,0,561,461,4,457,25,11,0,0,173,201,0,0,0,7,27,13,0
2,951,בית שמש,2610,118.1,56,0,688,544,2,542,20,0,1,0,264,199,0,0,0,1,44,13,0
2,952,בית שמש,2610,118.2,56,0,688,541,3,538,19,1,0,0,152,308,1,0,0,14,35,8,0
2,953,בית שמש,2610,118.3,56,0,688,501,0,501,16,25,0,0,136,285,0,0,0,2,27,10,0
2,954,בית שמש,2610,11.0,22,0,608,458,1,457,10,0,0,0,13,427,0,0,0,0,7,0,0
2,955,בית שמש,2610,19.1,11,0,620,405,4,401,24,0,0,0,131,234,0,0,0,2,10,0,0
2,956,בית שמש,2610,19.2,11,0,620,395,2,393,28,4,0,0,52,283,0,0,0,5,21,0,0
2,957,בית שמש,2610,19.3,11,0,620,413,4,409,7,0,0,0,154,227,0,0,0,1,13,0,7
2,958,בית שמש,2610,19.4,11,0,620,361,4,357,5,1,0,0,81,244,0,0,0,0,22,4,0
2,959,בית שמש,2610,19.5,11,0,616,331,4,327,2,0,0,0,66,239,0,0,0,0,20,0,0
2,960,בית שמש,2610,24.1,44,1,694,466,2,464,77,18,0,18,83,147,0,0,0,13,85,23,0
2,961,בית שמש,2610,24.2,44,0,694,468,2,466,25,15,4,2,26,289,0,0,0,41,27,37,0
2,962,בית שמש,2610,24.3,44,0,694,499,0,499,78,13,6,5,22,214,0,0,0,56,56,40,9
2,963,בית שמש,2610,24.4,44,0,694,486,3,483,47,22,1,1,57,255,0,0,0,17,42,40,1
2,964,בית שמש,2610,24.5,44,0,690,441,2,439,25,26,5,4,45,218,0,0,0,12,41,60,3
2,965,בית שמש,2610,30.0,43,0,673,494,1,493,115,28,0,0,97,65,0,0,0,67,67,52,2
2,966,בית שמש,2610,34.0,22,0,580,345,5,340,10,0,0,0,60,263,0,1,0,0,6,0,0
2,967,בית שמש,2610,38.1,55,0,514,395,6,389,30,8,0,0,82,233,0,0,0,6,21,9,0
2,968,בית שמש,2610,38.2,55,0,514,375,0,375,11,1,0,19,88,177,0,0,0,10,55,14,0
2,969,בית שמש,2610,38.3,55,0,512,381,3,378,32,0,0,0,119,182,0,0,0,19,25,1,0
2,970,בית שמש,2610,51.0,36,0,594,462,1,461,11,0,2,8,73,322,0,0,0,5,28,12,0
2,971,בית שמש,2610,57.0,35,0,699,495,2,493,47,30,0,2,43,212,0,0,0,23,62,73,1
2,972,בית שמש,2610,58.1,32,0,432,241,1,240,23,1,0,0,136,36,0,0,0,5,35,4,0
2,973,בית שמש,2610,58.2,32,0,431,289,0,289,8,1,0,0,144,126,0,0,0,2,8,0,0
2,974,בית שמש,2610,63.0,34,0,731,517,3,514,5,2,0,0,167,313,0,0,0,10,12,5,0
2,975,בית שמש,2610,65.0,35,0,655,471,2,469,51,10,0,0,120,198,0,0,0,21,52,17,0
2,976,בית שמש,2610,70.0,34,0,691,375,1,374,6,0,0,1,21,300,0,0,0,0,38,8,0
2,977,בית שמש,2610,71.0,30,0,723,193,3,190,7,0,0,0,14,154,0,0,0,0,15,0,0
2,978,בית שמש,2610,77.0,30,0,702,124,0,124,6,0,0,0,13,104,0,0,0,0,1,0,0
2,979,בית שמש,2610,79.0,30,0,694,505,9,496,12,0,0,0,170,276,0,0,0,13,21,4,0
2,980,בית שמש,2610,80.1,53,0,589,436,0,436,22,6,0,0,138,161,0,0,0,52,37,20,0
2,981,בית שמש,2610,80.2,53,0,589,446,2,444,74,38,0,0,52,134,0,0,0,35,94,17,0
2,982,בית שמש,2610,80.3,53,0,589,434,1,433,24,8,1,0,142,132,0,0,0,28,54,43,1
2,983,בית שמש,2610,82.0,30,0,686,178,0,178,3,0,0,0,39,113,0,0,0,0,18,5,0
2,984,בית שמש,2610,83.0,22,0,655,422,4,418,22,0,0,0,166,215,0,0,0,2,13,0,0
2,985,בית שמש,2610,85.0,30,0,571,322,2,320,3,0,0,0,102,189,0,0,0,0,18,8,0
2,986,בית שמש,2610,86.1,26,0,601,140,0,140,4,0,0,0,37,91,0,0,0,1,7,0,0
2,987,בית שמש,2610,86.2,26,0,601,145,0,145,9,1,0,0,56,73,0,0,0,0,4,2,0
2,988,בית שמש,2610,86.3,26,0,601,125,1,124,1,0,0,0,31,83,0,0,0,4,5,0,0
2,989,בית שמש,2610,86.4,26,0,598,93,1,92,1,0,0,0,11,76,0,0,0,0,4,0,0
2,990,בית שמש,2610,92.0,35,0,664,445,2,443,52,15,0,46,53,150,0,0,0,24,69,31,3
2,991,בית שמש,2610,94.1,20,0,740,535,2,533,31,9,0,0,146,294,0,0,0,8,12,33,0
2,992,בית שמש,2610,94.2,20,0,740,512,6,506,10,13,0,9,84,301,0,0,0,8,49,22,10
2,993,בית שמש,2610,96.0,34,0,626,435,2,433,32,2,0,0,189,155,0,0,0,3,26,26,0
2,994,בית שמש,2610,101.0,64,1,467,364,2,362,48,11,0,0,71,60,0,0,0,56,100,16,0
2,995,בית שמש,2610,102.1,62,0,749,337,1,336,16,6,0,0,160,115,0,0,0,6,31,2,0
2,996,בית שמש,2610,102.2,62,0,749,412,2,410,28,9,0,0,215,125,0,0,0,6,22,5,0
2,997,בית שמש,2610,102.3,62,0,747,308,0,308,29,1,0,2,89,114,0,0,0,9,41,23,0
2,998,בית שמש,2610,103.1,28,0,720,286,2,284,1,0,0,0,21,246,0,0,0,2,14,0,0
2,999,בית שמש,2610,103.2,28,0,720,354,0,354,22,0,0,0,4,327,0,0,0,0,1,0,0
2,1000,בית שמש,2610,103.3,28,0,720,354,5,349,11,0,0,0,34,298,0,0,0,0,5,1,0
2,1001,בית שמש,2610,103.4,28,0,720,345,4,341,4,0,0,0,41,286,0,0,0,0,9,1,0
2,1002,בית שמש,2610,103.5,28,0,717,294,2,292,6,0,0,0,39,239,0,0,0,0,8,0,0
2,1003,בית שמש,2610,104.0,36,0,718,567,2,565,72,1,0,6,79,184,0,0,0,84,88,46,5
2,1004,בית שמש,2610,114.1,63,0,594,438,4,434,22,1,0,0,114,231,0,0,0,7,46,13,0
2,1005,בית שמש,2610,114.2,63,0,594,474,2,472,31,0,0,0,150,261,0,0,0,0,24,4,2
2,1006,בית שמש,2610,114.3,63,0,594,442,8,434,39,0,0,6,118,218,0,0,0,5,36,9,3
2,1007,בית שמש,2610,114.4,63,0,592,426,6,420,20,4,0,2,109,266,0,0,0,0,18,1,0
2,1008,בית שמש,2610,117.0,64,0,470,370,1,369,65,36,5,5,65,81,0,0,0,24,68,17,3
2,1009,בית שמש,2610,119.0,64,0,348,292,1,291,50,12,1,0,47,96,0,0,0,5,51,28,1
2,1010,בית שמש,2610,120.0,30,0,705,439,1,438,17,0,0,0,112,283,0,2,0,3,15,6,0
2,1011,בית שמש,2610,2.0,5,0,663,375,4,371,52,34,10,22,56,22,0,0,0,28,49,52,46
2,1012,בית שמש,2610,4.0,39,1,751,429,3,426,120,52,11,6,108,26,0,0,0,6,26,57,14
2,1013,בית שמש,2610,6.1,4,0,696,418,0,418,112,41,5,18,57,20,0,3,0,2,87,69,4
2,1014,בית שמש,2610,6.2,4,1,696,417,2,415,59,52,7,3,112,69,0,0,0,24,32,34,23
2,1015,בית שמש,2610,6.3,4,0,696,413,2,411,116,23,8,2,94,39,0,0,0,8,59,55,7
2,1016,בית שמש,2610,6.4,4,0,693,392,5,387,94,48,15,12,77,55,0,0,0,9,22,44,11
2,1017,בית שמש,2610,8.1,51,0,715,427,1,426,135,48,15,15,68,39,0,0,0,6,33,54,13
2,1018,בית שמש,2610,8.2,51,0,715,423,3,420,69,18,26,7,147,6,0,0,0,30,47,42,28
2,1019,בית שמש,2610,12.1,1,0,689,385,4,381,128,22,4,14,10,25,0,0,1,24,46,100,7
2,1020,בית שמש,2610,12.2,1,0,689,412,4,408,92,49,79,8,39,5,0,0,0,11,60,53,12
2,1021,בית שמש,2610,12.3,1,0,687,377,3,374,47,43,12,15,62,7,0,0,0,27,60,91,10
2,1022,בית שמש,2610,15.0,52,0,619,412,3,409,34,59,41,2,4,0,0,0,0,81,95,89,4
2,1023,בית שמש,2610,16.1,10,0,742,513,2,511,142,67,27,14,71,28,0,0,0,12,79,61,10
2,1024,בית שמש,2610,16.2,10,0,742,508,1,507,126,42,56,34,36,16,0,0,0,49,55,75,18
2,1025,בית שמש,2610,16.3,10,0,742,506,3,503,199,63,9,24,72,6,0,0,0,15,69,42,4
2,1026,בית שמש,2610,16.4,10,0,742,445,2,443,108,42,5,8,78,26,0,0,0,29,72,67,8
2,1027,בית שמש,2610,18.0,9,0,528,279,3,276,74,17,40,3,24,8,0,0,0,24,33,45,8
2,1028,בית שמש,2610,20.0,16,0,676,446,8,438,125,29,29,14,74,32,0,0,0,8,24,96,7
2,1029,בית שמש,2610,21.0,39,0,708,407,8,399,145,41,12,16,45,20,0,0,0,45,45,22,8
2,1030,בית שמש,2610,22.0,39,0,733,445,4,441,113,50,8,12,51,12,0,0,0,27,66,68,34
2,1031,בית שמש,2610,23.0,16,0,575,370,5,365,64,15,6,12,100,104,0,0,0,2,21,32,9
2,1032,בית שמש,2610,27.0,16,0,666,454,8,446,59,66,33,6,59,100,0,0,0,9,61,45,8
2,1033,בית שמש,2610,28.0,16,0,618,408,3,405,68,70,32,6,77,24,0,0,0,5,51,68,4
2,1034,בית שמש,2610,29.0,9,0,586,323,4,319,81,19,28,6,36,64,0,0,0,6,18,56,5
2,1035,בית שמש,2610,32.0,45,0,620,402,2,400,146,20,27,11,38,10,0,0,0,30,43,49,26
2,1036,בית שמש,2610,33.0,40,0,748,504,4,500,152,102,18,12,31,26,0,0,0,43,41,63,12
2,1037,בית שמש,2610,37.1,33,0,392,262,0,262,84,25,14,6,19,17,0,0,0,19,24,44,10
2,1038,בית שמש,2610,37.2,33,0,392,250,3,247,94,34,8,3,25,4,2,0,0,6,38,30,3
2,1039,בית שמש,2610,40.0,9,0,596,366,3,363,68,38,19,6,18,12,0,0,0,70,59,72,1
2,1040,בית שמש,2610,41.0,45,0,663,435,2,433,94,53,45,21,20,2,0,0,0,11,48,129,10
2,1041,בית שמש,2610,42.0,52,0,732,414,5,409,76,42,31,8,61,34,0,0,0,35,41,78,3
2,1042,בית שמש,2610,45.0,16,1,482,292,1,291,65,21,37,7,31,81,0,0,0,2,13,24,10
2,1043,בית שמש,2610,46.0,9,0,516,342,3,339,65,16,8,1,36,18,0,0,0,79,53,58,5
2,1044,בית שמש,2610,75.1,15,0,688,445,2,443,113,47,4,8,77,27,0,0,0,19,57,85,6
2,1045,בית שמש,2610,75.2,15,0,688,430,4,426,108,40,11,17,64,70,0,0,0,24,31,60,1
2,1046,בית שמש,2610,91.1,6,0,507,294,1,293,107,28,12,3,51,11,0,0,0,9,32,34,6
2,1047,בית שמש,2610,91.2,6,0,507,291,0,291,80,25,5,1,71,10,0,0,0,7,39,47,6
2,1048,בית שמש,2610,91.3,6,0,505,277,3,274,115,23,17,5,29,14,0,0,0,10,30,24,7
2,1049,בית שמש,2610,107.0,39,0,643,406,2,404,110,62,16,7,71,0,1,0,0,27,61,41,8
2,1050,בית שמש,2610,950.1,7,0,525,335,2,333,116,23,14,11,41,18,7,0,0,31,38,20,14
2,1051,בית שמש,2610,950.2,7,0,525,320,4,316,78,15,27,2,34,11,0,0,0,30,43,56,20
2,1052,בית שמש,2610,950.3,7,0,522,327,2,325,87,50,16,12,49,4,0,0,0,13,34,37,23
2,1070,ביתר עילית,3780,3.0,19,0,670,518,1,517,37,0,0,0,131,280,0,0,1,4,63,1,0
2,1071,ביתר עילית,3780,4.0,19,0,626,494,3,491,19,1,0,0,284,112,0,0,0,2,68,5,0
2,1072,ביתר עילית,3780,6.1,14,0,535,421,4,417,23,6,0,0,80,246,0,0,0,5,47,10,0
2,1073,ביתר עילית,3780,6.2,14,1,535,400,3,397,9,3,0,0,145,183,0,0,0,8,27,22,0
2,1074,ביתר עילית,3780,6.3,14,0,535,443,0,443,4,3,0,0,103,316,0,0,0,2,14,1,0
2,1075,ביתר עילית,3780,7.0,19,0,620,482,4,478,49,6,0,0,161,182,0,0,0,19,58,3,0
2,1076,ביתר עילית,3780,11.1,1,0,720,565,2,563,55,12,0,0,325,119,0,0,0,16,20,16,0
2,1077,ביתר עילית,3780,11.2,1,0,720,593,8,585,23,0,0,0,215,301,0,0,0,1,44,1,0
2,1078,ביתר עילית,3780,11.3,1,0,720,579,3,576,21,1,0,0,358,162,0,0,0,5,23,6,0
2,1079,ביתר עילית,3780,11.4,1,0,720,551,1,550,33,2,0,2,285,132,0,0,0,14,80,2,0
2,1080,ביתר עילית,3780,11.5,1,0,720,581,3,578,11,0,0,0,158,356,0,0,0,18,16,19,0
2,1081,ביתר עילית,3780,11.6,1,0,719,565,5,560,21,0,0,0,284,188,0,0,0,8,57,2,0
2,1082,ביתר עילית,3780,28.0,19,0,593,437,2,435,17,0,0,0,198,185,0,0,0,6,22,7,0
2,1083,ביתר עילית,3780,37.0,19,0,540,408,1,407,24,1,0,0,126,218,0,0,0,0,35,3,0
2,1084,ביתר עילית,3780,38.1,24,0,713,582,2,580,32,4,0,0,190,283,0,0,0,8,17,45,1
2,1085,ביתר עילית,3780,38.2,24,0,713,566,2,564,38,5,0,0,250,193,0,0,0,34,35,9,0
2,1086,ביתר עילית,3780,38.3,24,0,713,580,8,572,2,1,0,0,156,380,0,0,0,3,28,2,0
2,1087,ביתר עילית,3780,38.4,24,0,713,546,2,544,14,1,0,0,144,319,0,0,0,5,52,9,0
2,1088,ביתר עילית,3780,44.1,5,0,642,499,6,493,24,7,0,28,189,204,0,0,0,3,31,5,2
2,1089,ביתר עילית,3780,44.2,5,0,642,498,4,494,13,1,0,0,76,370,0,0,0,1,29,4,0
2,1090,ביתר עילית,3780,44.3,5,0,642,527,3,524,11,11,3,0,262,182,0,0,0,2,53,0,0
2,1091,ביתר עילית,3780,44.4,5,0,642,514,0,514,5,0,5,2,222,192,0,0,1,19,29,39,0
2,1092,ביתר עילית,3780,44.5,5,0,640,497,2,495,12,3,0,0,104,352,0,0,0,5,17,2,0
2,1093,ביתר עילית,3780,16.0,4,0,654,522,2,520,2,0,3,0,140,318,0,0,0,1,19,37,0
2,1094,ביתר עילית,3780,17.0,4,0,719,606,8,598,7,4,0,0,180,336,0,0,0,18,51,2,0
2,1095,ביתר עילית,3780,19.1,16,0,579,496,3,493,18,0,0,0,103,355,0,0,0,1,14,2,0
2,1096,ביתר עילית,3780,19.2,16,0,579,499,1,498,4,8,0,0,101,345,0,0,0,0,39,1,0
2,1097,ביתר עילית,3780,19.3,16,0,579,483,4,479,5,0,0,0,145,279,0,0,0,10,21,19,0
2,1098,ביתר עילית,3780,19.4,16,0,576,507,1,506,24,1,0,0,88,329,0,0,0,5,55,4,0
2,1099,ביתר עילית,3780,29.1,29,0,433,364,0,364,12,1,0,0,88,217,0,0,0,2,36,8,0
2,1100,ביתר עילית,3780,29.2,29,0,432,358,1,357,16,6,0,0,61,225,0,0,0,24,11,13,1
2,1101,ביתר עילית,3780,32.1,22,0,647,556,4,552,43,1,1,0,252,239,0,0,0,2,13,1,0
2,1102,ביתר עילית,3780,32.2,22,0,647,529,1,528,73,1,0,0,65,330,0,0,0,14,44,1,0
2,1103,ביתר עילית,3780,32.3,22,0,647,529,4,525,9,0,0,0,127,320,0,1,0,11,52,5,0
2,1104,ביתר עילית,3780,32.4,22,0,647,533,5,528,17,0,0,0,143,352,0,0,0,8,6,2,0
2,1105,ביתר עילית,3780,32.5,22,0,647,505,9,496,8,5,0,0,116,305,0,0,0,3,55,4,0
2,1106,ביתר עילית,3780,39.1,28,0,656,526,1,525,15,0,0,0,95,378,0,0,0,10,27,0,0
2,1107,ביתר עילית,3780,39.2,28,0,656,548,6,542,6,0,0,0,60,396,0,0,0,17,54,9,0
2,1108,ביתר עילית,3780,39.3,28,0,656,535,4,531,29,0,0,0,142,336,0,0,0,4,19,1,0
2,1109,ביתר עילית,3780,39.4,28,0,653,544,4,540,31,1,0,0,137,329,0,0,0,1,25,16,0
2,1110,ביתר עילית,3780,41.0,4,0,653,524,5,519,18,0,0,0,93,376,0,0,0,0,32,0,0
2,1111,ביתר עילית,3780,43.1,15,0,747,631,9,622,42,21,0,0,168,350,0,0,0,3,38,0,0
2,1112,ביתר עילית,3780,43.2,15,0,747,624,4,620,45,0,0,0,74,473,0,0,0,0,25,3,0
2,1113,ביתר עילית,3780,43.3,15,0,747,622,4,618,25,5,10,0,213,297,0,0,0,0,64,4,0
2,1114,ביתר עילית,3780,43.4,15,0,747,624,2,622,2,1,0,0,129,424,0,0,0,13,43,10,0
2,1115,ביתר עילית,3780,43.5,15,0,745,590,2,588,54,1,12,0,122,375,0,0,0,0,23,1,0
2,1116,ביתר עילית,3780,46.1,20,0,563,462,9,453,29,3,0,0,80,304,0,0,0,5,27,5,0
2,1117,ביתר עילית,3780,46.2,20,0,563,451,1,450,59,1,0,0,65,273,0,0,0,2,44,2,4
2,1118,ביתר עילית,3780,46.3,20,0,563,460,2,458,16,6,0,0,54,310,0,0,0,13,49,10,0
15,7596,בני ברק,6100,1.1,13,0,543,327,1,326,66,20,29,4,107,20,0,0,0,11,32,36,1
15,7597,בני ברק,6100,1.2,13,0,543,357,2,355,65,34,3,40,115,21,0,0,0,10,24,42,1
15,7598,בני ברק,6100,1.3,13,0,542,331,6,325,86,18,6,2,87,36,0,0,3,12,47,28,0
15,7599,בני ברק,6100,2.1,6,0,688,480,0,480,15,0,4,0,222,143,0,0,1,15,69,10,1
15,7600,בני ברק,6100,2.2,6,0,688,467,4,463,50,16,1,0,173,152,0,0,0,6,46,17,2
15,7601,בני ברק,6100,2.3,6,0,688,513,0,513,37,22,3,0,209,146,0,0,0,2,49,22,23
15,7602,בני ברק,6100,2.4,6,0,688,533,6,527,23,10,19,0,223,157,0,0,0,25,52,18,0
15,7603,בני ברק,6100,2.5,6,0,688,498,1,497,44,17,0,0,233,137,0,0,0,2,33,27,4
15,7604,בני ברק,6100,2.6,6,0,684,508,5,503,33,5,5,0,105,245,0,0,0,23,51,36,0
15,7605,בני ברק,6100,5.1,8,0,589,470,4,466,8,0,11,0,229,173,0,0,0,13,17,15,0
15,7606,בני ברק,6100,5.2,8,0,589,481,2,479,38,9,0,0,231,136,0,0,0,12,43,10,0
15,7607,בני ברק,6100,5.3,8,0,589,463,4,459,24,2,0,0,177,193,0,0,0,10,52,1,0
15,7608,בני ברק,6100,5.4,8,0,586,481,1,480,17,0,0,0,167,189,0,0,0,8,66,20,13
15,7609,בני ברק,6100,6.0,2,0,721,556,0,556,21,3,2,6,272,214,0,0,0,4,7,22,5
15,7610,בני ברק,6100,7.0,2,0,557,388,0,388,72,4,0,1,103,115,0,0,0,23,43,27,0
15,7611,בני ברק,6100,10.0,2,0,562,475,1,474,40,9,5,0,146,216,0,0,0,1,51,2,4
15,7612,בני ברק,6100,12.0,1,0,747,626,1,625,42,2,9,0,399,106,0,0,0,3,36,28,0
15,7613,בני ברק,6100,13.0,1,0,583,490,4,486,19,2,0,0,256,160,0,0,0,2,42,4,1
15,7614,בני ברק,6100,14.0,1,1,736,613,6,607,21,0,1,0,293,235,0,0,0,0,47,10,0
15,7615,בני ברק,6100,16.0,73,0,666,488,3,485,11,11,0,0,294,129,0,0,0,2,28,10,0
15,7616,בני ברק,6100,17.1,95,0,674,493,3,490,68,18,0,8,245,102,0,0,0,0,24,25,0
15,7617,בני ברק,6100,17.2,95,0,674,474,6,468,26,25,1,0,152,171,0,0,0,2,27,60,4
15,7618,בני ברק,6100,17.3,95,0,674,464,1,463,50,7,4,1,213,147,0,0,0,12,21,7,1
15,7619,בני ברק,6100,17.4,95,0,674,462,4,458,55,27,2,0,174,151,0,0,0,9,19,21,0
15,7620,בני ברק,6100,17.5,95,0,672,443,5,438,44,18,13,1,96,217,0,0,0,5,36,5,3
15,7621,בני ברק,6100,18.0,82,0,710,438,3,435,53,9,2,3,217,75,25,0,0,6,27,16,2
15,7622,בני ברק,6100,20.0,10,0,457,292,3,289,38,18,27,17,107,41,0,0,0,2,20,10,9
15,7623,בני ברק,6100,21.0,10,0,522,298,3,295,45,27,7,2,96,56,0,0,0,9,29,23,1
15,7624,בני ברק,6100,25.0,83,0,672,476,0,476,55,19,12,0,165,105,0,0,0,13,21,57,29
15,7625,בני ברק,6100,27.0,83,0,743,462,8,454,18,19,3,14,214,83,0,0,0,26,46,29,2
15,7626,בני ברק,6100,52.0,1,0,564,438,1,437,29,8,2,0,171,142,0,0,0,4,61,18,2
15,7627,בני ברק,6100,140.0,1,0,662,563,5,558,20,0,0,1,328,145,0,0,0,13,26,25,0
15,7628,בני ברק,6100,141.0,73,0,583,398,0,398,16,3,0,2,228,109,0,0,0,1,31,8,0
15,7629,בני ברק,6100,163.1,96,0,713,615,2,613,26,0,0,2,268,282,0,0,0,3,30,0,2
15,7630,בני ברק,6100,163.2,96,0,713,608,4,604,21,6,1,2,336,172,0,0,0,4,62,0,0
15,7631,בני ברק,6100,163.3,96,0,711,601,5,596,25,6,0,0,294,230,0,4,0,17,15,5,0
15,7632,בני ברק,6100,175.0,2,0,715,529,0,529,54,9,12,4,250,138,0,0,0,13,27,20,2
15,7633,בני ברק,6100,59.1,16,0,732,580,1,579,11,1,0,0,262,262,0,2,0,11,24,6,0
15,7634,בני ברק,6100,59.2,16,0,732,612,9,603,17,1,0,0,188,372,0,0,0,1,23,1,0
15,7635,בני ברק,6100,59.3,16,0,732,609,4,605,8,0,0,0,227,289,0,0,0,5,65,8,3
15,7636,בני ברק,6100,59.4,16,0,732,558,1,557,23,1,0,1,206,308,0,0,0,6,7,5,0
15,7637,בני ברק,6100,59.5,16,0,732,584,8,576,8,31,0,0,143,380,0,0,0,0,13,0,1
15,7638,בני ברק,6100,59.6,16,0,727,555,3,552,27,0,0,0,145,360,0,0,0,0,20,0,0
15,7639,בני ברק,6100,61.1,7,0,700,536,5,531,28,0,0,0,192,288,0,0,0,0,23,0,0
15,7640,בני ברק,6100,61.2,7,0,700,544,1,543,40,0,0,0,98,345,0,0,0,7,45,8,0
15,7641,בני ברק,6100,61.3,7,0,700,529,2,527,18,2,0,0,177,277,0,0,0,6,39,8,0
15,7642,בני ברק,6100,61.4,7,0,700,529,5,524,20,32,0,0,72,375,0,0,0,2,19,4,0
15,7643,בני ברק,6100,61.5,7,0,698,539,8,531,29,0,0,0,88,386,0,0,0,0,27,1,0
15,7644,בני ברק,6100,64.1,65,0,708,575,2,573,71,0,0,0,84,376,0,0,0,2,40,0,0
15,7645,בני ברק,6100,64.2,65,0,708,532,5,527,61,2,0,1,53,357,0,0,0,0,52,1,0
15,7646,בני ברק,6100,64.3,65,0,708,566,5,561,26,0,0,0,234,235,0,0,0,6,53,7,0
15,7647,בני ברק,6100,64.4,65,0,708,541,2,539,7,0,0,0,136,366,0,0,0,2,14,13,1
15,7648,בני ברק,6100,64.5,65,0,708,557,2,555,47,1,0,5,172,260,0,0,0,7,50,8,5
15,7649,בני ברק,6100,64.6,65,0,703,576,1,575,37,9,0,0,99,410,0,0,0,1,15,4,0
15,7650,בני ברק,6100,69.0,45,0,569,467,5,462,21,0,0,0,91,323,0,0,0,2,6,19,0
15,7651,בני ברק,6100,70.1,48,0,682,569,6,563,17,0,0,0,283,246,0,0,0,0,11,6,0
15,7652,בני ברק,6100,70.2,48,0,682,556,2,554,7,1,0,0,97,435,0,0,0,0,14,0,0
15,7653,בני ברק,6100,70.3,48,0,682,604,3,601,9,0,0,0,147,390,0,0,0,0,32,23,0
15,7654,בני ברק,6100,70.4,48,0,682,549,6,543,23,1,0,0,204,279,0,0,2,0,32,2,0
15,7655,בני ברק,6100,70.5,48,0,682,542,2,540,1,0,0,0,118,388,0,0,0,4,12,17,0
15,7656,בני ברק,6100,70.6,48,0,677,515,9,506,10,0,4,0,58,403,0,0,0,10,13,8,0
15,7657,בני ברק,6100,73.1,29,0,706,579,3,576,42,7,0,0,106,353,0,4,0,8,51,5,0
15,7658,בני ברק,6100,73.2,29,0,706,570,4,566,17,0,1,0,191,274,0,6,0,1,70,6,0
15,7659,בני ברק,6100,73.3,29,0,705,578,4,574,9,0,0,0,171,354,0,0,0,2,35,3,0
15,7660,בני ברק,6100,74.0,12,0,567,482,3,479,36,2,0,0,125,274,0,0,0,13,22,5,2
15,7661,בני ברק,6100,77.0,12,0,584,496,0,496,43,0,0,1,178,205,0,0,0,1,58,10,0
15,7662,בני ברק,6100,124.1,70,0,747,633,4,629,12,0,0,0,106,478,0,0,0,0,31,2,0
15,7663,בני ברק,6100,124.2,70,0,746,602,2,600,33,0,0,0,127,416,0,0,0,10,12,2,0
15,7664,בני ברק,6100,142.0,12,0,685,569,3,566,23,0,8,2,208,288,0,0,0,3,23,5,6
15,7665,בני ברק,6100,157.1,75,0,635,489,4,485,3,1,0,0,131,326,0,0,0,7,14,3,0
15,7666,בני ברק,6100,157.2,75,0,635,537,8,529,5,0,0,0,52,452,0,0,0,0,18,2,0
15,7667,בני ברק,6100,157.3,75,0,635,505,5,500,0,0,0,0,110,370,0,0,0,1,15,4,0
15,7668,בני ברק,6100,157.4,75,0,635,477,11,466,9,8,0,0,96,319,0,0,0,0,34,0,0
15,7669,בני ברק,6100,157.5,75,0,635,495,8,487,6,0,0,0,80,385,0,0,0,2,14,0,0
15,7670,בני ברק,6100,157.6,75,0,631,499,13,486,16,0,0,0,47,386,0,0,0,5,29,3,0
15,7671,בני ברק,6100,159.0,12,0,727,564,4,560,57,7,0,0,182,253,0,0,0,4,50,7,0
15,7672,בני ברק,6100,169.0,12,0,556,475,1,474,15,0,0,0,166,257,0,0,0,13,23,0,0
15,7673,בני ברק,6100,178.0,12,0,621,497,2,495,14,16,0,0,231,205,0,0,0,3,18,8,0
15,7674,בני ברק,6100,86.1,71,0,603,511,1,510,45,3,0,0,139,277,0,0,0,10,35,1,0
15,7675,בני ברק,6100,86.2,71,0,603,498,3,495,37,0,0,0,86,349,0,0,0,5,16,2,0
15,7676,בני ברק,6100,86.3,71,0,603,483,6,477,16,4,0,0,234,187,0,0,0,9,17,10,0
15,7677,בני ברק,6100,86.4,71,0,603,509,5,504,26,0,0,0,182,243,0,0,0,6,42,5,0
15,7678,בני ברק,6100,86.5,71,0,602,506,2,504,27,1,0,0,126,302,0,0,0,12,28,8,0
15,7679,בני ברק,6100,88.1,67,0,739,603,5,598,7,0,0,0,95,463,0,0,0,6,27,0,0
15,7680,בני ברק,6100,88.2,67,0,737,580,5,575,6,0,0,0,77,490,0,0,0,0,2,0,0
15,7681,בני ברק,6100,113.1,25,0,702,575,5,570,10,0,0,0,263,242,0,0,0,2,23,30,0
15,7682,בני ברק,6100,113.2,25,0,702,612,0,612,20,0,0,2,143,390,0,0,0,3,53,1,0
15,7683,בני ברק,6100,113.3,25,0,702,579,1,578,26,0,0,16,249,256,0,0,0,5,22,4,0
15,7684,בני ברק,6100,113.4,25,0,702,580,6,574,12,0,0,0,282,252,0,0,0,12,14,2,0
15,7685,בני ברק,6100,113.5,25,0,702,584,8,576,33,0,0,0,162,355,0,0,0,5,12,9,0
15,7686,בני ברק,6100,113.6,25,0,700,597,6,591,16,0,0,0,175,342,0,0,0,0,51,1,6
15,7687,בני ברק,6100,118.0,93,0,710,559,6,553,33,0,0,0,134,371,0,0,0,0,14,1,0
15,7688,בני ברק,6100,122.1,78,0,594,414,3,411,7,0,2,2,112,270,0,0,0,0,17,1,0
15,7689,בני ברק,6100,122.2,78,0,594,372,4,368,22,4,15,0,113,200,0,0,0,3,10,1,0
15,7690,בני ברק,6100,122.3,78,0,593,426,0,426,4,11,4,0,95,262,0,0,0,5,11,34,0
15,7691,בני ברק,6100,135.1,4,0,637,388,4,384,14,0,0,0,79,268,0,0,1,0,22,0,0
15,7692,בני ברק,6100,135.2,4,0,637,294,1,293,11,0,0,0,56,218,0,0,0,1,7,0,0
15,7693,בני ברק,6100,135.3,4,0,637,371,3,368,16,0,0,0,118,216,0,0,0,3,14,1,0
15,7694,בני ברק,6100,135.4,4,0,637,350,3,347,16,0,0,0,111,194,0,0,0,4,13,9,0
15,7695,בני ברק,6100,135.5,4,0,637,380,10,370,4,0,0,0,37,308,0,0,0,9,10,2,0
15,7696,בני ברק,6100,135.6,4,0,636,294,4,290,5,0,0,0,84,188,0,0,0,0,13,0,0
15,7697,בני ברק,6100,153.1,26,0,679,493,2,491,8,0,0,0,92,357,0,0,0,7,27,0,0
15,7698,בני ברק,6100,153.2,26,0,679,510,8,502,6,0,0,0,38,424,0,0,0,2,28,4,0
15,7699,בני ברק,6100,153.3,26,0,679,557,1,556,7,0,0,2,128,403,0,0,0,0,16,0,0
15,7700,בני ברק,6100,153.4,26,0,679,517,0,517,12,0,0,0,79,363,0,0,0,5,50,8,0
15,7701,בני ברק,6100,153.5,26,0,679,476,2,474,13,1,0,0,27,411,0,0,0,0,22,0,0
15,7702,בני ברק,6100,153.6,26,0,678,505,6,499,9,14,0,0,63,404,0,0,0,5,3,1,0
15,7703,בני ברק,6100,155.1,94,0,745,597,6,591,23,2,0,0,192,302,0,0,0,18,50,4,0
15,7704,בני ברק,6100,155.2,94,0,745,626,4,622,49,1,0,0,311,175,0,0,0,14,72,0,0
15,7705,בני ברק,6100,155.3,94,0,745,596,0,596,33,0,0,0,231,285,0,0,0,14,26,7,0
15,7706,בני ברק,6100,174.0,93,0,506,414,1,413,1,0,0,0,49,358,0,0,0,0,5,0,0
15,7707,בני ברק,6100,45.1,92,0,700,535,8,527,7,0,0,0,114,374,7,0,0,0,25,0,0
15,7708,בני ברק,6100,45.2,92,0,700,498,5,493,9,2,1,1,40,397,0,0,0,0,34,9,0
15,7709,בני ברק,6100,45.3,92,0,700,550,3,547,15,0,0,0,94,412,0,0,0,0,26,0,0
15,7710,בני ברק,6100,45.4,92,0,698,500,5,495,11,1,0,0,117,340,0,0,0,0,26,0,0
15,7711,בני ברק,6100,82.1,62,0,698,529,4,525,11,0,0,0,119,380,0,0,0,0,12,3,0
15,7712,בני ברק,6100,82.2,62,0,698,500,16,484,23,0,0,0,69,364,0,0,0,2,25,1,0
15,7713,בני ברק,6100,82.3,62,0,698,562,3,559,26,0,0,0,248,255,0,0,0,0,28,1,1
15,7714,בני ברק,6100,82.4,62,0,698,539,3,536,33,0,0,8,78,373,0,0,0,15,20,8,1
15,7715,בני ברק,6100,82.5,62,0,698,518,11,507,23,0,0,0,78,388,0,0,0,0,17,1,0
15,7716,בני ברק,6100,91.1,64,0,715,424,2,422,3,1,0,0,124,277,0,0,0,4,13,0,0
15,7717,בני ברק,6100,91.2,64,0,715,440,1,439,7,0,0,0,42,371,1,0,0,0,18,0,0
15,7718,בני ברק,6100,91.3,64,0,714,452,6,446,3,0,0,0,90,345,0,0,0,0,8,0,0
15,7719,בני ברק,6100,103.1,52,0,616,474,1,473,13,2,0,5,197,201,0,0,0,15,32,7,1
15,7720,בני ברק,6100,103.2,52,0,616,483,4,479,60,9,2,5,59,272,0,0,0,22,43,7,0
15,7721,בני ברק,6100,103.3,52,0,616,475,2,473,30,7,0,9,102,231,0,0,0,4,80,8,2
15,7722,בני ברק,6100,103.4,52,0,616,467,1,466,19,5,4,0,103,269,1,0,0,7,49,8,1
15,7723,בני ברק,6100,103.5,52,0,616,479,3,476,16,8,0,0,97,319,0,0,0,12,17,7,0
15,7724,בני ברק,6100,109.1,28,0,702,564,4,560,10,17,11,9,201,254,0,0,0,3,47,6,2
15,7725,בני ברק,6100,109.2,28,0,702,550,5,545,17,4,0,0,84,391,0,0,0,1,26,22,0
15,7726,בני ברק,6100,109.3,28,0,702,536,3,533,35,1,4,11,79,342,0,0,0,3,33,25,0
15,7727,בני ברק,6100,109.4,28,0,702,560,3,557,22,1,9,0,103,372,0,0,0,13,16,21,0
15,7728,בני ברק,6100,109.5,28,0,702,546,3,543,70,2,5,4,111,293,1,0,0,2,38,17,0
15,7729,בני ברק,6100,109.6,28,0,699,555,6,549,54,2,0,19,131,297,0,13,0,7,8,15,3
15,7730,בני ברק,6100,112.1,18,0,631,482,13,469,18,0,0,0,171,230,0,0,0,0,49,1,0
15,7731,בני ברק,6100,112.2,18,0,631,453,8,445,5,0,0,0,55,370,0,0,0,0,11,4,0
15,7732,בני ברק,6100,112.3,18,0,631,494,5,489,16,0,0,0,105,333,0,0,0,0,32,3,0
15,7733,בני ברק,6100,112.4,18,0,631,477,4,473,21,0,6,0,95,310,0,0,0,0,16,25,0
15,7734,בני ברק,6100,112.5,18,0,631,496,2,494,2,7,0,0,106,364,0,0,0,0,15,0,0
15,7735,בני ברק,6100,112.6,18,0,627,448,10,438,37,0,0,0,30,344,0,0,0,1,26,0,0
15,7736,בני ברק,6100,132.1,74,0,596,486,4,482,36,2,0,0,108,239,8,0,0,29,42,18,0
15,7737,בני ברק,6100,132.2,74,0,596,476,4,472,11,0,0,0,113,319,0,0,0,0,29,0,0
15,7738,בני ברק,6100,132.3,74,0,596,478,2,476,11,13,1,0,243,164,0,1,0,18,24,1,0
15,7739,בני ברק,6100,132.4,74,0,596,459,4,455,13,0,0,0,115,298,0,0,0,0,28,1,0
15,7740,בני ברק,6100,151.1,21,0,641,475,1,474,11,0,0,3,105,332,0,0,0,1,3,19,0
15,7741,בני ברק,6100,151.2,21,0,641,429,2,427,35,0,0,0,50,333,0,0,0,0,9,0,0
15,7742,בני ברק,6100,151.3,21,0,641,464,10,454,17,0,0,0,86,301,0,0,0,0,44,6,0
15,7743,בני ברק,6100,151.4,21,0,641,455,6,449,5,2,0,0,121,299,0,0,0,0,19,3,0
15,7744,בני ברק,6100,151.5,21,0,639,509,2,507,11,0,0,0,34,455,0,0,0,0,7,0,0
15,7745,בני ברק,6100,33.1,61,0,739,548,2,546,44,14,3,1,179,222,0,0,0,1,45,33,4
15,7746,בני ברק,6100,33.2,61,0,739,560,2,558,30,4,2,2,316,146,0,0,0,7,35,16,0
15,7747,בני ברק,6100,33.3,61,0,739,538,6,532,21,23,1,0,243,191,0,0,0,0,33,20,0
15,7748,בני ברק,6100,33.4,61,0,739,526,9,517,31,4,0,3,201,201,0,0,0,19,30,27,1
15,7749,בני ברק,6100,33.5,61,0,735,546,1,545,30,15,1,9,119,279,0,0,0,16,46,26,4
15,7750,בני ברק,6100,36.1,23,0,749,570,4,566,22,7,0,0,244,242,0,0,0,16,21,14,0
15,7751,בני ברק,6100,36.2,23,0,749,538,5,533,10,2,0,0,177,285,0,0,0,20,39,0,0
15,7752,בני ברק,6100,36.3,23,0,749,555,13,542,31,0,0,5,187,272,0,0,0,8,22,7,10
15,7753,בני ברק,6100,36.4,23,0,747,530,4,526,47,7,0,1,188,250,0,0,0,4,22,7,0
15,7754,בני ברק,6100,37.1,22,0,666,479,1,478,37,11,0,1,159,208,0,0,0,10,41,8,3
15,7755,בני ברק,6100,37.2,22,0,666,493,3,490,51,4,0,4,168,205,0,0,0,6,37,15,0
15,7756,בני ברק,6100,37.3,22,0,666,495,1,494,31,2,0,0,180,200,0,0,0,3,64,14,0
15,7757,בני ברק,6100,37.4,22,0,666,481,3,478,27,24,23,5,103,240,0,0,0,5,28,17,6
15,7758,בני ברק,6100,37.5,22,0,664,475,0,475,39,9,6,0,80,275,0,0,0,21,26,10,9
15,7759,בני ברק,6100,38.0,88,0,616,457,6,451,41,5,6,0,128,233,0,9,0,2,15,12,0
15,7760,בני ברק,6100,39.0,69,0,576,446,6,440,38,2,3,16,82,229,0,0,0,11,26,27,6
15,7761,בני ברק,6100,42.0,40,0,700,495,8,487,9,9,1,0,149,274,0,0,0,5,20,20,0
15,7762,בני ברק,6100,47.0,5,0,614,452,12,440,1,0,0,0,122,276,0,0,0,1,36,4,0
15,7763,בני ברק,6100,49.1,3,0,721,561,9,552,3,4,0,0,200,288,1,0,0,0,54,2,0
15,7764,בני ברק,6100,49.2,3,0,721,572,9,563,13,0,0,0,82,347,0,0,0,11,109,1,0
15,7765,בני ברק,6100,49.3,3,0,721,589,9,580,10,1,0,1,223,316,0,0,0,0,27,1,1
15,7766,בני ברק,6100,49.4,3,0,721,586,5,581,18,12,0,0,233,259,0,0,0,1,48,10,0
15,7767,בני ברק,6100,49.5,3,0,721,577,6,571,38,1,0,0,199,310,0,0,0,9,14,0,0
15,7768,בני ברק,6100,49.6,3,0,716,549,8,541,9,0,0,0,113,387,0,0,0,1,31,0,0
15,7769,בני ברק,6100,53.0,5,0,740,620,9,611,14,0,12,0,118,434,0,11,0,1,21,0,0
15,7770,בני ברק,6100,54.0,56,1,590,415,2,413,40,0,0,0,70,296,0,0,0,0,6,1,0
15,7771,בני ברק,6100,55.0,5,0,554,372,3,369,19,1,0,0,143,186,0,0,0,0,17,3,0
15,7772,בני ברק,6100,57.0,56,0,750,587,8,579,16,0,6,0,156,357,0,0,0,0,23,21,0
15,7773,בני ברק,6100,58.0,72,0,642,509,4,505,9,0,0,0,83,399,0,2,0,3,9,0,0
15,7774,בני ברק,6100,98.0,56,0,744,556,5,551,7,1,0,0,131,385,0,0,1,1,23,2,0
15,7775,בני ברק,6100,134.0,5,0,549,371,8,363,4,15,0,0,78,246,0,0,0,0,6,14,0
15,7776,בני ברק,6100,137.0,72,0,614,508,5,503,23,4,0,4,114,352,0,0,0,0,6,0,0
15,7777,בני ברק,6100,146.1,80,0,470,366,5,361,28,0,2,0,61,258,0,0,1,1,10,0,0
15,7778,בני ברק,6100,146.2,80,0,469,378,8,370,16,0,0,0,81,240,0,0,0,1,32,0,0
15,7779,בני ברק,6100,160.0,72,0,643,514,8,506,16,0,0,0,121,310,0,0,0,0,57,2,0
15,7780,בני ברק,6100,166.0,88,0,694,551,4,547,6,1,0,0,145,352,0,0,0,0,30,13,0
15,7781,בני ברק,6100,171.0,56,0,650,520,9,511,23,1,0,0,117,320,0,0,0,5,45,0,0
15,7782,בני ברק,6100,176.0,72,0,639,508,5,503,16,0,0,0,140,264,0,0,3,3,76,1,0
10,4719,בני דרור,386,1.0,3,0,533,409,1,408,7,88,24,65,7,0,0,0,0,6,21,160,30
10,4720,בני דרור,386,2.0,1,0,515,170,0,170,23,50,20,15,4,0,0,0,0,1,6,47,4
13,6654,בני עיש,1066,1.1,8,0,404,283,3,280,109,20,4,4,30,11,0,0,0,23,29,42,8
13,6655,בני עיש,1066,1.2,8,0,404,290,1,289,79,4,7,1,49,11,0,0,0,24,52,50,12
13,6656,בני עיש,1066,2.0,3,0,660,474,8,466,109,20,20,4,69,20,0,0,0,15,135,71,3
13,6657,בני עיש,1066,3.0,5,0,577,323,5,318,35,76,67,11,12,3,1,0,0,11,15,83,4
13,6658,בני עיש,1066,4.0,5,0,657,385,2,383,30,50,150,10,2,8,0,0,0,8,17,92,16
13,6659,בני עיש,1066,5.0,2,0,558,338,8,330,99,31,56,5,21,1,0,0,0,21,22,67,7
13,6660,בני עיש,1066,6.0,5,0,573,316,8,308,47,87,75,13,10,11,0,1,0,0,12,49,3
13,6661,בני עיש,1066,7.0,7,0,438,247,8,239,35,51,60,3,8,1,0,0,0,11,12,42,16
13,6662,בני עיש,1066,8.0,2,0,599,371,4,367,55,61,66,3,25,8,0,0,0,19,46,76,8
13,6663,בני עיש,1066,9.0,7,0,575,224,2,222,30,38,37,14,1,0,0,0,3,1,11,62,25
13,6664,בני עיש,1066,10.0,9,0,677,451,8,443,142,32,24,3,49,7,0,0,0,22,73,78,13
6,2632,גדיידהמכר,1292,4.1,4,0,657,302,3,299,0,4,0,31,0,2,138,88,36,0,0,0,0
6,2633,גדיידהמכר,1292,4.2,4,0,657,334,6,328,0,0,0,16,0,0,214,61,36,0,0,1,0
6,2634,גדיידהמכר,1292,4.3,4,1,657,318,1,317,0,0,0,11,0,0,186,78,38,0,0,4,0
6,2635,גדיידהמכר,1292,4.4,4,0,657,326,4,322,0,0,0,23,0,0,174,69,53,3,0,0,0
6,2636,גדיידהמכר,1292,4.5,4,0,657,323,1,322,0,0,0,13,0,0,163,76,64,0,0,0,6
6,2637,גדיידהמכר,1292,6.1,9,0,751,385,1,384,2,3,0,4,10,0,168,140,53,0,0,4,0
6,2638,גדיידהמכר,1292,6.2,9,0,751,387,3,384,0,0,0,27,0,0,182,57,118,0,0,0,0
6,2639,גדיידהמכר,1292,6.3,9,0,751,386,2,384,0,1,0,15,0,0,135,94,132,0,5,1,1
6,2640,גדיידהמכר,1292,6.4,9,0,748,306,3,303,7,0,0,18,0,0,171,57,50,0,0,0,0
6,2641,גדיידהמכר,1292,8.0,7,0,666,305,1,304,0,1,12,10,0,0,152,72,52,0,0,5,0
6,2642,גדיידהמכר,1292,9.0,7,0,661,311,9,302,0,1,0,29,0,0,128,71,69,0,3,1,0
6,2643,גדיידהמכר,1292,15.1,8,0,563,239,0,239,2,0,0,5,0,0,121,71,40,0,0,0,0
6,2644,גדיידהמכר,1292,15.2,8,0,563,253,5,248,0,0,0,13,3,0,126,45,61,0,0,0,0
6,2645,גדיידהמכר,1292,15.3,8,0,562,286,0,286,0,7,0,24,0,0,127,81,42,3,0,2,0
6,2646,גדיידהמכר,1292,16.1,6,0,592,295,4,291,0,2,3,7,0,0,108,125,43,0,3,0,0
6,2647,גדיידהמכר,1292,16.2,6,0,592,309,3,306,3,6,0,8,0,0,136,105,46,0,0,2,0
6,2648,גדיידהמכר,1292,16.3,6,0,592,331,1,330,1,5,0,8,0,0,150,133,32,0,0,1,0
6,2649,גדיידהמכר,1292,16.4,6,0,590,267,3,264,4,3,0,15,0,0,134,60,48,0,0,0,0
6,2650,גדיידהמכר,1292,17.1,3,0,665,298,2,296,0,1,4,58,0,0,140,62,24,0,0,0,7
6,2651,גדיידהמכר,1292,17.2,3,0,665,302,2,300,12,0,3,38,0,0,123,53,70,0,0,1,0
6,2652,גדיידהמכר,1292,17.3,3,0,665,351,1,350,0,2,26,15,0,0,204,35,65,0,0,3,0
6,2653,גדיידהמכר,1292,17.4,3,0,665,351,2,349,0,1,0,11,0,0,252,40,43,1,0,1,0
6,2654,גדיידהמכר,1292,17.5,3,0,664,343,2,341,0,8,0,23,0,0,189,75,35,0,0,10,1
6,2655,גדיידהמכר,1292,19.0,7,0,750,349,5,344,0,0,0,7,0,0,150,131,55,0,0,1,0
6,2656,גדיידהמכר,1292,21.0,7,0,653,303,4,299,3,1,0,27,0,0,123,95,46,0,0,3,1
6,2657,גולס,485,2.1,4,0,521,247,8,239,31,39,65,22,0,0,0,0,0,0,7,58,17
6,2658,גולס,485,2.2,4,0,521,273,3,270,30,70,75,11,14,2,2,2,0,3,3,37,21
6,2659,גולס,485,2.3,4,0,521,279,11,268,27,66,60,22,4,1,0,0,0,5,5,64,14
6,2660,גולס,485,3.0,1,0,678,406,3,403,38,112,89,21,45,1,0,1,0,1,10,79,6
6,2661,גולס,485,4.0,1,0,718,403,9,394,90,60,72,19,4,0,5,19,0,0,4,109,12
6,2662,גולס,485,6.1,6,0,548,315,6,309,16,121,43,40,5,2,4,0,0,0,2,70,6
6,2663,גולס,485,6.2,6,0,548,298,2,296,19,80,32,27,5,0,33,2,0,0,5,80,13
6,2664,גולס,485,6.3,6,0,547,341,3,338,13,81,112,22,0,4,5,1,0,0,4,80,16
6,2665,גולס,485,7.0,1,0,743,357,4,353,19,16,86,33,27,12,6,12,0,5,13,112,12
10,4624,גאולי תימן,872,1.0,2,0,271,195,1,194,53,24,1,17,3,1,15,4,2,5,31,30,8
5,1734,גבע,86,1.0,1,0,553,403,0,403,3,122,62,110,0,0,0,0,0,0,1,82,23
2,708,גבעון החדשה,3644,1.0,1,0,514,357,1,356,91,66,13,22,7,5,0,0,0,5,47,97,3
2,709,גבעון החדשה,3644,2.0,1,0,516,318,3,315,65,52,9,39,8,3,0,0,0,16,36,82,5
4,1510,גבעת אבני,1293,1.0,1,0,554,368,1,367,77,58,16,37,18,14,0,0,0,21,43,78,5
4,1511,גבעת אבני,1293,2.0,1,0,574,395,1,394,55,55,24,27,29,3,0,0,2,45,35,95,24
4,1512,גבעת אבני,1293,3.0,1,0,725,482,2,480,107,64,12,27,24,7,1,0,0,21,27,152,38
2,710,גבעת זאב,3730,1.1,1,0,647,444,0,444,68,23,6,2,160,19,0,0,0,41,71,54,0
2,711,גבעת זאב,3730,1.2,1,0,647,489,2,487,40,53,15,27,150,38,0,0,0,52,43,67,2
2,712,גבעת זאב,3730,1.3,1,0,647,465,1,464,52,72,20,5,101,59,0,0,0,17,55,78,5
2,713,גבעת זאב,3730,1.4,1,0,647,450,1,449,120,36,5,16,120,40,0,0,0,24,53,32,3
2,714,גבעת זאב,3730,1.5,1,0,644,459,8,451,86,25,7,9,131,29,0,0,0,32,86,36,10
2,715,גבעת זאב,3730,5.0,2,0,721,504,4,500,107,81,0,21,44,46,0,0,0,54,93,35,19
2,716,גבעת זאב,3730,6.0,3,0,628,439,2,437,135,50,4,10,18,39,0,0,0,36,76,65,4
2,717,גבעת זאב,3730,9.0,3,0,691,471,1,470,93,35,13,4,58,10,0,0,0,39,98,93,27
2,718,גבעת זאב,3730,11.0,3,0,687,495,0,495,126,66,23,2,109,7,0,0,0,33,53,65,11
2,719,גבעת זאב,3730,16.1,8,0,554,466,5,461,32,15,0,0,194,131,0,0,0,12,52,25,0
2,720,גבעת זאב,3730,16.2,8,0,554,470,2,468,42,1,0,0,136,232,0,0,0,2,11,43,1
2,721,גבעת זאב,3730,16.3,8,0,553,471,1,470,29,2,0,0,154,233,0,0,0,2,47,3,0
2,722,גבעת זאב,3730,17.1,4,0,656,458,0,458,84,9,3,5,161,9,0,0,0,18,108,29,32
2,723,גבעת זאב,3730,17.2,4,0,656,487,2,485,85,77,0,4,76,21,0,0,0,47,96,56,23
2,724,גבעת זאב,3730,18.1,5,0,700,510,2,508,103,39,0,0,78,85,0,0,0,51,71,70,11
2,725,גבעת זאב,3730,18.2,5,0,700,509,2,507,54,26,6,22,113,85,0,0,0,26,86,78,11
2,726,גבעת זאב,3730,18.3,5,0,700,499,1,498,131,27,27,10,99,28,0,0,0,16,113,44,3
2,727,גבעת זאב,3730,18.4,5,0,700,515,0,515,72,11,3,10,98,95,0,0,0,33,74,96,23
2,728,גבעת זאב,3730,18.5,5,0,696,505,0,505,58,17,18,3,89,108,0,0,0,14,114,84,0
2,729,גבעת זאב,3730,20.1,7,0,567,476,6,470,25,3,0,0,133,280,0,0,0,4,20,5,0
2,730,גבעת זאב,3730,20.2,7,0,567,496,1,495,12,12,0,0,146,276,0,0,0,5,37,7,0
11,5407,גבעת שמואל,681,1.1,5,0,610,438,0,438,42,138,15,73,4,2,1,1,0,29,23,107,3
11,5408,גבעת שמואל,681,1.2,5,0,610,444,1,443,35,76,73,46,0,2,0,0,0,3,72,105,31
11,5409,גבעת שמואל,681,1.3,5,0,610,438,1,437,39,115,18,74,21,1,0,0,0,8,26,126,9
11,5410,גבעת שמואל,681,1.4,5,0,610,442,1,441,41,98,36,65,0,0,0,0,0,14,1,180,6
11,5411,גבעת שמואל,681,1.5,5,0,606,444,1,443,56,85,61,100,5,17,1,0,0,1,8,93,16
11,5412,גבעת שמואל,681,2.1,2,0,741,478,2,476,70,56,35,10,32,19,0,0,0,41,55,112,46
11,5413,גבעת שמואל,681,2.2,2,0,741,436,0,436,94,54,23,59,17,1,0,0,0,10,103,57,18
11,5414,גבעת שמואל,681,2.3,2,0,740,403,1,402,85,46,15,27,51,4,0,0,0,44,45,74,11
11,5415,גבעת שמואל,681,3.1,11,0,645,487,1,486,45,66,17,55,24,27,0,0,0,30,100,114,8
11,5416,גבעת שמואל,681,3.2,11,0,645,475,0,475,70,85,11,9,20,19,3,0,0,38,52,164,4
11,5417,גבעת שמואל,681,4.0,1,0,722,504,2,502,59,94,16,24,53,0,0,0,0,26,37,192,1
11,5418,גבעת שמואל,681,5.0,4,0,673,409,4,405,57,61,5,4,67,8,0,0,0,35,90,78,0
11,5419,גבעת שמואל,681,6.0,1,0,633,378,0,378,44,70,36,11,69,8,0,0,0,24,51,55,10
11,5420,גבעת שמואל,681,11.1,15,0,680,522,2,520,82,66,32,43,23,32,0,0,0,35,83,100,24
11,5421,גבעת שמואל,681,11.2,15,0,680,527,1,526,122,51,38,16,71,1,0,0,0,25,85,92,25
11,5422,גבעת שמואל,681,11.3,15,0,680,536,1,535,133,93,27,9,44,7,0,0,0,35,58,107,22
11,5423,גבעת שמואל,681,11.4,15,0,680,526,1,525,105,21,16,26,47,2,0,0,0,50,67,162,29
11,5424,גבעת שמואל,681,11.5,15,0,680,527,3,524,108,61,18,29,37,22,0,0,0,34,53,142,20
11,5425,גבעת שמואל,681,11.6,15,0,680,540,1,539,63,68,15,29,50,15,14,0,0,34,77,162,12
11,5426,גבעת שמואל,681,11.7,15,0,674,526,0,526,141,39,27,50,34,12,0,0,0,33,44,109,37
11,5427,גבעת שמואל,681,26.1,12,0,630,493,1,492,122,58,38,7,37,15,0,0,0,9,40,151,15
11,5428,גבעת שמואל,681,26.2,12,0,630,481,1,480,52,37,14,25,5,3,0,0,0,103,115,120,6
11,5429,גבעת שמואל,681,26.3,12,0,630,469,0,469,95,42,13,18,52,13,0,0,0,39,85,94,18
11,5430,גבעת שמואל,681,26.4,12,0,630,498,4,494,84,72,1,42,15,4,0,0,0,50,91,106,29
11,5431,גבעת שמואל,681,26.5,12,0,630,487,0,487,85,66,13,6,46,21,0,0,0,73,38,117,22
11,5432,גבעת שמואל,681,26.6,12,0,627,484,1,483,102,88,19,37,10,3,0,0,0,29,65,112,18
11,5433,גבעת שמואל,681,28.1,13,0,649,455,0,455,85,50,5,25,24,4,0,0,0,74,68,88,32
11,5434,גבעת שמואל,681,28.2,13,0,649,492,1,491,81,61,8,33,28,19,0,0,0,41,102,84,34
11,5435,גבעת שמואל,681,28.3,13,0,649,474,2,472,79,41,6,1,28,2,0,0,0,94,92,120,9
11,5436,גבעת שמואל,681,28.4,13,0,649,489,2,487,114,35,3,37,24,51,1,0,0,52,121,47,2
11,5437,גבעת שמואל,681,28.5,13,0,649,476,1,475,114,48,32,14,29,8,0,0,0,62,69,65,34
11,5438,גבעת שמואל,681,28.6,13,0,649,480,1,479,59,59,6,26,35,31,2,0,0,54,70,118,19
11,5439,גבעת שמואל,681,28.7,13,0,648,493,1,492,136,87,12,15,34,14,0,0,0,39,54,94,7
10,4629,גבעת שפירא,1077,1.0,1,0,243,201,0,201,9,29,34,42,0,0,0,0,0,0,2,79,6
17,9622,גבעתי,793,1.0,1,0,728,538,0,538,104,70,8,13,79,1,0,0,0,36,82,138,7
15,7783,גבעתיים,6300,21.0,48,0,571,404,1,403,56,110,5,59,26,0,0,2,0,23,26,80,16
15,7784,גבעתיים,6300,24.0,48,0,723,533,1,532,74,103,21,91,4,1,8,0,0,28,12,185,5
15,7785,גבעתיים,6300,34.0,1,0,707,537,3,534,39,92,39,119,28,0,0,0,0,2,15,190,10
15,7786,גבעתיים,6300,35.0,1,0,682,523,1,522,21,121,51,93,0,0,0,0,8,1,21,162,44
15,7787,גבעתיים,6300,39.0,1,0,641,510,1,509,70,117,98,49,5,0,3,0,0,1,3,157,6
15,7788,גבעתיים,6300,41.0,1,0,706,556,1,555,145,106,27,51,6,0,0,0,0,8,8,194,10
15,7789,גבעתיים,6300,60.0,1,0,678,545,0,545,43,135,29,113,1,10,7,0,0,8,1,156,42
15,7790,גבעתיים,6300,66.1,52,0,411,267,0,267,16,51,12,83,0,1,1,0,1,0,9,88,5
15,7791,גבעתיים,6300,66.2,52,0,410,296,1,295,18,86,34,39,1,0,9,0,0,16,0,76,16
15,7792,גבעתיים,6300,68.1,39,0,396,255,0,255,6,90,27,34,0,2,0,0,1,3,5,82,5
15,7793,גבעתיים,6300,68.2,39,0,395,247,1,246,9,57,23,64,7,0,18,0,8,3,1,45,11
15,7794,גבעתיים,6300,70.1,2,0,528,372,0,372,63,108,34,56,1,0,5,0,0,1,14,76,14
15,7795,גבעתיים,6300,70.2,2,0,528,359,0,359,63,52,36,76,3,0,3,0,0,3,15,105,3
15,7796,גבעתיים,6300,70.3,2,0,526,393,1,392,25,79,11,73,9,22,1,0,0,7,3,144,18
15,7797,גבעתיים,6300,71.1,44,0,399,293,1,292,21,78,24,60,8,1,2,0,0,0,3,89,6
15,7798,גבעתיים,6300,71.2,44,0,399,289,0,289,30,65,5,69,0,0,0,0,0,3,17,92,8
15,7799,גבעתיים,6300,72.0,53,0,732,541,0,541,58,154,17,115,0,0,4,0,0,2,24,152,15
15,7800,גבעתיים,6300,73.0,53,1,619,426,2,424,38,91,25,88,4,0,5,3,0,27,17,109,17
15,7801,גבעתיים,6300,75.0,53,0,650,527,1,526,89,119,25,99,3,5,1,0,0,3,1,160,21
15,7802,גבעתיים,6300,76.0,10,0,591,414,1,413,13,74,82,73,0,0,5,1,0,1,4,134,26
15,7803,גבעתיים,6300,77.1,7,0,664,465,1,464,27,70,37,101,29,0,2,0,0,4,21,127,46
15,7804,גבעתיים,6300,77.2,7,0,664,458,0,458,51,69,50,60,37,2,3,0,0,0,3,155,28
15,7805,גבעתיים,6300,77.3,7,0,664,471,0,471,90,86,36,54,30,2,0,0,0,1,32,111,29
15,7806,גבעתיים,6300,77.4,7,0,664,473,1,472,61,77,48,95,8,3,5,0,0,4,12,145,14
15,7807,גבעתיים,6300,77.5,7,0,664,471,0,471,107,84,44,86,13,6,4,1,0,1,5,98,22
15,7808,גבעתיים,6300,77.6,7,0,660,421,0,421,32,91,36,100,0,0,1,0,0,5,25,121,10
15,7809,גבעתיים,6300,82.0,5,0,500,306,2,304,26,62,23,60,10,0,6,0,0,6,6,95,10
15,7810,גבעתיים,6300,86.0,5,0,653,452,4,448,47,69,36,53,1,0,1,0,0,34,22,151,34
15,7811,גבעתיים,6300,87.0,5,0,663,400,1,399,63,127,28,37,15,7,19,0,0,8,17,74,4
15,7812,גבעתיים,6300,88.0,5,0,617,448,2,446,26,107,24,91,28,0,3,0,0,9,37,114,7
15,7813,גבעתיים,6300,89.0,5,0,633,493,0,493,56,83,29,111,5,4,0,0,0,1,4,164,36
15,7814,גבעתיים,6300,90.0,12,0,614,456,2,454,44,97,30,46,0,4,0,0,0,3,9,201,20
15,7815,גבעתיים,6300,91.0,5,0,602,384,0,384,59,102,9,47,14,0,5,0,0,8,7,120,13
15,7816,גבעתיים,6300,92.0,5,0,597,439,0,439,19,129,35,101,3,1,6,0,0,0,7,121,17
15,7817,גבעתיים,6300,93.0,12,0,575,416,1,415,24,97,51,41,0,6,0,0,0,1,22,170,3
15,7818,גבעתיים,6300,94.0,1,0,725,579,0,579,72,97,54,131,3,2,1,0,0,17,14,149,39
15,7819,גבעתיים,6300,95.0,5,0,654,517,1,516,53,75,42,100,15,16,0,0,0,1,25,149,40
15,7820,גבעתיים,6300,97.0,12,0,575,432,0,432,23,83,29,101,2,27,0,0,0,4,12,121,30
15,7821,גבעתיים,6300,1.0,6,0,575,413,0,413,4,125,31,85,4,2,4,0,1,5,11,107,34
15,7822,גבעתיים,6300,2.1,43,0,702,506,0,506,57,109,60,56,20,0,0,0,0,12,33,144,15
15,7823,גבעתיים,6300,2.2,43,0,702,447,3,444,27,59,25,89,20,7,4,0,0,1,23,185,4
15,7824,גבעתיים,6300,4.0,18,0,711,402,4,398,37,101,8,68,0,3,0,1,0,1,20,147,12
15,7825,גבעתיים,6300,7.1,16,0,728,458,1,457,87,96,15,92,9,17,3,0,0,13,3,111,11
15,7826,גבעתיים,6300,7.2,16,1,728,471,0,471,105,105,22,48,3,5,0,2,0,6,22,149,4
15,7827,גבעתיים,6300,7.3,16,0,728,485,3,482,29,86,52,112,19,2,1,0,0,3,38,89,51
15,7828,גבעתיים,6300,7.4,16,0,728,494,3,491,27,90,40,101,17,2,0,0,0,1,14,156,43
15,7829,גבעתיים,6300,7.5,16,0,728,472,1,471,47,113,58,66,4,0,0,0,0,14,14,134,21
15,7830,גבעתיים,6300,7.6,16,0,727,475,0,475,24,106,61,65,10,7,0,0,0,6,8,181,7
15,7831,גבעתיים,6300,11.1,19,0,729,554,2,552,38,104,51,123,7,1,0,2,0,21,6,169,30
15,7832,גבעתיים,6300,11.2,19,0,729,555,3,552,54,126,23,37,6,4,0,0,0,31,10,231,30
15,7833,גבעתיים,6300,11.3,19,0,729,560,1,559,42,124,42,97,0,1,0,24,0,1,24,173,31
15,7834,גבעתיים,6300,11.4,19,0,726,556,3,553,41,174,54,116,0,0,0,0,0,1,1,127,39
15,7835,גבעתיים,6300,12.0,18,0,715,554,1,553,48,135,31,105,0,0,0,4,0,6,16,189,19
15,7836,גבעתיים,6300,23.1,4,1,715,474,1,473,67,62,44,86,4,0,0,0,0,11,34,140,25
15,7837,גבעתיים,6300,23.2,4,0,715,485,2,483,21,119,47,87,1,1,3,0,0,0,2,187,15
15,7838,גבעתיים,6300,23.3,4,0,715,450,0,450,25,87,22,98,11,3,1,0,0,0,15,159,29
15,7839,גבעתיים,6300,23.4,4,0,715,502,2,500,65,127,53,124,2,0,1,0,0,2,5,98,23
15,7840,גבעתיים,6300,23.5,4,0,715,461,3,458,34,63,36,47,51,0,2,0,0,3,15,201,6
15,7841,גבעתיים,6300,23.6,4,0,715,483,6,477,41,90,3,139,0,5,1,0,22,4,0,166,6
15,7842,גבעתיים,6300,23.7,4,0,710,488,1,487,30,80,47,125,30,9,2,0,0,2,10,143,9
15,7843,גבעתיים,6300,25.1,28,0,707,532,4,528,21,120,16,109,5,0,21,0,0,1,6,195,34
15,7844,גבעתיים,6300,25.2,28,0,707,541,0,541,36,136,24,52,5,6,4,0,0,3,18,227,30
15,7845,גבעתיים,6300,25.3,28,0,707,530,1,529,23,140,40,87,7,1,20,0,0,4,27,137,43
15,7846,גבעתיים,6300,25.4,28,0,706,558,1,557,27,132,33,87,9,2,0,0,0,13,8,218,28
15,7847,גבעתיים,6300,26.0,24,0,570,430,4,426,19,68,37,55,3,0,0,0,0,17,20,185,22
15,7848,גבעתיים,6300,27.1,54,0,410,301,1,300,30,47,24,71,2,4,0,0,0,5,8,107,2
15,7849,גבעתיים,6300,27.2,54,0,408,313,0,313,27,42,41,86,2,0,10,0,0,6,3,91,5
15,7850,גבעתיים,6300,28.0,6,1,658,453,1,452,35,128,54,74,0,17,3,6,0,1,7,110,17
15,7851,גבעתיים,6300,30.0,18,0,735,574,0,574,25,162,64,108,4,34,0,0,0,0,12,158,7
15,7852,גבעתיים,6300,33.0,24,0,619,481,2,479,16,162,20,69,1,16,0,0,0,4,32,145,14
15,7853,גבעתיים,6300,43.1,11,0,697,400,3,397,35,77,40,69,0,7,5,0,0,14,3,134,13
15,7854,גבעתיים,6300,43.2,11,0,697,444,1,443,40,120,23,81,1,5,3,0,0,5,27,103,35
15,7855,גבעתיים,6300,43.3,11,0,697,451,1,450,57,77,43,83,6,2,2,0,0,10,14,120,36
15,7856,גבעתיים,6300,43.4,11,0,694,446,2,444,23,131,48,89,6,0,0,0,0,4,2,122,19
15,7857,גבעתיים,6300,54.0,3,0,653,464,0,464,16,144,72,80,19,0,0,0,0,1,5,92,35
15,7858,גבעתיים,6300,55.0,3,0,682,456,1,455,53,55,23,118,0,5,13,0,0,8,9,163,8
15,7859,גבעתיים,6300,56.0,3,0,741,525,1,524,64,94,31,68,21,4,0,0,10,8,41,167,16
15,7860,גבעתיים,6300,57.0,3,0,733,545,2,543,36,97,41,60,17,0,1,1,0,22,6,256,6
15,7861,גבעתיים,6300,58.0,3,0,728,523,2,521,25,127,19,102,2,2,3,0,0,0,57,157,27
15,7862,גבעתיים,6300,99.1,8,0,712,578,1,577,40,115,15,77,28,3,7,0,0,26,5,228,33
15,7863,גבעתיים,6300,99.2,8,0,712,557,1,556,57,154,9,147,14,5,0,0,0,9,11,141,9
15,7864,גבעתיים,6300,99.3,8,0,710,576,0,576,4,209,26,160,0,1,0,1,0,8,3,117,47
17,9623,גברעם,342,1.0,1,0,450,380,1,379,9,75,53,89,9,0,14,0,0,1,4,107,18
3,1347,גונן,852,1.0,1,0,387,256,2,254,5,68,26,62,2,0,0,0,0,7,1,74,9
13,6701,גן יבנה,166,2.1,2,0,702,507,2,505,153,69,26,39,10,13,8,0,0,40,40,71,36
13,6702,גן יבנה,166,2.2,2,0,702,487,1,486,109,88,28,46,11,2,0,0,0,13,41,137,11
13,6703,גן יבנה,166,2.3,2,0,702,534,0,534,190,80,7,25,18,9,0,0,0,18,27,144,16
13,6704,גן יבנה,166,2.4,2,0,702,504,3,501,103,75,38,42,46,10,0,0,0,14,33,121,19
13,6705,גן יבנה,166,2.5,2,0,702,503,3,500,163,48,35,57,27,7,0,0,0,5,23,132,3
13,6706,גן יבנה,166,2.6,2,0,699,530,1,529,57,145,76,67,2,0,0,0,0,5,19,134,24
13,6707,גן יבנה,166,3.1,3,0,712,498,6,492,163,42,27,23,51,21,0,0,0,21,84,47,13
13,6708,גן יבנה,166,3.2,3,0,712,509,1,508,114,82,28,28,63,7,0,0,0,7,55,95,29
13,6709,גן יבנה,166,3.3,3,0,712,529,1,528,133,111,11,26,87,7,0,0,0,15,78,49,11
13,6710,גן יבנה,166,3.4,3,0,712,527,1,526,210,50,3,42,53,6,0,0,0,40,83,31,8
13,6711,גן יבנה,166,3.5,3,0,711,514,1,513,137,149,3,29,36,0,0,0,0,50,56,51,2
13,6712,גן יבנה,166,6.0,9,0,586,446,2,444,122,30,12,17,87,8,0,0,0,33,57,47,31
13,6713,גן יבנה,166,7.0,5,0,645,445,0,445,162,75,15,12,32,0,0,0,0,20,32,88,9
13,6714,גן יבנה,166,8.0,5,0,621,400,5,395,119,72,41,23,12,1,0,2,0,12,23,87,3
13,6715,גן יבנה,166,15.1,4,0,713,518,2,516,77,53,58,36,25,3,0,0,0,23,65,161,15
13,6716,גן יבנה,166,15.2,4,0,712,502,4,498,98,99,47,14,21,5,0,0,0,46,23,123,22
13,6717,גן יבנה,166,17.0,10,0,596,419,0,419,78,89,36,4,17,0,7,0,0,11,77,85,15
13,6718,גן יבנה,166,22.1,7,0,578,413,2,411,103,71,9,18,14,2,0,0,0,13,37,128,16
13,6719,גן יבנה,166,22.2,7,0,578,419,3,416,52,56,37,10,21,39,0,0,0,17,32,149,3
13,6720,גן יבנה,166,22.3,7,0,578,439,0,439,122,74,15,42,13,5,0,0,0,22,64,80,2
13,6721,גן יבנה,166,22.4,7,0,576,429,0,429,78,46,16,58,49,6,0,0,0,31,7,131,7
13,6722,גן יבנה,166,24.1,8,0,672,452,3,449,144,74,21,14,18,2,0,0,0,20,45,71,40
13,6723,גן יבנה,166,24.2,8,0,672,498,1,497,86,123,34,9,45,2,7,0,0,21,34,126,10
13,6724,גן יבנה,166,24.3,8,0,672,452,3,449,81,59,24,59,29,5,0,0,0,34,23,129,6
13,6725,גן יבנה,166,24.4,8,0,672,501,1,500,106,103,11,37,41,8,0,0,0,14,9,92,79
13,6726,גן יבנה,166,24.5,8,0,672,463,1,462,115,70,16,29,39,2,0,0,0,39,61,73,18
13,6727,גן יבנה,166,24.6,8,0,672,466,1,465,83,78,4,71,36,0,0,0,0,3,44,107,39
13,6728,גן יבנה,166,26.1,1,0,669,459,2,457,160,54,21,19,55,7,0,0,0,6,54,79,2
10,4727,גנות הדר,549,1.1,1,0,403,298,0,298,74,71,16,29,1,1,0,0,0,13,12,67,14
10,4728,גנות הדר,549,1.2,1,0,402,294,0,294,45,78,35,9,2,0,0,0,0,4,18,102,1
11,5440,גני תקווה,229,1.1,4,0,503,342,1,341,79,41,11,12,49,13,0,0,0,11,15,88,22
11,5441,גני תקווה,229,1.2,4,0,503,350,1,349,70,80,19,28,26,13,0,0,0,10,22,71,10
11,5442,גני תקווה,229,1.3,4,0,502,353,0,353,44,81,37,12,32,4,0,0,0,10,34,85,14
11,5443,גני תקווה,229,2.1,1,0,386,291,1,290,38,37,13,25,15,24,3,0,0,4,9,89,33
11,5444,גני תקווה,229,2.2,1,0,386,267,0,267,64,71,15,14,4,8,0,0,0,4,10,62,15
11,5445,גני תקווה,229,6.1,11,0,671,515,1,514,113,97,13,72,21,2,0,0,0,4,48,140,4
11,5446,גני תקווה,229,6.2,11,0,671,513,0,513,26,131,31,56,15,0,0,0,0,1,22,216,15
11,5447,גני תקווה,229,6.3,11,0,671,498,2,496,51,166,26,38,16,3,1,0,1,9,36,127,22
11,5448,גני תקווה,229,6.4,11,0,671,508,1,507,44,70,75,41,20,0,0,0,0,16,14,220,7
11,5449,גני תקווה,229,6.5,11,0,671,505,2,503,33,87,52,56,39,0,0,0,0,20,29,181,6
11,5450,גני תקווה,229,6.6,11,0,666,516,0,516,65,162,17,41,6,10,0,0,0,1,26,170,18
11,5451,גני תקווה,229,7.0,2,0,650,487,2,485,103,101,20,54,11,4,0,0,0,16,20,141,15
11,5452,גני תקווה,229,8.0,5,0,655,517,0,517,35,101,65,51,4,15,0,7,0,10,16,163,50
11,5453,גני תקווה,229,9.0,2,0,741,531,5,526,74,154,35,64,30,2,0,0,0,22,13,104,28
11,5454,גני תקווה,229,10.1,3,0,710,523,1,522,71,97,25,102,14,14,4,0,0,33,26,110,26
11,5455,גני תקווה,229,10.2,3,0,710,550,1,549,84,98,57,57,2,12,0,0,0,9,27,155,48
11,5456,גני תקווה,229,10.3,3,0,707,561,2,559,26,122,51,117,6,15,0,0,0,16,44,137,25
11,5457,גני תקווה,229,13.0,5,0,442,329,0,329,28,95,31,26,2,7,0,0,0,6,13,95,26
11,5458,גני תקווה,229,16.0,5,0,561,414,2,412,45,101,20,36,9,0,13,0,12,2,12,130,32
11,5459,גני תקווה,229,23.0,12,0,689,570,0,570,55,114,50,108,5,0,5,0,0,2,3,202,26
11,5460,גני תקווה,229,26.0,12,0,711,608,1,607,82,180,47,55,9,4,0,0,0,13,6,188,23
11,5461,גני תקווה,229,29.1,10,0,649,482,0,482,36,82,40,90,88,13,0,3,0,13,9,104,4
11,5462,גני תקווה,229,29.2,10,0,649,520,1,519,80,50,32,56,45,8,9,0,0,32,10,178,19
11,5463,גני תקווה,229,29.3,10,0,649,527,0,527,42,176,46,70,10,8,0,0,9,13,17,115,21
11,5464,גני תקווה,229,29.4,10,0,649,519,3,516,121,87,34,25,52,17,0,0,0,16,33,114,17
11,5465,גני תקווה,229,29.5,10,0,649,506,1,505,11,93,51,57,69,26,0,0,0,55,26,97,20
11,5466,גני תקווה,229,29.6,10,0,649,508,1,507,30,67,4,102,73,38,0,0,0,14,20,132,27
11,5467,גני תקווה,229,29.7,10,0,649,528,0,528,36,81,58,85,66,33,0,0,0,17,17,133,2
11,5468,גני תקווה,229,29.8,10,0,643,507,3,504,59,55,22,72,39,52,0,0,0,9,44,136,16
6,2705,הילה,1208,1.0,1,0,547,374,0,374,4,51,47,91,0,0,2,0,0,7,26,137,9
9,3941,זכרון יעקב,9300,8.1,2,0,729,528,1,527,47,117,45,86,46,27,0,0,1,9,36,108,5
9,3942,זכרון יעקב,9300,8.2,2,0,729,546,1,545,26,82,70,77,15,27,0,0,0,4,29,182,33
9,3943,זכרון יעקב,9300,8.3,2,0,729,499,4,495,89,63,49,93,23,19,1,0,0,3,26,119,10
9,3944,זכרון יעקב,9300,8.4,2,0,729,529,0,529,44,133,44,73,14,45,2,0,1,14,11,134,14
9,3945,זכרון יעקב,9300,8.5,2,0,729,553,1,552,47,75,39,41,70,51,0,0,0,37,6,162,24
9,3946,זכרון יעקב,9300,8.6,2,0,728,519,1,518,57,76,35,78,19,51,0,0,0,1,23,163,15
9,3947,זכרון יעקב,9300,9.1,7,0,711,510,0,510,35,96,33,89,15,2,1,0,0,19,5,199,16
9,3948,זכרון יעקב,9300,9.2,7,0,711,523,1,522,14,111,36,101,9,4,0,0,0,15,48,166,18
9,3949,זכרון יעקב,9300,9.3,7,0,711,512,0,512,43,123,24,104,25,0,0,0,0,9,35,140,9
9,3950,זכרון יעקב,9300,9.4,7,0,711,521,1,520,38,113,48,90,27,0,7,0,0,4,8,161,24
9,3951,זכרון יעקב,9300,9.5,7,0,711,502,3,499,30,134,21,103,9,0,18,0,0,0,36,129,19
9,3952,זכרון יעקב,9300,9.6,7,0,705,540,0,540,11,145,100,88,14,0,0,0,0,0,28,135,19
9,3953,זכרון יעקב,9300,13.1,8,0,745,543,1,542,55,149,84,91,7,0,11,0,0,0,5,123,17
9,3954,זכרון יעקב,9300,13.2,8,0,745,540,0,540,20,100,22,59,0,0,0,0,0,13,43,208,75
9,3955,זכרון יעקב,9300,13.3,8,0,743,531,2,529,17,97,42,35,7,0,22,1,0,19,11,245,33
9,3956,זכרון יעקב,9300,16.1,3,0,833,610,0,610,103,193,26,63,11,3,0,0,0,4,73,99,35
9,3957,זכרון יעקב,9300,16.2,3,0,833,583,2,581,96,144,27,79,36,5,2,6,0,1,21,147,17
9,3958,זכרון יעקב,9300,16.3,3,0,831,610,1,609,118,127,66,48,16,0,0,0,0,9,16,168,41
9,3959,זכרון יעקב,9300,22.1,1,0,750,536,2,534,37,85,18,69,105,30,6,0,0,5,43,115,21
9,3960,זכרון יעקב,9300,22.2,1,0,749,531,1,530,94,59,9,37,95,29,0,0,0,6,42,123,36
9,3961,זכרון יעקב,9300,24.1,12,0,601,465,4,461,44,56,25,33,45,71,0,0,0,9,56,112,10
9,3962,זכרון יעקב,9300,24.2,12,0,601,449,0,449,48,42,8,50,96,61,0,0,0,0,33,86,25
9,3963,זכרון יעקב,9300,24.3,12,0,601,486,2,484,35,55,21,32,88,59,1,0,0,7,61,96,29
9,3964,זכרון יעקב,9300,24.4,12,0,601,462,1,461,41,99,17,20,50,89,0,0,0,0,32,104,9
9,3965,זכרון יעקב,9300,25.1,4,0,656,452,0,452,15,161,40,65,6,1,0,0,0,4,12,113,35
9,3966,זכרון יעקב,9300,25.2,4,0,656,439,1,438,69,115,20,41,12,7,0,0,0,2,13,125,34
9,3967,זכרון יעקב,9300,25.3,4,0,656,441,2,439,54,128,25,66,7,11,7,0,0,14,4,110,13
5,1758,חבר,1110,1.0,1,0,539,372,1,371,119,62,7,17,51,1,0,0,0,13,36,46,19
6,2761,חורפיש,496,1.0,15,0,736,393,0,393,11,47,26,62,2,0,49,3,5,0,0,176,12
6,2762,חורפיש,496,2.0,16,0,693,367,2,365,21,60,27,94,12,0,10,4,0,0,0,124,13
6,2763,חורפיש,496,3.1,18,0,398,229,1,228,11,28,74,21,5,0,2,2,0,0,0,77,8
6,2764,חורפיש,496,3.2,18,0,398,214,0,214,7,39,83,15,0,0,0,2,0,0,0,63,5
6,2765,חורפיש,496,4.0,13,0,710,484,0,484,7,116,57,68,1,0,1,0,0,4,0,208,22
6,2766,חורפיש,496,5.0,13,0,741,427,1,426,1,64,33,145,29,0,17,0,0,5,7,118,7
6,2767,חורפיש,496,6.0,14,0,716,346,1,345,13,71,17,54,0,0,22,0,1,0,16,147,4
6,2768,חורפיש,496,7.1,17,0,404,246,2,244,3,25,45,67,0,0,2,3,9,0,0,83,7
6,2769,חורפיש,496,7.2,17,0,403,232,2,230,4,42,14,25,0,0,0,0,0,0,3,136,6
4,1588,חמאם,993,1.0,1,0,677,275,3,272,4,0,0,21,0,0,52,175,18,0,0,1,1
4,1589,חמאם,993,2.0,1,0,645,306,1,305,17,1,0,7,0,0,32,223,18,0,7,0,0
9,3871,חריש,1247,2.1,3,0,704,452,0,452,68,33,30,35,42,16,0,7,0,55,95,49,22
9,3872,חריש,1247,2.2,3,0,704,479,1,478,68,25,27,43,127,1,13,1,0,84,44,39,6
9,3873,חריש,1247,2.3,3,0,704,450,0,450,83,47,25,48,106,11,2,0,0,24,53,48,3
9,3874,חריש,1247,2.4,3,0,704,485,1,484,110,44,18,21,86,6,0,0,0,76,70,49,4
9,3875,חריש,1247,2.5,3,0,704,477,2,475,140,50,54,14,85,37,1,1,1,4,36,42,10
9,3876,חריש,1247,2.6,3,0,704,475,2,473,104,48,23,19,88,33,5,0,2,14,53,76,8
9,3877,חריש,1247,2.7,3,0,704,458,3,455,81,71,48,10,118,1,0,1,0,6,18,99,2
9,3878,חריש,1247,3.1,2,0,706,477,3,474,97,28,10,20,90,18,0,0,0,70,76,58,7
9,3879,חריש,1247,3.2,2,0,706,496,3,493,90,54,13,7,108,21,0,0,0,44,83,63,10
9,3880,חריש,1247,3.3,2,0,706,472,4,468,54,44,40,11,69,35,0,0,0,40,62,100,13
9,3881,חריש,1247,3.4,2,0,706,459,2,457,89,51,2,6,93,11,0,0,0,61,99,43,2
9,3882,חריש,1247,3.5,2,0,706,517,3,514,82,48,21,31,84,36,11,0,0,23,106,63,9
9,3883,חריש,1247,3.6,2,0,706,475,4,471,63,22,7,10,70,47,0,0,1,37,108,92,14
9,3884,חריש,1247,3.7,2,0,706,495,0,495,112,53,34,8,93,8,20,0,0,36,64,64,3
9,3885,חריש,1247,3.8,2,0,706,446,2,444,56,76,33,17,78,25,0,0,0,31,70,54,4
9,3886,חריש,1247,3.9,2,0,701,512,1,511,95,76,22,7,55,21,0,0,0,61,75,81,18
9,3887,חריש,1247,27.1,4,0,713,487,0,487,153,55,44,15,64,12,0,0,0,12,34,91,7
9,3888,חריש,1247,27.2,4,0,713,503,1,502,54,66,60,19,87,27,1,0,0,11,53,93,31
9,3889,חריש,1247,27.3,4,0,713,540,3,537,116,59,23,30,74,21,2,0,0,42,57,99,14
9,3890,חריש,1247,27.4,4,0,713,535,10,525,119,70,37,24,39,27,0,0,0,48,77,68,16
9,3891,חריש,1247,27.5,4,0,710,530,3,527,111,58,25,49,48,27,0,0,0,30,44,85,50
9,3892,חריש,1247,990.1,4,0,745,537,1,536,92,51,16,60,70,5,1,2,0,59,29,140,11
9,3893,חריש,1247,990.2,4,0,745,512,1,511,90,57,31,15,82,20,0,0,0,14,49,151,2
9,3894,חריש,1247,990.3,4,0,745,549,4,545,139,44,44,11,58,43,2,0,0,37,60,93,14
9,3895,חריש,1247,990.4,4,0,745,506,2,504,98,50,45,27,73,16,0,0,0,22,24,118,31
9,3896,חריש,1247,990.5,4,0,744,524,4,520,103,88,60,16,72,18,0,0,0,3,26,117,17
3,1354,כפר בלום,357,1.1,1,0,397,276,2,274,23,55,20,36,9,11,0,0,0,12,7,77,24
3,1355,כפר בלום,357,1.2,1,0,396,288,1,287,28,79,14,48,8,0,0,0,0,2,14,78,16
6,2689,כפר יאסיף,507,5.1,1,0,593,381,1,380,4,3,5,33,0,0,261,32,41,0,0,1,0
6,2690,כפר יאסיף,507,5.2,1,0,593,345,2,343,30,3,3,11,0,0,169,36,73,0,0,18,0
6,2691,כפר יאסיף,507,5.3,1,0,593,296,3,293,0,0,2,7,20,0,123,49,88,0,0,4,0
6,2692,כפר יאסיף,507,5.4,1,0,590,322,6,316,10,13,0,9,0,0,174,53,40,0,0,10,7
6,2693,כפר יאסיף,507,6.1,3,0,548,340,2,338,3,0,0,8,0,0,214,40,70,0,0,3,0
6,2694,כפר יאסיף,507,6.2,3,0,548,318,1,317,18,25,0,28,0,0,169,22,44,0,4,4,3
6,2695,כפר יאסיף,507,6.3,3,0,547,360,2,358,9,1,0,44,3,11,210,20,54,0,5,1,0
6,2696,כפר יאסיף,507,8.1,4,0,604,342,4,338,0,8,1,14,0,0,173,53,76,0,0,11,2
6,2697,כפר יאסיף,507,8.2,4,0,604,313,3,310,0,9,0,17,0,0,170,55,58,0,0,1,0
6,2698,כפר יאסיף,507,8.3,4,0,604,379,3,376,1,11,0,12,0,0,253,41,46,0,0,12,0
6,2699,כפר יאסיף,507,8.4,4,0,603,344,0,344,0,10,0,35,0,0,205,22,67,0,0,4,1
6,2700,כפר יאסיף,507,10.1,2,0,612,349,2,347,1,1,0,32,0,0,198,46,48,0,3,17,1
6,2701,כפר יאסיף,507,10.2,2,0,612,351,3,348,0,6,3,43,0,0,175,34,83,1,0,3,0
6,2702,כפר יאסיף,507,10.3,2,0,612,336,5,331,1,2,7,22,0,0,197,32,49,0,0,13,8
6,2703,כפר יאסיף,507,10.4,2,0,612,385,1,384,1,19,0,40,0,0,229,23,65,0,0,7,0
5,1639,כפר מצר,512,1.0,1,0,714,379,1,378,0,21,0,27,1,0,84,201,44,0,0,0,0
5,1640,כפר מצר,512,2.0,1,0,659,343,5,338,0,9,1,20,1,0,77,170,41,1,1,17,0
5,1641,כפר מצר,512,3.0,1,0,720,314,3,311,6,1,0,13,0,0,72,175,20,3,13,8,0
12,5950,מבוא חורון,3709,1.0,2,0,727,596,1,595,52,40,1,0,28,35,0,0,0,98,192,149,0
12,5951,מבוא חורון,3709,2.0,2,0,636,505,3,502,23,26,0,1,36,30,0,0,2,142,131,110,1
20,11588,מגד אלכרום,516,3.0,3,0,721,463,23,440,1,0,0,42,0,0,279,48,70,0,0,0,0
20,11589,מגד אלכרום,516,5.0,3,0,712,465,4,461,0,0,0,42,3,0,243,80,92,0,0,1,0
20,11590,מגד אלכרום,516,6.0,3,0,747,439,5,434,0,0,0,20,0,0,247,70,97,0,0,0,0
20,11591,מגד אלכרום,516,7.1,2,0,744,492,1,491,0,0,0,15,0,0,283,71,122,0,0,0,0
20,11592,מגד אלכרום,516,7.2,2,0,744,417,3,414,1,2,0,7,0,0,252,39,111,0,0,0,2
20,11593,מגד אלכרום,516,7.3,2,0,744,466,4,462,0,0,0,8,0,0,316,47,91,0,0,0,0
20,11594,מגד אלכרום,516,7.4,2,0,741,409,4,405,0,1,0,17,2,0,214,36,130,0,5,0,0
20,11595,מגד אלכרום,516,13.1,4,0,568,340,2,338,1,0,0,8,0,0,222,39,65,0,0,3,0
20,11596,מגד אלכרום,516,13.2,4,0,568,295,3,292,0,0,0,4,0,0,153,39,96,0,0,0,0
20,11597,מגד אלכרום,516,13.3,4,0,568,314,4,310,0,0,0,38,0,0,143,71,57,0,0,1,0
20,11598,מגד אלכרום,516,13.4,4,0,568,365,0,365,1,0,1,17,0,0,213,68,63,0,0,2,0
20,11599,מגד אלכרום,516,15.1,1,0,740,425,1,424,0,0,0,33,0,0,248,63,74,3,0,3,0
20,11600,מגד אלכרום,516,15.2,1,0,740,446,2,444,2,0,0,30,0,2,229,74,67,0,0,40,0
20,11601,מגד אלכרום,516,15.3,1,0,740,457,3,454,0,2,0,28,0,0,291,48,85,0,0,0,0
20,11602,מגד אלכרום,516,15.4,1,0,740,452,5,447,0,0,0,22,0,0,251,68,78,0,28,0,0
20,11603,מגד אלכרום,516,15.5,1,0,737,426,0,426,0,0,0,14,0,0,267,26,118,0,0,1,0
20,11604,מגד אלכרום,516,16.0,3,0,725,456,5,451,1,0,0,16,0,0,304,68,54,0,0,3,5
5,1767,מולדת,269,1.0,3,0,467,345,0,345,9,132,18,65,0,0,2,0,0,0,15,100,4
5,1768,מולדת,269,2.0,3,0,483,338,1,337,12,71,27,54,0,0,0,0,0,1,6,146,20
5,1769,מוקייבלה,635,1.1,1,0,735,220,3,217,0,2,0,14,0,0,77,95,28,0,0,1,0
5,1770,מוקייבלה,635,1.2,1,0,735,253,5,248,0,0,0,9,0,0,81,116,40,0,0,2,0
5,1771,מוקייבלה,635,4.1,2,0,502,211,2,209,0,0,0,15,0,0,117,55,22,0,0,0,0
5,1772,מוקייבלה,635,4.2,2,0,502,215,3,212,0,0,0,9,0,0,117,75,9,0,0,0,2
5,1773,מוקייבלה,635,4.3,2,0,502,199,3,196,0,0,0,13,0,0,76,79,28,0,0,0,0
5,2161,מזרע,104,1.1,1,0,377,283,0,283,13,32,27,104,0,0,0,0,0,1,4,81,21
5,2162,מזרע,104,1.2,1,0,376,285,0,285,5,44,6,143,0,0,2,0,0,0,1,64,20
17,9498,מנוחה,2030,1.0,2,0,494,367,1,366,124,59,3,0,70,2,0,0,0,10,38,53,7
17,9648,מפלסים,668,1.1,1,0,388,275,2,273,16,71,16,76,0,4,0,2,2,4,2,68,12
17,9649,מפלסים,668,1.2,1,0,388,286,2,284,9,61,34,76,0,0,0,0,0,1,2,83,18
12,5952,מצליח,757,1.0,1,0,553,402,5,397,108,49,4,6,47,7,0,0,0,22,51,97,6
12,5953,מצליח,757,2.0,1,1,477,338,4,334,85,65,14,11,9,8,0,0,0,21,30,71,20
3,1365,מרגליות,843,1.0,1,0,381,225,1,224,79,18,31,18,19,1,0,0,0,10,13,27,8
5,1776,מרחביה מושב,97,1.0,3,0,648,481,0,481,32,114,58,41,2,0,0,0,0,0,34,174,26
2,1147,נגוהות,3724,1.0,1,0,247,196,0,196,29,8,0,0,1,0,0,0,0,40,79,35,4
19,11116,נווה ירק,858,1.0,1,0,413,328,0,328,37,93,14,57,4,3,0,2,0,1,3,107,7
19,11117,נווה ירק,858,2.0,1,0,512,398,0,398,43,78,25,70,13,6,0,0,0,0,16,142,5
17,9661,ניר ישראל,699,1.0,1,0,662,508,1,507,112,117,15,39,13,6,0,0,0,0,54,125,26
17,9662,ניר עם,348,1.0,1,0,494,354,0,354,10,51,15,119,2,0,2,0,0,11,8,128,8
18,9936,ניר עקיבא,2048,1.0,1,0,502,346,1,345,56,65,10,22,29,3,1,0,0,28,43,77,11
10,4690,נעורים,186,1.0,1,0,170,69,1,68,6,16,9,7,0,0,0,0,0,1,2,23,4
10,4277,נתניה,7400,43.0,138,0,578,236,4,232,58,25,45,15,6,6,0,0,0,7,27,40,3
10,4278,נתניה,7400,44.1,122,0,577,229,5,224,59,23,7,22,32,2,0,0,0,14,19,29,17
10,4279,נתניה,7400,44.2,122,0,577,237,3,234,55,21,16,14,27,2,0,0,0,4,30,55,10
10,4280,נתניה,7400,44.3,122,0,577,224,2,222,86,32,29,7,13,1,0,0,0,3,8,40,3
10,4281,נתניה,7400,44.4,122,0,577,208,1,207,50,33,30,21,25,3,0,1,0,6,7,25,6
10,4282,נתניה,7400,54.1,8,0,661,299,2,297,97,37,16,8,38,3,0,0,0,9,21,59,9
10,4283,נתניה,7400,54.2,8,0,661,307,6,301,99,41,22,5,26,2,0,0,0,4,47,49,6
10,4284,נתניה,7400,54.3,8,1,661,317,2,315,68,45,19,30,22,16,0,0,0,12,37,42,24
10,4285,נתניה,7400,54.4,8,0,661,301,2,299,101,56,32,9,31,1,0,0,0,5,32,23,9
10,4286,נתניה,7400,54.5,8,0,661,290,2,288,57,43,44,16,27,17,1,0,0,11,21,37,14
10,4287,נתניה,7400,54.6,8,0,656,312,5,307,28,67,23,14,57,3,0,0,0,13,16,76,10
10,4288,נתניה,7400,68.1,158,0,658,421,2,419,52,22,31,26,180,3,0,0,0,21,13,70,1
10,4289,נתניה,7400,68.2,158,0,658,421,0,421,79,28,15,1,81,17,0,0,0,20,73,98,9
10,4290,נתניה,7400,68.3,158,0,658,430,6,424,107,27,19,7,141,9,0,0,0,3,71,33,7
10,4291,נתניה,7400,68.4,158,0,658,424,9,415,97,46,6,14,129,14,0,0,0,18,32,59,0
10,4292,נתניה,7400,68.5,158,0,657,402,5,397,93,11,24,4,132,13,0,0,0,29,24,65,2
10,4293,נתניה,7400,81.0,48,0,624,298,5,293,67,44,5,4,105,3,0,0,0,13,16,28,8
10,4294,נתניה,7400,82.0,165,0,694,361,3,358,101,18,20,3,89,8,0,0,0,32,31,25,31
10,4295,נתניה,7400,84.1,15,0,720,378,3,375,102,22,21,8,99,0,0,0,0,25,56,37,5
10,4296,נתניה,7400,84.2,15,0,719,390,4,386,131,14,16,4,128,2,0,0,0,22,31,26,12
10,4297,נתניה,7400,85.0,45,0,548,393,1,392,125,6,0,7,139,11,0,0,0,3,59,15,27
10,4298,נתניה,7400,86.0,165,0,699,335,5,330,132,24,5,3,58,6,0,0,0,15,53,29,5
10,4299,נתניה,7400,87.0,48,0,618,304,3,301,86,22,29,5,59,0,0,0,0,11,58,25,6
10,4300,נתניה,7400,92.0,19,0,701,335,8,327,69,69,58,13,25,3,0,0,0,11,38,26,15
10,4301,נתניה,7400,94.0,48,0,442,232,2,230,72,24,17,2,49,2,0,0,0,11,19,33,1
10,4302,נתניה,7400,95.0,24,0,635,304,5,299,99,51,44,2,20,10,0,0,0,16,20,20,17
10,4303,נתניה,7400,96.0,152,0,504,239,3,236,37,41,35,1,25,1,0,0,0,9,28,55,4
10,4304,נתניה,7400,97.0,19,0,591,292,6,286,78,36,30,13,17,1,0,0,0,5,38,52,16
10,4305,נתניה,7400,98.0,19,0,691,337,6,331,99,72,25,9,47,13,0,0,0,13,16,31,6
10,4306,נתניה,7400,99.0,152,0,704,304,6,298,87,12,3,19,68,6,0,0,0,8,47,19,29
10,4307,נתניה,7400,100.0,77,0,549,296,3,293,85,60,24,10,16,1,0,0,0,6,25,59,7
10,4308,נתניה,7400,101.0,128,0,599,224,2,222,71,14,3,4,49,9,0,0,0,10,15,46,1
10,4309,נתניה,7400,102.0,30,0,545,245,2,243,91,17,18,6,37,3,0,0,0,12,14,40,5
10,4310,נתניה,7400,103.0,128,0,535,274,1,273,79,32,38,4,34,1,0,0,0,14,9,47,15
10,4311,נתניה,7400,104.0,77,0,593,304,4,300,55,49,24,4,41,2,0,0,0,20,7,97,1
10,4312,נתניה,7400,105.0,30,0,572,244,4,240,69,24,28,0,28,1,0,0,0,3,43,40,4
10,4313,נתניה,7400,106.0,30,0,400,235,1,234,57,24,25,11,28,5,0,0,0,2,15,52,15
10,4314,נתניה,7400,108.1,86,0,697,389,2,387,102,27,45,30,35,8,0,2,0,1,51,48,38
10,4315,נתניה,7400,108.2,86,0,697,401,6,395,95,64,84,29,26,2,0,0,0,18,23,41,13
10,4316,נתניה,7400,108.3,86,0,697,415,2,413,61,74,63,86,25,1,0,0,0,7,28,62,6
10,4317,נתניה,7400,108.4,86,0,694,376,2,374,75,79,53,23,5,0,0,7,0,4,4,93,31
10,4318,נתניה,7400,109.1,16,0,573,311,4,307,91,28,7,12,48,8,0,5,0,4,37,49,18
10,4319,נתניה,7400,109.2,16,0,573,302,2,300,57,70,10,10,59,1,0,0,0,10,17,59,7
10,4320,נתניה,7400,109.3,16,0,573,313,4,309,85,22,20,12,23,0,0,0,0,27,46,61,13
10,4321,נתניה,7400,109.4,16,0,573,306,0,306,71,30,30,12,40,13,0,0,0,14,21,69,6
10,4322,נתניה,7400,114.0,24,0,561,263,4,259,54,33,4,17,56,1,0,0,0,14,23,55,2
10,4323,נתניה,7400,119.1,20,0,687,451,5,446,72,30,19,21,121,24,0,0,0,13,76,67,3
10,4324,נתניה,7400,119.2,20,0,687,424,2,422,89,39,14,14,123,18,5,0,0,1,22,79,18
10,4325,נתניה,7400,119.3,20,0,687,437,1,436,109,35,30,10,81,46,0,0,0,3,31,90,1
10,4326,נתניה,7400,119.4,20,0,687,475,1,474,78,35,8,5,100,43,0,0,0,28,99,73,5
10,4327,נתניה,7400,119.5,20,0,687,433,4,429,63,46,12,1,91,58,0,0,0,13,62,82,1
10,4328,נתניה,7400,119.6,20,0,687,409,5,404,70,44,62,6,89,22,0,0,0,10,23,69,9
10,4329,נתניה,7400,120.1,2,0,728,361,1,360,61,28,26,28,52,8,0,14,0,8,36,95,4
10,4330,נתניה,7400,120.2,2,0,728,339,3,336,66,41,21,46,35,18,0,0,0,1,32,71,5
10,4331,נתניה,7400,120.3,2,0,728,381,4,377,44,75,36,16,64,5,0,0,0,17,39,65,16
10,4332,נתניה,7400,120.4,2,1,728,319,2,317,64,29,62,32,22,10,2,0,0,26,8,55,7
10,4333,נתניה,7400,120.5,2,0,728,327,3,324,60,42,55,17,50,3,0,0,0,11,34,41,11
10,4334,נתניה,7400,120.6,2,0,726,355,4,351,93,42,18,41,21,0,0,0,0,7,18,102,9
10,4335,נתניה,7400,125.1,125,0,719,354,1,353,87,70,7,19,15,1,0,2,0,20,21,86,25
10,4336,נתניה,7400,125.2,125,0,719,327,2,325,102,25,34,10,9,1,0,0,0,13,23,98,10
10,4337,נתניה,7400,125.3,125,0,719,349,1,348,68,56,43,33,29,11,0,0,0,7,26,69,6
10,4338,נתניה,7400,125.4,125,0,717,327,9,318,70,80,43,8,4,3,0,0,0,4,5,72,29
10,4339,נתניה,7400,151.1,98,0,697,446,2,444,98,94,33,17,46,14,0,0,0,14,47,81,0
10,4340,נתניה,7400,151.2,98,0,697,430,4,426,92,56,39,36,41,12,0,0,0,18,69,61,2
10,4341,נתניה,7400,151.3,98,0,697,447,4,443,128,41,23,18,85,7,0,0,3,10,56,68,4
10,4342,נתניה,7400,151.4,98,0,697,448,2,446,82,58,65,35,50,7,0,0,0,8,33,95,13
10,4343,נתניה,7400,151.5,98,0,697,451,1,450,111,83,58,15,21,7,0,0,0,1,9,137,8
10,4344,נתניה,7400,152.0,24,0,619,280,3,277,85,36,19,7,17,2,0,2,0,11,19,59,20
10,4345,נתניה,7400,153.0,24,1,561,282,2,280,70,36,19,14,41,10,0,0,0,7,40,36,7
10,4346,נתניה,7400,154.0,172,0,636,414,3,411,95,23,0,7,145,30,0,0,0,30,34,44,3
10,4347,נתניה,7400,157.1,17,0,674,331,0,331,109,18,24,4,79,3,0,0,0,12,36,40,6
10,4348,נתניה,7400,157.2,17,0,674,307,1,306,78,37,62,6,66,5,0,0,0,5,18,23,6
10,4349,נתניה,7400,157.3,17,0,674,341,3,338,102,60,24,16,22,2,0,0,0,11,32,66,3
10,4350,נתניה,7400,157.4,17,0,674,377,0,377,64,54,12,17,44,8,0,0,0,11,47,99,21
10,4351,נתניה,7400,157.5,17,0,674,329,1,328,98,37,35,8,45,1,1,0,0,9,30,58,6
10,4352,נתניה,7400,157.6,17,0,672,319,1,318,81,55,15,8,54,2,0,0,0,6,14,81,2
10,4353,נתניה,7400,163.0,24,0,590,349,6,343,104,40,26,35,30,2,2,0,0,20,20,57,7
10,4354,נתניה,7400,167.1,141,0,737,454,3,451,79,50,26,2,85,9,0,0,0,59,41,91,9
10,4355,נתניה,7400,167.2,141,0,737,454,3,451,88,43,5,13,126,28,0,0,0,19,45,76,8
10,4356,נתניה,7400,167.3,141,0,737,478,1,477,102,41,7,14,135,29,0,4,0,8,43,63,31
10,4357,נתניה,7400,167.4,141,0,735,497,0,497,88,33,14,1,138,34,0,0,0,48,54,86,1
10,4358,נתניה,7400,168.1,18,0,686,467,2,465,109,37,16,7,155,25,0,0,0,16,60,38,2
10,4359,נתניה,7400,168.2,18,0,686,462,3,459,54,63,1,14,119,56,0,0,0,12,85,53,2
10,4360,נתניה,7400,168.3,18,0,686,497,10,487,127,17,18,16,146,59,0,0,0,19,34,43,8
10,4361,נתניה,7400,168.4,18,1,686,430,1,429,117,44,38,2,101,26,0,0,0,7,54,27,13
10,4362,נתניה,7400,168.5,18,1,684,427,1,426,102,18,3,11,86,52,0,0,0,29,53,64,8
10,4363,נתניה,7400,171.0,152,0,657,281,1,280,112,34,12,2,51,2,0,0,0,10,19,33,5
10,4364,נתניה,7400,173.0,172,0,745,499,0,499,93,35,1,1,159,78,0,0,0,9,51,70,2
10,4365,נתניה,7400,175.0,77,0,439,251,1,250,58,38,16,30,18,3,0,0,0,5,16,48,18
10,4366,נתניה,7400,176.1,11,0,691,387,3,384,148,16,10,11,102,8,0,0,0,9,17,55,8
10,4367,נתניה,7400,176.2,11,0,691,368,1,367,126,17,23,11,42,44,0,0,0,17,49,33,5
10,4368,נתניה,7400,176.3,11,0,691,385,3,382,54,39,18,8,146,54,0,0,0,7,20,30,6
10,4369,נתניה,7400,176.4,11,1,691,368,8,360,92,19,21,11,65,37,0,0,0,18,57,40,0
10,4370,נתניה,7400,176.5,11,0,691,354,2,352,114,29,19,7,51,53,0,0,0,13,25,38,3
10,4371,נתניה,7400,176.6,11,0,686,370,1,369,54,30,56,20,67,55,0,0,0,19,22,43,3
10,4372,נתניה,7400,181.0,45,0,728,466,0,466,117,32,12,13,149,3,0,7,0,19,25,62,27
10,4373,נתניה,7400,183.0,48,0,554,327,2,325,102,39,29,21,20,4,0,0,0,13,43,38,16
10,4374,נתניה,7400,186.1,177,0,726,344,4,340,58,41,50,38,36,2,0,0,0,4,25,79,7
10,4375,נתניה,7400,186.2,177,0,726,330,3,327,70,77,31,36,10,2,3,0,0,4,16,69,9
10,4376,נתניה,7400,186.3,177,0,725,295,4,291,53,26,37,42,3,2,0,0,0,2,21,89,16
10,4377,נתניה,7400,190.1,178,0,600,337,0,337,74,36,6,18,71,2,0,0,0,16,41,67,6
10,4378,נתניה,7400,190.2,178,0,600,315,0,315,82,37,3,9,25,15,0,0,0,15,33,81,15
10,4379,נתניה,7400,219.1,76,0,700,403,1,402,59,71,12,47,32,14,2,0,0,27,44,91,3
10,4380,נתניה,7400,219.2,76,0,700,388,5,383,132,55,28,13,51,4,0,0,0,11,43,40,6
10,4381,נתניה,7400,219.3,76,0,700,390,2,388,95,64,15,32,55,19,0,0,0,31,23,43,11
10,4382,נתניה,7400,219.4,76,0,698,385,3,382,77,44,67,5,41,9,0,1,0,18,38,79,3
10,4383,נתניה,7400,230.1,101,0,676,445,1,444,141,58,41,64,13,0,0,2,0,6,25,73,21
10,4384,נתניה,7400,230.2,101,0,676,417,4,413,110,63,31,33,21,14,0,0,2,4,21,113,1
10,4385,נתניה,7400,230.3,101,0,676,435,4,431,122,61,8,44,52,7,0,0,0,9,67,39,22
10,4386,נתניה,7400,230.4,101,0,676,431,1,430,96,70,35,77,44,0,0,0,0,18,32,52,6
10,4387,נתניה,7400,230.5,101,0,676,428,2,426,85,67,57,13,42,1,0,0,0,5,25,119,12
10,4388,נתניה,7400,230.6,101,0,676,421,3,418,86,85,18,21,43,1,0,0,0,0,41,103,20
10,4389,נתניה,7400,230.7,101,0,674,433,1,432,107,81,80,14,25,5,8,0,0,17,26,57,12
10,4390,נתניה,7400,236.0,19,0,594,287,2,285,71,59,28,3,21,4,0,0,0,10,18,60,11
10,4391,נתניה,7400,238.1,79,0,708,440,2,438,82,97,57,24,11,1,0,0,0,1,63,96,6
10,4392,נתניה,7400,238.2,79,0,708,445,1,444,110,91,37,29,33,6,0,0,0,8,22,91,17
10,4393,נתניה,7400,238.3,79,0,708,385,1,384,116,67,45,9,17,10,0,0,0,13,15,65,27
10,4394,נתניה,7400,238.4,79,0,708,400,1,399,111,59,37,18,49,1,0,0,0,16,28,55,25
10,4395,נתניה,7400,238.5,79,0,708,388,1,387,76,56,37,47,20,23,1,0,0,15,13,71,28
10,4396,נתניה,7400,241.0,159,0,619,420,1,419,102,66,20,16,71,5,0,0,0,13,46,59,21
10,4397,נתניה,7400,254.0,142,0,654,452,0,452,85,69,43,17,8,0,0,3,0,9,36,113,69
10,4398,נתניה,7400,259.0,142,0,674,474,1,473,47,109,28,42,3,0,0,0,6,13,15,192,18
10,4399,נתניה,7400,260.1,51,0,749,513,1,512,114,105,72,46,17,0,0,1,0,8,28,104,17
10,4400,נתניה,7400,260.2,51,0,749,519,3,516,183,108,24,41,6,2,0,0,0,8,20,117,7
10,4401,נתניה,7400,260.3,51,0,749,531,0,531,123,94,61,72,1,0,0,0,0,2,20,140,18
10,4402,נתניה,7400,260.4,51,0,749,489,5,484,63,54,63,44,6,9,0,0,0,37,28,142,38
10,4403,נתניה,7400,260.5,51,0,749,556,0,556,100,183,18,51,1,7,0,0,0,4,11,160,21
10,4404,נתניה,7400,260.6,51,0,749,517,1,516,82,92,30,75,10,4,0,0,0,3,23,181,16
10,4405,נתניה,7400,260.7,51,0,746,518,1,517,55,128,17,70,17,1,4,4,0,10,32,157,22
10,4406,נתניה,7400,263.1,10,0,707,329,2,327,79,28,22,2,49,0,0,0,0,10,66,57,14
10,4407,נתניה,7400,263.2,10,0,707,316,1,315,92,41,17,5,38,2,0,0,0,19,23,73,5
10,4408,נתניה,7400,263.3,10,0,707,315,2,313,79,80,14,26,22,9,0,0,0,10,33,33,7
10,4409,נתניה,7400,263.4,10,0,707,324,0,324,104,53,3,10,32,2,0,0,0,9,32,44,35
10,4410,נתניה,7400,263.5,10,0,707,337,0,337,109,11,32,10,41,4,0,0,0,24,40,59,7
10,4411,נתניה,7400,263.6,10,0,707,343,0,343,103,45,23,14,19,6,0,0,0,10,21,76,26
10,4412,נתניה,7400,263.7,10,0,707,286,3,283,66,61,4,9,41,4,0,0,0,7,24,54,13
10,4413,נתניה,7400,263.8,10,0,707,250,0,250,42,46,27,17,17,6,0,0,0,2,5,65,23
10,4414,נתניה,7400,263.9,10,0,700,317,3,314,57,50,24,33,38,9,1,0,0,1,26,51,24
10,4415,נתניה,7400,267.1,149,0,673,486,2,484,139,58,19,37,54,9,0,0,0,2,59,101,6
10,4416,נתניה,7400,267.2,149,0,673,483,2,481,113,66,55,14,39,13,0,0,0,10,40,112,19
10,4417,נתניה,7400,267.3,149,0,673,496,1,495,70,80,37,18,18,0,0,5,0,15,53,179,20
10,4418,נתניה,7400,267.4,149,0,673,482,1,481,84,94,56,40,20,4,0,0,0,16,41,111,15
10,4419,נתניה,7400,267.5,149,0,673,524,1,523,75,95,50,44,90,2,0,0,0,23,47,82,15
10,4420,נתניה,7400,267.6,149,0,673,496,2,494,146,71,80,13,10,9,3,0,0,6,11,132,13
10,4421,נתניה,7400,267.7,149,0,673,508,8,500,150,134,42,10,47,13,0,0,0,12,31,59,2
10,4422,נתניה,7400,267.8,149,0,673,491,6,485,45,102,46,11,44,1,0,0,0,17,49,166,4
10,4423,נתניה,7400,267.9,149,0,671,506,1,505,107,77,48,65,7,1,2,0,0,5,61,107,25
10,4424,נתניה,7400,269.0,142,0,696,518,4,514,49,133,82,19,16,1,0,0,0,13,32,114,55
10,4425,נתניה,7400,271.0,142,0,718,495,3,492,69,137,42,28,3,1,0,0,0,13,59,123,17
10,4426,נתניה,7400,272.0,159,0,727,509,0,509,85,93,29,18,163,15,0,0,0,13,46,43,4
10,4427,נתניה,7400,273.0,142,0,718,512,0,512,90,79,62,42,16,4,0,0,0,33,41,132,13
10,4428,נתניה,7400,277.1,22,0,521,347,3,344,61,40,14,31,118,3,0,0,0,18,29,28,2
10,4429,נתניה,7400,277.2,22,0,521,401,0,401,143,23,11,0,118,2,0,0,0,17,41,45,1
10,4430,נתניה,7400,277.3,22,0,521,374,2,372,102,23,13,10,76,5,0,0,0,10,89,38,6
10,4431,נתניה,7400,293.1,170,0,620,401,1,400,83,108,30,21,7,8,3,0,0,11,4,107,18
10,4432,נתניה,7400,293.2,170,0,620,437,1,436,85,92,23,25,7,13,2,0,0,30,9,136,14
10,4433,נתניה,7400,293.3,170,0,620,430,1,429,75,112,40,27,3,1,0,0,0,23,16,126,6
10,4434,נתניה,7400,293.4,170,0,620,431,5,426,101,60,44,53,31,1,0,0,0,15,29,85,7
10,4435,נתניה,7400,293.5,170,0,617,413,0,413,73,116,56,27,5,6,0,0,0,8,14,104,4
10,4436,נתניה,7400,297.0,77,0,525,304,1,303,85,39,8,9,36,4,0,0,0,16,34,64,8
10,4437,נתניה,7400,298.1,100,0,734,490,2,488,87,132,15,35,27,4,0,0,0,4,24,137,23
10,4438,נתניה,7400,298.2,100,0,734,481,1,480,65,134,11,62,2,7,0,0,0,7,16,154,22
10,4439,נתניה,7400,298.3,100,0,734,457,3,454,82,118,18,41,11,0,0,0,0,33,35,94,22
10,4440,נתניה,7400,298.4,100,0,734,464,1,463,115,82,21,16,27,9,0,0,0,4,20,128,41
10,4441,נתניה,7400,298.5,100,0,734,449,2,447,34,132,32,27,30,0,0,0,0,2,16,134,40
10,4442,נתניה,7400,298.6,100,0,732,481,0,481,75,99,48,98,7,6,0,0,0,13,11,113,11
10,4443,נתניה,7400,299.1,148,0,687,285,3,282,44,39,33,22,27,9,0,0,0,9,12,72,15
10,4444,נתניה,7400,299.2,148,0,687,284,1,283,74,46,33,29,5,11,0,0,0,11,19,46,9
10,4445,נתניה,7400,299.3,148,0,687,249,1,248,70,35,10,10,14,7,0,0,0,14,33,52,3
10,4446,נתניה,7400,299.4,148,0,687,285,3,282,80,49,28,8,30,3,0,0,0,18,12,53,1
10,4447,נתניה,7400,299.5,148,0,687,262,1,261,84,37,22,21,23,1,0,0,0,6,16,38,13
10,4448,נתניה,7400,299.6,148,1,686,230,1,229,55,23,34,18,9,0,0,0,0,1,20,67,2
10,4449,נתניה,7400,954.0,142,0,662,453,6,447,77,69,31,72,22,5,0,0,0,6,49,113,3
10,4450,נתניה,7400,959.0,19,0,705,436,2,434,119,48,45,30,19,0,0,0,0,13,30,88,42
10,4451,נתניה,7400,4.1,14,0,708,456,2,454,174,29,2,25,73,6,0,0,0,10,72,60,3
10,4452,נתניה,7400,4.2,14,0,708,434,1,433,118,49,12,9,72,6,0,0,0,31,34,90,12
10,4453,נתניה,7400,4.3,14,0,708,466,1,465,136,38,18,7,117,4,0,0,2,37,65,17,24
10,4454,נתניה,7400,4.4,14,0,707,446,2,444,159,37,2,19,71,28,0,0,0,12,44,69,3
10,4455,נתניה,7400,7.1,35,0,397,276,0,276,69,42,20,22,43,3,0,0,0,12,15,45,5
10,4456,נתניה,7400,7.2,35,0,397,275,1,274,80,34,18,25,14,9,0,0,0,7,24,49,14
10,4457,נתניה,7400,8.0,7,0,670,364,6,358,108,44,33,5,50,1,0,0,0,0,11,101,5
10,4458,נתניה,7400,9.0,36,0,538,266,1,265,57,42,11,5,56,1,0,0,0,3,28,49,13
10,4459,נתניה,7400,11.0,7,0,547,321,1,320,80,23,6,1,139,3,0,0,0,20,20,22,6
10,4460,נתניה,7400,14.1,163,0,735,444,2,442,88,83,18,21,37,5,0,0,0,29,43,108,10
10,4461,נתניה,7400,14.2,163,0,735,434,2,432,82,43,37,33,20,6,0,0,0,38,83,83,7
10,4462,נתניה,7400,14.3,163,0,735,434,6,428,142,52,15,30,53,11,0,0,0,7,59,55,4
10,4463,נתניה,7400,14.4,163,0,735,435,4,431,166,15,37,3,23,24,0,0,0,13,41,91,18
10,4464,נתניה,7400,17.0,175,0,668,354,8,346,91,55,60,16,20,15,0,0,0,7,23,44,15
10,4465,נתניה,7400,20.0,26,0,505,235,2,233,56,19,31,13,8,8,0,0,0,14,15,48,21
10,4466,נתניה,7400,22.1,176,0,625,387,1,386,76,81,29,11,41,9,0,0,0,8,36,81,14
10,4467,נתניה,7400,22.2,176,0,625,389,2,387,97,53,21,21,15,6,0,0,0,22,23,126,3
10,4468,נתניה,7400,25.0,26,0,707,423,4,419,105,82,34,15,34,8,0,0,0,10,49,70,12
10,4469,נתניה,7400,30.1,4,0,662,368,1,367,79,33,21,14,53,5,0,0,0,17,17,77,51
10,4470,נתניה,7400,30.2,4,0,662,412,3,409,121,100,11,20,53,1,0,0,0,5,18,76,4
10,4471,נתניה,7400,30.3,4,0,662,338,4,334,122,58,11,15,12,5,0,0,0,28,43,37,3
10,4472,נתניה,7400,30.4,4,0,662,382,4,378,68,42,36,7,46,0,0,0,0,48,61,63,7
10,4473,נתניה,7400,30.5,4,0,662,374,2,372,78,55,26,42,62,19,0,0,0,15,22,49,4
10,4474,נתניה,7400,30.6,4,0,662,372,4,368,60,42,42,27,21,6,0,0,0,7,46,100,17
10,4475,נתניה,7400,30.7,4,0,662,377,0,377,118,60,47,23,9,13,0,0,0,13,43,40,11
10,4476,נתניה,7400,34.1,12,0,715,342,1,341,59,99,23,10,28,2,0,0,0,28,19,57,16
10,4477,נתניה,7400,34.2,12,0,715,349,3,346,52,67,46,16,30,1,0,0,0,13,33,77,11
10,4478,נתניה,7400,34.3,12,0,715,371,0,371,56,40,86,24,18,4,0,0,0,9,30,80,24
10,4479,נתניה,7400,34.4,12,0,715,331,3,328,118,38,34,5,23,9,0,0,0,4,20,56,21
10,4480,נתניה,7400,34.5,12,0,715,349,1,348,105,69,24,27,20,2,0,0,0,4,26,68,3
10,4481,נתניה,7400,35.1,39,0,650,228,2,226,56,12,19,7,17,6,0,0,0,15,29,45,20
10,4482,נתניה,7400,35.2,39,0,650,251,2,249,63,23,46,10,29,13,0,0,5,5,21,27,7
10,4483,נתניה,7400,35.3,39,0,650,249,4,245,64,25,20,8,17,2,0,0,1,23,19,54,12
10,4484,נתניה,7400,35.4,39,0,647,230,0,230,46,25,42,16,17,13,0,0,0,15,13,37,6
10,4485,נתניה,7400,36.0,37,1,642,244,4,240,44,33,44,6,29,4,0,0,0,11,25,41,3
10,4486,נתניה,7400,37.0,37,0,531,192,2,190,57,17,9,18,13,9,0,0,0,16,11,38,2
10,4487,נתניה,7400,38.0,26,0,719,296,4,292,71,35,29,7,11,1,0,0,0,40,30,48,20
10,4488,נתניה,7400,40.1,168,0,674,292,6,286,136,29,7,9,4,10,0,0,0,6,36,41,8
10,4489,נתניה,7400,40.2,168,0,674,252,3,249,40,42,12,11,8,0,0,0,0,11,49,57,19
10,4490,נתניה,7400,56.1,167,0,689,268,0,268,65,33,43,3,23,1,3,0,0,14,36,29,18
10,4491,נתניה,7400,56.2,167,0,689,277,0,277,81,28,16,15,16,2,0,0,0,38,11,55,15
10,4492,נתניה,7400,56.3,167,0,688,284,2,282,77,44,17,15,13,0,0,0,0,15,9,90,2
10,4493,נתניה,7400,61.0,37,0,705,334,2,332,102,58,22,16,22,1,0,0,1,4,23,73,10
10,4494,נתניה,7400,71.1,99,0,737,470,4,466,155,49,13,9,137,4,0,0,0,2,24,70,3
10,4495,נתניה,7400,71.2,99,0,736,472,1,471,140,63,34,11,57,5,0,0,0,18,76,49,18
10,4496,נתניה,7400,128.0,175,0,626,348,1,347,104,38,23,6,62,1,0,0,0,11,31,62,9
10,4497,נתניה,7400,133.0,175,0,571,326,2,324,75,41,26,10,46,9,0,0,0,18,17,69,13
10,4498,נתניה,7400,134.0,26,0,621,321,2,319,92,46,36,15,57,2,0,0,0,8,11,46,6
10,4499,נתניה,7400,135.1,29,0,669,390,3,387,87,52,25,19,43,7,0,0,0,6,45,76,27
10,4500,נתניה,7400,135.2,29,0,669,384,2,382,121,61,50,11,29,13,0,0,0,1,21,55,20
10,4501,נתניה,7400,135.3,29,0,669,388,3,385,113,39,26,22,29,24,0,0,0,17,27,80,8
10,4502,נתניה,7400,135.4,29,0,669,368,3,365,90,41,32,20,21,8,0,0,0,5,34,101,13
10,4503,נתניה,7400,135.5,29,0,668,380,1,379,79,59,18,23,65,7,0,0,0,2,38,56,32
10,4504,נתניה,7400,137.1,145,0,670,213,3,210,80,17,12,10,16,0,0,0,0,7,37,29,2
10,4505,נתניה,7400,137.2,145,0,670,213,2,211,47,19,23,20,24,6,0,0,0,8,14,46,4
10,4506,נתניה,7400,137.3,145,0,670,251,3,248,82,26,3,32,20,4,0,0,0,6,36,31,8
10,4507,נתניה,7400,137.4,145,0,670,165,3,162,52,15,13,7,8,2,1,0,0,4,10,37,13
10,4508,נתניה,7400,137.5,145,0,666,182,0,182,50,42,17,6,4,0,0,0,0,1,18,37,7
10,4509,נתניה,7400,138.0,37,0,666,282,1,281,53,40,44,17,20,7,0,0,0,8,22,61,9
10,4510,נתניה,7400,143.1,41,0,658,221,3,218,26,70,8,17,22,2,0,0,0,4,17,35,17
10,4511,נתניה,7400,143.2,41,0,658,246,3,243,63,43,29,3,5,2,0,0,0,10,36,47,5
10,4512,נתניה,7400,143.3,41,0,658,221,0,221,63,28,11,15,30,0,0,0,0,5,20,38,11
10,4513,נתניה,7400,143.4,41,0,655,215,0,215,17,61,20,15,14,3,0,0,0,5,2,62,16
10,4514,נתניה,7400,149.0,26,0,719,351,5,346,83,29,26,27,45,0,2,0,0,23,26,56,29
10,4515,נתניה,7400,165.0,144,0,742,187,2,185,48,22,13,9,15,3,0,0,0,10,24,32,9
10,4516,נתניה,7400,180.0,144,0,653,113,0,113,35,20,3,4,2,1,0,0,0,3,8,24,13
10,4517,נתניה,7400,193.1,123,0,541,428,2,426,35,25,5,1,47,276,0,0,0,2,24,11,0
10,4518,נתניה,7400,193.2,123,0,541,427,2,425,34,25,3,3,32,253,0,0,0,0,26,41,8
10,4519,נתניה,7400,193.3,123,0,539,420,2,418,33,7,2,7,37,275,0,0,0,6,34,16,1
10,4520,נתניה,7400,195.0,36,0,412,219,3,216,60,35,16,2,65,1,0,0,0,1,7,27,2
10,4521,נתניה,7400,196.1,9,0,673,367,2,365,88,21,12,10,77,9,0,0,0,16,53,67,12
10,4522,נתניה,7400,196.2,9,0,673,395,2,393,127,25,10,7,71,5,0,0,0,34,39,31,44
10,4523,נתניה,7400,196.3,9,0,673,371,4,367,116,44,22,17,77,3,0,0,0,12,19,53,4
10,4524,נתניה,7400,196.4,9,0,673,363,1,362,108,33,27,11,76,7,0,0,0,24,33,41,2
10,4525,נתניה,7400,196.5,9,0,673,340,3,337,42,25,38,3,58,9,0,0,0,29,46,76,11
10,4526,נתניה,7400,196.6,9,0,671,338,2,336,86,53,24,9,53,10,0,0,0,6,26,52,17
10,4527,נתניה,7400,224.0,37,0,539,157,1,156,41,23,32,15,5,2,0,0,1,3,12,17,5
10,4528,נתניה,7400,239.1,133,0,743,447,1,446,138,48,16,22,42,2,0,0,0,17,65,70,26
10,4529,נתניה,7400,239.2,133,0,742,443,3,440,162,34,17,20,33,27,6,0,0,5,33,98,5
10,4530,נתניה,7400,240.1,6,0,706,442,3,439,94,47,20,4,97,99,0,0,0,4,21,50,3
10,4531,נתניה,7400,240.2,6,0,706,461,6,455,95,21,6,26,72,166,0,0,0,5,15,49,0
10,4532,נתניה,7400,240.3,6,0,706,491,1,490,78,39,8,1,51,220,0,0,0,6,54,31,2
10,4533,נתניה,7400,240.4,6,0,706,443,2,441,103,26,13,41,82,128,0,0,0,5,14,22,7
10,4534,נתניה,7400,240.5,6,0,706,403,2,401,37,59,10,13,61,128,0,0,0,14,18,59,2
10,4535,נתניה,7400,240.6,6,0,704,433,2,431,70,45,10,26,42,159,0,0,0,1,20,49,9
10,4536,נתניה,7400,242.1,32,0,631,369,1,368,136,28,21,24,13,2,0,0,0,28,22,72,22
10,4537,נתניה,7400,242.2,32,0,631,382,3,379,102,58,37,31,36,5,0,0,0,21,27,32,30
10,4538,נתניה,7400,242.3,32,0,631,394,4,390,93,73,24,4,63,4,1,0,0,10,38,75,5
10,4539,נתניה,7400,242.4,32,0,628,364,3,361,92,76,25,15,33,9,0,0,0,28,32,47,4
10,4540,נתניה,7400,244.0,144,0,689,369,1,368,78,37,19,36,48,6,0,0,0,20,38,79,7
10,4541,נתניה,7400,284.1,23,0,656,209,0,209,82,26,6,1,21,7,0,0,0,22,12,28,4
10,4542,נתניה,7400,284.2,23,0,656,173,2,171,39,38,17,12,13,6,0,0,0,1,5,35,5
10,4543,נתניה,7400,284.3,23,0,656,200,2,198,53,17,18,6,26,2,0,0,0,19,17,23,17
10,4544,נתניה,7400,284.4,173,0,656,195,0,195,58,42,9,3,18,2,0,0,0,8,17,30,8
10,4545,נתניה,7400,284.5,173,0,651,175,0,175,37,19,22,14,11,1,0,0,0,1,4,52,14
10,4546,נתניה,7400,285.0,144,0,602,64,1,63,10,14,4,6,1,1,0,0,0,1,8,15,3
10,4547,נתניה,7400,289.0,144,0,686,168,1,167,42,29,12,8,6,15,0,0,0,3,12,38,2
10,4548,נתניה,7400,303.0,144,0,677,216,2,214,60,24,29,13,9,10,0,0,0,4,16,31,18
10,4549,נתניה,7400,958.0,26,1,630,206,3,203,55,24,6,9,2,0,0,0,0,11,34,56,6
10,4550,נתניה,7400,1.0,33,0,734,477,3,474,121,107,7,20,3,22,0,0,0,16,44,106,28
10,4551,נתניה,7400,75.0,43,0,611,384,6,378,178,42,14,5,30,1,0,0,0,9,36,61,2
10,4552,נתניה,7400,76.1,3,0,715,450,4,446,109,45,6,10,80,8,0,0,2,11,42,120,13
10,4553,נתניה,7400,76.2,3,0,715,456,2,454,142,55,8,22,37,3,0,0,0,31,69,81,6
10,4554,נתניה,7400,185.0,43,0,611,414,1,413,127,30,5,5,103,2,0,0,0,10,62,64,5
10,4555,נתניה,7400,200.1,31,0,702,412,5,407,155,31,2,24,63,1,0,0,0,20,42,67,2
10,4556,נתניה,7400,200.2,31,0,702,434,2,432,108,22,15,9,65,13,0,0,0,29,68,90,13
10,4557,נתניה,7400,200.3,31,0,702,414,8,406,99,57,12,21,93,5,0,0,0,8,24,43,44
10,4558,נתניה,7400,200.4,31,0,702,406,4,402,113,75,9,25,93,3,0,4,0,11,21,37,11
10,4559,נתניה,7400,200.5,31,0,702,404,1,403,171,40,2,4,55,9,0,1,0,7,40,73,1
10,4560,נתניה,7400,200.6,31,0,699,394,3,391,116,44,15,23,39,3,0,0,0,11,50,87,3
10,4561,נתניה,7400,204.1,28,1,686,450,2,448,94,78,43,19,75,4,0,0,0,20,25,80,10
10,4562,נתניה,7400,204.2,28,0,686,456,6,450,110,36,56,6,57,10,0,0,0,43,22,82,28
10,4563,נתניה,7400,204.3,28,0,686,441,1,440,120,62,18,26,53,3,0,0,1,33,32,90,2
10,4564,נתניה,7400,204.4,28,0,684,417,4,413,138,45,23,15,27,0,4,0,0,4,46,102,9
10,4565,נתניה,7400,207.1,126,0,678,422,0,422,74,59,5,0,95,9,0,0,0,52,91,36,1
10,4566,נתניה,7400,207.2,126,0,678,423,1,422,111,18,8,3,63,0,0,1,1,26,76,95,20
10,4567,נתניה,7400,207.3,126,0,678,417,2,415,50,55,3,15,69,18,0,0,0,61,65,63,16
10,4568,נתניה,7400,249.1,150,0,633,496,3,493,138,122,51,17,10,1,0,0,0,12,19,116,7
10,4569,נתניה,7400,249.2,150,0,633,489,4,485,84,75,41,23,12,17,0,0,0,24,29,138,42
10,4570,נתניה,7400,249.3,150,0,633,483,8,475,49,126,45,40,0,0,0,0,0,7,22,181,5
10,4571,נתניה,7400,251.1,147,0,685,501,3,498,127,55,26,17,34,7,0,0,0,52,57,115,8
10,4572,נתניה,7400,251.2,147,1,685,525,1,524,123,74,3,8,34,0,0,0,0,73,35,136,38
10,4573,נתניה,7400,251.3,147,0,684,496,1,495,109,83,47,36,34,6,0,0,0,23,52,79,26
10,4574,נתניה,7400,252.1,156,0,570,432,3,429,55,107,42,41,33,1,0,0,0,12,18,109,11
10,4575,נתניה,7400,252.2,156,0,570,439,0,439,61,82,22,38,27,1,0,0,0,17,28,128,35
10,4576,נתניה,7400,252.3,156,0,569,479,1,478,68,99,44,31,7,6,0,0,0,5,3,200,15
10,4577,נתניה,7400,255.1,131,0,574,443,0,443,70,87,18,40,5,2,1,0,0,16,28,150,26
10,4578,נתניה,7400,255.2,131,1,574,442,2,440,49,103,10,6,11,1,1,0,0,57,31,138,33
10,4579,נתניה,7400,255.3,131,0,574,428,0,428,71,74,18,17,8,7,0,0,0,6,40,155,32
10,4580,נתניה,7400,255.4,131,0,571,439,1,438,85,77,47,52,4,0,0,0,0,11,9,143,10
10,4581,נתניה,7400,256.1,164,0,577,408,2,406,97,103,48,24,5,2,0,0,0,8,30,80,9
10,4582,נתניה,7400,256.2,164,0,577,395,2,393,101,97,8,19,15,0,0,0,0,7,50,79,17
10,4583,נתניה,7400,256.3,164,0,577,428,3,425,107,53,27,21,33,4,0,0,0,9,33,86,52
10,4584,נתניה,7400,256.4,164,0,577,451,0,451,118,43,38,57,10,1,0,0,0,19,38,117,10
10,4585,נתניה,7400,258.1,162,0,538,419,1,418,82,86,20,62,7,0,0,0,0,28,27,96,10
10,4586,נתניה,7400,258.2,162,0,538,424,1,423,62,119,12,42,14,2,0,0,0,33,13,118,8
10,4587,נתניה,7400,258.3,162,0,536,403,1,402,68,77,27,18,27,1,0,0,0,6,57,105,16
10,4588,נתניה,7400,279.1,157,0,579,417,1,416,90,76,72,25,15,5,0,0,0,20,10,97,6
10,4589,נתניה,7400,279.2,157,0,579,457,1,456,105,82,40,34,37,4,0,0,0,4,17,113,20
10,4590,נתניה,7400,279.3,157,0,579,441,1,440,92,81,29,30,32,11,0,0,0,7,32,109,17
10,4591,נתניה,7400,279.4,157,0,577,441,1,440,52,79,62,34,17,3,0,0,0,18,14,131,30
10,4592,נתניה,7400,288.1,132,0,568,396,4,392,65,47,65,22,22,2,0,0,0,29,64,54,22
10,4593,נתניה,7400,288.2,132,0,568,402,1,401,92,57,28,22,23,5,0,0,0,6,34,126,8
10,4594,נתניה,7400,288.3,132,0,568,420,2,418,76,31,43,19,51,1,0,0,0,43,46,103,5
10,4595,נתניה,7400,288.4,132,0,567,398,4,394,142,55,42,7,9,0,0,0,0,10,23,98,8
5,2373,עוזייר,528,3.1,2,0,598,237,2,235,0,0,0,4,0,0,72,96,62,0,0,1,0
5,2374,עוזייר,528,3.2,2,0,598,250,1,249,0,0,0,17,0,0,118,66,48,0,0,0,0
5,2375,עוזייר,528,3.3,2,0,598,244,5,239,0,0,0,11,0,0,22,169,37,0,0,0,0
5,2376,עוזייר,528,3.4,2,0,597,328,2,326,0,1,0,13,0,0,140,122,47,0,0,3,0
20,11448,עראבה,531,8.1,1,0,734,387,1,386,0,0,0,6,0,0,199,116,64,0,0,1,0
20,11449,עראבה,531,8.2,1,0,734,445,1,444,0,0,0,31,0,0,283,50,80,0,0,0,0
20,11450,עראבה,531,8.3,1,0,733,348,4,344,0,0,0,13,0,0,249,47,34,0,0,0,1
20,11451,עראבה,531,9.1,3,0,583,218,0,218,1,1,0,14,0,0,99,62,41,0,0,0,0
20,11452,עראבה,531,9.2,3,0,583,281,2,279,0,3,0,13,0,0,144,67,52,0,0,0,0
20,11453,עראבה,531,9.3,3,0,583,307,3,304,0,0,0,16,0,0,130,116,39,0,0,3,0
20,11454,עראבה,531,9.4,3,0,580,290,3,287,0,0,0,31,0,0,116,114,24,1,0,1,0
20,11455,עראבה,531,12.1,2,0,607,338,3,335,0,0,0,26,0,0,180,109,16,0,0,3,1
20,11456,עראבה,531,12.2,2,0,607,324,5,319,0,0,0,21,0,0,217,47,34,0,0,0,0
20,11457,עראבה,531,12.3,2,0,607,286,0,286,0,0,0,26,0,0,171,41,48,0,0,0,0
20,11458,עראבה,531,12.4,2,0,605,317,6,311,0,0,0,33,0,0,186,61,31,0,0,0,0
20,11459,עראבה,531,14.0,8,0,707,413,4,409,0,0,0,20,0,0,261,79,49,0,0,0,0
20,11460,עראבה,531,16.0,8,0,641,327,0,327,0,5,0,19,3,0,180,78,38,0,0,4,0
20,11461,עראבה,531,17.0,8,0,686,301,3,298,0,0,0,11,0,0,127,106,54,0,0,0,0
20,11462,עראבה,531,19.1,6,0,729,391,1,390,0,9,0,7,0,0,201,121,52,0,0,0,0
20,11463,עראבה,531,19.2,6,0,729,387,0,387,0,0,2,35,0,0,234,79,37,0,0,0,0
20,11464,עראבה,531,19.3,6,0,729,382,0,382,0,0,0,26,0,0,153,132,71,0,0,0,0
20,11465,עראבה,531,19.4,6,0,728,382,0,382,2,0,0,20,0,0,202,112,46,0,0,0,0
20,11466,עראבה,531,20.0,8,0,660,401,1,400,0,0,0,10,0,0,204,127,55,0,0,4,0
20,11467,עראבה,531,24.1,9,0,632,319,1,318,0,9,0,20,0,0,127,123,39,0,0,0,0
20,11468,עראבה,531,24.2,9,0,632,316,3,313,0,0,0,33,2,0,144,78,56,0,0,0,0
20,11469,עראבה,531,24.3,9,0,632,349,2,347,1,0,0,19,0,0,157,106,64,0,0,0,0
20,11470,עראבה,531,24.4,9,0,632,338,2,336,0,0,0,10,0,0,66,204,56,0,0,0,0
20,11471,עראבה,531,24.5,9,0,631,296,0,296,0,0,0,12,0,0,126,114,44,0,0,0,0
20,11472,עראבה,531,25.1,7,0,641,300,2,298,0,15,0,9,1,0,115,113,44,1,0,0,0
20,11473,עראבה,531,25.2,7,0,641,360,1,359,0,0,0,12,0,0,201,103,43,0,0,0,0
20,11474,עראבה,531,25.3,7,0,641,339,3,336,0,0,0,13,0,0,231,62,30,0,0,0,0
20,11475,עראבה,531,25.4,7,0,641,324,5,319,0,0,0,10,0,0,191,64,54,0,0,0,0
20,11476,עראבה,531,25.5,7,0,641,288,3,285,0,0,0,25,0,0,76,158,26,0,0,0,0
6,2810,פקיעין חדשה,281,1.0,1,0,382,284,1,283,65,16,0,2,88,8,0,0,0,16,24,61,3
9,4001,פרדס חנהכרכור,7800,1.1,7,0,686,464,1,463,137,58,6,89,25,7,0,0,0,12,61,54,14
9,4002,פרדס חנהכרכור,7800,1.2,7,0,686,483,0,483,118,92,23,41,34,8,19,0,1,11,44,77,15
9,4003,פרדס חנהכרכור,7800,1.3,7,0,686,462,3,459,83,88,3,47,68,10,1,1,0,11,80,64,3
9,4004,פרדס חנהכרכור,7800,1.4,7,0,686,475,2,473,118,74,13,23,34,7,0,0,0,24,32,102,46
9,4005,פרדס חנהכרכור,7800,5.0,18,0,686,497,0,497,80,108,32,92,2,2,0,0,0,12,40,115,14
9,4006,פרדס חנהכרכור,7800,6.0,18,0,664,381,4,377,153,46,11,8,24,1,0,0,0,32,51,48,3
9,4007,פרדס חנהכרכור,7800,15.0,4,0,646,329,0,329,118,47,20,14,26,6,0,0,0,11,24,40,23
9,4008,פרדס חנהכרכור,7800,17.0,4,0,514,315,2,313,99,39,7,26,35,4,0,0,0,11,37,44,11
9,4009,פרדס חנהכרכור,7800,21.1,10,0,616,368,1,367,42,99,15,69,26,0,1,0,0,3,16,81,15
9,4010,פרדס חנהכרכור,7800,21.2,10,0,616,393,3,390,27,59,5,83,11,2,2,0,0,4,54,120,23
9,4011,פרדס חנהכרכור,7800,21.3,10,1,616,391,5,386,27,66,27,86,19,1,6,0,0,9,34,108,3
9,4012,פרדס חנהכרכור,7800,21.4,10,0,616,374,0,374,25,89,18,69,0,14,6,0,0,3,12,123,15
9,4013,פרדס חנהכרכור,7800,22.1,21,0,693,560,0,560,17,190,37,103,1,5,0,0,0,1,24,160,22
9,4014,פרדס חנהכרכור,7800,22.2,21,0,693,569,0,569,29,189,27,137,0,0,17,0,0,16,1,112,41
9,4015,פרדס חנהכרכור,7800,22.3,21,0,693,578,5,573,76,92,73,63,3,0,0,0,0,23,2,206,35
9,4016,פרדס חנהכרכור,7800,22.4,21,0,693,547,0,547,14,139,37,121,0,0,3,0,0,4,4,212,13
9,4017,פרדס חנהכרכור,7800,22.5,21,0,693,565,2,563,32,157,19,104,28,0,0,0,0,0,1,201,21
9,4018,פרדס חנהכרכור,7800,22.6,21,0,692,552,1,551,35,97,37,112,0,0,1,0,0,0,12,212,45
9,4019,פרדס חנהכרכור,7800,23.1,11,0,594,363,1,362,113,74,21,47,14,0,0,0,0,1,24,64,4
9,4020,פרדס חנהכרכור,7800,23.2,11,0,594,406,1,405,91,96,16,30,25,9,0,0,0,15,12,104,7
9,4021,פרדס חנהכרכור,7800,23.3,11,0,594,392,2,390,70,49,28,75,11,13,3,0,0,7,19,90,25
9,4022,פרדס חנהכרכור,7800,27.1,23,0,600,479,0,479,50,116,68,73,16,0,4,0,0,7,14,107,24
9,4023,פרדס חנהכרכור,7800,27.2,23,0,600,471,0,471,56,81,31,77,20,4,0,0,0,8,15,158,21
9,4024,פרדס חנהכרכור,7800,27.3,23,0,600,468,2,466,44,75,12,60,5,0,3,0,0,9,6,247,5
9,4025,פרדס חנהכרכור,7800,27.4,23,0,597,458,0,458,17,125,22,76,16,5,1,0,0,1,11,113,71
9,4026,פרדס חנהכרכור,7800,32.1,8,1,701,480,1,479,96,38,8,41,111,4,2,0,0,17,50,103,9
9,4027,פרדס חנהכרכור,7800,32.2,8,0,701,502,1,501,150,61,16,31,27,20,0,0,0,4,62,101,29
9,4028,פרדס חנהכרכור,7800,32.3,8,0,701,509,2,507,125,83,11,55,46,3,0,3,0,18,29,109,25
9,4029,פרדס חנהכרכור,7800,32.4,8,0,701,469,0,469,165,63,46,24,52,9,1,0,0,32,26,43,8
9,4030,פרדס חנהכרכור,7800,32.5,8,0,701,493,1,492,99,63,40,39,19,5,1,0,0,28,40,148,10
9,4031,פרדס חנהכרכור,7800,32.6,8,0,700,497,1,496,67,71,40,96,31,9,0,0,0,23,26,122,11
9,4032,פרדס חנהכרכור,7800,33.0,4,0,715,397,3,394,130,61,19,10,28,4,0,0,0,20,49,68,5
9,4033,פרדס חנהכרכור,7800,34.0,18,0,633,407,1,406,145,44,9,33,41,2,2,0,0,30,35,52,13
9,4034,פרדס חנהכרכור,7800,37.1,16,0,640,462,2,460,70,98,7,42,26,1,11,0,0,36,70,81,18
9,4035,פרדס חנהכרכור,7800,37.2,16,0,640,450,1,449,66,94,20,110,9,7,2,0,0,6,17,113,5
9,4036,פרדס חנהכרכור,7800,37.3,16,0,639,471,2,469,57,131,11,111,5,17,0,0,0,1,16,86,34
9,4037,פרדס חנהכרכור,7800,38.1,2,0,728,495,2,493,97,123,29,45,18,5,3,0,2,11,38,111,11
9,4038,פרדס חנהכרכור,7800,38.2,2,0,728,490,2,488,51,99,21,49,7,9,0,0,0,13,28,198,13
9,4039,פרדס חנהכרכור,7800,38.3,2,0,728,492,2,490,74,107,9,70,6,0,0,0,0,3,17,194,10
9,4040,פרדס חנהכרכור,7800,38.4,2,0,725,454,0,454,39,142,16,78,4,0,2,0,0,9,27,120,17
9,4041,פרדס חנהכרכור,7800,41.1,17,0,647,452,3,449,62,87,8,94,37,19,0,8,0,5,42,66,21
9,4042,פרדס חנהכרכור,7800,41.2,17,0,647,473,19,454,50,121,21,62,10,7,1,0,0,17,42,100,23
9,4043,פרדס חנהכרכור,7800,41.3,17,0,647,460,0,460,47,106,17,63,29,2,0,0,0,36,90,62,8
9,4044,פרדס חנהכרכור,7800,41.4,17,0,644,450,1,449,60,152,27,63,4,5,14,0,0,1,27,72,24
9,4045,פרדס חנהכרכור,7800,42.0,18,0,645,489,1,488,86,37,70,66,55,2,0,12,2,1,27,110,20
9,4046,פרדס חנהכרכור,7800,43.1,5,0,735,435,2,433,137,31,18,9,43,12,16,0,0,19,60,79,9
9,4047,פרדס חנהכרכור,7800,43.2,5,0,735,430,2,428,140,51,28,7,17,2,0,0,1,12,35,124,11
9,4048,פרדס חנהכרכור,7800,43.3,5,0,733,431,2,429,66,48,29,19,25,22,0,0,0,34,38,127,21
9,4049,פרדס חנהכרכור,7800,45.1,13,0,677,517,1,516,35,91,31,108,1,0,2,0,0,10,16,208,14
9,4050,פרדס חנהכרכור,7800,45.2,13,0,677,520,1,519,49,117,26,120,14,0,0,0,0,1,4,170,18
9,4051,פרדס חנהכרכור,7800,45.3,13,0,675,511,0,511,73,145,30,71,3,1,0,3,1,8,4,146,26
9,4052,פרדס חנהכרכור,7800,49.0,4,0,514,237,2,235,88,14,5,2,21,1,0,0,0,16,45,31,12
10,4695,צוקי ים,1102,1.0,2,0,207,147,0,147,21,26,9,36,0,2,4,0,0,3,4,36,6
13,6858,קבוצת יבנה,334,1.0,1,0,643,458,1,457,15,100,34,35,0,2,3,0,0,22,22,199,25
10,4766,קדימהצורן,195,1.0,5,0,622,454,0,454,58,103,35,43,15,0,2,0,0,3,18,157,20
10,4767,קדימהצורן,195,2.0,2,0,541,345,3,342,70,58,24,15,110,2,0,0,0,3,26,26,8
10,4768,קדימהצורן,195,3.1,112,0,739,565,0,565,82,107,44,132,11,5,0,0,0,0,14,145,25
10,4769,קדימהצורן,195,3.2,112,0,739,565,2,563,30,141,39,133,3,0,0,1,0,4,9,172,31
10,4770,קדימהצורן,195,5.0,2,0,697,489,1,488,65,83,18,24,141,8,0,0,0,8,54,76,11
10,4771,קדימהצורן,195,6.1,110,0,774,596,2,594,93,108,27,93,25,9,1,0,0,23,30,180,5
10,4772,קדימהצורן,195,6.2,110,0,774,596,0,596,71,98,18,59,47,0,1,0,0,6,50,217,29
10,4773,קדימהצורן,195,8.0,5,0,626,468,4,464,79,48,29,34,59,25,1,0,0,11,83,82,13
10,4774,קדימהצורן,195,9.0,5,0,665,495,0,495,27,104,12,70,11,0,0,0,0,2,77,167,25
10,4775,קדימהצורן,195,10.1,102,0,390,279,1,278,28,53,8,39,6,0,0,0,0,2,23,105,14
10,4776,קדימהצורן,195,10.2,102,0,389,303,1,302,13,87,32,33,0,15,0,1,0,2,12,95,12
10,4777,קדימהצורן,195,11.1,6,0,401,294,0,294,51,80,17,45,15,0,0,0,0,9,7,64,6
10,4778,קדימהצורן,195,11.2,6,1,400,261,0,261,40,58,13,35,10,2,0,0,0,3,11,78,11
10,4779,קדימהצורן,195,12.0,2,0,711,552,0,552,77,113,33,59,6,10,2,0,0,41,4,177,30
10,4780,קדימהצורן,195,13.1,107,0,410,347,0,347,28,65,25,69,0,1,0,0,0,1,1,126,31
10,4781,קדימהצורן,195,13.2,107,0,410,367,0,367,16,83,16,52,0,0,0,0,0,9,27,141,23
10,4782,קדימהצורן,195,15.1,1,0,676,494,3,491,101,68,21,19,60,0,0,0,0,27,49,120,26
10,4783,קדימהצורן,195,15.2,1,0,676,477,1,476,114,55,24,64,51,1,0,0,0,8,53,96,10
10,4784,קדימהצורן,195,15.3,1,1,675,479,2,477,86,88,35,16,57,10,0,0,0,15,63,90,17
10,4785,קדימהצורן,195,105.0,106,0,694,525,1,524,16,157,35,63,2,0,11,0,0,4,3,204,29
10,4786,קדימהצורן,195,107.1,109,0,640,484,1,483,88,78,34,55,8,0,2,0,0,19,25,144,30
10,4787,קדימהצורן,195,107.2,109,0,640,447,1,446,48,120,39,42,5,0,0,0,0,0,9,172,11
10,4788,קדימהצורן,195,107.3,109,1,640,496,1,495,84,110,33,77,0,0,6,0,0,25,13,132,15
10,4789,קדימהצורן,195,107.4,109,0,640,477,2,475,47,95,28,74,18,4,0,0,0,31,11,133,34
10,4790,קדימהצורן,195,107.5,109,0,640,482,1,481,47,89,29,73,46,0,0,0,0,6,34,118,39
10,4791,קדימהצורן,195,107.6,109,0,635,449,2,447,41,118,17,87,2,0,0,0,0,0,7,151,24
10,4792,קדימהצורן,195,108.1,113,0,513,419,1,418,83,107,21,41,17,0,0,0,0,10,5,109,25
10,4793,קדימהצורן,195,108.2,113,0,513,421,3,418,66,114,26,54,0,0,0,0,0,2,17,132,7
10,4794,קדימהצורן,195,108.3,113,0,511,422,2,420,55,158,27,66,0,0,0,0,0,4,11,84,15
18,9940,קלחים,414,1.0,1,0,412,321,1,320,62,68,11,37,18,4,1,0,0,9,34,60,16
18,10616,קצר אסר,1347,1.0,1,0,743,494,4,490,0,0,0,12,1,0,35,433,9,0,0,0,0
18,10617,קצר אסר,1347,2.1,3,0,386,262,2,260,0,0,0,4,0,0,24,220,9,0,3,0,0
18,10618,קצר אסר,1347,2.2,3,0,386,270,1,269,0,0,2,10,0,0,23,229,5,0,0,0,0
8,3361,קרית טבעון,2300,1.0,6,0,671,482,0,482,24,106,17,102,0,29,10,7,0,2,19,142,24
8,3362,קרית טבעון,2300,2.1,5,0,393,266,0,266,16,66,2,69,3,1,1,2,0,11,5,84,6
8,3363,קרית טבעון,2300,2.2,5,0,393,230,0,230,25,56,11,29,1,7,2,0,0,0,4,89,6
8,3364,קרית טבעון,2300,3.1,1,0,512,328,1,327,37,105,18,57,4,10,1,6,3,12,12,61,1
8,3365,קרית טבעון,2300,3.2,1,0,512,351,3,348,14,107,10,46,4,26,2,3,0,2,14,108,12
8,3366,קרית טבעון,2300,3.3,1,0,511,352,1,351,46,74,35,78,0,1,1,1,0,3,17,93,2
8,3367,קרית טבעון,2300,4.0,8,0,539,364,2,362,61,79,5,46,1,6,1,2,0,3,4,136,18
8,3368,קרית טבעון,2300,5.0,4,0,679,502,0,502,33,125,39,80,0,27,3,0,0,11,10,153,21
8,3369,קרית טבעון,2300,6.1,2,0,561,369,0,369,14,93,4,70,1,2,0,4,0,5,15,158,3
8,3370,קרית טבעון,2300,6.2,2,0,561,382,0,382,12,110,12,108,0,0,1,0,0,0,1,118,20
8,3371,קרית טבעון,2300,6.3,2,0,561,412,0,412,25,128,27,139,1,7,14,0,0,1,9,34,27
8,3372,קרית טבעון,2300,10.1,3,0,655,479,10,469,13,120,28,109,15,5,17,0,0,0,21,133,8
8,3373,קרית טבעון,2300,10.2,3,0,655,450,0,450,14,85,30,121,1,3,0,0,0,6,7,157,26
8,3374,קרית טבעון,2300,10.3,3,0,655,427,2,425,62,119,8,60,0,5,1,0,0,15,6,138,11
8,3375,קרית טבעון,2300,10.4,3,0,653,445,0,445,25,141,33,89,4,0,0,8,0,0,9,123,13
8,3376,קרית טבעון,2300,15.0,4,0,722,516,1,515,2,148,25,139,0,8,2,0,0,1,1,174,15
8,3377,קרית טבעון,2300,17.1,13,0,455,346,1,345,63,67,10,63,4,2,0,0,0,20,19,85,12
8,3378,קרית טבעון,2300,17.2,18,0,454,355,1,354,44,50,17,54,2,3,5,0,0,5,36,125,13
8,3379,קרית טבעון,2300,19.0,8,0,392,243,0,243,22,33,12,31,20,1,0,2,0,1,16,99,6
8,3380,קרית טבעון,2300,20.0,6,0,482,356,0,356,31,73,23,63,2,1,7,1,0,0,6,130,19
8,3381,קרית טבעון,2300,21.1,12,0,518,377,1,376,26,62,40,59,1,0,0,0,0,7,17,140,24
8,3382,קרית טבעון,2300,21.2,12,0,518,375,1,374,60,78,26,49,4,17,3,0,0,0,12,82,43
8,3383,קרית טבעון,2300,21.3,19,0,518,368,3,365,51,68,22,35,0,0,0,1,0,0,27,148,13
8,3384,קרית טבעון,2300,24.1,7,0,740,535,0,535,38,110,28,98,10,1,0,0,0,1,51,168,30
8,3385,קרית טבעון,2300,24.2,7,0,740,519,1,518,29,87,44,134,10,0,0,0,0,2,10,190,12
8,3386,קרית טבעון,2300,24.3,7,0,740,537,1,536,49,90,20,161,2,11,3,0,0,2,1,172,25
8,3387,קרית טבעון,2300,24.4,7,0,742,512,0,512,19,129,67,161,0,0,2,1,0,2,2,124,5
2,825,קרית יערים,1137,1.0,3,0,716,494,4,490,7,3,0,2,143,236,0,0,0,13,64,22,0
2,826,קרית יערים,1137,2.1,1,0,395,272,0,272,24,6,0,0,100,130,1,0,0,4,4,3,0
2,827,קרית יערים,1137,2.2,1,0,393,289,0,289,17,1,0,1,46,188,0,0,0,8,22,6,0
2,828,קרית יערים,1137,3.0,5,0,712,505,2,503,20,5,0,0,118,294,0,0,0,7,15,44,0
2,829,קרית יערים,1137,4.0,4,1,746,651,2,649,4,3,0,1,132,457,0,0,0,2,39,11,0
2,830,קרית יערים,1137,5.1,2,0,399,354,4,350,6,0,0,0,148,181,0,0,0,1,11,3,0
2,831,קרית יערים,1137,5.2,2,0,398,336,5,331,7,0,0,0,60,220,1,0,0,10,30,3,0
8,3613,קרית מוצקין,8200,2.0,16,0,449,285,0,285,46,49,19,25,28,1,0,0,0,17,5,86,9
8,3614,קרית מוצקין,8200,6.0,8,0,569,352,0,352,81,89,37,20,9,3,0,0,0,2,12,82,17
8,3615,קרית מוצקין,8200,7.1,4,0,711,394,5,389,106,58,19,29,16,7,0,0,0,13,45,80,16
8,3616,קרית מוצקין,8200,7.2,4,0,711,412,4,408,98,49,33,19,15,4,0,0,0,17,39,94,40
8,3617,קרית מוצקין,8200,7.3,4,0,711,411,6,405,94,68,23,21,36,0,0,0,3,7,7,112,34
8,3618,קרית מוצקין,8200,7.4,4,0,711,419,6,413,126,45,61,19,25,8,0,0,0,7,32,70,20
8,3619,קרית מוצקין,8200,7.5,4,0,711,390,5,385,102,47,37,17,7,15,0,0,0,10,36,89,25
8,3620,קרית מוצקין,8200,7.6,4,0,711,380,2,378,85,40,53,32,10,11,0,1,13,17,23,79,14
8,3621,קרית מוצקין,8200,7.7,4,0,711,422,3,419,171,55,30,27,20,0,0,0,0,7,19,81,9
8,3622,קרית מוצקין,8200,10.1,2,0,707,435,2,433,120,61,41,15,55,1,0,0,0,17,27,82,14
8,3623,קרית מוצקין,8200,10.2,2,0,707,462,1,461,83,85,26,40,15,0,0,0,0,8,43,150,11
8,3624,קרית מוצקין,8200,10.3,2,0,707,439,2,437,82,52,8,18,10,2,0,0,0,19,57,169,20
8,3625,קרית מוצקין,8200,10.4,2,0,707,460,2,458,72,83,27,17,5,9,0,0,0,4,41,187,13
8,3626,קרית מוצקין,8200,10.5,2,0,707,435,4,431,85,80,48,22,12,1,0,0,0,5,10,154,14
8,3627,קרית מוצקין,8200,10.6,2,0,707,460,1,459,68,83,48,51,6,7,1,0,0,21,9,147,18
8,3628,קרית מוצקין,8200,11.0,3,0,554,325,1,324,75,27,34,33,3,19,0,0,0,12,37,72,12
8,3629,קרית מוצקין,8200,12.0,21,0,615,411,4,407,76,52,13,61,51,3,0,0,0,12,17,114,8
8,3630,קרית מוצקין,8200,13.0,24,0,534,254,4,250,69,30,45,6,11,7,0,0,0,2,20,56,4
8,3631,קרית מוצקין,8200,15.0,8,0,505,290,2,288,52,58,42,39,5,2,2,0,0,13,5,62,8
8,3632,קרית מוצקין,8200,18.0,21,0,662,451,5,446,73,104,18,18,66,1,0,0,0,13,57,70,26
8,3633,קרית מוצקין,8200,19.0,9,0,751,230,2,228,31,63,22,14,18,0,0,0,0,2,14,52,12
8,3634,קרית מוצקין,8200,20.0,3,0,651,332,3,329,125,46,23,14,38,4,0,0,0,8,15,48,8
8,3635,קרית מוצקין,8200,22.1,1,0,654,335,3,332,69,16,49,21,25,11,1,0,0,8,36,78,18
8,3636,קרית מוצקין,8200,22.2,1,0,654,328,2,326,43,37,40,32,25,0,0,0,0,2,35,93,19
8,3637,קרית מוצקין,8200,22.3,1,0,654,349,3,346,92,65,25,11,13,1,1,0,0,7,50,68,13
8,3638,קרית מוצקין,8200,22.4,1,0,654,346,0,346,52,63,30,27,23,1,0,0,0,24,55,69,2
8,3639,קרית מוצקין,8200,22.5,1,0,650,364,4,360,73,37,29,49,7,2,0,0,0,9,12,123,19
8,3640,קרית מוצקין,8200,24.0,24,0,621,394,1,393,81,77,46,9,3,1,4,0,0,18,28,97,29
8,3641,קרית מוצקין,8200,29.1,6,0,692,397,8,389,152,64,14,22,7,2,0,0,0,17,33,66,12
8,3642,קרית מוצקין,8200,29.2,6,0,692,443,3,440,125,69,21,40,37,5,0,0,0,5,18,113,7
8,3643,קרית מוצקין,8200,29.3,6,0,692,422,4,418,141,43,46,36,2,0,0,0,0,7,23,96,24
8,3644,קרית מוצקין,8200,29.4,6,0,692,407,1,406,121,51,39,28,23,3,0,0,0,3,44,82,12
8,3645,קרית מוצקין,8200,29.5,6,0,689,410,1,409,97,68,44,39,8,1,0,0,0,10,21,112,9
8,3646,קרית מוצקין,8200,33.1,13,0,697,395,5,390,103,57,29,10,46,8,0,0,0,9,20,94,14
8,3647,קרית מוצקין,8200,33.2,13,0,696,382,2,380,58,60,30,67,3,7,0,0,0,5,17,110,23
8,3648,קרית מוצקין,8200,35.0,3,0,543,314,1,313,67,44,14,17,34,9,0,0,0,12,32,61,23
8,3649,קרית מוצקין,8200,37.1,5,0,669,413,3,410,65,57,70,39,33,4,1,0,0,28,12,93,8
8,3650,קרית מוצקין,8200,37.2,5,0,669,395,3,392,106,55,67,40,3,2,0,0,0,3,12,89,15
8,3651,קרית מוצקין,8200,37.3,5,0,669,403,3,400,130,75,86,19,1,0,2,0,0,0,23,56,8
8,3652,קרית מוצקין,8200,37.4,5,0,669,395,4,391,107,30,88,14,2,4,0,0,0,26,30,80,10
8,3653,קרית מוצקין,8200,37.5,5,0,666,377,3,374,78,70,22,24,2,16,0,0,1,11,11,111,28
8,3654,קרית מוצקין,8200,40.0,17,0,639,490,3,487,59,100,38,61,1,9,9,0,0,32,11,157,10
8,3655,קרית מוצקין,8200,41.0,22,0,637,487,4,483,111,81,27,46,2,1,0,0,0,3,48,126,38
8,3656,קרית מוצקין,8200,43.0,8,0,611,363,0,363,66,64,60,26,7,6,0,0,0,3,49,80,2
8,3657,קרית מוצקין,8200,45.0,22,0,712,537,1,536,166,98,17,16,15,2,0,0,0,22,31,131,38
8,3658,קרית מוצקין,8200,49.1,27,0,649,493,2,491,131,89,6,36,21,25,0,0,0,17,29,120,17
8,3659,קרית מוצקין,8200,49.2,27,0,649,488,1,487,134,62,66,39,6,3,0,0,0,9,18,118,32
8,3660,קרית מוצקין,8200,49.3,27,0,649,526,4,522,72,141,40,30,7,1,0,0,0,5,47,110,69
8,3661,קרית מוצקין,8200,49.4,27,0,649,472,3,469,98,128,36,55,16,8,0,1,0,11,28,72,16
8,3662,קרית מוצקין,8200,49.5,27,0,649,519,0,519,105,100,30,35,3,0,0,0,0,9,25,182,30
8,3663,קרית מוצקין,8200,51.0,15,0,701,335,0,335,56,69,19,46,7,3,0,0,0,0,19,103,13
8,3664,קרית מוצקין,8200,52.0,15,0,516,325,1,324,66,66,45,17,19,0,0,0,0,8,27,73,3
8,3665,קרית מוצקין,8200,53.0,15,0,658,384,5,379,36,83,51,49,6,12,0,0,0,10,18,108,6
8,3666,קרית מוצקין,8200,60.0,17,0,730,570,3,567,99,89,24,99,4,6,0,0,0,6,25,170,45
8,3667,קרית מוצקין,8200,61.1,26,0,642,479,4,475,56,100,18,27,31,4,0,1,2,3,15,193,25
8,3668,קרית מוצקין,8200,61.2,26,0,642,490,0,490,88,122,47,24,12,0,0,0,0,0,31,143,23
8,3669,קרית מוצקין,8200,61.3,26,0,641,486,2,484,84,127,57,61,3,0,0,0,0,9,3,117,23
8,3670,קרית מוצקין,8200,62.0,12,0,658,428,1,427,65,56,29,44,13,1,0,0,0,0,56,136,27
8,3671,קרית מוצקין,8200,63.0,17,0,597,436,3,433,66,93,20,23,40,3,0,0,0,8,28,133,19
8,3672,קרית מוצקין,8200,65.1,11,0,510,386,2,384,97,45,17,25,5,0,0,0,0,11,24,93,67
8,3673,קרית מוצקין,8200,65.2,11,0,510,401,0,401,88,63,20,24,5,10,0,0,0,3,23,160,5
8,3674,קרית מוצקין,8200,65.3,25,0,508,381,1,380,84,98,26,19,6,0,0,0,0,19,23,100,5
8,3675,קרית מוצקין,8200,66.0,17,0,641,479,3,476,68,114,33,36,21,3,0,0,0,7,27,155,12
8,3676,קרית מוצקין,8200,67.1,20,0,660,298,4,294,102,48,14,26,11,0,0,0,0,16,23,29,25
8,3677,קרית מוצקין,8200,67.2,20,0,660,317,1,316,51,47,49,27,22,5,0,0,0,4,29,60,22
8,3678,קרית מוצקין,8200,68.0,12,1,544,256,0,256,49,30,51,6,15,0,0,0,0,8,24,59,14
8,3679,קרית מוצקין,8200,70.0,24,0,606,311,6,305,79,30,20,20,11,16,0,0,0,5,17,97,10
8,3680,קרית מוצקין,8200,72.0,17,0,635,498,1,497,55,152,56,46,8,0,0,0,0,2,21,150,7
11,4984,ראש העין,2640,1.0,51,0,774,581,1,580,146,37,1,3,187,20,0,0,6,28,83,68,1
11,4985,ראש העין,2640,2.0,57,0,587,448,1,447,126,38,0,14,59,25,0,0,0,23,75,68,19
11,4986,ראש העין,2640,4.0,55,0,600,415,1,414,95,47,0,0,95,35,0,0,0,7,59,60,16
11,4987,ראש העין,2640,5.1,8,0,671,467,2,465,161,49,15,3,71,21,0,0,0,20,71,51,3
11,4988,ראש העין,2640,5.2,8,0,671,464,2,462,181,36,1,5,80,18,0,0,0,25,73,35,8
11,4989,ראש העין,2640,6.0,33,0,571,408,3,405,133,10,8,6,82,2,0,0,0,51,37,45,31
11,4990,ראש העין,2640,7.0,3,0,743,580,2,578,165,33,7,1,129,25,0,0,0,37,113,54,14
11,4991,ראש העין,2640,8.0,55,0,750,518,5,513,130,43,41,6,108,24,0,0,0,31,68,53,9
11,4992,ראש העין,2640,9.0,69,0,673,491,5,486,175,45,9,0,139,10,0,0,0,24,51,26,7
11,4993,ראש העין,2640,10.0,3,1,589,434,2,432,157,8,0,3,94,8,0,0,0,56,50,47,9
11,4994,ראש העין,2640,11.0,76,0,551,403,1,402,81,62,5,17,31,51,0,0,0,39,49,59,8
11,4995,ראש העין,2640,13.1,56,0,726,527,3,524,152,36,45,6,55,13,4,0,0,40,88,78,7
11,4996,ראש העין,2640,13.2,56,0,726,529,2,527,153,12,27,32,82,26,0,0,0,13,97,85,0
11,4997,ראש העין,2640,13.3,56,0,726,556,1,555,102,90,20,30,46,29,0,0,0,49,56,116,17
11,4998,ראש העין,2640,14.0,80,0,740,508,2,506,83,45,17,48,57,22,0,0,0,26,59,102,47
11,4999,ראש העין,2640,15.0,77,0,619,409,6,403,91,35,1,5,109,13,0,0,0,27,64,55,3
11,5000,ראש העין,2640,16.0,57,0,687,491,4,487,153,16,2,44,36,42,0,0,0,24,85,57,28
11,5001,ראש העין,2640,18.0,3,0,721,562,4,558,77,22,6,5,128,64,0,0,0,73,106,68,9
11,5002,ראש העין,2640,19.0,53,0,689,540,1,539,63,155,32,84,14,0,0,0,0,9,18,133,31
11,5003,ראש העין,2640,20.0,65,0,529,413,0,413,58,103,21,30,15,1,2,0,0,9,24,110,40
11,5004,ראש העין,2640,21.0,2,0,733,554,3,551,65,123,25,73,11,0,0,0,0,4,9,199,42
11,5005,ראש העין,2640,22.0,66,0,605,488,0,488,26,78,25,158,40,10,0,6,0,3,7,116,19
11,5006,ראש העין,2640,23.0,68,0,583,445,0,445,58,66,29,25,8,1,20,0,0,23,55,120,40
11,5007,ראש העין,2640,24.0,60,0,533,399,0,399,17,98,31,66,9,15,15,0,0,6,22,118,2
11,5008,ראש העין,2640,26.0,49,0,485,365,0,365,21,135,19,36,1,6,1,0,0,5,11,121,9
11,5009,ראש העין,2640,27.0,49,0,536,399,5,394,36,87,11,55,30,0,0,0,0,5,23,143,4
11,5010,ראש העין,2640,28.0,47,0,619,427,3,424,46,82,59,61,8,2,0,0,0,4,11,146,5
11,5011,ראש העין,2640,29.0,71,0,662,539,0,539,25,166,12,63,4,4,0,0,0,3,41,193,28
11,5012,ראש העין,2640,30.0,47,0,585,442,1,441,59,116,21,78,2,0,3,0,0,8,19,119,16
11,5013,ראש העין,2640,31.0,62,0,688,528,3,525,79,148,29,49,12,0,0,0,0,8,48,144,8
11,5014,ראש העין,2640,32.0,71,0,456,367,1,366,62,68,26,49,2,1,2,0,5,2,14,110,25
11,5015,ראש העין,2640,33.1,54,0,571,431,0,431,48,101,15,33,22,1,0,0,0,12,20,142,37
11,5016,ראש העין,2640,34.0,47,0,682,523,0,523,67,157,19,56,12,26,0,0,0,7,6,146,27
11,5017,ראש העין,2640,35.0,50,0,784,580,3,577,161,40,4,17,92,9,0,0,0,21,101,94,38
11,5018,ראש העין,2640,36.1,79,0,522,362,1,361,104,47,17,13,48,10,0,0,0,26,42,52,2
11,5019,ראש העין,2640,36.2,79,0,522,360,0,360,93,34,8,9,28,2,0,0,0,34,86,61,5
11,5020,ראש העין,2640,36.3,79,0,520,373,2,371,73,64,6,13,64,17,0,0,0,7,65,54,8
11,5021,ראש העין,2640,37.0,33,0,589,407,0,407,126,50,0,6,74,13,0,0,0,13,83,40,2
11,5022,ראש העין,2640,39.0,33,0,598,429,1,428,118,26,5,14,39,43,0,0,0,18,65,79,21
11,5023,ראש העין,2640,41.0,78,0,663,486,3,483,160,13,1,12,97,23,0,0,0,33,75,43,26
11,5024,ראש העין,2640,42.0,64,0,549,433,1,432,35,101,45,88,14,0,0,0,0,2,8,126,13
11,5025,ראש העין,2640,43.0,61,0,536,438,0,438,9,131,41,43,3,1,0,0,0,4,9,188,9
11,5026,ראש העין,2640,45.0,71,0,583,430,2,428,46,121,21,32,22,1,4,0,0,11,12,148,10
11,5027,ראש העין,2640,46.0,4,0,619,438,3,435,149,36,2,10,99,30,0,0,0,7,47,39,16
11,5028,ראש העין,2640,47.0,62,0,536,372,3,369,59,90,20,73,2,0,0,1,0,3,22,85,14
11,5029,ראש העין,2640,49.0,69,0,637,462,1,461,154,32,3,4,58,44,0,0,0,10,101,46,9
11,5030,ראש העין,2640,50.0,71,0,536,428,0,428,59,91,26,47,1,0,0,0,0,10,30,147,17
11,5031,ראש העין,2640,51.1,12,0,726,505,3,502,90,50,4,8,136,19,0,0,0,29,58,99,9
11,5032,ראש העין,2640,51.2,12,0,726,523,2,521,177,79,9,3,83,21,0,0,0,16,80,52,1
11,5033,ראש העין,2640,51.3,12,0,725,522,3,519,163,32,4,49,66,12,0,0,0,24,66,67,36
11,5034,ראש העין,2640,53.0,68,0,525,383,3,380,96,60,19,24,23,2,0,0,0,6,13,136,1
11,5035,ראש העין,2640,54.0,70,0,608,432,2,430,81,101,7,55,21,7,0,1,0,8,50,78,21
11,5036,ראש העין,2640,55.1,74,0,697,562,0,562,82,78,19,29,24,28,0,0,0,33,82,183,4
11,5037,ראש העין,2640,55.2,74,0,697,585,0,585,148,61,33,63,51,7,0,0,0,3,57,151,11
11,5038,ראש העין,2640,55.3,74,0,697,563,0,563,105,105,27,39,33,0,9,0,7,13,40,140,45
11,5039,ראש העין,2640,55.4,74,0,697,534,0,534,106,129,12,20,9,0,7,0,0,4,62,162,23
11,5040,ראש העין,2640,55.5,74,0,697,571,4,567,107,98,36,44,21,6,0,0,0,30,30,185,10
11,5041,ראש העין,2640,55.6,74,0,697,570,1,569,67,106,49,52,11,16,0,0,0,2,21,223,22
11,5042,ראש העין,2640,55.7,74,0,697,592,0,592,103,136,42,25,20,16,0,0,0,2,54,179,15
11,5043,ראש העין,2640,57.0,85,0,529,427,1,426,74,113,37,24,20,1,0,1,0,18,43,83,12
11,5044,ראש העין,2640,62.1,26,0,701,506,2,504,48,111,30,79,29,0,0,0,0,4,93,105,5
11,5045,ראש העין,2640,62.2,82,0,701,471,1,470,80,85,67,26,3,8,2,0,0,11,52,131,5
11,5046,ראש העין,2640,63.0,3,0,744,544,2,542,52,69,28,6,119,5,0,0,0,20,75,132,36
11,5047,ראש העין,2640,64.1,72,0,723,588,1,587,52,106,55,62,24,0,0,0,0,10,35,236,7
11,5048,ראש העין,2640,64.2,72,0,723,605,3,602,80,160,82,86,1,0,0,0,0,11,24,117,41
11,5049,ראש העין,2640,64.3,72,0,723,592,1,591,77,87,29,123,12,0,0,0,0,11,13,227,12
11,5050,ראש העין,2640,64.4,72,0,723,579,1,578,167,107,19,30,21,1,0,0,0,27,57,141,8
11,5051,ראש העין,2640,64.5,72,0,723,585,6,579,72,77,43,43,19,12,0,0,0,39,44,184,46
11,5052,ראש העין,2640,64.6,72,0,723,594,9,585,53,68,31,95,12,5,0,0,0,20,60,207,34
11,5053,ראש העין,2640,64.7,72,0,723,586,0,586,112,142,23,45,0,1,0,0,10,5,29,195,24
11,5054,ראש העין,2640,64.8,72,0,722,593,2,591,94,113,24,46,34,48,0,0,0,3,25,179,25
11,5055,ראש העין,2640,68.0,70,0,686,529,3,526,57,130,23,29,17,3,1,0,0,34,43,160,29
11,5056,ראש העין,2640,73.0,75,0,706,511,4,507,110,82,29,13,31,11,0,0,0,34,38,145,14
11,5057,ראש העין,2640,78.0,84,0,366,274,1,273,50,26,29,33,23,0,0,0,0,9,47,44,12
11,5058,ראש העין,2640,79.1,73,0,708,573,1,572,84,109,33,29,16,7,0,0,0,2,36,237,19
11,5059,ראש העין,2640,79.2,73,0,708,592,0,592,89,141,38,51,24,0,0,0,0,19,53,134,43
11,5060,ראש העין,2640,79.3,73,0,708,572,0,572,78,53,53,85,4,2,0,1,0,34,69,169,24
11,5061,ראש העין,2640,79.4,73,0,707,598,0,598,91,169,19,62,6,0,0,3,0,24,25,171,28
11,5062,ראש העין,2640,80.0,75,0,589,449,0,449,60,103,30,44,12,7,0,0,2,31,51,103,6
11,5063,ראש העין,2640,81.0,86,0,773,609,3,606,173,119,23,6,43,0,0,0,0,23,130,83,6
11,5064,ראש העין,2640,82.0,83,0,298,244,1,243,70,24,20,30,10,6,0,0,0,6,11,58,8
11,5065,ראש העין,2640,950.0,75,0,661,529,1,528,93,106,26,28,56,10,0,0,0,9,46,145,9
18,10327,רביבים,354,1.1,1,0,388,227,0,227,28,46,23,42,0,0,5,1,0,0,0,62,20
18,10328,רביבים,354,1.2,2,0,388,243,0,243,1,31,41,82,0,0,8,0,0,4,7,61,8
8,3389,רכסים,922,1.0,5,0,691,570,3,567,20,1,0,2,301,184,0,0,0,10,32,4,13
8,3390,רכסים,922,2.0,6,0,626,510,2,508,42,8,2,1,239,153,0,0,0,18,22,23,0
8,3391,רכסים,922,3.0,4,0,708,589,5,584,76,11,0,0,164,300,0,0,0,1,23,9,0
8,3392,רכסים,922,4.0,3,0,707,569,0,569,95,6,0,3,244,117,0,0,0,3,80,20,1
8,3393,רכסים,922,5.1,11,0,697,606,5,601,36,0,0,0,327,173,0,0,0,0,64,1,0
8,3394,רכסים,922,5.2,11,0,696,600,5,595,12,3,0,0,353,199,0,0,0,3,25,0,0
8,3395,רכסים,922,6.0,10,0,814,678,3,675,27,13,0,0,242,285,0,0,0,12,63,33,0
8,3396,רכסים,922,7.1,9,0,395,332,1,331,16,1,0,0,114,157,0,0,0,1,23,19,0
8,3397,רכסים,922,7.2,9,0,395,317,2,315,11,1,1,3,119,151,0,0,0,3,11,13,2
8,3398,רכסים,922,8.0,7,0,585,499,9,490,33,2,0,0,159,279,0,0,0,1,12,4,0
8,3399,רכסים,922,9.0,8,0,593,503,1,502,21,1,0,4,252,153,0,0,0,3,53,15,0
8,3400,רכסים,922,10.0,12,0,591,496,1,495,16,13,0,0,165,215,0,0,0,17,45,24,0
15,8013,רמת גן,8600,3.1,21,0,700,500,2,498,50,126,18,63,24,0,10,0,0,3,0,177,27
15,8014,רמת גן,8600,3.2,21,0,700,490,1,489,26,67,40,114,24,3,3,0,1,2,21,172,16
15,8015,רמת גן,8600,3.3,21,0,700,496,0,496,47,95,76,42,3,0,0,0,0,5,32,170,26
15,8016,רמת גן,8600,3.4,21,0,700,479,1,478,64,100,16,88,0,2,0,0,0,47,12,124,25
15,8017,רמת גן,8600,3.5,21,0,700,533,1,532,84,103,17,146,4,1,4,0,0,2,11,127,33
15,8018,רמת גן,8600,7.1,29,0,751,543,0,543,36,107,20,85,48,1,0,0,0,2,10,216,18
15,8019,רמת גן,8600,7.2,29,0,750,552,2,550,47,126,8,57,13,0,18,0,0,1,3,260,17
15,8020,רמת גן,8600,16.0,52,0,620,387,2,385,66,75,27,51,7,2,1,0,0,17,18,107,14
15,8021,רמת גן,8600,20.0,124,1,683,421,3,418,79,140,38,45,3,0,1,0,0,13,14,63,22
15,8022,רמת גן,8600,22.0,124,0,697,418,2,416,66,92,28,31,14,7,0,0,0,3,12,143,20
15,8023,רמת גן,8600,24.1,5,0,671,442,1,441,53,83,29,43,11,1,20,0,0,1,16,132,52
15,8024,רמת גן,8600,24.2,5,0,671,412,0,412,57,103,41,21,18,10,0,0,0,2,25,121,14
15,8025,רמת גן,8600,24.3,5,0,671,406,2,404,33,122,27,27,43,6,8,0,1,8,8,114,7
15,8026,רמת גן,8600,24.4,5,0,668,425,1,424,29,122,41,59,42,3,0,0,0,4,11,109,4
15,8027,רמת גן,8600,28.1,122,0,741,496,1,495,79,92,33,69,2,0,2,0,0,0,26,172,20
15,8028,רמת גן,8600,28.2,122,0,741,454,2,452,97,89,25,44,37,2,0,0,0,11,14,124,9
15,8029,רמת גן,8600,28.3,122,0,740,480,0,480,47,74,23,47,21,2,0,0,0,12,45,184,25
15,8030,רמת גן,8600,30.1,12,0,658,408,0,408,131,89,18,22,6,5,0,0,0,9,15,101,12
15,8031,רמת גן,8600,30.2,12,0,658,430,3,427,52,100,39,50,20,0,0,0,1,3,4,147,11
15,8032,רמת גן,8600,30.3,12,0,658,423,1,422,42,70,22,71,24,0,3,0,0,1,31,151,7
15,8033,רמת גן,8600,30.4,12,0,658,456,1,455,37,109,21,45,23,18,1,0,0,26,10,152,13
15,8034,רמת גן,8600,30.5,12,0,658,448,3,445,22,113,20,35,30,1,0,0,0,3,38,176,7
15,8035,רמת גן,8600,30.6,12,0,658,433,0,433,33,109,28,88,3,3,0,0,0,1,11,135,22
15,8036,רמת גן,8600,34.0,7,0,658,465,3,462,44,109,22,34,4,4,1,0,0,1,16,195,32
15,8037,רמת גן,8600,35.0,7,1,596,304,1,303,20,62,23,32,5,11,0,0,4,9,18,103,16
15,8038,רמת גן,8600,36.0,7,0,670,463,0,463,36,123,25,41,2,2,0,0,0,17,21,161,35
15,8039,רמת גן,8600,37.0,7,0,699,436,3,433,45,135,25,53,20,1,13,0,0,11,8,105,17
15,8040,רמת גן,8600,38.0,7,0,706,443,0,443,27,90,27,98,3,1,2,0,0,13,1,158,23
15,8041,רמת גן,8600,40.0,7,0,718,484,2,482,62,109,28,64,9,41,8,0,0,18,16,122,5
15,8042,רמת גן,8600,44.0,115,0,568,209,1,208,30,39,32,27,7,7,1,0,0,3,12,48,2
15,8043,רמת גן,8600,45.0,52,0,576,293,0,293,36,64,23,50,2,2,0,0,0,5,29,70,12
15,8044,רמת גן,8600,70.1,13,1,720,366,2,364,31,119,54,53,8,6,1,8,0,3,3,62,16
15,8045,רמת גן,8600,70.2,13,0,720,396,3,393,43,107,34,32,10,0,6,0,0,16,33,94,18
15,8046,רמת גן,8600,70.3,13,0,720,353,1,352,26,70,43,65,4,0,1,0,0,21,7,111,4
15,8047,רמת גן,8600,70.4,13,0,717,372,3,369,56,72,34,48,0,0,1,0,1,2,4,110,41
15,8048,רמת גן,8600,74.1,125,0,542,291,5,286,38,31,12,33,2,6,2,1,0,3,16,117,25
15,8049,רמת גן,8600,74.2,125,0,541,253,2,251,27,56,40,29,4,1,0,0,0,4,14,65,11
15,8050,רמת גן,8600,84.0,115,0,749,400,0,400,56,62,24,67,22,9,1,0,0,33,13,97,16
15,8051,רמת גן,8600,87.1,119,0,382,234,1,233,38,59,15,37,0,1,0,0,0,1,5,65,12
15,8052,רמת גן,8600,87.2,119,0,381,203,0,203,19,46,16,46,2,2,1,0,11,2,6,47,5
15,8053,רמת גן,8600,89.1,1,0,659,394,2,392,64,73,14,57,1,2,2,0,0,0,28,125,26
15,8054,רמת גן,8600,89.2,1,0,659,352,2,350,42,71,21,51,16,1,1,1,0,0,5,134,7
15,8055,רמת גן,8600,89.3,1,0,659,365,5,360,54,89,11,21,27,0,3,0,0,3,8,117,27
15,8056,רמת גן,8600,89.4,1,0,659,382,1,381,25,103,36,52,11,0,4,0,0,4,6,130,10
15,8057,רמת גן,8600,89.5,1,0,659,371,0,371,33,71,21,102,0,0,2,2,0,3,3,112,22
15,8058,רמת גן,8600,89.6,1,0,658,379,1,378,11,112,36,60,0,1,5,0,0,4,2,128,19
15,8059,רמת גן,8600,100.0,42,0,598,272,4,268,43,90,12,34,12,0,1,0,0,2,7,52,15
15,8060,רמת גן,8600,106.0,52,0,614,358,1,357,38,93,26,43,30,0,7,0,0,5,10,92,13
15,8061,רמת גן,8600,107.0,42,0,610,378,4,374,11,83,58,39,22,0,0,0,0,1,26,115,19
15,8062,רמת גן,8600,108.0,42,0,697,475,2,473,32,84,13,71,31,8,0,0,0,19,19,188,8
15,8063,רמת גן,8600,114.0,39,0,587,381,2,379,46,73,18,40,28,1,0,0,0,18,41,85,29
15,8064,רמת גן,8600,77.1,10,0,645,345,2,343,57,76,22,38,10,1,0,0,0,10,25,100,4
15,8065,רמת גן,8600,77.2,10,0,645,332,0,332,9,51,16,68,10,4,0,0,0,2,8,134,30
15,8066,רמת גן,8600,77.3,10,0,645,362,4,358,36,56,15,40,36,3,2,0,0,2,34,119,15
15,8067,רמת גן,8600,77.4,10,0,645,323,3,320,40,61,12,32,12,10,0,0,0,8,33,102,10
15,8068,רמת גן,8600,77.5,10,0,645,343,0,343,24,74,64,41,7,46,0,0,0,10,6,68,3
15,8069,רמת גן,8600,77.6,10,0,644,371,3,368,48,80,25,27,29,16,20,0,0,15,16,80,12
15,8070,רמת גן,8600,99.1,80,0,710,445,2,443,59,70,17,75,2,3,0,0,3,5,29,168,12
15,8071,רמת גן,8600,99.2,80,0,708,401,1,400,48,89,16,54,8,0,0,0,0,3,22,146,14
15,8072,רמת גן,8600,102.1,126,0,740,404,5,399,44,84,47,48,5,3,6,4,0,2,9,132,15
15,8073,רמת גן,8600,102.2,126,0,739,358,5,353,45,89,21,53,16,4,0,0,0,1,10,106,8
15,8074,רמת גן,8600,116.1,18,0,631,410,2,408,43,107,23,22,14,13,0,0,0,8,28,122,28
15,8075,רמת גן,8600,116.2,18,0,631,389,0,389,89,39,23,63,23,4,2,0,0,1,35,103,7
15,8076,רמת גן,8600,116.3,18,0,631,425,2,423,138,63,15,47,35,9,1,0,0,15,12,76,12
15,8077,רמת גן,8600,116.4,18,0,631,364,1,363,47,70,39,47,17,23,0,0,0,3,8,97,12
15,8078,רמת גן,8600,116.5,18,0,631,376,3,373,46,65,38,91,7,2,0,1,1,2,22,88,10
15,8079,רמת גן,8600,116.6,18,0,630,408,3,405,86,60,63,28,8,4,0,0,0,1,29,101,25
15,8080,רמת גן,8600,125.0,55,0,749,497,6,491,41,85,43,110,39,0,16,0,0,6,25,122,4
15,8081,רמת גן,8600,127.0,55,0,651,435,2,433,74,76,16,43,23,17,0,0,0,11,15,100,58
15,8082,רמת גן,8600,143.1,26,0,694,457,1,456,21,109,24,99,13,8,0,1,0,19,25,114,23
15,8083,רמת גן,8600,143.2,26,0,694,463,2,461,30,112,24,102,5,4,0,0,0,4,36,126,18
15,8084,רמת גן,8600,143.3,26,0,694,462,0,462,54,71,43,46,14,0,0,0,0,13,20,184,17
15,8085,רמת גן,8600,143.4,26,0,694,469,2,467,46,112,33,40,28,0,0,1,0,1,61,116,29
15,8086,רמת גן,8600,143.5,26,0,694,468,0,468,32,122,25,46,2,12,2,0,0,6,27,162,32
15,8087,רמת גן,8600,143.6,26,0,689,486,0,486,59,112,25,65,31,0,0,0,0,28,75,79,12
15,8088,רמת גן,8600,153.1,23,1,726,477,1,476,36,83,72,72,23,2,0,0,0,4,40,116,28
15,8089,רמת גן,8600,153.2,23,0,726,466,0,466,39,100,58,32,28,19,0,0,1,3,6,166,14
15,8090,רמת גן,8600,153.3,23,0,726,475,0,475,60,74,18,17,13,31,0,0,0,21,70,125,46
15,8091,רמת גן,8600,153.4,23,0,726,484,0,484,34,76,41,22,31,18,0,0,0,18,25,190,29
15,8092,רמת גן,8600,153.5,23,0,725,458,3,455,16,107,29,40,1,10,0,0,0,10,21,204,17
15,8093,רמת גן,8600,154.0,35,0,697,421,1,420,40,84,26,74,5,6,0,0,0,1,26,144,14
15,8094,רמת גן,8600,156.0,35,0,637,344,1,343,31,58,29,51,13,0,0,0,0,8,7,124,22
15,8095,רמת גן,8600,157.0,35,0,720,455,1,454,29,55,27,60,20,7,0,0,0,0,18,132,106
15,8096,רמת גן,8600,158.0,35,0,665,435,3,432,38,131,61,55,0,1,1,0,0,35,8,80,22
15,8097,רמת גן,8600,160.1,128,0,663,430,0,430,44,109,23,65,9,12,4,0,0,2,12,136,14
15,8098,רמת גן,8600,160.2,128,0,663,418,5,413,21,87,14,96,6,2,4,0,0,1,20,149,13
15,8099,רמת גן,8600,160.3,128,0,662,420,2,418,45,77,62,54,17,22,4,0,0,8,16,101,12
15,8100,רמת גן,8600,169.1,17,0,749,490,2,488,76,87,48,89,39,2,0,0,0,4,23,102,18
15,8101,רמת גן,8600,169.2,17,0,749,505,2,503,96,84,34,23,30,0,0,0,0,1,34,175,26
15,8102,רמת גן,8600,169.3,17,0,749,471,2,469,85,88,52,46,17,8,0,0,0,5,23,135,10
15,8103,רמת גן,8600,169.4,17,0,749,494,5,489,53,111,53,77,18,16,0,0,0,2,18,114,27
15,8104,רמת גן,8600,169.5,17,0,748,466,3,463,50,121,44,66,16,1,0,0,0,4,10,134,17
15,8105,רמת גן,8600,170.1,24,0,735,518,0,518,49,114,24,43,65,2,2,0,0,7,5,189,18
15,8106,רמת גן,8600,170.2,24,0,735,498,1,497,42,106,42,49,8,5,5,1,0,1,17,191,30
15,8107,רמת גן,8600,170.3,24,0,735,494,2,492,85,171,36,66,4,18,5,0,0,10,24,59,14
15,8108,רמת גן,8600,170.4,24,0,735,546,1,545,71,98,35,76,26,16,0,0,0,11,25,183,4
15,8109,רמת גן,8600,170.5,24,0,732,524,1,523,67,88,44,112,6,4,5,0,0,2,5,174,16
15,8110,רמת גן,8600,180.0,127,0,687,484,6,478,55,81,17,30,41,4,32,0,0,10,13,177,18
15,8111,רמת גן,8600,183.1,31,0,729,547,2,545,20,120,29,88,30,0,5,0,0,10,45,172,26
15,8112,רמת גן,8600,183.2,31,0,728,523,1,522,59,144,36,98,3,1,4,0,0,9,5,155,8
15,8113,רמת גן,8600,197.1,15,0,661,490,0,490,95,101,13,46,43,9,0,0,0,4,5,150,24
15,8114,רמת גן,8600,197.2,15,0,661,460,2,458,47,80,26,106,1,4,0,0,0,10,10,120,54
15,8115,רמת גן,8600,197.3,15,0,661,483,0,483,69,109,23,114,14,3,0,0,0,8,28,103,12
15,8116,רמת גן,8600,197.4,15,0,661,487,2,485,27,80,53,51,39,3,0,0,0,17,29,128,58
15,8117,רמת גן,8600,197.5,15,0,661,463,3,460,56,81,44,76,11,0,1,0,0,17,51,111,12
15,8118,רמת גן,8600,197.6,15,0,658,494,2,492,63,136,19,47,4,11,11,13,0,8,23,146,11
15,8119,רמת גן,8600,207.1,32,0,644,436,3,433,51,134,11,65,7,1,0,0,0,1,21,141,1
15,8120,רמת גן,8600,207.2,32,0,644,457,0,457,76,85,15,70,24,5,10,0,0,20,12,136,4
15,8121,רמת גן,8600,207.3,32,0,644,438,2,436,74,65,32,43,27,0,0,0,0,31,34,119,11
15,8122,רמת גן,8600,207.4,32,0,644,420,0,420,68,95,17,52,23,4,0,0,0,19,28,107,7
15,8123,רמת גן,8600,207.5,32,0,644,444,3,441,40,121,26,69,12,3,0,0,0,28,12,113,17
15,8124,רמת גן,8600,207.6,32,0,641,428,1,427,56,111,34,57,35,1,0,0,0,5,21,89,18
15,8125,רמת גן,8600,252.0,127,0,589,422,0,422,50,94,14,66,39,8,0,0,0,3,22,114,12
15,8126,רמת גן,8600,50.0,22,1,727,501,1,500,130,41,38,22,56,38,0,0,0,23,37,106,9
15,8127,רמת גן,8600,191.1,33,0,556,382,0,382,28,95,49,37,36,8,0,0,0,6,11,99,13
15,8128,רמת גן,8600,191.2,33,0,556,372,1,371,47,113,16,85,7,1,0,0,0,2,8,85,7
15,8129,רמת גן,8600,191.3,33,0,554,358,0,358,57,78,11,40,46,3,0,0,0,6,5,109,3
15,8130,רמת גן,8600,202.1,6,0,660,469,2,467,59,77,22,89,7,15,6,0,0,3,15,119,55
15,8131,רמת גן,8600,202.2,6,0,660,447,2,445,35,104,21,100,7,6,0,0,0,11,23,118,20
15,8132,רמת גן,8600,202.3,6,0,660,451,2,449,60,90,36,63,8,5,0,0,0,31,26,107,23
15,8133,רמת גן,8600,202.4,6,0,660,430,2,428,124,83,10,41,7,12,0,0,0,10,6,122,13
15,8134,רמת גן,8600,202.5,6,0,660,431,3,428,65,79,27,65,8,1,2,0,0,11,49,116,5
15,8135,רמת גן,8600,202.6,6,0,658,461,2,459,55,107,14,47,17,0,2,0,0,9,39,156,13
15,8136,רמת גן,8600,206.0,121,0,719,488,0,488,60,74,39,39,7,1,5,0,0,8,45,178,32
15,8137,רמת גן,8600,210.0,123,0,601,423,3,420,68,80,18,37,22,1,0,0,0,10,23,149,12
15,8138,רמת גן,8600,224.0,123,0,493,307,3,304,54,18,9,10,61,17,0,0,0,5,58,58,14
15,8139,רמת גן,8600,226.1,3,0,599,390,1,389,58,72,20,37,61,4,1,0,0,1,21,103,11
15,8140,רמת גן,8600,226.2,3,0,599,429,2,427,72,84,58,81,19,3,4,0,0,4,10,62,30
15,8141,רמת גן,8600,226.3,3,0,599,417,4,413,98,60,20,72,8,26,0,0,0,26,20,65,18
15,8142,רמת גן,8600,226.4,3,0,596,411,2,409,79,98,11,51,6,1,11,0,2,5,37,99,9
15,8143,רמת גן,8600,230.1,67,0,637,478,1,477,36,102,30,72,3,20,11,0,0,9,18,164,12
15,8144,רמת גן,8600,230.2,67,1,637,470,1,469,38,153,36,87,0,0,0,0,0,4,50,91,10
15,8145,רמת גן,8600,230.3,67,0,637,485,2,483,69,65,36,36,20,23,2,0,0,9,16,203,4
15,8146,רמת גן,8600,230.4,67,1,637,471,0,471,58,107,8,84,25,11,0,0,0,2,19,142,15
15,8147,רמת גן,8600,230.5,67,0,637,473,2,471,47,108,18,76,46,0,3,0,0,6,43,123,1
15,8148,רמת גן,8600,230.6,67,0,636,494,2,492,57,109,42,81,0,2,0,0,0,0,18,145,38
15,8149,רמת גן,8600,232.0,22,0,689,444,1,443,120,43,19,29,64,6,1,13,0,23,32,73,20
15,8150,רמת גן,8600,233.0,22,0,673,411,4,407,104,26,14,31,67,5,19,0,0,18,46,40,37
15,8151,רמת גן,8600,234.0,22,0,704,438,5,433,157,40,0,14,37,1,1,1,0,13,41,117,11
15,8152,רמת גן,8600,235.1,66,0,653,389,2,387,91,39,13,35,42,6,0,1,0,10,28,80,42
15,8153,רמת גן,8600,235.2,66,0,651,378,1,377,73,73,17,32,61,5,0,0,0,13,26,67,10
15,8154,רמת גן,8600,236.0,40,1,680,472,0,472,102,56,71,42,62,1,5,0,0,3,25,101,4
15,8155,רמת גן,8600,243.0,22,0,649,480,0,480,98,45,40,85,36,5,0,1,0,13,46,92,19
15,8156,רמת גן,8600,245.1,30,1,735,559,1,558,49,155,9,109,1,6,26,0,0,2,2,172,27
15,8157,רמת גן,8600,245.2,30,0,735,526,0,526,34,176,16,102,2,1,8,0,0,1,43,134,9
15,8158,רמת גן,8600,245.3,30,0,733,528,2,526,33,153,40,113,1,0,0,0,0,13,6,147,20
15,8159,רמת גן,8600,249.1,27,0,746,555,0,555,28,138,29,134,33,0,0,0,0,2,17,135,39
15,8160,רמת גן,8600,249.2,27,0,746,525,0,525,23,160,52,121,3,2,6,0,0,1,1,143,13
15,8161,רמת גן,8600,249.3,27,0,745,547,2,545,43,111,17,99,26,13,12,0,0,6,9,182,27
15,8162,רמת גן,8600,250.1,114,0,400,271,0,271,12,58,27,37,0,1,0,0,0,4,9,113,10
15,8163,רמת גן,8600,250.2,114,0,400,289,0,289,21,83,17,76,1,0,0,0,0,0,0,76,15
15,8164,רמת גן,8600,251.0,40,0,633,463,4,459,32,70,34,138,14,10,0,0,0,5,10,123,23
15,8165,רמת גן,8600,14.0,90,0,589,472,2,470,86,77,43,30,13,0,4,0,0,19,30,133,35
15,8166,רמת גן,8600,46.0,41,0,572,405,1,404,66,108,10,51,3,23,0,0,0,22,12,80,29
15,8167,רמת גן,8600,75.1,19,0,625,438,2,436,49,112,15,38,7,1,12,0,0,24,17,152,9
15,8168,רמת גן,8600,75.2,19,0,625,434,3,431,74,109,13,28,56,1,6,0,0,6,40,83,15
15,8169,רמת גן,8600,75.3,19,0,625,426,2,424,56,64,24,60,54,17,1,0,0,14,44,82,8
15,8170,רמת גן,8600,75.4,19,0,625,441,0,441,57,136,44,28,22,9,0,0,0,24,38,67,16
15,8171,רמת גן,8600,75.5,19,0,620,431,1,430,90,86,36,37,12,3,0,0,0,3,18,122,23
15,8172,רמת גן,8600,117.1,113,0,622,403,1,402,83,23,24,10,73,22,0,0,0,42,57,56,12
15,8173,רמת גן,8600,117.2,113,0,621,422,1,421,103,34,18,18,62,27,0,0,0,19,69,65,6
15,8174,רמת גן,8600,141.0,41,0,722,477,3,474,82,78,38,26,38,12,0,0,0,37,16,125,22
15,8175,רמת גן,8600,142.0,90,0,549,448,2,446,71,92,13,89,6,0,0,0,0,3,22,141,9
15,8176,רמת גן,8600,146.0,41,0,585,420,3,417,33,89,71,62,18,4,0,5,0,4,25,91,15
15,8177,רמת גן,8600,147.0,90,0,673,519,0,519,40,115,42,54,48,38,0,0,0,18,28,128,8
15,8178,רמת גן,8600,150.1,71,0,728,564,1,563,112,119,54,71,6,0,0,0,0,12,2,174,13
15,8179,רמת גן,8600,150.2,71,1,728,539,0,539,106,125,38,37,8,2,0,0,0,21,22,167,13
15,8180,רמת גן,8600,150.3,71,0,726,528,5,523,31,131,44,78,6,0,0,0,0,18,23,184,8
15,8181,רמת גן,8600,204.0,129,0,583,352,6,346,72,63,28,6,25,0,0,0,2,16,48,66,20
15,8182,רמת גן,8600,205.0,129,1,567,333,4,329,71,76,25,23,28,1,0,0,0,10,7,86,2
15,8183,רמת גן,8600,211.0,70,0,578,367,1,366,101,10,6,9,102,19,0,0,0,17,23,70,9
15,8184,רמת גן,8600,214.0,129,0,673,435,0,435,38,70,48,51,1,18,5,13,0,1,44,121,25
15,8185,רמת גן,8600,216.0,70,0,700,500,2,498,87,90,13,62,58,3,0,0,0,23,32,110,20
15,8186,רמת גן,8600,218.0,129,0,620,425,0,425,55,75,27,49,10,8,0,0,6,12,17,141,25
15,8187,רמת גן,8600,223.0,129,0,558,427,0,427,29,89,54,64,3,1,1,0,0,18,14,138,16
15,8188,רמת גן,8600,229.1,20,0,750,504,1,503,72,107,39,22,84,31,1,0,0,31,42,70,4
15,8189,רמת גן,8600,229.2,20,0,750,505,4,501,48,81,26,31,35,20,0,0,0,13,109,129,9
15,8190,רמת גן,8600,229.3,20,0,750,505,1,504,97,102,15,10,62,13,0,0,0,17,44,136,8
15,8191,רמת גן,8600,229.4,20,0,750,492,2,490,115,76,10,58,36,8,1,0,0,13,52,117,4
15,8192,רמת גן,8600,229.5,20,0,747,496,1,495,79,63,42,31,35,10,0,0,0,28,84,87,36
15,8193,רמת גן,8600,238.1,16,0,672,494,1,493,44,111,15,95,1,0,0,0,0,2,9,196,20
15,8194,רמת גן,8600,238.2,16,0,672,463,1,462,74,116,11,55,5,5,0,0,0,8,4,160,24
15,8195,רמת גן,8600,238.3,16,0,672,500,1,499,57,75,39,79,26,5,0,0,0,1,31,156,30
15,8196,רמת גן,8600,238.4,16,0,672,469,2,467,42,125,17,44,8,4,0,0,0,43,28,140,16
15,8197,רמת גן,8600,238.5,16,0,672,476,0,476,77,157,26,59,17,1,1,0,0,14,7,103,14
15,8198,רמת גן,8600,238.6,16,0,668,484,0,484,35,109,39,84,3,11,0,0,0,0,4,181,18
15,8199,רמת גן,8600,254.1,61,0,723,522,5,517,80,74,8,60,46,2,0,0,0,10,21,149,67
15,8200,רמת גן,8600,254.2,61,0,722,514,3,511,87,106,41,53,30,10,0,0,0,7,52,103,22
15,8201,רמת גן,8600,503.1,100,0,739,510,1,509,45,127,55,107,0,0,1,0,0,1,5,166,2
15,8202,רמת גן,8600,503.2,100,0,739,484,0,484,34,102,33,52,2,0,1,0,0,0,3,218,39
15,8203,רמת גן,8600,503.3,100,0,739,473,0,473,34,129,23,67,0,1,0,0,0,16,12,165,26
15,8204,רמת גן,8600,503.4,100,0,739,502,0,502,56,103,31,117,1,7,12,0,0,1,4,155,15
15,8205,רמת גן,8600,521.0,105,0,477,384,3,381,8,117,24,102,1,3,0,0,0,1,0,109,16
15,8206,רמת גן,8600,1.0,37,0,647,460,1,459,34,107,53,56,22,1,1,0,0,3,20,147,15
15,8207,רמת גן,8600,2.0,37,0,684,496,1,495,31,107,66,72,5,1,1,0,0,1,21,167,23
15,8208,רמת גן,8600,5.0,120,0,583,465,1,464,35,92,37,85,4,0,2,0,0,0,7,156,46
15,8209,רמת גן,8600,10.0,120,0,631,426,0,426,32,79,23,99,1,3,0,1,0,13,32,136,7
15,8210,רמת גן,8600,11.0,37,0,656,444,1,443,62,109,16,106,7,7,0,0,0,13,11,95,17
15,8211,רמת גן,8600,33.0,37,0,554,378,2,376,86,63,30,30,16,1,1,0,0,9,19,106,15
15,8212,רמת גן,8600,42.1,8,0,635,373,0,373,47,65,38,54,2,1,4,0,0,25,23,108,6
15,8213,רמת גן,8600,42.2,8,1,635,381,5,376,32,79,62,57,7,0,1,0,0,5,24,97,12
15,8214,רמת גן,8600,42.3,8,0,635,348,2,346,51,59,4,42,3,6,0,0,0,13,32,113,23
15,8215,רמת גן,8600,42.4,8,0,635,396,0,396,44,85,20,106,0,1,7,0,0,4,12,110,7
15,8216,רמת גן,8600,42.5,8,0,635,376,2,374,63,122,14,42,20,0,0,0,0,4,21,81,7
15,8217,רמת גן,8600,42.6,8,0,633,402,2,400,33,122,31,70,0,5,1,0,0,11,2,99,26
15,8218,רמת גן,8600,52.1,14,0,717,522,2,520,24,108,46,86,15,4,1,0,0,3,29,150,54
15,8219,רמת גן,8600,52.2,14,0,717,501,2,499,90,80,53,114,4,2,4,0,0,1,29,100,22
15,8220,רמת גן,8600,52.3,14,0,717,539,0,539,57,93,26,68,4,0,0,0,0,41,21,213,16
15,8221,רמת גן,8600,52.4,14,0,717,506,4,502,12,136,51,57,8,0,0,2,0,5,17,194,20
15,8222,רמת גן,8600,54.1,111,0,749,489,1,488,44,95,48,70,1,0,1,0,0,17,11,176,25
15,8223,רמת גן,8600,54.2,111,0,749,463,0,463,42,151,17,61,12,10,2,0,0,5,20,135,8
15,8224,רמת גן,8600,58.0,118,0,657,409,1,408,36,106,20,49,3,5,0,0,0,7,7,167,8
15,8225,רמת גן,8600,63.0,118,0,668,408,3,405,32,86,26,47,3,12,0,1,0,12,29,126,31
15,8226,רמת גן,8600,64.0,37,0,646,486,3,483,19,69,24,151,0,1,0,0,0,15,0,170,34
15,8227,רמת גן,8600,67.1,9,0,615,411,0,411,55,75,39,73,0,1,0,0,0,11,9,134,14
15,8228,רמת גן,8600,67.2,9,0,615,420,0,420,9,118,53,60,10,0,1,2,0,5,8,146,8
15,8229,רמת גן,8600,67.3,9,0,615,421,1,420,31,72,29,68,1,4,16,2,0,0,30,155,12
15,8230,רמת גן,8600,67.4,9,0,615,400,1,399,33,75,20,115,6,0,2,2,0,5,10,125,6
15,8231,רמת גן,8600,67.5,9,0,613,405,2,403,24,86,44,77,4,2,5,0,0,9,14,114,24
15,8232,רמת גן,8600,69.1,68,0,723,475,1,474,37,61,16,77,14,2,2,0,0,14,16,205,30
15,8233,רמת גן,8600,69.2,68,0,723,495,0,495,46,158,19,97,7,0,0,0,0,17,5,133,13
15,8234,רמת גן,8600,69.3,68,0,723,502,4,498,55,146,49,72,5,1,13,0,3,3,9,95,47
15,8235,רמת גן,8600,71.0,81,0,705,436,3,433,39,73,44,80,1,19,12,0,0,1,47,111,6
15,8236,רמת גן,8600,72.1,38,0,393,221,2,219,26,40,5,57,1,1,0,0,0,1,5,75,8
15,8237,רמת גן,8600,72.2,38,0,392,223,1,222,22,55,18,43,6,5,0,0,0,9,9,53,2
15,8238,רמת גן,8600,83.0,81,0,741,451,1,450,55,65,64,59,1,10,3,0,0,12,16,146,19
5,2239,רמת דוד,135,1.0,1,0,434,345,0,345,21,77,27,63,0,0,3,0,0,1,18,102,33
5,1723,שבלי  אום אלגנם,913,1.0,1,0,670,263,0,263,0,1,2,11,0,0,31,176,37,0,0,5,0
5,1724,שבלי  אום אלגנם,913,2.0,2,0,641,295,1,294,1,1,0,18,0,0,38,229,4,0,0,3,0
5,1725,שבלי  אום אלגנם,913,3.0,2,0,746,340,10,330,0,7,1,38,1,3,48,176,27,0,4,24,1
5,1726,שבלי  אום אלגנם,913,4.0,1,0,708,327,3,324,3,0,1,29,0,10,51,200,23,0,0,4,3
5,1727,שבלי  אום אלגנם,913,5.0,3,0,723,369,4,365,16,1,0,12,0,0,61,249,10,0,0,14,2
5,1728,שבלי  אום אלגנם,913,6.0,3,0,702,342,0,342,3,6,0,25,0,0,101,198,9,0,0,0,0
5,1729,שבלי  אום אלגנם,913,8.0,2,0,699,294,1,293,1,16,0,11,1,2,61,166,16,0,0,19,0
17,9670,שדה עוזיהו,739,1.0,2,0,494,372,1,371,113,51,0,5,38,28,0,0,0,34,57,27,18
17,9671,שדה עוזיהו,739,2.0,3,0,608,480,1,479,203,17,0,10,86,14,1,0,0,23,36,69,20
9,3976,שדות ים,327,1.1,1,0,403,347,0,347,16,129,14,85,4,1,1,0,0,3,2,79,13
9,3977,שדות ים,327,1.2,1,0,402,337,1,336,10,73,28,87,1,12,12,0,0,0,5,103,5
2,806,אבו גוש,472,1.1,5,0,643,353,8,345,1,4,2,14,0,0,108,133,78,0,4,1,0
2,807,אבו גוש,472,1.2,5,0,643,326,4,322,22,1,2,13,0,0,88,118,73,1,0,3,1
2,808,אבו גוש,472,1.3,5,0,643,315,3,312,8,0,6,19,0,0,125,84,67,2,0,1,0
2,809,אבו גוש,472,3.0,2,0,673,340,2,338,29,3,0,25,0,0,82,123,50,0,1,23,2
2,810,אבו גוש,472,5.0,2,0,597,253,6,247,2,1,0,14,0,0,107,80,33,0,6,2,2
2,811,אבו גוש,472,6.1,4,0,583,276,4,272,6,1,0,23,0,0,102,67,71,0,0,2,0
2,812,אבו גוש,472,6.2,4,0,583,301,9,292,11,4,6,24,0,1,93,73,68,0,1,10,1
2,813,אבו גוש,472,6.3,4,0,580,310,3,307,25,7,0,6,0,0,114,53,89,0,3,8,2
2,814,אבו גוש,472,8.0,2,0,532,269,3,266,14,9,0,12,0,0,100,82,38,1,0,9,1
6,2613,אבו סנאן,473,1.1,1,0,427,257,3,254,6,4,0,16,3,0,128,71,22,0,1,3,0
6,2614,אבו סנאן,473,1.2,1,0,426,201,6,195,0,9,19,18,0,0,61,50,20,0,0,15,3
6,2615,אבו סנאן,473,5.1,2,0,549,288,1,287,21,26,15,29,0,0,131,17,18,0,1,26,3
6,2616,אבו סנאן,473,5.2,2,0,549,261,6,255,1,4,1,23,0,0,114,72,20,0,0,20,0
6,2617,אבו סנאן,473,5.3,2,0,548,276,6,270,11,15,2,22,0,0,107,68,26,0,0,19,0
6,2618,אבו סנאן,473,8.1,3,0,563,320,5,315,7,11,1,3,0,0,196,50,26,0,1,12,8
6,2619,אבו סנאן,473,8.2,3,0,563,285,2,283,23,8,30,10,5,0,127,30,21,0,4,24,1
6,2620,אבו סנאן,473,8.3,3,0,563,302,4,298,1,11,1,14,0,0,137,119,7,4,0,4,0
6,2621,אבו סנאן,473,9.1,5,1,549,275,4,271,5,2,5,26,5,0,96,75,23,0,0,32,2
6,2622,אבו סנאן,473,9.2,5,0,549,281,6,275,14,29,9,18,0,0,88,37,16,0,0,62,2
6,2623,אבו סנאן,473,9.3,5,0,548,259,3,256,8,26,20,21,0,0,60,57,11,1,4,39,9
6,2624,אבו סנאן,473,11.1,6,0,543,269,2,267,1,0,5,20,2,0,155,53,31,0,0,0,0
6,2625,אבו סנאן,473,11.2,6,0,543,270,9,261,19,10,13,4,0,0,61,81,32,2,1,38,0
6,2626,אבו סנאן,473,11.3,6,0,543,234,4,230,13,12,13,14,7,3,103,21,14,3,9,15,3
6,2627,אבו סנאן,473,13.1,4,0,660,354,3,351,17,35,15,17,0,0,198,38,14,0,0,17,0
6,2628,אבו סנאן,473,13.2,4,0,660,317,5,312,19,12,22,11,0,0,91,92,19,2,0,34,10
6,2629,אבו סנאן,473,13.3,4,0,660,317,1,316,47,28,67,17,1,0,46,59,12,0,1,35,3
6,2630,אבו סנאן,473,13.4,4,0,660,354,4,350,34,42,33,31,0,0,37,83,27,1,1,59,2
6,2631,אבו סנאן,473,13.5,4,0,659,327,3,324,3,10,34,9,1,0,124,51,24,0,0,67,1
8,3351,אבטין,652,1.0,1,0,647,250,5,245,1,0,20,13,0,0,60,122,10,0,0,18,1
8,3352,אבטין,652,2.0,1,0,676,229,3,226,2,0,0,7,0,1,80,108,26,0,2,0,0
8,3353,אבטין,652,3.1,2,0,378,185,0,185,2,1,0,6,0,0,32,123,12,0,0,9,0
8,3354,אבטין,652,3.2,2,0,378,188,0,188,2,1,0,7,0,0,45,119,11,0,1,2,0
10,4697,אבן יהודה,182,1.1,2,0,620,450,0,450,98,55,27,11,35,18,0,0,0,20,35,131,20
10,4698,אבן יהודה,182,1.2,2,0,620,458,0,458,109,78,15,49,7,22,0,0,0,9,36,123,10
10,4699,אבן יהודה,182,1.3,2,0,618,441,1,440,114,66,15,35,19,3,0,0,0,42,78,56,12
10,4700,אבן יהודה,182,2.0,12,0,606,447,0,447,47,88,23,65,29,0,0,0,0,6,10,144,35
10,4701,אבן יהודה,182,3.0,9,0,768,616,0,616,49,146,66,83,0,1,16,0,1,9,4,222,19
10,4702,אבן יהודה,182,5.0,5,0,725,477,0,477,74,95,21,71,7,0,1,0,0,47,32,113,16
10,4703,אבן יהודה,182,6.0,7,0,755,588,0,588,57,158,21,88,1,0,27,0,0,5,11,187,33
10,4704,אבן יהודה,182,9.1,4,0,670,519,4,515,54,101,39,113,2,5,0,0,0,1,10,164,26
10,4705,אבן יהודה,182,9.2,4,0,670,502,1,501,25,108,36,66,19,0,1,0,0,15,3,221,7
10,4706,אבן יהודה,182,9.3,4,0,670,500,0,500,35,131,47,53,6,1,0,9,0,1,0,194,23
10,4707,אבן יהודה,182,9.4,4,0,670,501,0,501,19,138,62,71,0,9,0,26,0,3,11,141,21
10,4708,אבן יהודה,182,9.5,4,0,670,513,6,507,21,171,46,34,24,2,1,0,0,2,7,192,7
10,4709,אבן יהודה,182,9.6,4,0,668,523,1,522,29,128,62,93,4,0,0,0,0,21,6,168,11
10,4710,אבן יהודה,182,10.0,3,0,701,503,4,499,69,156,51,73,12,1,0,0,0,5,14,101,17
10,4711,אבן יהודה,182,11.0,10,0,532,417,2,415,69,128,20,79,0,0,0,1,0,2,2,108,6
10,4712,אבן יהודה,182,12.0,12,0,721,560,0,560,41,105,36,93,14,0,0,0,0,3,17,231,20
10,4713,אבן יהודה,182,17.0,10,0,554,448,0,448,39,136,29,31,0,0,0,0,0,5,10,162,36
17,9474,אבן שמואל,400,1.0,1,0,558,430,0,430,84,28,0,3,26,9,0,0,0,62,137,71,10
17,9475,אבן שמואל,400,2.0,1,0,591,479,1,478,94,20,4,7,43,2,0,0,0,98,158,52,0
8,3466,אושה,278,1.0,1,0,433,324,2,322,16,61,39,98,0,0,2,0,4,0,7,70,25
20,11485,אחיהוד,785,1.1,1,0,384,271,3,268,78,21,0,0,74,2,0,0,0,19,31,26,17
20,11486,אחיהוד,785,1.2,1,0,384,272,1,271,95,28,1,5,27,2,0,0,0,16,39,56,2
4,1504,אילניה,49,1.0,1,0,493,316,4,312,24,83,23,54,4,12,0,0,0,9,32,59,12
2,1053,אלון שבות,3604,1.1,1,0,567,389,0,389,70,44,4,7,7,1,0,0,0,80,91,76,9
2,1054,אלון שבות,3604,1.2,1,0,567,377,2,375,45,57,14,3,3,3,0,0,0,84,97,69,0
2,1055,אלון שבות,3604,1.3,1,0,567,419,0,419,79,59,4,3,3,1,0,0,0,76,101,91,2
2,1056,אלון שבות,3604,3.1,2,0,379,260,0,260,46,33,1,1,0,1,0,0,0,57,69,49,3
2,1057,אלון שבות,3604,3.2,2,0,378,270,2,268,45,8,4,6,0,1,0,0,0,76,82,42,4
4,1548,אליעד,4002,1.0,1,0,355,272,1,271,20,57,7,70,0,0,4,0,0,6,18,72,17
17,9604,אמונים,772,1.1,1,0,396,281,0,281,49,38,19,15,39,9,0,0,0,6,31,68,7
17,9605,אמונים,772,1.2,1,0,395,276,2,274,58,47,12,22,35,4,0,0,0,8,16,63,9
2,1120,אפרת,3650,1.0,2,0,702,456,0,456,71,68,4,2,1,14,0,0,0,107,60,125,4
2,1121,אפרת,3650,2.0,2,0,704,421,5,416,42,41,12,16,4,4,0,0,0,41,166,87,3
2,1122,אפרת,3650,3.1,3,0,723,477,0,477,75,51,24,1,21,12,0,0,0,73,132,88,0
2,1123,אפרת,3650,3.2,3,0,723,459,0,459,104,44,5,2,1,1,0,0,0,53,141,106,2
2,1124,אפרת,3650,4.0,6,0,640,399,0,399,82,19,15,8,12,0,0,2,0,89,70,90,12
2,1125,אפרת,3650,5.0,1,0,708,450,4,446,107,17,0,0,13,1,1,0,0,99,101,106,1
2,1126,אפרת,3650,6.1,7,0,569,455,2,453,64,28,0,6,0,1,0,0,0,85,155,112,2
2,1127,אפרת,3650,6.2,7,0,569,462,0,462,77,23,3,23,1,1,0,0,0,73,151,97,13
2,1128,אפרת,3650,6.3,7,0,568,459,0,459,83,38,9,14,1,3,0,0,0,69,154,84,4
2,1129,אפרת,3650,9.1,9,0,393,283,1,282,51,15,1,2,4,0,0,0,0,44,69,95,1
2,1130,אפרת,3650,9.2,9,0,393,277,2,275,31,17,6,2,14,1,0,0,0,41,83,78,2
2,1131,אפרת,3650,11.1,8,0,616,440,1,439,106,25,13,1,15,13,0,0,0,66,99,96,5
2,1132,אפרת,3650,11.2,8,0,616,434,0,434,64,62,10,22,6,6,0,0,0,98,108,56,2
2,1133,אפרת,3650,11.3,8,0,616,418,0,418,52,31,5,3,5,1,0,0,2,95,99,108,17
17,9609,באר טוביה,155,1.0,2,0,457,389,0,389,38,103,22,49,8,0,0,0,0,4,4,143,18
17,9610,באר טוביה,155,2.0,3,0,456,366,1,365,7,89,15,67,2,0,0,0,0,0,2,162,21
11,5386,בארות יצחק,450,1.0,2,0,413,275,2,273,22,27,13,10,1,1,0,0,0,47,70,77,5
3,1415,בוקעאתא,4001,1.1,2,0,403,98,0,98,10,11,24,14,1,0,0,0,0,0,1,34,3
3,1416,בוקעאתא,4001,1.2,2,0,402,110,0,110,14,17,30,12,10,0,0,0,0,0,1,20,6
18,9928,בטחה,762,1.0,1,0,676,517,0,517,140,74,6,3,136,41,0,0,0,45,55,16,1
17,9611,ביצרון,234,1.0,1,0,456,355,0,355,6,96,36,22,1,5,0,0,0,1,15,163,10
17,9612,ביצרון,234,2.0,2,0,467,373,0,373,13,60,47,87,0,1,0,0,0,8,29,116,12
2,743,בית אל,3574,1.0,4,0,739,524,1,523,73,46,0,0,15,2,0,0,0,146,165,76,0
2,744,בית אל,3574,2.1,2,0,548,401,0,401,25,29,0,0,0,0,0,0,0,68,216,55,8
2,745,בית אל,3574,2.2,2,0,548,377,1,376,52,37,0,0,13,0,0,0,0,75,145,54,0
2,746,בית אל,3574,2.3,2,0,548,415,0,415,41,3,3,0,7,5,1,11,0,78,179,85,2
2,747,בית אל,3574,3.0,4,0,737,534,2,532,50,14,0,0,26,31,0,2,0,160,152,77,20
2,748,בית אל,3574,5.0,4,0,645,475,2,473,62,20,14,0,3,3,0,0,0,121,154,96,0
2,731,בית חורון,3575,1.0,1,0,455,339,1,338,75,44,14,6,6,2,0,0,0,32,92,59,8
2,732,בית חורון,3575,2.0,1,0,498,383,0,383,70,18,11,2,13,11,0,0,0,76,75,96,11
2,833,בית נקופה,672,1.0,2,1,535,398,3,395,57,92,36,34,11,6,0,0,0,13,32,99,15
17,9615,בית שקמה,747,1.0,1,0,618,430,4,426,114,34,1,15,135,22,0,0,0,23,45,23,14
13,6665,בני ראם,588,1.0,1,0,538,387,0,387,95,27,2,0,33,25,0,0,0,42,44,97,22
13,6666,בני ראם,588,2.0,1,0,459,343,1,342,46,28,3,0,19,16,0,0,0,64,107,42,17
9,3978,בנימינהגבעת עדה,9800,1.1,5,0,571,396,1,395,92,80,13,76,14,10,0,0,0,7,18,69,16
9,3979,בנימינהגבעת עדה,9800,1.2,5,0,571,404,1,403,69,145,26,24,1,16,22,0,0,3,22,58,17
9,3980,בנימינהגבעת עדה,9800,1.3,5,0,571,415,2,413,83,80,28,74,20,1,0,0,0,4,30,91,2
9,3981,בנימינהגבעת עדה,9800,1.4,5,0,568,428,2,426,49,64,26,122,5,0,10,0,6,2,4,112,26
9,3982,בנימינהגבעת עדה,9800,2.1,2,0,647,497,1,496,39,99,53,101,10,0,1,0,0,0,30,148,15
9,3983,בנימינהגבעת עדה,9800,2.2,2,0,647,495,0,495,14,160,52,61,0,0,5,0,2,1,1,179,20
9,3984,בנימינהגבעת עדה,9800,2.3,2,0,647,486,2,484,26,139,19,120,0,26,1,0,0,1,1,131,20
9,3985,בנימינהגבעת עדה,9800,2.4,2,0,647,509,2,507,30,124,32,119,0,0,4,0,0,1,3,192,2
9,3986,בנימינהגבעת עדה,9800,2.5,2,0,647,494,0,494,22,108,30,127,5,0,7,0,0,1,0,143,51
9,3987,בנימינהגבעת עדה,9800,2.6,2,0,647,487,1,486,13,144,8,125,4,0,0,0,0,0,2,139,51
9,3988,בנימינהגבעת עדה,9800,2.7,2,0,644,481,1,480,13,115,26,80,2,0,12,0,0,1,35,169,27
9,3989,בנימינהגבעת עדה,9800,3.1,3,0,521,362,1,361,75,48,12,29,2,4,0,5,0,2,20,138,26
9,3990,בנימינהגבעת עדה,9800,3.2,3,0,521,361,0,361,81,68,18,60,4,0,0,0,0,8,18,85,19
9,3991,בנימינהגבעת עדה,9800,3.3,3,0,521,360,3,357,96,56,18,53,7,2,0,0,0,4,35,74,12
9,3992,בנימינהגבעת עדה,9800,101.0,104,0,727,543,1,542,39,134,41,125,0,1,0,0,0,1,17,136,48
9,3993,בנימינהגבעת עדה,9800,102.0,102,0,580,460,1,459,34,122,19,119,1,0,0,0,0,1,4,153,6
9,3994,בנימינהגבעת עדה,9800,103.0,104,0,727,515,1,514,69,87,47,86,20,8,8,0,0,35,34,114,6
9,3995,בנימינהגבעת עדה,9800,104.0,104,0,640,491,0,491,107,79,26,85,8,0,2,0,0,5,20,150,9
9,3996,בנימינהגבעת עדה,9800,105.0,105,0,661,497,0,497,27,111,30,156,0,0,2,0,0,0,15,131,25
5,2322,בסמת טבעון,944,1.1,2,0,503,201,1,200,8,0,1,4,0,0,30,115,24,1,0,16,1
5,2323,בסמת טבעון,944,1.2,2,0,503,217,1,216,0,2,1,4,1,0,31,150,11,0,0,13,3
5,2324,בסמת טבעון,944,1.3,2,0,501,186,3,183,0,2,0,17,0,0,34,107,22,0,0,1,0
5,2325,בסמת טבעון,944,3.1,3,0,508,198,4,194,4,0,0,8,0,0,17,144,19,0,0,1,1
5,2326,בסמת טבעון,944,3.2,3,0,508,205,6,199,2,1,0,6,0,0,25,155,6,0,1,2,1
5,2327,בסמת טבעון,944,3.3,3,0,508,207,2,205,1,0,1,10,0,0,38,130,24,0,0,0,1
5,2328,בסמת טבעון,944,6.1,1,0,749,279,1,278,3,8,0,17,1,0,32,186,15,0,1,14,1
5,2329,בסמת טבעון,944,6.2,1,0,749,321,0,321,4,0,2,30,0,0,60,199,17,0,0,1,8
5,2330,בסמת טבעון,944,8.1,4,0,513,195,4,191,3,4,0,10,0,0,48,112,9,0,0,5,0
5,2331,בסמת טבעון,944,8.2,4,0,513,182,0,182,0,1,0,4,0,0,27,136,13,0,0,1,0
5,2332,בסמת טבעון,944,8.3,4,0,513,185,5,180,3,1,0,8,0,0,72,77,11,0,2,5,1
5,1826,בקעות,3612,1.0,1,0,156,109,0,109,15,20,9,7,3,1,0,0,0,4,9,40,1
17,9618,ברכיה,746,1.0,2,0,363,298,0,298,75,27,0,3,56,24,0,0,0,15,50,42,6
17,9619,ברכיה,746,2.0,2,0,489,402,1,401,119,15,0,1,94,18,0,0,0,30,90,23,11
10,4616,בת חן,1361,1.0,3,0,425,262,0,262,19,85,17,39,0,1,4,0,0,4,4,85,4
10,4725,גאולים,379,1.1,1,0,388,282,1,281,58,56,5,38,15,3,0,0,0,15,15,73,3
10,4726,גאולים,379,1.2,1,0,387,275,0,275,41,56,15,37,12,2,0,0,0,11,16,81,4
2,749,גבע בנימין,3763,1.0,2,0,478,352,1,351,93,22,13,3,61,6,0,0,0,27,84,39,3
2,750,גבע בנימין,3763,4.1,1,1,661,430,1,429,112,35,14,1,69,36,0,0,0,48,82,32,0
2,751,גבע בנימין,3763,4.2,1,0,661,453,4,449,108,17,1,2,138,10,0,0,0,31,72,57,13
2,752,גבע בנימין,3763,4.3,1,0,661,436,1,435,98,37,0,4,61,10,0,0,0,38,137,34,16
2,753,גבע בנימין,3763,4.4,1,0,661,457,1,456,75,41,5,8,92,2,0,0,0,77,90,61,5
2,754,גבע בנימין,3763,4.5,1,0,659,480,2,478,138,30,6,2,89,31,0,0,0,48,85,46,3
13,6397,גבעת ברנר,147,3.1,1,0,689,560,2,558,31,123,69,113,1,0,10,0,0,5,8,161,37
13,6398,גבעת ברנר,147,3.2,1,0,689,533,1,532,45,128,26,129,17,0,2,4,0,0,7,150,24
13,6399,גבעת ברנר,147,3.3,1,0,689,526,0,526,38,152,7,82,1,5,4,4,0,2,20,168,43
5,2248,גבעת עוז,703,1.0,2,0,440,293,1,292,8,58,24,95,0,0,0,0,27,0,3,64,13
13,6667,גדרה,2550,1.0,8,0,765,501,1,500,146,89,15,17,40,21,0,0,0,21,77,71,3
13,6668,גדרה,2550,2.1,4,0,680,484,1,483,116,55,14,16,26,23,0,0,0,55,52,124,2
13,6669,גדרה,2550,2.2,4,0,680,465,3,462,137,56,1,8,50,28,0,0,2,39,43,54,44
13,6670,גדרה,2550,2.3,4,0,680,497,4,493,135,53,5,40,22,3,0,0,0,36,86,101,12
13,6671,גדרה,2550,3.0,19,0,634,463,4,459,76,29,18,0,67,17,0,0,0,65,119,66,2
13,6672,גדרה,2550,4.1,2,0,520,349,2,347,69,42,16,23,68,3,0,0,0,9,58,40,19
13,6673,גדרה,2550,4.2,2,0,520,345,0,345,72,43,8,24,49,3,0,0,0,9,62,71,4
13,6674,גדרה,2550,4.3,2,0,518,343,1,342,45,37,9,60,55,2,0,0,0,3,43,80,8
13,6675,גדרה,2550,6.1,7,0,653,473,1,472,42,152,35,74,4,3,8,0,0,22,12,108,12
13,6676,גדרה,2550,6.2,7,0,653,479,3,476,72,89,21,104,7,2,1,0,0,0,46,99,35
13,6677,גדרה,2550,6.3,7,0,653,501,2,499,41,114,15,37,6,13,1,0,0,17,13,238,4
13,6678,גדרה,2550,6.4,7,0,653,478,2,476,47,53,27,84,5,1,0,0,0,8,47,155,49
13,6679,גדרה,2550,6.5,7,0,651,490,2,488,49,92,31,64,5,1,0,0,0,9,11,191,35
13,6680,גדרה,2550,7.0,13,0,675,409,3,406,184,37,2,23,32,10,3,0,0,11,23,74,7
13,6681,גדרה,2550,13.0,6,0,671,478,4,474,70,68,27,43,9,4,0,0,0,16,11,201,25
13,6682,גדרה,2550,14.1,9,0,729,542,3,539,149,83,7,29,18,4,1,0,0,20,34,135,59
13,6683,גדרה,2550,14.2,9,0,729,507,3,504,148,140,12,23,9,8,0,0,0,24,50,82,8
13,6684,גדרה,2550,14.3,9,0,729,534,0,534,75,87,20,80,44,17,0,0,0,33,59,106,13
13,6685,גדרה,2550,16.1,14,0,684,405,1,404,87,93,29,22,1,0,0,0,0,11,39,112,10
13,6686,גדרה,2550,16.2,14,0,684,434,1,433,95,100,15,32,8,13,0,0,0,15,39,95,21
13,6687,גדרה,2550,16.3,14,0,683,399,0,399,81,72,24,73,1,0,0,0,7,23,27,73,18
13,6688,גדרה,2550,18.0,13,0,582,326,5,321,103,51,10,14,24,12,0,0,0,16,31,42,18
13,6689,גדרה,2550,19.0,17,0,665,481,1,480,84,74,50,27,2,29,0,0,0,33,51,122,8
13,6690,גדרה,2550,20.0,6,0,517,412,2,410,73,106,27,19,6,3,0,0,0,4,36,109,27
13,6691,גדרה,2550,27.1,11,0,571,420,1,419,47,96,29,60,1,0,0,0,0,14,14,155,3
13,6692,גדרה,2550,27.2,11,0,571,415,0,415,136,48,19,37,9,7,2,0,0,7,11,96,43
13,6693,גדרה,2550,27.3,11,0,571,410,3,407,50,82,26,21,15,2,0,0,0,9,62,131,9
13,6694,גדרה,2550,27.4,11,0,568,444,3,441,63,91,28,43,1,21,0,0,0,14,50,83,47
13,6695,גדרה,2550,29.1,18,0,439,358,0,358,65,76,21,7,49,5,0,0,0,23,33,66,13
13,6696,גדרה,2550,29.2,18,0,439,359,1,358,61,58,14,29,14,2,0,3,0,42,58,60,17
13,6697,גדרה,2550,30.0,17,0,518,428,2,426,131,63,13,58,3,10,0,1,0,26,14,66,41
13,6698,גדרה,2550,31.1,12,0,629,476,0,476,97,67,10,66,1,6,0,0,0,14,29,170,16
13,6699,גדרה,2550,31.2,12,0,629,464,2,462,81,80,10,40,16,3,0,0,0,24,22,158,28
13,6700,גדרה,2550,31.3,12,0,629,488,1,487,29,117,34,41,5,1,0,0,0,13,17,195,35
5,1636,גזית,457,1.0,1,0,735,543,0,543,32,105,30,129,0,0,1,0,0,0,1,219,26
20,11247,גילון,1204,1.0,3,0,512,365,3,362,23,115,33,43,0,0,0,0,8,0,4,131,5
20,11248,גילון,1204,2.0,4,0,496,389,0,389,14,92,26,78,0,0,0,0,0,0,11,130,38
5,1827,גיתית,3613,1.0,1,0,272,195,0,195,34,12,8,15,0,1,0,0,0,29,38,58,0
5,1737,גן נר,1274,3.1,1,0,586,392,3,389,77,69,40,16,18,0,0,0,0,22,28,114,5
5,1738,גן נר,1274,3.2,1,0,586,409,1,408,73,60,14,45,5,8,0,0,0,11,48,103,41
5,1739,גן נר,1274,3.3,1,0,586,403,2,401,72,102,14,54,11,6,0,0,0,7,22,82,31
5,1740,גן נר,1274,3.4,1,0,584,393,1,392,70,66,13,18,8,3,0,0,0,11,25,150,28
4,1560,גשר,305,1.0,1,0,435,286,1,285,41,61,27,58,0,0,4,0,0,0,0,88,6
5,1637,דברת,407,1.0,1,0,400,290,0,290,15,48,39,60,3,0,1,0,0,0,1,106,17
3,1242,דובב,1067,1.0,1,0,384,244,0,244,110,15,5,13,21,5,0,0,2,26,14,26,7
20,11571,דייר אלאסד,490,2.1,1,0,569,354,2,352,0,1,0,15,2,0,146,138,45,0,0,5,0
20,11572,דייר אלאסד,490,2.2,1,0,569,375,2,373,0,5,1,8,0,0,196,115,45,0,0,3,0
20,11573,דייר אלאסד,490,2.3,1,0,568,346,2,344,0,0,0,4,41,1,143,129,26,0,0,0,0
20,11574,דייר אלאסד,490,7.1,6,0,576,317,1,316,1,3,0,18,43,0,87,123,29,0,1,11,0
20,11575,דייר אלאסד,490,7.2,6,0,576,361,3,358,2,0,0,8,6,0,161,156,23,0,0,2,0
20,11576,דייר אלאסד,490,7.3,6,0,576,398,3,395,0,0,0,32,1,0,104,178,74,0,0,6,0
20,11577,דייר אלאסד,490,7.4,6,0,574,322,2,320,3,0,0,10,7,0,73,187,39,0,0,1,0
20,11578,דייר אלאסד,490,10.1,5,0,534,338,3,335,3,8,0,13,0,0,102,161,41,1,0,6,0
20,11579,דייר אלאסד,490,10.2,5,0,534,397,3,394,0,7,2,13,3,0,143,185,40,0,0,0,1
20,11580,דייר אלאסד,490,10.3,5,0,533,353,0,353,2,0,2,14,0,2,157,139,37,0,0,0,0
20,11581,דייר אלאסד,490,11.1,2,0,582,358,5,353,0,0,0,10,1,0,209,111,21,0,0,1,0
20,11582,דייר אלאסד,490,11.2,2,0,582,357,5,352,0,0,0,23,18,0,159,144,5,0,2,1,0
20,11583,דייר אלאסד,490,11.3,2,0,582,344,0,344,2,7,6,10,24,0,140,118,32,0,2,3,0
20,11584,דייר אלאסד,490,11.4,2,0,579,354,4,350,0,1,0,8,6,0,81,225,19,0,0,0,10
20,11585,דייר אלאסד,490,12.1,3,0,535,361,1,360,0,35,0,8,3,0,139,139,33,0,0,3,0
20,11586,דייר אלאסד,490,12.2,3,0,535,355,0,355,0,2,9,12,1,0,124,175,28,0,0,4,0
20,11587,דייר אלאסד,490,12.3,3,0,534,347,4,343,0,1,5,15,4,0,141,151,23,0,3,0,0
18,10429,הוזייל שבט,956,2.1,1,0,621,215,2,213,1,1,0,2,2,0,30,152,24,0,0,1,0
18,10430,הוזייל שבט,956,2.2,1,0,621,178,3,175,2,8,0,17,0,0,21,107,15,0,0,5,0
2,834,הר אדר,3769,1.0,1,1,438,351,0,351,32,58,12,111,0,1,2,0,0,7,26,87,15
2,835,הר אדר,3769,2.0,1,0,511,379,1,378,21,102,11,48,1,0,0,0,0,20,2,152,21
2,836,הר אדר,3769,3.0,1,0,651,483,1,482,34,194,24,40,1,2,0,0,0,9,38,129,11
2,837,הר אדר,3769,4.0,1,0,540,407,0,407,54,54,17,56,6,0,0,0,0,10,49,149,12
2,838,הר אדר,3769,5.0,1,0,629,480,2,478,55,54,60,45,8,0,0,0,0,10,84,154,8
2,839,הר אדר,3769,6.0,1,0,647,486,2,484,85,130,28,75,1,4,1,0,0,5,12,109,34
2,886,זכריה,799,1.1,2,0,413,321,2,319,121,22,2,14,33,5,0,0,0,17,60,34,11
2,887,זכריה,799,1.2,2,0,412,300,2,298,119,25,2,1,27,5,0,0,0,36,45,24,14
10,4634,חבצלת השרון,235,1.0,1,0,366,231,0,231,18,53,7,40,2,0,2,0,0,7,14,71,17
3,1307,חולתה,253,1.0,1,0,518,397,0,397,10,99,34,97,0,0,1,0,0,4,14,131,7
6,2706,חוסן,662,1.1,1,0,425,284,0,284,95,30,4,9,35,4,0,0,0,19,15,66,7
6,2707,חוסן,662,1.2,2,0,424,282,4,278,75,48,20,15,19,2,0,0,0,11,23,64,1
10,4731,חירות,162,1.0,1,0,479,406,0,406,9,112,24,130,0,0,2,0,0,1,2,117,9
10,4732,חירות,162,2.0,1,0,556,448,0,448,9,143,12,121,0,0,0,0,0,0,2,145,16
17,9491,חלץ,820,1.0,1,0,395,270,2,268,45,17,2,9,76,4,0,0,0,6,48,42,19
5,1829,חמדת,3646,1.0,1,0,176,121,0,121,29,10,0,1,1,0,0,0,0,20,42,14,4
5,1830,חמרה,3609,1.0,1,0,159,108,1,107,24,18,1,7,2,3,0,0,0,14,15,20,3
2,905,טל שחר,462,1.0,1,0,426,331,0,331,33,57,29,99,8,0,0,0,0,6,3,87,9
2,906,טל שחר,462,2.0,1,0,446,357,0,357,11,70,62,62,4,0,5,0,0,15,16,95,17
20,11487,טמרה,8900,8.1,20,0,626,382,5,377,1,0,2,19,0,0,162,147,36,0,0,8,2
20,11488,טמרה,8900,8.2,20,0,626,367,1,366,5,1,8,29,0,0,124,152,40,0,0,5,2
20,11489,טמרה,8900,8.3,20,0,626,348,0,348,0,0,0,8,0,3,141,138,57,0,1,0,0
20,11490,טמרה,8900,8.4,20,0,622,334,3,331,0,0,0,7,0,0,93,176,55,0,0,0,0
20,11491,טמרה,8900,9.1,12,0,404,236,3,233,5,2,2,10,0,0,92,90,28,0,2,2,0
20,11492,טמרה,8900,9.2,12,0,404,257,1,256,2,7,0,12,0,0,91,78,55,0,0,5,6
20,11493,טמרה,8900,13.1,19,0,641,381,0,381,0,1,5,15,0,0,218,92,49,0,0,0,1
20,11494,טמרה,8900,13.2,19,0,641,387,2,385,1,0,0,67,0,0,153,117,39,0,0,8,0
20,11495,טמרה,8900,13.3,19,0,641,364,1,363,0,0,0,12,0,0,142,175,30,0,0,4,0
20,11496,טמרה,8900,13.4,19,0,637,371,1,370,10,0,0,30,0,0,92,181,52,0,0,5,0
20,11497,טמרה,8900,19.1,15,0,547,261,2,259,5,0,0,14,0,0,112,88,39,0,0,1,0
20,11498,טמרה,8900,19.2,15,0,547,271,2,269,0,0,0,9,0,0,131,86,40,0,0,3,0
20,11499,טמרה,8900,19.3,15,0,546,323,2,321,0,0,0,19,1,0,119,127,54,0,1,0,0
20,11500,טמרה,8900,21.1,18,0,687,424,3,421,1,5,0,10,0,0,204,173,27,0,0,1,0
20,11501,טמרה,8900,21.2,18,0,687,371,2,369,0,5,0,19,0,0,175,124,44,0,0,2,0
20,11502,טמרה,8900,21.3,18,0,687,384,0,384,2,20,0,27,0,0,218,60,43,0,0,13,1
20,11503,טמרה,8900,21.4,18,0,687,426,2,424,0,2,1,22,0,0,205,102,88,0,0,0,4
20,11504,טמרה,8900,21.5,18,0,687,383,5,378,1,0,18,35,0,0,110,165,44,0,0,3,2
20,11505,טמרה,8900,25.1,14,0,565,346,3,343,0,9,0,24,0,0,127,132,38,0,0,8,5
20,11506,טמרה,8900,25.2,14,0,565,314,1,313,0,2,0,10,0,0,107,132,56,0,0,6,0
20,11507,טמרה,8900,25.3,14,0,565,341,3,338,2,5,0,24,0,0,156,82,62,0,0,1,6
20,11508,טמרה,8900,28.1,5,0,670,434,2,432,8,37,2,33,0,0,137,140,67,0,0,8,0
20,11509,טמרה,8900,28.2,5,0,670,339,0,339,0,10,0,8,0,0,125,131,54,0,0,11,0
20,11510,טמרה,8900,28.3,5,0,670,386,2,384,0,0,2,21,0,0,158,139,63,0,1,0,0
20,11511,טמרה,8900,28.4,5,0,670,420,2,418,0,0,0,11,0,0,227,130,49,0,0,1,0
20,11512,טמרה,8900,28.5,5,0,669,321,1,320,0,3,0,14,0,0,163,88,49,0,0,3,0
20,11513,טמרה,8900,29.1,21,0,553,332,0,332,0,8,3,14,0,0,121,92,71,0,0,19,4
20,11514,טמרה,8900,29.2,21,0,553,335,1,334,0,20,0,26,0,0,118,94,39,0,0,26,11
20,11515,טמרה,8900,29.3,21,0,550,318,2,316,0,3,0,17,0,0,122,128,40,0,0,6,0
20,11516,טמרה,8900,30.1,22,0,635,371,1,370,0,5,0,18,0,0,114,190,43,0,0,0,0
20,11517,טמרה,8900,30.2,22,0,635,361,2,359,0,1,3,53,0,0,97,143,62,0,0,0,0
20,11518,טמרה,8900,30.3,22,0,635,357,0,357,0,0,0,21,0,0,148,161,25,0,0,2,0
20,11519,טמרה,8900,30.4,22,0,635,382,3,379,0,0,0,7,0,14,209,107,42,0,0,0,0
20,11520,טמרה,8900,31.1,4,0,635,411,0,411,0,1,0,39,0,0,207,101,63,0,0,0,0
20,11521,טמרה,8900,31.2,4,0,635,358,2,356,0,4,0,11,0,0,196,99,44,0,0,2,0
20,11522,טמרה,8900,31.3,4,0,635,353,3,350,0,16,1,16,0,0,138,128,38,0,0,7,6
20,11523,טמרה,8900,31.4,4,0,632,364,2,362,2,0,0,32,0,0,163,112,47,0,0,6,0
20,11524,טמרה,8900,32.1,11,0,725,408,2,406,0,18,0,43,0,0,153,146,44,0,0,2,0
20,11525,טמרה,8900,32.2,11,0,725,399,0,399,1,4,5,23,0,0,187,133,30,0,0,13,3
20,11526,טמרה,8900,32.3,11,0,725,387,1,386,0,0,0,31,0,0,153,110,68,0,0,16,8
20,11527,טמרה,8900,32.4,11,0,725,404,2,402,0,4,0,39,0,0,175,126,47,0,0,11,0
20,11528,טמרה,8900,32.5,11,0,721,452,2,450,0,3,0,50,0,0,207,141,40,0,0,1,8
17,9492,יד נתן,775,1.0,1,0,450,340,2,338,20,78,15,57,6,0,0,0,0,1,9,127,25
20,11370,יעד,1138,1.0,1,0,675,513,0,513,2,117,13,136,0,0,9,2,0,0,6,209,19
10,4735,יעף,1044,1.0,1,0,199,148,0,148,20,23,5,28,2,0,2,0,0,1,9,51,7
5,2157,יפעת,134,1.0,2,0,464,368,0,368,26,74,19,132,0,0,0,0,0,11,8,89,9
5,2158,יפעת,134,2.0,2,0,458,365,1,364,6,87,24,134,0,0,0,0,0,1,2,102,8
5,1834,ירדנה,2026,1.0,1,0,304,219,2,217,84,36,5,2,4,1,1,0,0,21,14,43,6
2,755,כוכב יעקב,3779,1.0,5,0,719,576,5,571,32,0,0,2,372,103,0,8,0,3,48,3,0
2,756,כוכב יעקב,3779,4.1,4,0,563,474,2,472,14,1,0,0,251,137,0,0,0,3,55,11,0
2,757,כוכב יעקב,3779,4.2,4,0,563,464,6,458,36,0,0,0,287,71,0,0,0,27,34,3,0
2,758,כוכב יעקב,3779,4.3,4,0,563,466,0,466,38,0,0,0,214,184,0,0,1,1,24,4,0
2,759,כוכב יעקב,3779,5.0,5,0,669,589,5,584,41,0,0,0,245,195,0,0,0,19,76,8,0
2,760,כוכב יעקב,3779,6.1,1,0,576,410,3,407,125,39,0,0,20,7,0,0,0,74,89,50,3
2,761,כוכב יעקב,3779,6.2,1,0,576,411,1,410,66,27,0,0,58,55,0,0,0,59,93,52,0
2,762,כוכב יעקב,3779,6.3,1,0,576,419,0,419,57,28,0,0,37,2,0,0,0,103,90,102,0
2,763,כוכב יעקב,3779,6.4,1,0,574,417,2,415,48,7,0,0,77,15,0,0,0,104,94,67,3
4,1569,כנף,4028,1.0,1,0,376,244,2,242,24,39,31,54,0,8,0,0,0,8,3,70,5
5,2362,כעביהטבאשחגאגרה,978,1.1,1,0,427,230,0,230,5,2,3,13,0,0,30,171,5,0,0,1,0
5,2363,כעביהטבאשחגאגרה,978,1.2,1,0,426,244,3,241,5,11,0,7,0,0,30,159,17,0,0,12,0
5,2364,כעביהטבאשחגאגרה,978,2.0,5,0,558,268,2,266,0,14,1,3,0,0,25,146,11,0,0,48,18
5,2365,כעביהטבאשחגאגרה,978,3.0,2,0,612,257,4,253,2,26,3,5,0,0,34,105,22,0,2,45,9
5,2366,כעביהטבאשחגאגרה,978,4.1,4,0,395,236,1,235,5,29,6,12,0,0,43,117,3,0,0,20,0
5,2367,כעביהטבאשחגאגרה,978,4.2,4,0,393,225,2,223,2,17,1,7,1,0,15,160,2,0,6,8,4
5,2368,כעביהטבאשחגאגרה,978,5.0,2,0,621,289,2,287,2,24,15,7,0,0,40,158,10,0,0,31,0
5,2369,כעביהטבאשחגאגרה,978,6.1,6,0,429,236,0,236,8,25,3,19,0,0,14,129,1,0,0,37,0
5,2370,כעביהטבאשחגאגרה,978,6.2,6,0,428,260,1,259,2,11,1,8,9,0,29,175,10,0,0,3,11
8,3403,כפר ביאליק,220,1.0,1,0,510,385,1,384,48,54,9,67,5,4,0,0,0,3,6,173,15
13,6402,כפר בילו,177,1.1,1,0,467,372,1,371,49,62,19,45,1,15,0,0,0,6,12,148,14
13,6403,כפר בילו,177,1.2,1,0,465,388,0,388,3,81,27,109,6,0,0,0,0,4,8,142,8
3,1333,כפר הנשיא,443,1.1,2,0,399,223,0,223,4,51,9,60,0,0,0,1,0,6,2,86,4
3,1334,כפר הנשיא,443,1.2,2,0,399,236,0,236,0,76,17,50,1,2,1,0,0,0,5,79,5
10,4644,כפר ויתקין,190,2.1,2,0,518,422,0,422,6,99,44,76,0,0,0,0,0,1,0,169,27
10,4645,כפר ויתקין,190,2.2,2,0,518,392,4,388,11,89,54,70,0,0,1,0,2,0,0,126,35
10,4646,כפר ויתקין,190,2.3,2,0,516,392,0,392,9,133,23,35,0,2,3,0,0,1,0,164,22
3,1247,כפר חושן,609,1.0,1,0,663,438,1,437,151,28,5,4,59,35,0,0,0,20,75,57,3
10,4647,כפר חיים,193,1.0,2,0,469,383,1,382,6,54,33,86,0,0,1,0,0,5,2,181,14
13,6851,כפר מרדכי,764,1.0,1,0,514,414,0,414,16,84,27,90,0,0,1,1,0,10,1,154,30
17,9643,כפר עזה,845,1.1,1,0,413,318,0,318,24,60,49,53,0,0,0,0,0,0,2,127,3
17,9644,כפר עזה,845,1.2,1,0,413,318,1,317,6,39,29,83,0,0,2,0,12,5,7,121,13
20,11399,לוטם,1171,1.0,1,0,573,410,1,409,10,135,34,58,5,0,6,8,0,2,0,141,10
17,9497,לכיש,24,1.0,1,0,678,556,0,556,18,161,27,93,0,0,1,1,0,0,5,241,9
2,849,מבשרת ציון,1015,5.0,6,0,706,527,0,527,79,115,52,73,3,0,12,0,0,11,17,145,20
2,850,מבשרת ציון,1015,6.0,6,0,736,494,3,491,129,124,6,27,25,1,2,0,3,28,26,113,7
2,851,מבשרת ציון,1015,9.1,1,0,611,419,1,418,95,59,3,45,26,0,0,0,0,13,76,72,29
2,852,מבשרת ציון,1015,9.2,1,0,611,414,0,414,81,38,7,30,60,16,0,0,0,12,39,125,6
2,853,מבשרת ציון,1015,9.3,1,0,611,429,2,427,170,54,2,9,62,9,1,0,0,23,31,54,12
2,854,מבשרת ציון,1015,9.4,1,0,611,437,3,434,121,36,4,11,39,5,5,0,0,19,41,143,10
2,855,מבשרת ציון,1015,9.5,1,0,606,425,1,424,122,60,10,24,21,4,17,2,0,7,41,100,16
2,856,מבשרת ציון,1015,13.1,16,0,661,455,0,455,133,88,11,44,42,11,0,0,0,16,46,40,24
2,857,מבשרת ציון,1015,13.2,16,0,661,471,1,470,127,57,9,48,25,10,2,0,0,17,65,91,19
2,858,מבשרת ציון,1015,13.3,16,0,661,463,2,461,119,58,7,25,29,8,0,0,0,30,121,53,11
2,859,מבשרת ציון,1015,13.4,16,0,658,432,2,430,142,52,17,51,11,4,1,0,0,11,33,92,16
2,860,מבשרת ציון,1015,14.0,6,0,729,522,0,522,82,78,17,101,27,11,1,0,0,19,31,125,30
2,861,מבשרת ציון,1015,15.1,2,0,587,378,2,376,29,67,9,116,6,1,5,0,3,1,6,124,9
2,862,מבשרת ציון,1015,15.2,2,0,587,355,0,355,68,80,30,87,0,0,2,0,1,0,2,79,6
2,863,מבשרת ציון,1015,15.3,2,0,587,380,0,380,60,45,21,77,14,3,0,0,0,17,24,112,7
2,864,מבשרת ציון,1015,15.4,2,0,584,374,1,373,59,55,13,66,6,0,1,0,0,6,18,128,21
2,865,מבשרת ציון,1015,16.0,6,0,577,405,1,404,72,63,42,78,17,2,1,0,0,4,16,101,8
2,866,מבשרת ציון,1015,18.1,9,0,703,512,4,508,144,84,57,60,2,16,0,0,0,10,24,100,11
2,867,מבשרת ציון,1015,18.2,9,0,703,537,0,537,76,83,27,112,14,2,3,0,0,2,31,148,39
2,868,מבשרת ציון,1015,18.3,9,0,703,513,3,510,61,86,31,59,16,2,0,0,0,10,4,204,37
2,869,מבשרת ציון,1015,18.4,9,0,703,498,0,498,84,71,15,33,9,24,8,0,0,28,62,129,35
2,870,מבשרת ציון,1015,18.5,9,0,701,514,1,513,39,168,18,102,17,3,6,0,0,4,1,144,11
2,871,מבשרת ציון,1015,21.0,19,0,610,472,3,469,27,97,44,109,7,8,18,0,0,0,17,111,31
2,872,מבשרת ציון,1015,22.0,11,0,737,585,3,582,67,113,25,41,56,10,0,0,0,17,10,225,18
2,873,מבשרת ציון,1015,24.0,6,0,672,440,1,439,115,54,34,26,26,8,0,0,0,19,44,100,13
2,874,מבשרת ציון,1015,27.1,10,0,748,559,0,559,128,165,21,42,14,10,3,0,0,26,41,103,6
2,875,מבשרת ציון,1015,27.2,10,0,748,572,2,570,76,129,88,38,2,3,0,0,0,14,38,172,10
2,876,מבשרת ציון,1015,28.0,11,0,527,394,0,394,62,69,27,32,7,4,1,0,0,3,19,153,17
2,877,מבשרת ציון,1015,29.0,20,0,614,468,0,468,89,51,19,6,40,0,0,0,0,102,63,84,14
2,878,מבשרת ציון,1015,30.1,17,0,572,353,1,352,87,28,19,4,66,16,0,0,0,22,36,58,16
2,879,מבשרת ציון,1015,30.2,17,0,572,369,0,369,138,29,2,33,24,25,0,0,0,12,32,67,7
2,880,מבשרת ציון,1015,30.3,17,0,572,408,2,406,148,20,15,9,77,19,0,0,0,17,62,36,3
2,881,מבשרת ציון,1015,30.4,17,0,569,395,1,394,98,41,12,18,34,4,1,0,0,9,56,107,14
4,1595,מגאר,481,4.1,5,0,504,191,3,188,5,10,81,8,9,0,31,5,0,0,1,37,1
4,1596,מגאר,481,4.2,5,0,504,188,4,184,11,41,32,26,4,0,24,13,0,0,1,27,5
4,1597,מגאר,481,4.3,5,0,502,172,1,171,2,28,13,40,12,0,2,18,2,0,0,49,5
4,1598,מגאר,481,8.1,14,0,543,256,1,255,2,26,6,35,1,0,38,111,8,0,0,24,4
4,1599,מגאר,481,8.2,14,0,543,289,9,280,5,7,9,48,11,8,85,74,10,0,6,16,1
4,1600,מגאר,481,8.3,14,0,541,244,2,242,9,37,53,9,2,0,60,29,1,0,0,41,1
4,1601,מגאר,481,9.1,7,0,531,212,4,208,10,21,39,15,5,4,36,38,8,0,0,26,6
4,1602,מגאר,481,9.2,7,0,531,222,3,219,16,17,40,5,3,0,73,22,2,0,0,26,15
4,1603,מגאר,481,9.3,7,0,530,209,0,209,9,24,15,9,7,0,10,84,0,1,5,29,16
4,1604,מגאר,481,10.0,4,0,720,317,1,316,24,29,37,14,7,3,29,107,21,0,1,38,6
4,1605,מגאר,481,11.0,4,0,635,249,3,246,6,29,23,16,6,10,38,73,1,0,4,31,9
4,1606,מגאר,481,12.1,6,0,693,325,6,319,15,24,11,35,16,3,124,37,6,3,2,39,4
4,1607,מגאר,481,12.2,6,0,693,310,4,306,41,40,19,34,5,1,51,72,2,0,1,38,2
4,1608,מגאר,481,15.1,2,0,562,243,4,239,6,14,11,20,0,0,57,69,17,0,0,42,3
4,1609,מגאר,481,15.2,2,0,562,240,8,232,17,12,50,18,0,3,16,77,7,0,5,25,2
4,1610,מגאר,481,15.3,2,0,561,247,1,246,14,6,9,16,7,0,53,121,9,1,0,9,1
4,1611,מגאר,481,19.1,13,0,540,250,8,242,9,22,33,10,12,0,17,90,2,0,1,40,6
4,1612,מגאר,481,19.2,13,0,540,236,2,234,7,32,23,31,2,0,52,23,13,2,4,37,8
4,1613,מגאר,481,19.3,13,0,539,315,10,305,10,3,0,14,0,0,101,157,11,0,0,9,0
4,1614,מגאר,481,20.1,12,0,545,220,2,218,2,6,19,15,8,0,19,105,6,0,1,28,9
4,1615,מגאר,481,20.2,12,0,545,206,3,203,11,27,3,42,17,0,18,47,5,0,4,28,1
4,1616,מגאר,481,20.3,12,0,543,270,2,268,25,39,21,26,3,2,81,20,17,0,0,25,9
4,1617,מגאר,481,22.1,3,0,603,250,1,249,8,22,18,33,8,1,100,31,11,0,2,13,2
4,1618,מגאר,481,22.2,3,0,603,248,2,246,0,15,3,19,6,1,53,129,12,0,0,7,1
4,1619,מגאר,481,22.3,3,0,603,145,0,145,13,16,17,28,8,0,7,9,1,0,0,38,8
4,1620,מגאר,481,22.4,3,0,601,246,2,244,12,25,11,19,3,0,34,65,2,1,16,55,1
4,1621,מגאר,481,23.0,4,0,584,221,6,215,16,32,25,17,1,0,18,77,2,0,2,24,1
4,1622,מגאר,481,24.1,1,0,721,309,4,305,28,12,18,41,10,0,76,91,8,0,8,11,2
4,1623,מגאר,481,24.2,1,0,721,296,10,286,22,23,14,15,9,1,14,141,6,9,2,28,2
4,1624,מגאר,481,24.3,1,0,721,312,9,303,13,45,44,28,11,0,43,39,1,0,5,68,6
4,1625,מגאר,481,24.4,1,0,718,293,3,290,8,31,33,19,4,0,41,65,9,0,0,69,11
5,1766,מגן שאול,1155,1.0,1,0,444,335,0,335,136,28,3,16,14,1,0,0,0,13,33,77,14
2,817,מוצא עילית,208,1.1,5,0,421,302,5,297,21,47,25,33,8,0,0,0,7,11,22,114,9
2,818,מוצא עילית,208,1.2,5,0,421,307,0,307,32,98,17,44,0,1,0,0,0,0,10,97,8
2,819,מוצא עילית,208,2.0,2,0,476,338,0,338,12,86,11,97,0,0,3,0,0,0,9,107,13
13,6737,מזכרת בתיה,28,1.0,6,0,643,490,2,488,57,134,15,76,11,1,3,0,0,5,48,95,43
13,6738,מזכרת בתיה,28,2.0,5,0,629,350,0,350,76,48,57,23,10,2,0,0,0,12,34,83,5
13,6739,מזכרת בתיה,28,3.0,3,0,684,518,1,517,62,113,18,39,6,0,0,0,0,7,9,250,13
13,6740,מזכרת בתיה,28,4.0,3,0,717,539,0,539,80,126,22,96,9,0,0,0,0,20,10,146,30
13,6741,מזכרת בתיה,28,6.0,5,0,719,570,2,568,95,91,15,121,1,1,0,0,0,7,30,174,33
13,6742,מזכרת בתיה,28,7.1,1,0,648,444,1,443,108,102,8,30,13,1,0,0,0,6,40,129,6
13,6743,מזכרת בתיה,28,7.2,1,0,648,474,1,473,85,90,23,32,14,10,3,0,0,39,33,114,30
13,6744,מזכרת בתיה,28,7.3,1,0,647,486,2,484,62,114,23,39,4,1,0,0,0,28,19,172,22
13,6745,מזכרת בתיה,28,9.0,6,0,741,569,1,568,38,71,32,95,5,0,0,8,0,19,54,237,9
13,6746,מזכרת בתיה,28,10.0,5,0,703,439,3,436,129,90,20,10,21,2,0,0,0,18,36,93,17
13,6747,מזכרת בתיה,28,11.0,5,0,573,438,2,436,47,134,18,54,15,0,0,1,0,11,19,118,19
13,6748,מזכרת בתיה,28,12.0,6,0,621,477,0,477,41,174,35,28,2,1,0,0,0,18,14,143,21
13,6749,מזכרת בתיה,28,13.0,3,0,748,587,2,585,90,150,24,38,40,1,0,0,0,8,67,126,41
13,6750,מזכרת בתיה,28,16.0,3,0,687,574,4,570,38,119,58,61,11,0,0,0,0,12,62,177,32
13,6751,מזכרת בתיה,28,17.0,3,0,713,528,0,528,62,55,50,69,0,4,0,0,4,12,72,145,55
13,6752,מזכרת בתיה,28,18.1,7,0,680,554,2,552,82,151,13,18,22,1,0,0,0,70,40,113,42
13,6753,מזכרת בתיה,28,18.2,7,0,680,558,0,558,85,182,7,36,14,0,0,0,0,18,34,175,7
13,6754,מזכרת בתיה,28,18.3,7,0,679,569,4,565,69,168,47,74,5,0,0,0,0,6,11,146,39
3,1337,מחניים,308,1.0,1,0,633,446,1,445,39,109,28,95,0,2,0,0,0,4,16,120,32
5,1838,מכורה,3614,1.0,1,0,154,99,0,99,26,13,16,4,0,5,0,0,0,2,6,21,6
20,11402,מנוף,1174,1.0,1,0,722,523,1,522,1,151,43,126,1,0,1,0,0,3,3,172,21
10,4687,מעברות,197,1.0,1,0,416,344,0,344,11,71,19,127,0,0,0,0,0,0,3,85,28
10,4688,מעברות,197,2.0,1,0,385,300,2,298,5,55,13,118,0,4,1,0,0,0,0,93,9
3,1364,מעין ברוך,416,1.0,1,0,526,361,0,361,11,123,24,75,1,1,0,0,0,9,28,67,22
2,841,מעלה החמישה,286,1.0,1,0,633,485,1,484,16,147,25,114,0,0,0,0,0,0,2,144,36
2,768,מעלה לבונה,3752,1.0,2,0,496,353,0,353,25,12,0,0,6,1,0,0,0,91,111,103,4
11,5400,מעש,230,1.0,1,0,708,542,0,542,66,170,15,88,1,1,0,0,0,4,15,167,15
5,1777,מרחביה קיבוץ,66,1.0,1,0,517,356,1,355,48,59,35,50,15,0,3,0,0,4,13,121,7
5,1778,מרחביה קיבוץ,66,2.0,1,0,504,368,8,360,8,91,30,80,2,7,0,0,0,14,18,93,17
5,1845,משכיות,3785,1.0,1,0,112,89,0,89,7,4,0,0,7,0,0,0,0,28,27,16,0
12,5955,משמר דוד,563,1.1,2,0,396,339,2,337,18,119,59,33,0,0,2,0,0,1,10,76,19
12,5956,משמר דוד,563,1.2,2,0,395,343,0,343,34,67,23,43,0,1,8,0,0,10,18,111,28
9,3998,משמרות,213,1.1,1,0,395,319,0,319,20,84,10,70,0,0,2,0,0,1,2,113,17
9,3999,משמרות,213,1.2,2,0,395,340,0,340,10,97,13,70,5,1,4,0,0,0,1,124,15
17,9650,משען,791,1.1,1,0,390,287,0,287,103,20,4,6,35,4,0,0,0,10,59,35,11
17,9651,משען,791,1.2,1,0,389,285,0,285,119,8,2,0,30,10,0,0,0,4,45,52,15
2,842,נווה אילן,405,1.1,1,0,396,291,0,291,32,86,12,25,1,9,2,0,0,0,7,104,13
2,843,נווה אילן,405,1.2,1,0,396,270,1,269,16,53,28,30,0,0,0,0,0,7,1,118,16
5,2166,נוף הגליל,1061,1.1,72,0,602,350,3,347,32,16,6,15,2,0,200,34,30,0,5,4,3
5,2167,נוף הגליל,1061,1.2,72,0,601,323,6,317,1,9,8,9,0,0,160,40,69,1,1,19,0
5,2168,נוף הגליל,1061,3.0,61,0,479,277,9,268,20,32,10,32,2,1,108,14,24,3,3,19,0
5,2169,נוף הגליל,1061,4.1,80,0,716,302,8,294,68,61,15,4,12,6,6,1,6,11,25,42,37
5,2170,נוף הגליל,1061,4.2,80,0,716,324,8,316,54,23,54,6,21,8,21,0,2,33,33,58,3
5,2171,נוף הגליל,1061,4.3,80,0,716,312,8,304,57,24,78,4,6,4,32,1,0,1,15,75,7
5,2172,נוף הגליל,1061,5.1,77,0,393,225,2,223,4,6,1,21,0,1,128,14,40,0,0,6,2
5,2173,נוף הגליל,1061,5.2,77,0,392,206,8,198,22,0,0,8,0,0,107,22,22,4,0,13,0
5,2174,נוף הגליל,1061,6.1,29,0,403,211,0,211,13,9,15,10,13,3,62,7,7,24,6,33,9
5,2175,נוף הגליל,1061,6.2,29,0,402,213,1,212,31,34,22,10,3,7,29,5,7,4,22,32,6
5,2176,נוף הגליל,1061,8.1,24,0,635,210,2,208,49,24,34,6,14,1,33,4,8,1,12,21,1
5,2177,נוף הגליל,1061,8.2,24,0,635,241,3,238,57,10,13,32,1,6,57,13,9,3,10,22,5
5,2178,נוף הגליל,1061,8.3,24,0,635,252,1,251,27,52,33,8,10,4,55,16,2,2,15,26,1
5,2179,נוף הגליל,1061,8.4,24,0,633,217,5,212,37,20,23,20,8,1,20,4,10,2,7,46,14
5,2180,נוף הגליל,1061,10.0,38,0,744,363,1,362,28,31,27,12,2,13,137,10,13,3,18,57,11
5,2181,נוף הגליל,1061,11.0,38,0,715,365,10,355,45,38,26,20,20,13,56,24,8,1,23,74,7
5,2182,נוף הגליל,1061,15.0,14,0,499,244,4,240,48,40,41,17,0,1,21,7,5,22,15,18,5
5,2183,נוף הגליל,1061,17.1,2,0,601,267,4,263,34,13,11,6,5,12,90,13,7,5,23,41,3
5,2184,נוף הגליל,1061,17.2,2,0,601,300,3,297,74,23,18,3,4,7,73,17,28,1,3,45,1
5,2185,נוף הגליל,1061,17.3,2,0,601,294,4,290,61,31,32,23,13,1,68,8,12,0,11,30,0
5,2186,נוף הגליל,1061,17.4,2,0,600,275,5,270,59,46,21,6,24,4,35,2,2,4,13,47,7
5,2187,נוף הגליל,1061,18.0,18,0,613,205,2,203,62,28,20,6,16,1,3,0,0,5,16,33,13
5,2188,נוף הגליל,1061,19.0,14,0,579,347,1,346,105,56,16,7,7,2,24,1,1,19,22,63,23
5,2189,נוף הגליל,1061,20.0,19,0,557,270,3,267,97,19,18,9,9,3,17,15,11,6,22,37,4
5,2190,נוף הגליל,1061,21.1,32,0,592,290,5,285,84,39,25,22,8,4,23,4,0,6,14,35,21
5,2191,נוף הגליל,1061,21.2,32,0,592,275,10,265,57,13,19,6,23,10,33,1,5,19,28,45,6
5,2192,נוף הגליל,1061,21.3,32,0,592,262,6,256,72,34,22,10,12,0,42,0,4,15,11,24,10
5,2193,נוף הגליל,1061,21.4,32,0,591,246,6,240,62,27,41,4,2,2,15,2,1,11,33,31,9
5,2194,נוף הגליל,1061,22.0,19,0,596,209,10,199,31,25,41,3,4,1,23,5,1,6,13,38,8
5,2195,נוף הגליל,1061,23.0,22,0,620,256,5,251,55,27,52,4,1,18,23,1,2,7,14,42,5
5,2196,נוף הגליל,1061,25.1,23,0,416,179,1,178,26,32,16,5,4,2,32,5,4,4,19,29,0
5,2197,נוף הגליל,1061,25.2,23,0,415,212,3,209,31,9,13,15,10,6,46,10,7,10,17,33,2
5,2198,נוף הגליל,1061,26.0,19,0,574,277,2,275,81,25,45,16,3,22,16,5,3,2,14,39,4
5,2199,נוף הגליל,1061,27.0,19,0,659,287,9,278,65,31,48,3,1,7,13,7,1,11,35,50,6
5,2200,נוף הגליל,1061,28.1,1,0,613,295,5,290,59,40,42,20,2,2,29,3,0,5,29,54,5
5,2201,נוף הגליל,1061,28.2,1,0,613,321,4,317,64,31,77,14,11,2,36,7,5,10,20,38,2
5,2202,נוף הגליל,1061,28.3,1,0,613,314,3,311,48,62,28,8,3,1,36,18,11,24,32,34,6
5,2203,נוף הגליל,1061,28.4,1,0,613,300,5,295,63,82,43,22,8,0,17,0,0,3,11,43,3
5,2204,נוף הגליל,1061,31.0,63,0,426,207,3,204,48,28,37,4,13,1,4,1,0,14,28,25,1
5,2205,נוף הגליל,1061,33.0,14,0,594,276,3,273,22,26,51,9,14,31,23,3,8,6,25,50,5
5,2206,נוף הגליל,1061,34.0,62,0,454,213,4,209,61,21,12,16,1,8,9,0,1,1,27,45,7
5,2207,נוף הגליל,1061,35.1,33,0,548,357,0,357,40,29,13,31,12,0,122,27,16,6,33,27,1
5,2208,נוף הגליל,1061,35.2,33,0,547,336,1,335,33,17,13,59,1,3,120,16,22,0,22,27,2
5,2209,נוף הגליל,1061,36.0,67,0,828,426,6,420,44,56,71,54,2,7,80,14,6,6,7,55,18
5,2210,נוף הגליל,1061,37.0,3,0,710,402,8,394,89,72,84,17,2,7,14,7,4,6,6,71,15
5,2211,נוף הגליל,1061,38.1,9,0,696,352,5,347,41,95,49,9,0,0,29,8,8,23,11,64,10
5,2212,נוף הגליל,1061,38.2,9,0,696,396,9,387,65,50,60,46,0,6,71,1,2,17,6,57,6
5,2213,נוף הגליל,1061,42.0,10,0,670,418,3,415,97,52,32,11,25,1,43,34,11,6,25,63,15
5,2214,נוף הגליל,1061,43.0,40,0,678,331,8,323,80,34,32,5,5,5,8,1,4,14,30,92,13
5,2215,נוף הגליל,1061,47.1,76,0,750,422,3,419,78,62,41,20,16,0,31,11,7,25,23,86,19
5,2216,נוף הגליל,1061,47.2,76,0,750,411,2,409,84,36,14,23,31,8,49,6,31,40,32,44,11
5,2217,נוף הגליל,1061,47.3,76,0,750,418,5,413,80,47,29,25,2,2,46,15,1,20,42,81,23
5,2218,נוף הגליל,1061,47.4,76,0,750,382,1,381,40,51,18,7,45,2,59,0,4,37,42,58,18
5,2219,נוף הגליל,1061,48.0,22,0,440,168,3,165,58,16,17,8,0,0,6,10,5,0,21,21,3
5,2220,נוף הגליל,1061,50.1,12,0,572,307,1,306,34,29,72,14,16,0,45,1,10,5,10,59,11
5,2221,נוף הגליל,1061,50.2,12,0,572,301,5,296,60,17,47,11,1,1,41,21,16,33,14,30,4
5,2222,נוף הגליל,1061,52.0,81,0,395,129,3,126,44,12,2,4,6,0,8,0,3,7,9,29,2
5,2223,נוף הגליל,1061,55.0,52,0,701,417,8,409,94,35,30,4,0,0,64,5,51,8,21,92,5
5,2224,נוף הגליל,1061,56.0,51,0,644,347,2,345,58,30,40,13,2,0,104,15,16,2,29,31,5
5,2225,נוף הגליל,1061,57.0,52,0,707,339,10,329,31,70,56,13,2,0,54,3,4,11,16,65,4
5,2226,נוף הגליל,1061,58.1,42,0,691,331,2,329,71,29,91,15,6,10,38,10,1,4,23,20,11
5,2227,נוף הגליל,1061,60.1,79,0,414,261,5,256,8,0,0,6,95,139,0,0,0,0,8,0,0
5,2228,נוף הגליל,1061,60.2,79,0,414,291,1,290,6,0,0,0,52,217,0,0,0,0,15,0,0
5,2229,נוף הגליל,1061,70.0,54,0,643,350,5,345,59,30,27,12,1,10,109,1,12,2,7,67,8
5,2230,נוף הגליל,1061,71.1,74,0,406,185,2,183,25,10,37,7,1,4,54,14,11,3,5,12,0
5,2231,נוף הגליל,1061,71.2,74,0,335,169,3,166,31,18,36,15,1,3,27,3,3,0,7,19,3
5,2232,נוף הגליל,1061,72.0,53,0,832,459,2,457,83,35,71,5,2,8,117,21,34,2,10,56,13
5,2233,נוף הגליל,1061,73.0,54,0,749,365,11,354,69,36,96,4,8,1,42,6,2,10,20,59,1
5,2234,נוף הגליל,1061,74.0,60,0,739,381,2,379,50,48,44,25,0,5,39,37,9,4,35,58,25
5,2235,נוף הגליל,1061,75.0,54,0,719,359,3,356,53,22,31,27,1,6,52,22,42,12,20,64,4
5,2236,נוף הגליל,1061,76.0,60,0,750,473,8,465,37,55,77,17,4,0,116,19,29,7,25,71,8
5,2237,נוף הגליל,1061,951.0,53,0,763,449,8,441,97,58,35,10,10,5,59,27,10,3,23,98,6
2,1136,נוקדים,3726,2.1,1,0,513,340,2,338,84,15,17,26,1,10,0,0,0,56,89,36,4
2,1137,נוקדים,3726,2.2,1,0,513,352,1,351,59,7,3,3,14,0,0,0,0,65,134,61,5
2,1138,נוקדים,3726,2.3,1,0,511,348,2,346,51,25,13,6,5,11,0,0,0,50,111,54,20
10,4743,נורדיה,447,1.0,2,0,503,403,0,403,52,129,37,48,7,4,0,0,0,4,7,87,28
10,4744,נורדיה,447,2.0,1,0,579,399,2,397,36,100,20,27,6,0,0,0,0,6,42,147,13
10,4745,נורדיה,447,3.0,2,0,563,216,0,216,29,52,24,19,3,0,0,0,0,0,7,69,13
5,1642,ניין,523,2.1,1,0,518,287,6,281,1,4,0,56,10,0,84,74,24,0,8,19,1
5,1643,ניין,523,2.2,1,0,518,229,3,226,3,9,0,52,0,0,64,47,31,0,1,19,0
5,1644,ניין,523,2.3,1,0,518,254,0,254,16,5,0,47,0,0,66,52,45,0,0,23,0
19,11013,ניר אליהו,808,1.0,1,0,457,363,2,361,3,54,4,129,0,0,0,0,0,6,3,140,22
17,9511,ניר חן,11,1.0,1,0,478,324,0,324,60,64,25,20,0,9,0,0,0,7,17,106,16
2,791,נס הרים,825,1.0,1,0,465,320,2,318,61,46,24,15,22,4,2,0,0,20,51,58,15
2,792,נס הרים,825,2.0,1,0,485,360,0,360,57,87,21,19,6,4,0,12,0,13,28,103,10
18,9812,סוסיה,3756,1.1,2,0,419,297,0,297,17,20,0,0,7,3,0,0,0,67,113,70,0
18,9813,סוסיה,3756,1.2,2,0,419,304,0,304,45,13,0,0,3,0,0,0,0,75,111,57,0
20,11404,סחנין,7500,3.1,3,0,680,459,2,457,0,0,0,25,0,0,308,102,22,0,0,0,0
20,11405,סחנין,7500,3.2,3,0,680,393,1,392,0,0,0,30,0,0,186,110,66,0,0,0,0
20,11406,סחנין,7500,3.3,3,0,679,429,5,424,0,0,0,19,0,0,220,124,46,0,0,15,0
20,11407,סחנין,7500,4.1,10,0,614,384,2,382,4,0,0,31,0,0,193,112,34,7,0,1,0
20,11408,סחנין,7500,4.2,10,0,614,357,2,355,0,1,1,5,0,0,139,132,72,0,0,5,0
20,11409,סחנין,7500,4.3,10,0,614,394,8,386,0,0,0,4,3,0,200,114,46,2,0,17,0
20,11410,סחנין,7500,4.4,10,0,614,361,4,357,0,2,0,16,0,0,110,139,89,0,0,1,0
20,11411,סחנין,7500,9.1,14,0,739,444,5,439,0,0,0,3,0,0,170,223,41,0,0,2,0
20,11412,סחנין,7500,9.2,14,0,739,478,2,476,0,1,0,20,1,0,238,150,66,0,0,0,0
20,11413,סחנין,7500,9.3,14,0,739,454,0,454,0,1,1,21,0,0,159,169,99,1,0,3,0
20,11414,סחנין,7500,9.4,14,0,739,403,3,400,0,0,0,25,0,0,187,142,41,4,0,1,0
20,11415,סחנין,7500,9.5,14,0,739,480,3,477,0,0,0,19,0,4,226,111,117,0,0,0,0
20,11416,סחנין,7500,9.6,14,0,737,412,3,409,1,0,0,25,0,0,148,139,96,0,0,0,0
20,11417,סחנין,7500,13.1,2,0,646,385,2,383,0,2,2,6,0,0,159,143,71,0,0,0,0
20,11418,סחנין,7500,13.2,2,0,646,393,3,390,1,2,3,15,0,0,47,274,46,0,1,0,1
20,11419,סחנין,7500,13.3,2,0,646,373,4,369,0,17,0,6,0,0,57,244,32,0,0,11,2
20,11420,סחנין,7500,13.4,2,0,646,417,3,414,2,0,0,20,0,0,121,173,98,0,0,0,0
20,11421,סחנין,7500,13.5,2,0,642,433,1,432,4,1,0,20,0,0,183,109,97,0,0,18,0
20,11422,סחנין,7500,17.1,13,0,645,422,8,414,0,0,0,51,0,0,263,74,26,0,0,0,0
20,11423,סחנין,7500,17.2,13,0,645,423,3,420,0,0,0,31,0,0,213,125,51,0,0,0,0
20,11424,סחנין,7500,17.3,13,0,645,378,6,372,0,7,0,14,0,0,221,99,27,0,0,3,1
20,11425,סחנין,7500,17.4,13,0,645,385,2,383,0,0,2,24,5,0,149,144,58,0,0,1,0
20,11426,סחנין,7500,17.5,13,0,645,333,3,330,0,0,0,32,0,0,113,143,40,0,0,0,2
20,11427,סחנין,7500,17.6,13,0,640,410,2,408,0,0,0,16,0,0,189,156,47,0,0,0,0
20,11428,סחנין,7500,22.1,12,0,715,440,8,432,0,0,8,3,0,0,177,172,72,0,0,0,0
20,11429,סחנין,7500,22.2,12,0,715,455,2,453,0,1,0,26,0,0,249,105,68,0,0,4,0
20,11430,סחנין,7500,22.3,12,0,715,407,9,398,12,0,0,16,0,0,198,100,72,0,0,0,0
20,11431,סחנין,7500,22.4,12,0,712,428,1,427,0,4,0,7,0,0,159,176,71,0,0,10,0
20,11432,סחנין,7500,26.1,5,0,550,342,3,339,1,0,0,5,0,0,205,103,22,0,0,2,1
20,11433,סחנין,7500,26.2,5,0,550,333,3,330,1,0,0,2,0,0,190,96,41,0,0,0,0
20,11434,סחנין,7500,26.3,5,1,550,373,5,368,0,1,0,21,0,0,179,101,59,0,0,7,0
20,11435,סחנין,7500,27.1,8,0,703,458,0,458,1,0,0,23,0,0,183,153,98,0,0,0,0
20,11436,סחנין,7500,27.2,8,0,703,421,3,418,0,2,0,43,0,0,175,100,94,0,0,1,3
20,11437,סחנין,7500,27.3,8,0,703,398,2,396,0,0,0,47,0,0,155,157,37,0,0,0,0
20,11438,סחנין,7500,33.1,1,0,579,417,1,416,0,0,0,14,0,0,238,66,88,0,0,10,0
20,11439,סחנין,7500,33.2,1,0,579,403,4,399,0,0,3,12,0,0,208,127,49,0,0,0,0
20,11440,סחנין,7500,33.3,1,0,579,378,5,373,0,0,0,22,0,0,127,88,136,0,0,0,0
20,11441,סחנין,7500,33.4,1,0,576,357,4,353,0,0,0,17,0,1,166,111,58,0,0,0,0
3,1368,עגר,4501,1.0,1,0,632,174,3,171,2,31,5,26,22,2,16,31,4,0,6,24,2
3,1369,עגר,4501,2.0,1,0,710,224,2,222,24,47,21,18,7,0,16,28,0,0,7,41,13
3,1370,עגר,4501,3.0,1,0,641,207,3,204,4,26,17,30,22,0,5,33,0,0,1,65,1
2,769,עופרה,3617,1.0,4,0,656,448,1,447,38,14,1,1,23,1,0,0,0,173,106,88,2
2,770,עופרה,3617,2.1,6,0,454,296,2,294,45,22,4,0,12,1,0,0,0,55,96,56,3
2,771,עופרה,3617,2.2,6,0,453,323,0,323,48,19,0,3,13,1,0,0,0,73,125,41,0
2,772,עופרה,3617,3.0,5,0,617,420,1,419,64,20,8,8,1,1,0,0,0,89,115,109,4
12,5969,עזריה,711,1.0,2,0,448,350,0,350,117,30,19,11,40,1,0,0,0,39,60,29,4
12,5970,עזריה,711,2.0,3,0,421,342,1,341,138,40,9,4,37,1,0,0,0,27,17,64,4
5,1645,עין דור,436,1.0,1,0,481,301,2,299,5,43,14,123,0,0,5,0,0,0,12,80,17
5,1646,עין דור,436,2.0,1,0,516,351,0,351,6,120,1,57,0,0,5,0,0,1,2,143,16
2,820,עין נקובא,521,1.0,2,0,677,398,2,396,2,0,0,2,0,0,231,140,20,1,0,0,0
2,821,עין נקובא,521,2.0,2,0,708,352,3,349,19,1,0,22,0,0,186,102,10,0,3,0,6
2,822,עין נקובא,521,3.0,2,0,620,320,2,318,20,7,0,7,1,1,205,38,34,0,1,3,1
9,4000,עין עירון,223,1.0,1,0,455,362,0,362,16,73,9,150,0,1,2,0,0,0,1,94,16
2,823,עין ראפה,514,1.1,1,0,389,177,3,174,0,0,0,29,0,0,46,49,39,0,0,4,7
2,824,עין ראפה,514,1.2,1,0,388,197,2,195,2,1,2,6,0,0,73,76,34,0,0,1,0
3,1339,עמיעד,385,1.0,1,0,508,323,1,322,25,57,37,68,0,0,2,0,0,0,9,109,15
2,766,פסגות,3659,1.0,2,0,672,506,2,504,78,10,0,0,11,1,0,0,0,78,205,109,12
2,767,פסגות,3659,2.0,2,0,548,402,1,401,77,39,0,0,1,1,0,0,0,58,115,110,0
5,1851,פצאל,3615,1.0,3,0,289,218,0,218,50,45,12,25,0,2,0,0,0,9,33,37,5
10,4753,פרדסיה,171,1.1,4,0,400,300,1,299,22,75,24,14,39,0,0,0,0,20,38,56,11
10,4754,פרדסיה,171,1.2,4,0,399,276,1,275,69,37,8,40,8,1,4,0,0,11,30,62,5
10,4755,פרדסיה,171,3.0,3,0,659,542,2,540,48,97,28,82,9,3,0,1,8,4,26,225,9
10,4756,פרדסיה,171,4.1,6,0,744,544,2,542,76,127,51,45,3,2,0,0,5,1,5,189,38
10,4757,פרדסיה,171,4.2,6,0,744,564,1,563,101,120,22,28,8,0,0,0,0,15,29,224,16
10,4758,פרדסיה,171,5.0,3,0,708,527,1,526,61,145,47,43,15,0,0,0,0,42,12,157,4
10,4759,פרדסיה,171,6.0,7,0,705,619,0,619,34,130,33,127,0,1,5,0,0,50,21,195,23
10,4760,פרדסיה,171,7.0,5,0,730,549,1,548,139,136,21,67,8,0,0,0,0,4,22,135,16
10,4761,פרדסיה,171,8.1,2,0,541,424,2,422,53,69,27,44,16,9,1,0,0,6,7,179,11
10,4762,פרדסיה,171,8.2,2,0,540,425,1,424,40,90,56,63,2,0,0,0,0,12,3,122,36
3,1255,פרוד,599,1.0,1,0,468,338,4,334,14,62,46,64,0,0,0,0,0,4,2,136,6
2,794,צובה,465,1.0,1,0,658,443,0,443,24,137,13,105,1,12,0,0,0,1,5,115,30
19,11018,צופית,198,1.0,1,0,494,376,0,376,17,102,13,75,1,0,0,0,0,0,3,161,4
19,11019,צופית,198,2.0,1,0,428,333,0,333,8,84,13,64,2,0,0,0,0,0,11,145,6
10,4763,צור משה,276,2.0,2,0,645,482,0,482,13,112,40,113,0,0,1,0,0,10,4,160,29
10,4764,צור משה,276,3.1,4,0,735,596,2,594,39,131,34,75,26,5,2,0,0,9,8,248,17
10,4765,צור משה,276,3.2,4,0,734,580,0,580,57,160,37,93,8,0,3,0,0,2,10,206,4
9,3968,קיסריה,1167,1.1,2,0,718,427,4,423,38,90,68,59,3,8,2,4,0,3,25,99,24
9,3969,קיסריה,1167,1.2,2,0,718,441,1,440,42,141,15,42,8,3,9,0,0,2,6,118,54
9,3970,קיסריה,1167,1.3,2,1,718,447,0,447,27,59,37,90,1,4,4,2,0,27,3,176,17
9,3971,קיסריה,1167,1.4,2,0,718,440,1,439,64,75,34,44,10,5,2,0,0,3,4,171,27
9,3972,קיסריה,1167,8.1,3,0,746,476,0,476,36,112,38,105,4,0,12,0,3,12,5,140,9
9,3973,קיסריה,1167,8.2,3,0,746,494,2,492,96,106,11,34,9,15,3,4,0,11,39,118,46
9,3974,קיסריה,1167,8.3,3,0,746,496,2,494,63,128,18,80,5,8,9,0,0,4,4,172,3
9,3975,קיסריה,1167,8.4,3,0,746,533,0,533,76,91,33,56,21,3,0,0,0,9,2,204,38
3,1426,קצרין,4100,1.0,5,0,721,350,5,345,73,49,40,6,4,8,0,0,0,16,65,70,14
3,1427,קצרין,4100,2.0,5,0,669,335,3,332,47,43,43,22,16,2,0,0,0,32,33,88,6
3,1428,קצרין,4100,3.0,4,0,541,287,3,284,37,99,37,16,0,9,0,0,0,4,29,43,10
3,1429,קצרין,4100,4.0,4,0,648,349,0,349,72,57,9,24,35,4,0,0,0,32,40,60,16
3,1430,קצרין,4100,5.1,1,0,633,329,2,327,112,35,14,5,3,7,0,6,0,18,44,57,26
3,1431,קצרין,4100,5.2,1,0,633,357,0,357,59,56,51,11,21,5,0,0,0,14,75,59,6
3,1432,קצרין,4100,5.3,1,0,633,359,3,356,102,17,26,27,20,2,7,0,0,24,55,71,5
3,1433,קצרין,4100,5.4,1,0,633,342,5,337,82,59,21,10,9,15,0,0,0,7,69,61,4
3,1434,קצרין,4100,5.5,1,0,632,334,8,326,86,27,26,8,2,8,0,0,0,36,29,100,4
3,1435,קצרין,4100,6.0,5,0,720,381,2,379,94,39,72,18,4,7,0,0,0,19,15,97,14
3,1436,קצרין,4100,7.0,4,0,607,285,2,283,63,57,43,24,6,0,0,0,0,5,26,51,8
13,6759,קרית עקרון,469,1.1,2,0,721,480,8,472,141,61,6,7,82,13,0,0,0,18,82,31,31
13,6760,קרית עקרון,469,1.2,2,0,721,495,2,493,150,74,2,20,69,5,0,0,0,28,89,55,1
13,6761,קרית עקרון,469,1.3,2,0,721,501,5,496,121,73,17,9,77,19,0,0,0,50,64,56,10
13,6762,קרית עקרון,469,1.4,2,0,720,501,2,499,137,69,17,5,56,1,0,0,0,50,72,74,18
13,6763,קרית עקרון,469,4.0,4,0,666,412,6,406,160,35,13,8,48,15,0,1,0,9,71,37,9
13,6764,קרית עקרון,469,5.1,1,0,388,293,5,288,85,19,10,14,23,2,0,4,0,24,44,33,30
13,6765,קרית עקרון,469,5.2,1,0,387,273,1,272,85,42,3,10,23,0,0,0,0,16,32,54,7
13,6766,קרית עקרון,469,8.0,3,0,622,424,4,420,121,26,26,6,57,7,0,0,0,8,35,108,26
13,6767,קרית עקרון,469,9.0,3,0,580,424,4,420,98,52,42,10,21,0,0,0,0,19,45,113,20
13,6768,קרית עקרון,469,10.1,5,0,778,504,6,498,179,78,16,8,21,35,0,0,0,30,36,90,5
13,6769,קרית עקרון,469,10.2,5,0,777,507,5,502,165,38,4,16,90,15,11,0,0,36,47,74,6
13,6770,קרית עקרון,469,11.0,3,0,574,407,2,405,158,76,9,12,19,5,0,0,0,15,49,51,11
13,6771,קרית עקרון,469,12.0,3,0,541,372,0,372,79,38,47,24,19,5,0,0,0,54,33,64,9
13,6772,קרית עקרון,469,13.0,3,0,588,424,2,422,150,60,16,4,53,21,0,0,0,12,19,63,24
3,1372,קרית שמונה,2800,2.0,6,0,668,394,4,390,128,69,21,4,26,0,0,0,0,14,54,68,6
3,1373,קרית שמונה,2800,3.0,2,0,627,389,1,388,146,41,19,12,28,1,3,0,0,20,57,48,13
3,1374,קרית שמונה,2800,4.0,2,0,577,347,0,347,119,32,6,31,18,3,0,0,0,30,45,44,19
3,1375,קרית שמונה,2800,5.0,7,0,525,300,0,300,87,27,2,27,6,18,0,0,0,13,45,66,9
3,1376,קרית שמונה,2800,6.0,7,0,574,312,2,310,103,42,4,10,26,4,0,0,0,30,45,34,12
3,1377,קרית שמונה,2800,12.0,2,0,559,358,0,358,123,19,8,18,50,9,0,0,0,20,48,46,17
3,1378,קרית שמונה,2800,13.0,6,0,569,325,1,324,81,26,12,10,67,11,0,0,0,19,38,46,14
3,1379,קרית שמונה,2800,14.0,16,0,596,351,9,342,144,48,15,12,34,0,0,0,0,28,24,30,7
3,1380,קרית שמונה,2800,16.0,2,0,565,290,2,288,92,20,12,3,37,1,0,0,0,24,39,41,19
3,1381,קרית שמונה,2800,17.0,2,0,593,345,4,341,119,27,1,8,64,8,1,0,0,29,30,52,2
3,1382,קרית שמונה,2800,18.1,5,0,630,379,4,375,156,36,4,21,32,11,0,0,0,12,37,43,23
3,1383,קרית שמונה,2800,18.2,5,0,630,349,8,341,120,50,13,10,40,5,0,1,0,11,40,46,5
3,1384,קרית שמונה,2800,18.3,5,0,630,357,11,346,120,29,11,2,48,6,0,0,0,11,74,33,12
3,1385,קרית שמונה,2800,18.4,5,0,630,353,2,351,127,36,24,3,37,15,0,0,0,17,37,44,11
3,1386,קרית שמונה,2800,18.5,5,0,628,366,4,362,100,33,58,11,44,2,0,0,0,12,45,47,10
3,1387,קרית שמונה,2800,22.1,12,0,646,350,2,348,118,39,9,12,42,2,0,0,0,27,36,59,4
3,1388,קרית שמונה,2800,22.2,12,0,646,360,6,354,85,65,17,10,21,3,0,1,0,5,41,92,14
3,1389,קרית שמונה,2800,22.3,12,0,646,352,8,344,127,18,54,6,27,16,0,0,1,11,23,39,22
3,1390,קרית שמונה,2800,22.4,12,0,646,324,0,324,77,35,38,8,41,10,0,0,0,15,31,33,36
3,1391,קרית שמונה,2800,22.5,12,0,643,331,2,329,84,35,41,6,15,12,0,0,0,20,19,86,11
3,1392,קרית שמונה,2800,26.1,20,0,527,313,0,313,81,41,5,15,22,3,0,0,0,8,39,56,43
3,1393,קרית שמונה,2800,26.2,20,0,527,334,2,332,149,14,2,4,54,5,4,4,0,11,19,51,15
3,1394,קרית שמונה,2800,26.3,20,0,525,294,2,292,97,59,13,6,21,0,0,2,3,26,11,36,18
3,1395,קרית שמונה,2800,28.0,7,0,683,368,3,365,106,27,9,4,82,21,0,0,0,13,58,30,15
3,1396,קרית שמונה,2800,30.1,1,0,712,438,3,435,127,52,14,0,105,29,0,0,0,20,31,44,13
3,1397,קרית שמונה,2800,30.2,1,0,712,441,3,438,169,24,4,33,28,2,5,0,0,12,90,68,3
3,1398,קרית שמונה,2800,30.3,1,0,710,426,4,422,115,114,31,20,42,12,0,0,2,5,20,53,8
3,1399,קרית שמונה,2800,951.1,19,0,672,417,2,415,154,30,30,6,59,23,0,1,0,6,39,51,16
3,1400,קרית שמונה,2800,951.2,19,0,672,409,5,404,133,20,21,16,44,13,0,0,0,17,62,72,6
3,1401,קרית שמונה,2800,951.3,19,0,672,404,5,399,160,30,19,7,31,3,15,0,0,19,20,84,11
3,1402,קרית שמונה,2800,951.4,19,0,672,388,0,388,128,46,54,18,23,0,7,0,1,8,56,30,17
3,1403,קרית שמונה,2800,951.5,19,0,668,328,3,325,88,59,17,13,27,2,0,0,0,19,50,35,15
3,1437,קשת,4006,1.0,1,0,475,332,0,332,63,13,1,9,3,0,0,0,0,78,112,51,2
2,1069,ראש צורים,3602,1.0,1,1,577,438,0,438,103,23,3,0,1,4,0,0,0,67,124,110,3
5,2379,רומת הייב,997,2.1,1,0,531,222,3,219,9,4,6,11,35,0,9,119,6,0,1,18,1
5,2380,רומת הייב,997,2.2,1,0,531,212,8,204,13,11,0,10,49,0,12,79,0,0,0,29,1
5,2381,רומת הייב,997,2.3,1,0,530,225,1,224,16,9,7,9,27,0,16,113,13,0,3,11,0
5,1854,רותם,3782,1.0,1,0,126,84,2,82,14,8,4,3,3,1,0,4,0,13,22,10,0
3,1300,ריחאניה,540,1.0,1,0,539,289,3,286,2,42,37,38,0,1,42,20,1,0,0,93,10
3,1301,ריחאניה,540,2.0,1,0,489,245,3,242,15,66,29,36,0,0,15,12,1,0,0,67,1
3,1404,רמות נפתלי,372,1.0,1,0,496,322,2,320,42,64,47,21,15,0,0,0,0,3,19,105,4
5,1793,רמת צבי,339,1.0,1,0,525,436,1,435,25,85,67,119,0,0,0,1,2,10,20,83,23
1,707,רמת רחל,127,1.0,1,0,386,318,0,318,37,64,40,43,7,0,0,0,0,0,1,114,12
20,11481,רקפת,1228,1.1,1,0,424,325,0,325,32,100,14,29,0,1,0,0,0,0,4,122,23
20,11482,רקפת,1228,1.2,1,0,422,324,1,323,4,83,15,90,0,0,1,0,0,2,16,87,25
17,9521,שדה משה,18,1.0,1,0,435,349,1,348,37,115,14,56,14,3,0,0,0,9,8,87,5
13,6859,שדמה,555,1.0,1,0,413,314,1,313,20,94,22,75,0,1,3,0,0,0,8,86,4
17,9523,שלווה,873,1.0,1,0,453,350,0,350,97,36,5,0,97,9,0,0,0,44,37,22,3
5,1862,שלוחות,439,1.0,1,0,368,254,2,252,53,36,3,11,4,16,0,0,0,30,43,51,5
3,1408,שמיר,366,1.1,1,0,381,282,1,281,2,41,25,80,0,0,9,0,0,4,0,109,11
3,1409,שמיר,366,1.2,1,0,379,281,1,280,4,65,25,94,0,0,3,0,0,0,2,84,3
6,2612,שמרת,432,1.0,1,0,503,391,0,391,3,95,24,78,0,6,0,0,0,7,12,143,23
20,11547,שעב,538,1.1,7,0,706,428,6,422,4,4,5,25,0,0,196,149,13,0,1,19,6
20,11548,שעב,538,1.2,7,0,706,395,5,390,0,23,0,21,0,2,219,69,42,0,0,1,13
20,11549,שעב,538,1.3,7,0,704,452,2,450,0,10,0,18,0,0,292,93,21,0,4,12,0
20,11550,שעב,538,2.1,3,0,397,205,0,205,0,2,0,12,0,0,47,119,9,0,0,16,0
20,11551,שעב,538,2.2,8,0,397,194,3,191,0,3,6,21,0,0,73,62,23,0,0,3,0
20,11552,שעב,538,5.1,2,0,719,430,3,427,1,0,3,41,0,0,169,101,112,0,0,0,0
20,11553,שעב,538,5.2,2,0,719,354,3,351,0,4,3,17,0,0,123,139,43,0,0,18,4
20,11554,שעב,538,6.0,5,0,685,415,1,414,0,19,0,19,0,0,207,112,49,0,0,8,0
20,11555,שעב,538,7.0,5,0,607,391,1,390,0,2,0,18,0,0,192,129,25,0,0,24,0
12,5975,שעלבים,856,1.0,1,1,519,388,1,387,29,12,1,6,14,5,0,0,0,90,176,44,10
12,5976,שעלבים,856,2.0,1,0,367,285,0,285,37,28,1,0,7,16,0,0,0,35,106,55,0
8,3401,שער העמקים,237,1.0,1,0,604,508,4,504,0,90,47,181,0,0,4,14,0,0,0,155,13
10,4797,שפיים,232,1.0,1,0,593,500,1,499,8,121,44,169,0,0,0,0,0,5,6,126,20
10,4798,שפיים,232,2.0,1,0,527,437,0,437,8,84,27,150,0,0,5,1,0,0,0,139,23
2,896,שריגים ליאון,1114,1.0,1,0,483,335,0,335,19,42,33,72,18,15,4,1,0,1,5,110,15
2,897,שריגים ליאון,1114,2.0,1,0,355,250,0,250,15,56,8,56,1,0,0,0,0,3,0,107,4
5,2243,שריד,126,1.0,1,0,429,333,0,333,15,73,28,80,0,3,1,0,0,0,2,93,38
5,2244,שריד,126,2.0,1,0,401,282,1,281,14,36,41,108,0,0,0,0,0,3,0,66,13
17,9672,שתולים,763,1.0,1,0,716,523,4,519,145,60,7,10,72,12,0,3,0,7,85,99,19
17,9673,שתולים,763,2.1,2,0,427,315,1,314,68,45,14,15,25,11,0,0,0,21,26,85,4
17,9674,שתולים,763,2.2,2,0,427,320,1,319,85,47,36,19,7,8,0,0,0,36,42,29,10
5,1864,תל תאומים,1283,1.0,1,0,371,269,0,269,79,13,3,1,56,2,0,0,0,20,54,34,7
9,3910,תלמי אלעזר,2003,1.0,4,0,736,578,2,576,39,136,54,69,21,12,4,0,0,3,16,188,34
10,4714,אודים,446,1.0,1,1,438,329,2,327,3,59,12,52,1,0,0,0,0,8,6,164,22
10,4715,אודים,446,2.0,1,0,458,363,1,362,11,76,14,78,24,20,2,0,1,8,3,117,8
5,1732,אומן,1108,1.0,1,0,536,343,0,343,102,45,12,30,36,2,0,0,0,15,48,47,6
17,9476,אחוזם,821,1.0,1,0,434,290,1,289,112,21,0,0,58,10,0,0,0,22,36,23,7
17,9477,איתן,37,1.0,1,0,408,315,1,314,65,30,2,0,41,11,0,0,0,26,63,64,12
2,1058,אלעזר,3618,1.0,1,0,616,415,2,413,76,16,5,2,2,3,0,0,0,102,158,46,3
2,1059,אלעזר,3618,2.0,1,0,524,352,0,352,73,31,12,2,8,5,0,0,0,76,113,31,1
2,1060,אלעזר,3618,3.0,1,0,618,445,0,445,76,25,2,11,35,0,0,0,0,58,157,81,0
8,3402,אפק,313,1.0,1,0,585,474,2,472,8,120,57,82,0,2,0,0,0,39,2,150,12
4,1508,ארבל,701,1.0,1,0,534,392,1,391,64,69,13,61,0,3,0,0,0,62,28,88,3
13,6651,בית אלעזרי,562,1.0,1,0,570,433,0,433,51,101,28,37,5,14,0,0,0,15,26,122,34
13,6652,בית אלעזרי,562,2.0,1,0,600,457,0,457,27,117,17,67,20,1,0,0,0,9,19,165,15
13,6773,בית גמליאל,571,1.0,3,0,395,289,1,288,42,29,4,15,23,0,0,0,0,20,70,62,23
13,6774,בית גמליאל,571,2.0,3,0,417,297,0,297,41,43,5,2,18,7,0,0,0,42,48,85,6
2,815,בית זית,710,1.0,2,0,597,442,3,439,32,103,49,128,7,4,0,0,0,20,25,68,3
2,816,בית זית,710,2.0,2,0,614,459,0,459,57,76,27,127,0,1,20,1,0,14,4,114,18
10,4612,בית יצחקשער חפר,326,1.0,1,0,611,478,0,478,30,75,29,148,0,0,0,0,0,1,36,150,9
10,4613,בית יצחקשער חפר,326,2.0,1,0,538,414,1,413,20,131,47,31,4,4,1,0,0,0,4,151,20
10,4614,בית יצחקשער חפר,326,3.0,1,0,634,534,8,526,6,132,42,85,5,0,0,0,0,8,9,197,42
17,9613,בית עזרא,756,1.0,2,0,389,294,1,293,33,66,16,36,33,5,0,0,0,19,10,64,11
17,9614,בית עזרא,756,2.0,3,0,506,387,2,385,57,56,29,43,37,11,0,0,0,3,41,96,12
5,2147,בלפוריה,94,1.0,1,0,444,356,1,355,30,82,27,40,0,3,0,0,1,8,8,144,12
17,9483,בני דקלים,1368,1.1,1,0,395,313,0,313,46,17,1,0,9,0,0,1,0,66,117,56,0
17,9484,בני דקלים,1368,1.2,1,0,393,316,0,316,34,16,0,0,6,0,0,0,0,117,106,35,2
13,6777,בני דרום,592,1.0,1,0,591,457,4,453,66,100,7,6,7,1,0,0,0,24,95,140,7
10,4721,בני ציון,418,1.0,1,0,476,359,0,359,9,106,25,36,8,0,0,0,0,1,2,168,4
10,4722,בני ציון,418,2.0,1,0,444,335,1,334,19,89,30,73,0,8,2,1,0,0,8,96,8
10,4723,בצרה,389,1.0,1,0,369,271,1,270,13,54,13,73,1,0,0,0,0,10,4,97,5
10,4724,בצרה,389,2.0,1,0,505,408,0,408,11,112,27,100,1,0,3,0,0,0,16,126,12
2,785,בר גיורא,823,1.0,1,0,463,339,0,339,64,45,13,32,28,15,0,0,0,19,78,38,7
3,1238,גש גוש חלב,487,4.1,1,0,689,306,2,304,2,12,1,38,0,0,131,27,71,2,0,20,0
3,1239,גש גוש חלב,487,4.2,1,0,689,299,0,299,20,3,0,27,0,0,132,34,64,0,0,17,2
3,1240,גש גוש חלב,487,4.3,1,0,689,340,5,335,2,17,0,109,0,0,132,12,25,0,0,37,1
3,1241,גש גוש חלב,487,4.4,1,0,688,342,1,341,8,24,1,28,0,4,163,44,53,0,0,16,0
13,6779,גאליה,853,1.1,1,0,441,311,2,309,25,90,19,41,1,15,1,0,0,0,4,104,9
13,6780,גאליה,853,1.2,1,0,441,353,3,350,17,82,31,58,13,0,10,0,0,2,9,114,14
5,2096,גבעת אלה,1288,1.1,2,0,562,406,1,405,50,45,50,81,0,0,8,0,0,0,2,149,20
5,2097,גבעת אלה,1288,1.2,2,0,562,438,1,437,8,122,25,96,0,1,3,0,0,0,4,157,21
5,2098,גבעת אלה,1288,1.3,2,0,560,437,0,437,12,97,34,128,0,0,7,0,0,6,3,130,20
11,5390,גבעת השלושה,870,1.0,1,0,571,465,1,464,25,118,14,177,1,3,7,0,0,0,3,99,17
12,5919,גזר,370,1.0,1,0,429,240,0,240,25,64,13,67,0,0,1,0,0,0,3,59,8
18,9930,גילת,736,1.1,1,0,602,442,2,440,102,56,26,11,21,13,0,0,0,41,91,75,4
18,9931,גילת,736,1.2,1,0,601,440,2,438,140,46,12,29,8,26,0,0,0,22,64,73,18
13,6401,גן שלמה,144,1.0,1,0,444,369,1,368,5,101,26,53,0,0,3,0,0,0,0,156,24
9,3869,גן שמואל,72,1.0,1,0,454,370,0,370,0,72,24,111,0,0,1,0,0,0,0,146,16
9,3870,גן שמואל,72,2.0,1,0,484,415,1,414,0,59,23,141,0,0,4,0,0,0,0,162,25
20,11350,דייר חנא,492,4.0,2,0,736,467,3,464,0,0,0,41,9,0,193,123,95,0,2,1,0
20,11351,דייר חנא,492,6.1,1,0,732,398,0,398,0,0,5,11,3,0,165,108,85,0,0,21,0
20,11352,דייר חנא,492,6.2,1,0,731,472,1,471,21,4,0,24,2,0,255,97,63,0,2,2,1
20,11353,דייר חנא,492,8.1,4,0,515,338,0,338,0,0,0,13,3,0,247,60,13,0,0,2,0
20,11354,דייר חנא,492,8.2,4,0,515,331,1,330,1,0,0,39,17,0,151,77,44,0,1,0,0
20,11355,דייר חנא,492,8.3,4,0,515,279,0,279,0,0,5,4,4,0,169,43,48,0,0,6,0
20,11356,דייר חנא,492,10.1,5,0,569,366,1,365,6,0,0,9,20,0,212,68,30,0,0,20,0
20,11357,דייר חנא,492,10.2,5,0,569,369,3,366,6,1,1,24,3,2,171,102,43,0,3,2,8
20,11358,דייר חנא,492,10.3,5,0,569,347,4,343,0,0,1,25,5,3,204,89,16,0,0,0,0
20,11359,דייר חנא,492,10.4,5,0,567,347,2,345,4,12,0,29,9,0,167,67,40,0,0,15,2
20,11360,דייר חנא,492,11.1,3,0,598,385,0,385,0,0,0,10,2,0,207,78,88,0,0,0,0
20,11361,דייר חנא,492,11.2,3,0,598,371,4,367,3,1,0,18,8,1,196,95,38,0,1,6,0
20,11362,דייר חנא,492,11.3,3,0,598,367,1,366,0,0,1,14,3,0,120,159,67,0,2,0,0
20,11363,דייר חנא,492,11.4,3,0,594,322,1,321,1,1,0,24,7,0,150,79,57,0,0,2,0
3,1244,דלתון,431,1.0,1,0,704,527,3,524,191,42,0,3,146,20,0,0,0,41,67,10,4
20,11364,דמיידה,1317,1.0,1,0,378,183,13,170,2,0,0,7,0,0,36,120,3,0,2,0,0
3,1350,הגושרים,356,1.1,1,0,419,307,0,307,14,67,28,50,1,0,0,0,0,3,10,111,23
3,1351,הגושרים,356,1.2,1,0,418,307,1,306,14,81,13,75,6,3,0,0,0,2,5,93,14
18,10614,הוואשלה שבט,1169,1.0,1,0,678,322,4,318,0,0,0,7,0,0,16,271,24,0,0,0,0
18,10615,הוואשלה שבט,1169,2.0,1,0,614,290,4,286,2,0,0,14,0,0,23,236,8,0,0,0,3
5,2253,היוגב,684,1.0,1,0,664,566,1,565,15,170,79,72,0,0,1,0,0,1,5,180,42
5,2154,הסוללים,677,1.1,1,0,408,313,0,313,19,58,11,80,2,3,6,0,0,1,6,114,13
5,2155,הסוללים,677,1.2,1,0,408,314,0,314,16,64,40,70,0,0,1,0,0,0,5,111,7
2,1063,הר גילה,3603,1.1,1,0,570,395,1,394,57,72,6,26,47,2,0,0,0,21,24,133,6
2,1064,הר גילה,3603,1.2,1,0,569,405,0,405,97,99,37,12,51,0,0,0,0,19,45,35,10
17,9627,זיקים,584,1.1,1,0,407,298,1,297,32,29,8,82,0,0,4,0,0,6,6,113,17
17,9628,זיקים,584,1.2,1,0,406,278,4,274,24,78,26,27,0,1,12,0,0,1,9,90,6
2,1145,חגי,3764,1.0,1,0,413,281,0,281,21,6,0,0,0,8,0,0,0,59,124,63,0
20,11366,חוסנייה,1332,1.0,1,0,653,322,10,312,0,0,4,8,0,0,80,176,40,0,0,4,0
17,9629,חצב,700,1.0,1,0,397,280,1,279,26,57,20,20,12,1,0,0,0,10,46,66,21
17,9630,חצב,700,2.0,2,0,574,449,1,448,107,40,8,11,25,2,0,0,0,44,85,106,20
5,1759,טייבה בעמק,497,1.0,1,0,739,296,1,295,3,0,0,8,0,0,116,118,47,0,0,3,0
5,1760,טייבה בעמק,497,2.0,1,0,664,296,0,296,0,1,0,28,1,0,80,137,42,0,2,5,0
11,5393,טירת יהודה,663,1.0,2,0,435,320,0,320,98,47,0,5,27,20,0,0,0,32,55,34,2
11,5394,טירת יהודה,663,2.0,2,0,449,333,1,332,116,34,3,0,20,14,0,0,0,27,41,73,4
5,1761,טמרה יזרעאל,547,1.0,1,0,628,254,6,248,1,1,1,3,0,0,87,133,18,0,0,1,3
5,1762,טמרה יזרעאל,547,2.0,1,0,571,242,6,236,2,0,0,2,0,0,110,110,10,0,0,1,1
4,1517,יבנאל,46,1.0,3,0,721,488,2,486,45,25,6,17,227,27,0,0,0,9,49,73,8
4,1518,יבנאל,46,3.1,4,0,731,492,16,476,58,43,3,10,175,33,1,2,0,13,36,98,4
4,1519,יבנאל,46,3.2,4,0,731,507,4,503,34,30,20,15,189,54,0,0,0,23,74,59,5
4,1520,יבנאל,46,3.3,4,0,729,515,4,511,81,51,20,10,224,29,1,0,0,11,43,35,6
13,6732,יד בנימין,577,1.0,2,0,646,473,1,472,41,24,0,0,37,20,0,0,0,145,103,98,4
13,6733,יד בנימין,577,2.0,2,0,644,480,1,479,50,26,0,0,22,76,0,0,0,112,138,55,0
13,6734,יד בנימין,577,3.0,2,0,618,472,1,471,33,10,0,0,67,155,0,0,0,58,122,26,0
13,6735,יד בנימין,577,4.0,2,0,684,491,1,490,52,37,3,1,32,8,0,0,0,130,135,85,7
12,5931,יד רמבם,64,1.0,2,0,485,353,1,352,125,21,5,8,59,5,2,0,0,22,37,50,18
12,5932,יד רמבם,64,2.0,1,0,459,323,0,323,110,23,8,10,40,15,0,0,0,12,57,37,11
20,11367,יובלים,1226,1.0,2,0,612,478,0,478,4,128,39,98,0,0,8,0,0,1,0,193,7
20,11368,יובלים,1226,2.0,2,0,522,405,1,404,3,54,31,110,0,0,5,0,0,2,7,173,19
5,1763,יזרעאל,452,1.0,1,0,607,408,1,407,3,86,14,119,0,0,0,0,0,0,5,166,14
18,10421,יטבתה,866,1.1,1,0,383,250,0,250,0,39,17,122,2,0,6,0,0,1,0,51,12
18,10422,יטבתה,866,1.2,1,0,382,233,2,231,1,65,17,70,7,0,0,0,0,0,1,67,3
17,9635,ינון,2011,1.0,1,0,478,346,1,345,74,19,6,6,13,6,61,11,5,20,51,71,2
17,9636,ינון,2011,2.0,2,0,535,407,0,407,133,45,6,25,53,27,0,0,0,20,45,39,14
5,1833,יפית,3566,1.0,1,0,189,103,0,103,29,7,3,5,3,4,0,0,0,5,18,21,8
6,2668,ירכא,502,5.1,4,0,540,284,1,283,34,55,20,42,0,6,26,6,3,7,11,54,19
6,2670,ירכא,502,5.3,4,0,540,271,1,270,58,56,40,20,0,1,9,4,2,0,14,55,11
6,2671,ירכא,502,9.1,6,0,548,272,11,261,71,27,40,33,0,0,24,1,0,0,20,33,12
6,2673,ירכא,502,9.3,6,0,546,305,9,296,49,28,31,23,8,0,32,1,0,10,12,92,10
6,2674,ירכא,502,10.1,3,0,645,314,8,306,64,42,60,31,1,1,10,0,0,0,34,51,12
6,2675,ירכא,502,10.2,3,0,645,309,5,304,45,53,45,12,2,1,31,7,0,0,14,82,12
6,2676,ירכא,502,10.3,3,0,645,282,3,279,71,27,32,27,0,2,31,0,0,5,5,56,23
6,2677,ירכא,502,10.4,3,0,642,329,6,323,43,76,51,30,5,1,33,15,3,0,0,60,6
6,2678,ירכא,502,12.1,8,0,603,255,5,250,81,37,32,27,8,1,20,4,0,0,7,29,4
6,2679,ירכא,502,12.2,8,0,603,293,3,290,43,46,44,35,1,3,13,1,0,1,11,76,16
6,2680,ירכא,502,12.3,8,0,603,332,4,328,54,70,69,7,0,4,6,1,2,9,5,90,11
6,2681,ירכא,502,12.4,8,0,602,317,2,315,93,31,13,49,25,11,8,6,1,0,3,63,12
6,2682,ירכא,502,13.1,1,0,589,297,3,294,71,69,44,17,2,2,19,3,0,4,13,45,5
6,2683,ירכא,502,13.2,1,0,589,331,2,329,35,42,69,65,2,0,26,5,0,0,1,75,9
6,2684,ירכא,502,13.3,1,0,589,318,8,310,35,47,16,41,5,1,34,14,1,1,4,93,18
6,2685,ירכא,502,13.4,1,0,586,327,3,324,85,35,25,49,1,6,20,5,3,2,2,84,7
6,2686,ירכא,502,14.1,5,0,546,246,2,244,50,18,28,13,1,23,40,9,6,0,5,37,14
6,2687,ירכא,502,14.2,5,0,546,272,8,264,27,41,68,21,0,0,22,1,1,1,5,74,3
6,2688,ירכא,502,14.3,5,0,546,273,8,265,71,45,32,24,2,1,10,8,0,0,5,60,7
20,11371,כאוכב אבו אלהיגא,505,1.0,1,0,708,397,4,393,0,0,1,15,0,0,160,174,43,0,0,0,0
20,11372,כאוכב אבו אלהיגא,505,3.1,2,0,532,292,3,289,0,0,0,9,0,0,153,78,48,0,0,1,0
20,11373,כאוכב אבו אלהיגא,505,3.2,2,0,532,286,8,278,0,0,0,7,1,0,133,103,34,0,0,0,0
20,11374,כאוכב אבו אלהיגא,505,3.3,2,0,532,287,6,281,3,0,0,20,0,0,112,90,55,0,0,1,0
20,11375,כאוכב אבו אלהיגא,505,4.0,1,0,710,407,2,405,0,0,5,15,0,0,226,74,83,0,0,2,0
5,2159,כפר ברוך,132,1.0,1,0,469,368,1,367,42,42,28,82,0,0,0,0,0,22,27,72,52
17,9640,כפר ורבורג,320,1.0,1,0,548,439,0,439,10,100,27,61,4,8,1,0,0,26,14,161,27
17,9641,כפר ורבורג,320,2.0,1,0,369,287,1,286,21,66,5,62,11,0,0,0,0,3,10,84,24
3,1335,כפר חנניה,1297,1.0,1,0,577,416,2,414,93,73,12,27,19,8,0,0,0,34,81,51,16
10,4648,כפר ידידיה,233,1.0,1,0,549,438,2,436,26,116,12,60,0,0,0,0,2,19,1,175,25
18,9822,כפר מימון,1095,1.0,1,0,520,374,0,374,71,33,2,1,0,11,0,0,0,70,115,68,3
20,11376,כפר מנדא,510,1.0,13,0,653,384,4,380,0,0,0,20,0,0,129,102,117,0,0,3,9
20,11377,כפר מנדא,510,2.0,15,0,671,413,3,410,3,0,0,29,10,0,174,154,33,0,3,4,0
20,11378,כפר מנדא,510,3.0,14,0,640,375,4,371,0,0,0,32,1,0,126,131,66,0,0,15,0
20,11379,כפר מנדא,510,4.0,11,0,657,410,3,407,1,0,0,36,5,0,145,181,38,0,0,1,0
20,11380,כפר מנדא,510,5.0,5,0,649,379,3,376,0,0,0,28,14,0,119,169,46,0,0,0,0
20,11381,כפר מנדא,510,6.0,6,0,649,415,1,414,0,0,0,32,9,0,124,164,82,0,0,3,0
20,11382,כפר מנדא,510,7.0,10,0,635,422,5,417,1,0,0,30,1,1,249,70,65,0,0,0,0
20,11383,כפר מנדא,510,8.0,3,0,649,429,2,427,0,9,0,75,2,4,101,137,81,1,0,16,1
20,11384,כפר מנדא,510,9.0,7,0,665,424,2,422,0,0,0,24,0,0,179,107,112,0,0,0,0
20,11385,כפר מנדא,510,10.0,9,0,637,371,1,370,0,1,0,20,2,0,162,92,89,0,0,4,0
20,11386,כפר מנדא,510,11.0,11,0,645,477,5,472,4,0,0,8,36,1,89,264,70,0,0,0,0
20,11387,כפר מנדא,510,12.0,12,0,651,353,3,350,0,0,0,10,12,0,147,80,79,0,8,14,0
20,11388,כפר מנדא,510,13.0,13,0,647,327,4,323,0,15,0,4,1,0,100,122,68,0,0,13,0
20,11389,כפר מנדא,510,14.0,10,0,633,319,2,317,0,12,0,20,0,7,149,92,37,0,0,0,0
20,11390,כפר מנדא,510,15.0,12,0,632,372,4,368,0,0,0,13,0,0,142,115,98,0,0,0,0
20,11391,כפר מנדא,510,16.0,6,0,626,406,2,404,0,5,0,20,0,0,196,88,94,0,0,1,0
20,11392,כפר מנדא,510,17.0,11,0,670,387,6,381,0,0,3,25,7,0,233,52,60,0,0,1,0
20,11393,כפר מנדא,510,18.0,12,0,676,417,8,409,0,0,0,16,38,0,239,49,58,1,1,7,0
20,11394,כפר מנדא,510,19.0,13,0,649,403,2,401,0,0,0,9,1,0,195,114,79,0,3,0,0
20,11395,כפר מנדא,510,20.0,11,0,642,272,2,270,0,0,1,5,4,0,143,62,51,0,0,4,0
20,11396,כפר מנדא,510,21.0,10,0,620,346,3,343,2,0,0,18,18,0,113,92,98,0,0,2,0
20,11397,כפר מנדא,510,22.0,16,0,599,333,4,329,0,0,0,27,5,0,116,106,72,3,0,0,0
20,11398,כפר מנדא,510,23.0,16,0,591,313,5,308,0,1,0,6,0,0,128,81,78,0,0,6,8
2,1065,כפר עציון,3488,1.0,2,0,606,450,2,448,76,33,7,1,17,3,0,0,0,88,114,83,26
3,1336,כרכום,1285,1.0,1,0,486,323,2,321,20,36,54,86,2,0,0,0,0,1,19,96,7
12,5947,כרמי יוסף,1264,1.0,4,0,525,409,1,408,33,67,41,90,1,8,0,0,0,2,2,141,23
12,5948,כרמי יוסף,1264,2.0,4,0,513,401,0,401,36,116,20,62,3,2,0,0,0,1,6,143,12
12,5949,כרמי יוסף,1264,3.0,5,0,489,372,0,372,5,99,41,69,0,28,10,0,0,6,5,98,11
3,1358,להבות הבשן,380,1.1,1,0,385,261,4,257,12,39,19,86,0,0,11,0,0,0,7,68,15
3,1359,להבות הבשן,380,1.2,1,0,385,267,2,265,8,87,10,75,0,0,1,0,0,4,3,67,10
2,789,מבוא ביתר,771,1.0,2,0,726,521,2,519,90,101,28,27,14,7,0,0,0,10,42,157,43
3,1417,מגדל שמס,4201,1.0,3,0,698,165,1,164,8,38,30,19,3,0,0,4,0,0,4,54,4
3,1418,מגדל שמס,4201,2.0,3,0,741,181,0,181,18,35,35,18,1,10,0,0,0,0,0,52,12
5,2102,מגדל העמק,874,3.1,3,0,751,466,4,462,152,17,25,7,103,4,0,0,0,16,73,62,3
5,2103,מגדל העמק,874,3.2,3,0,751,430,2,428,118,83,38,14,37,16,0,0,0,25,36,51,10
5,2104,מגדל העמק,874,5.0,31,0,554,296,9,287,87,14,44,5,47,10,0,1,0,14,8,55,2
5,2105,מגדל העמק,874,6.0,5,0,515,256,1,255,54,27,29,10,35,8,0,0,0,11,18,47,16
5,2106,מגדל העמק,874,8.1,4,0,401,233,3,230,49,17,33,7,49,8,0,0,0,6,33,18,10
5,2107,מגדל העמק,874,8.2,4,0,400,245,4,241,69,16,36,2,32,7,0,0,0,5,34,31,9
5,2108,מגדל העמק,874,9.0,29,0,442,269,4,265,40,17,18,3,90,13,0,0,0,14,31,23,16
5,2109,מגדל העמק,874,10.0,34,0,546,294,2,292,68,34,21,12,18,8,0,0,0,15,43,51,22
5,2110,מגדל העמק,874,11.0,29,0,571,305,5,300,72,25,13,1,87,0,8,0,0,11,26,37,20
5,2111,מגדל העמק,874,12.0,6,0,558,294,4,290,95,29,18,10,50,2,0,0,0,8,21,49,8
5,2112,מגדל העמק,874,13.1,7,0,726,357,5,352,77,21,45,16,45,24,0,0,0,9,49,57,9
5,2113,מגדל העמק,874,13.2,7,0,726,341,2,339,83,42,52,7,46,13,0,0,0,7,47,40,2
5,2114,מגדל העמק,874,14.1,33,0,659,383,2,381,142,32,59,2,56,3,0,0,0,13,27,34,13
5,2115,מגדל העמק,874,14.2,33,0,659,386,3,383,142,15,24,6,59,17,0,0,0,18,23,55,24
5,2116,מגדל העמק,874,14.3,33,0,659,384,8,376,89,41,25,9,45,7,0,0,0,25,54,73,8
5,2117,מגדל העמק,874,16.1,35,0,665,470,4,466,142,60,47,11,53,28,0,0,0,10,36,47,32
5,2118,מגדל העמק,874,16.2,35,0,665,481,2,479,74,72,71,8,95,10,0,0,0,6,60,58,25
5,2119,מגדל העמק,874,17.0,5,0,521,317,2,315,99,24,42,2,66,6,0,0,0,2,24,23,27
5,2120,מגדל העמק,874,18.0,6,0,589,372,0,372,76,10,8,4,179,24,0,0,0,5,16,48,2
5,2121,מגדל העמק,874,21.1,2,0,685,359,8,351,107,65,26,1,38,2,0,1,1,12,14,72,12
5,2122,מגדל העמק,874,21.2,2,0,685,372,5,367,93,55,42,4,64,10,0,0,0,1,48,47,3
5,2123,מגדל העמק,874,23.0,34,0,596,251,1,250,44,33,67,12,22,0,0,0,0,13,17,35,7
5,2124,מגדל העמק,874,29.0,24,0,550,412,1,411,127,43,4,16,57,1,0,0,0,5,55,70,33
5,2125,מגדל העמק,874,30.0,10,0,737,471,1,470,143,71,20,8,78,43,0,0,0,13,33,59,2
5,2126,מגדל העמק,874,31.0,10,0,548,367,2,365,61,39,24,46,79,8,0,0,0,1,40,61,6
5,2127,מגדל העמק,874,32.0,24,0,598,391,4,387,130,73,18,16,24,0,0,0,0,22,35,58,11
5,2128,מגדל העמק,874,33.0,30,0,685,435,3,432,168,62,11,16,38,0,0,0,0,24,34,59,20
5,2129,מגדל העמק,874,34.1,27,0,634,413,1,412,117,19,33,17,52,4,0,0,0,1,45,84,40
5,2130,מגדל העמק,874,34.2,27,0,634,409,3,406,119,41,48,13,28,1,0,0,0,27,24,92,13
5,2131,מגדל העמק,874,34.3,27,0,632,411,3,408,148,34,52,16,41,2,0,0,0,9,42,59,5
5,2132,מגדל העמק,874,35.0,10,1,611,405,0,405,81,76,41,15,49,19,0,0,0,8,37,66,13
5,2133,מגדל העמק,874,36.0,26,0,658,471,3,468,135,59,36,13,13,1,2,0,0,19,36,142,12
5,2134,מגדל העמק,874,38.0,20,0,646,432,8,424,103,50,64,15,47,17,0,0,0,13,41,63,11
5,2135,מגדל העמק,874,40.0,25,0,730,569,1,568,66,8,0,0,305,33,0,0,0,41,90,25,0
5,2136,מגדל העמק,874,41.0,5,0,454,249,0,249,80,21,29,20,52,2,0,0,0,2,19,22,2
5,2137,מגדל העמק,874,42.0,26,0,723,494,4,490,124,62,26,47,55,6,0,0,0,31,46,77,16
5,2138,מגדל העמק,874,43.0,26,0,662,410,9,401,131,51,71,14,18,7,0,0,0,1,6,88,14
5,2139,מגדל העמק,874,44.1,32,0,429,297,2,295,73,53,38,10,26,0,9,0,0,7,17,51,11
5,2140,מגדל העמק,874,44.2,32,0,428,296,1,295,89,50,27,20,12,3,0,0,0,9,30,48,7
5,2288,מגידו,586,1.0,2,0,733,573,0,573,32,97,58,163,0,0,3,0,0,1,0,184,35
3,1250,מירון,607,1.0,2,0,565,340,0,340,30,17,0,1,86,53,0,2,0,38,72,41,0
10,4685,מכמורת,382,1.0,1,0,561,356,0,356,11,60,43,62,0,13,10,1,0,0,3,148,5
10,4686,מכמורת,382,2.0,1,0,618,490,1,489,8,110,28,140,1,0,8,0,0,0,8,168,18
5,2371,מנשית זבדה,994,1.0,1,0,516,248,2,246,2,0,1,15,0,0,58,143,26,0,0,0,1
5,2372,מנשית זבדה,994,2.0,1,0,481,233,2,231,0,4,0,16,0,0,37,158,16,0,0,0,0
2,910,מסילת ציון,742,1.1,1,0,383,311,0,311,40,61,13,33,12,10,0,0,0,4,24,105,9
2,911,מסילת ציון,742,1.2,1,0,382,327,0,327,30,66,10,55,1,0,0,0,0,4,40,115,6
18,9934,מסלול,748,1.0,1,0,587,419,0,419,147,53,3,14,10,43,0,0,0,12,39,92,6
6,2717,מעיליא,518,1.0,1,0,743,480,4,476,3,18,21,40,0,0,276,10,57,1,0,49,1
6,2718,מעיליא,518,2.0,1,0,685,415,9,406,8,26,1,89,0,0,225,12,37,0,0,7,1
6,2719,מעיליא,518,3.0,2,0,726,462,3,459,8,46,0,78,0,0,212,13,64,0,0,35,3
6,2720,מעיליא,518,4.0,2,1,659,421,2,419,3,24,8,113,0,0,181,22,33,1,2,32,0
2,1135,מעלה עמוס,3653,1.0,2,0,463,342,2,340,16,3,0,0,74,120,0,0,0,60,45,21,1
6,2721,מעלותתרשיחא,1063,1.0,1,0,741,364,4,360,110,51,32,2,11,14,0,0,0,15,55,53,17
6,2722,מעלותתרשיחא,1063,2.0,17,0,478,282,1,281,75,33,8,29,19,0,2,0,0,23,25,62,5
6,2723,מעלותתרשיחא,1063,4.0,4,0,499,207,1,206,38,30,28,3,5,4,10,0,6,17,13,35,17
6,2724,מעלותתרשיחא,1063,5.0,3,0,757,467,10,457,0,33,4,21,0,0,178,50,123,0,0,48,0
6,2725,מעלותתרשיחא,1063,6.0,12,0,720,395,10,385,108,55,24,2,48,0,7,0,0,14,69,51,7
6,2726,מעלותתרשיחא,1063,7.1,32,0,422,272,3,269,4,4,0,16,0,0,131,83,26,0,0,5,0
6,2727,מעלותתרשיחא,1063,7.2,25,0,422,231,3,228,8,0,2,13,0,0,105,49,42,0,0,7,2
6,2728,מעלותתרשיחא,1063,8.0,7,0,606,333,5,328,80,14,73,15,10,5,8,1,3,15,37,56,11
6,2729,מעלותתרשיחא,1063,9.0,13,0,654,298,4,294,62,41,35,1,20,6,1,0,0,13,47,64,4
6,2730,מעלותתרשיחא,1063,10.0,10,0,645,341,4,337,69,17,61,11,52,4,2,0,0,7,31,67,16
6,2731,מעלותתרשיחא,1063,11.0,9,0,589,339,2,337,62,30,50,1,73,4,0,0,0,27,29,42,19
6,2732,מעלותתרשיחא,1063,12.0,11,0,685,383,6,377,121,32,78,20,13,8,0,0,0,5,8,81,11
6,2733,מעלותתרשיחא,1063,13.0,11,0,484,252,4,248,51,32,24,6,39,10,0,0,0,19,22,44,1
6,2734,מעלותתרשיחא,1063,14.0,18,0,788,452,8,444,148,51,44,15,7,14,9,0,0,26,23,93,14
6,2735,מעלותתרשיחא,1063,16.0,19,0,500,339,1,338,58,11,12,17,60,6,2,0,0,35,53,64,20
6,2736,מעלותתרשיחא,1063,17.0,9,0,624,391,2,389,88,25,2,21,61,12,0,0,0,42,73,61,4
6,2737,מעלותתרשיחא,1063,18.1,6,0,666,376,3,373,79,38,108,20,38,6,0,0,2,3,11,60,8
6,2738,מעלותתרשיחא,1063,18.2,6,0,665,341,4,337,43,90,61,21,3,11,0,0,0,1,14,81,12
6,2739,מעלותתרשיחא,1063,19.1,16,0,669,416,5,411,119,63,22,11,24,16,10,0,0,10,78,51,7
6,2740,מעלותתרשיחא,1063,19.2,16,0,669,414,4,410,100,66,52,18,9,1,23,1,0,13,43,79,5
6,2741,מעלותתרשיחא,1063,19.3,16,0,669,407,4,403,80,44,23,98,7,2,10,3,3,21,25,70,17
6,2742,מעלותתרשיחא,1063,20.0,33,0,599,291,3,288,104,23,45,0,29,6,0,0,0,14,28,30,9
6,2743,מעלותתרשיחא,1063,22.0,11,0,663,400,3,397,97,44,64,23,18,1,0,0,0,13,39,81,17
6,2744,מעלותתרשיחא,1063,25.1,5,0,425,230,9,221,0,3,0,8,0,0,111,35,47,3,6,8,0
6,2745,מעלותתרשיחא,1063,25.2,5,0,334,189,1,188,1,1,0,15,0,0,79,47,28,0,0,13,4
6,2746,מעלותתרשיחא,1063,26.1,30,0,419,252,0,252,45,53,7,14,10,6,27,10,14,16,19,29,2
6,2747,מעלותתרשיחא,1063,26.2,21,0,419,259,4,255,33,18,22,22,7,3,47,4,1,3,38,51,6
6,2748,מעלותתרשיחא,1063,28.0,3,0,805,437,8,429,4,2,0,36,0,0,241,61,53,0,0,32,0
6,2749,מעלותתרשיחא,1063,30.0,24,0,369,242,1,241,44,23,10,16,34,13,1,0,0,7,35,44,14
6,2750,מעלותתרשיחא,1063,31.0,14,0,491,310,0,310,38,33,2,4,30,14,0,1,0,42,68,70,8
6,2751,מעלותתרשיחא,1063,32.1,26,0,675,454,1,453,72,36,34,44,65,3,7,5,1,41,30,87,28
6,2752,מעלותתרשיחא,1063,32.2,26,0,674,438,3,435,118,31,20,41,13,2,11,0,10,9,32,137,11
6,2753,מעלותתרשיחא,1063,33.0,20,0,498,301,3,298,57,31,11,19,26,3,13,0,2,2,45,57,32
6,2754,מעלותתרשיחא,1063,990.1,22,0,506,311,0,311,1,3,0,34,3,0,169,21,79,0,0,1,0
6,2755,מעלותתרשיחא,1063,990.2,22,0,506,303,1,302,0,14,7,31,0,0,128,35,51,2,3,31,0
18,10324,משאבי שדה,421,1.0,1,0,489,314,0,314,5,115,24,78,4,0,0,0,0,0,1,58,29
3,1338,משמר הירדן,732,1.0,1,0,626,447,1,446,122,78,10,31,19,8,0,0,0,29,47,93,9
17,9503,נגבה,315,1.1,1,0,390,266,1,265,16,82,26,35,0,0,0,0,0,0,6,90,10
17,9504,נגבה,315,1.2,1,0,390,274,0,274,13,81,23,50,0,0,1,0,0,0,5,84,17
5,2164,נהלל,80,1.0,1,0,457,355,1,354,32,56,29,130,0,1,0,0,0,1,0,102,3
5,2165,נהלל,80,2.0,1,0,442,347,1,346,5,56,24,70,0,0,0,0,0,0,3,171,17
5,1847,נווה איתן,296,1.0,3,0,204,132,1,131,10,19,3,44,5,3,1,0,0,0,8,34,4
2,1066,נווה דניאל,3725,1.0,2,0,469,303,0,303,68,14,3,0,1,0,0,0,0,42,100,74,1
2,1067,נווה דניאל,3725,2.0,2,0,678,474,2,472,75,35,0,3,2,19,0,0,0,77,143,118,0
2,1068,נווה דניאל,3725,3.0,2,0,614,390,0,390,49,29,23,0,49,2,0,0,0,20,102,112,4
8,3358,נופית,1284,1.1,1,0,727,549,0,549,40,187,52,61,2,0,1,0,0,1,42,141,22
8,3359,נופית,1284,1.2,1,0,727,538,1,537,28,166,78,35,1,0,0,0,0,0,13,206,10
8,3360,נופית,1284,1.3,1,0,727,566,5,561,18,104,31,122,12,0,3,0,0,0,17,245,9
17,9653,נחל עוז,844,1.0,1,0,382,283,1,282,14,56,17,60,1,0,0,0,0,3,16,106,9
17,9509,נחלה,2045,1.0,1,0,519,413,1,412,61,60,9,40,94,5,0,0,0,14,33,90,6
11,5402,נחלים,449,2.1,2,1,486,369,1,368,64,47,2,3,5,1,0,0,0,39,111,82,14
11,5403,נחלים,449,2.2,2,0,485,370,1,369,77,30,5,17,10,8,3,5,0,65,99,50,0
20,11605,נחף,522,2.0,7,0,721,367,3,364,0,0,0,14,0,0,129,183,32,0,0,6,0
20,11606,נחף,522,6.0,3,0,727,353,3,350,0,0,0,13,4,0,144,151,38,0,0,0,0
20,11607,נחף,522,7.1,1,0,739,434,0,434,0,5,0,9,0,0,212,107,69,29,0,3,0
20,11608,נחף,522,7.2,1,0,737,360,3,357,8,0,0,28,2,0,142,132,45,0,0,0,0
20,11609,נחף,522,8.0,8,0,722,389,2,387,1,0,0,4,2,0,152,173,45,0,3,6,1
20,11610,נחף,522,9.1,6,0,712,410,0,410,7,0,0,25,2,10,179,138,24,0,16,0,9
20,11611,נחף,522,9.2,6,0,712,367,3,364,10,0,0,28,10,0,168,106,23,1,0,18,0
20,11612,נחף,522,13.1,9,0,718,369,3,366,0,0,0,19,0,0,190,101,54,0,0,1,1
20,11613,נחף,522,13.2,9,0,718,375,3,372,0,0,0,5,0,0,170,140,47,0,0,10,0
20,11614,נחף,522,13.3,9,0,718,391,2,389,1,20,5,17,1,0,186,138,18,0,0,1,2
20,11615,נחף,522,14.1,2,0,662,348,1,347,6,3,2,29,0,0,152,112,35,0,0,8,0
20,11616,נחף,522,14.2,2,0,662,380,4,376,0,0,0,44,1,2,163,86,80,0,0,0,0
20,11617,נחף,522,14.3,2,0,662,361,5,356,2,0,0,16,0,0,195,91,52,0,0,0,0
20,11618,נחף,522,14.4,2,0,659,328,2,326,0,1,0,24,0,0,147,124,28,0,0,2,0
13,6855,ניר גלים,720,1.0,2,0,714,531,2,529,91,43,3,3,39,0,0,0,0,61,123,125,41
5,1993,נצרת,7300,7.1,2,0,708,318,1,317,21,1,0,10,0,0,204,29,43,0,0,9,0
5,1994,נצרת,7300,7.2,2,0,708,337,8,329,2,12,0,30,0,0,208,23,29,0,0,25,0
5,1995,נצרת,7300,7.3,2,0,708,285,1,284,2,16,6,27,0,0,157,39,32,0,1,4,0
5,1996,נצרת,7300,7.4,2,0,708,314,3,311,17,18,2,24,2,0,184,23,23,0,9,9,0
5,1997,נצרת,7300,7.5,2,1,706,383,1,382,3,15,0,28,1,0,284,11,13,0,0,27,0
5,1998,נצרת,7300,9.1,24,0,625,275,8,267,0,0,14,27,0,0,182,13,30,0,0,0,1
5,1999,נצרת,7300,9.2,24,0,625,238,3,235,1,2,0,16,4,0,121,47,38,0,2,3,1
5,2000,נצרת,7300,9.3,24,0,625,286,2,284,20,4,0,10,0,0,130,51,52,1,9,3,4
5,2001,נצרת,7300,9.4,24,0,624,304,3,301,1,4,0,31,0,0,204,19,32,0,2,8,0
5,2002,נצרת,7300,11.1,26,0,700,326,3,323,4,0,0,32,0,0,171,55,60,0,0,0,1
5,2003,נצרת,7300,11.2,26,0,700,314,4,310,2,1,0,31,0,1,158,72,43,0,0,2,0
5,2004,נצרת,7300,11.3,26,0,700,334,4,330,12,2,0,31,0,10,130,66,74,0,0,5,0
5,2005,נצרת,7300,11.4,26,0,700,289,5,284,0,5,0,12,0,0,145,92,29,0,0,1,0
5,2006,נצרת,7300,15.1,11,0,726,281,8,273,0,0,5,20,0,0,82,109,56,0,0,1,0
5,2007,נצרת,7300,15.2,11,0,726,329,3,326,0,0,0,10,0,0,95,159,61,0,0,1,0
5,2008,נצרת,7300,15.3,11,0,726,225,4,221,6,2,0,5,1,0,113,65,29,0,0,0,0
5,2009,נצרת,7300,15.4,11,0,726,272,2,270,0,1,0,15,0,0,82,101,67,0,0,2,2
5,2010,נצרת,7300,15.5,11,0,726,258,5,253,0,1,1,9,0,0,133,51,55,0,0,3,0
5,2011,נצרת,7300,15.6,11,0,726,305,5,300,0,1,0,14,0,0,114,111,60,0,0,0,0
5,2012,נצרת,7300,15.7,11,0,726,256,1,255,4,0,2,16,0,5,134,61,31,0,0,2,0
5,2013,נצרת,7300,15.8,11,0,726,265,3,262,0,0,0,8,0,0,64,133,57,0,0,0,0
5,2014,נצרת,7300,15.9,11,0,725,280,4,276,0,1,0,14,0,0,97,114,49,1,0,0,0
5,2015,נצרת,7300,16.1,3,0,713,341,3,338,0,7,6,20,0,2,213,40,34,0,2,14,0
5,2016,נצרת,7300,16.2,3,0,713,362,3,359,7,2,0,20,0,42,205,37,40,0,1,4,1
5,2017,נצרת,7300,16.3,3,0,713,312,1,311,3,9,10,21,0,0,181,50,32,0,1,3,1
5,2018,נצרת,7300,16.4,3,0,713,377,1,376,5,14,0,16,0,0,241,42,39,0,7,12,0
5,2019,נצרת,7300,16.5,3,0,713,309,3,306,3,10,1,24,0,0,176,51,37,0,1,3,0
5,2020,נצרת,7300,16.6,3,0,707,357,1,356,15,23,2,29,0,0,219,24,31,0,0,13,0
5,2021,נצרת,7300,18.0,16,0,666,229,2,227,1,16,0,7,0,0,149,25,23,0,2,4,0
5,2022,נצרת,7300,21.0,10,0,675,324,3,321,10,9,6,29,0,0,180,45,27,0,3,8,4
5,2023,נצרת,7300,24.1,7,0,740,331,2,329,0,18,0,10,0,0,198,63,23,8,0,8,1
5,2024,נצרת,7300,24.2,7,0,740,337,2,335,15,6,0,23,0,0,149,74,64,3,0,1,0
5,2025,נצרת,7300,27.1,41,0,594,234,1,233,0,2,0,20,0,0,151,35,24,0,1,0,0
5,2026,נצרת,7300,27.2,41,0,594,225,3,222,1,6,0,10,0,0,116,56,33,0,0,0,0
5,2027,נצרת,7300,27.3,41,0,592,231,4,227,13,4,0,31,0,0,74,69,30,0,3,3,0
5,2028,נצרת,7300,28.0,46,0,691,326,1,325,2,6,0,10,0,2,217,51,34,0,0,2,1
5,2029,נצרת,7300,29.0,21,0,633,318,2,316,8,8,3,24,0,0,230,26,11,0,0,4,2
5,2030,נצרת,7300,35.1,18,0,699,316,5,311,0,3,0,19,0,0,122,104,63,0,0,0,0
5,2031,נצרת,7300,35.2,18,0,699,292,4,288,0,0,0,21,0,0,125,72,68,0,0,1,1
5,2032,נצרת,7300,35.3,18,0,699,276,3,273,0,0,0,12,0,0,105,102,54,0,0,0,0
5,2033,נצרת,7300,35.4,18,0,699,306,2,304,0,0,0,11,0,0,143,91,59,0,0,0,0
5,2034,נצרת,7300,35.5,18,0,696,315,0,315,0,2,0,22,0,0,175,66,49,0,0,1,0
5,2035,נצרת,7300,36.1,4,0,603,342,1,341,0,0,0,27,0,0,177,77,56,0,0,4,0
5,2036,נצרת,7300,36.2,4,0,603,262,1,261,0,0,0,19,0,0,132,75,35,0,0,0,0
5,2037,נצרת,7300,36.3,4,0,603,274,4,270,3,0,0,16,0,0,90,122,33,0,6,0,0
5,2038,נצרת,7300,36.4,4,0,603,281,3,278,0,5,0,5,0,0,104,99,65,0,0,0,0
5,2039,נצרת,7300,36.5,4,0,600,298,2,296,0,0,0,15,0,0,150,94,37,0,0,0,0
5,2040,נצרת,7300,54.0,21,0,751,326,3,323,6,3,0,41,0,0,156,59,50,0,0,8,0
5,2041,נצרת,7300,55.0,22,0,720,318,6,312,5,7,0,17,0,0,161,76,43,1,0,2,0
5,2042,נצרת,7300,60.1,20,0,674,293,2,291,17,0,0,25,0,0,106,75,63,0,0,1,4
5,2043,נצרת,7300,60.2,20,0,674,304,5,299,9,0,0,29,0,0,145,61,48,0,0,0,7
5,2044,נצרת,7300,60.3,20,0,674,291,5,286,0,32,0,25,0,0,115,91,22,0,0,1,0
5,2045,נצרת,7300,60.4,20,0,674,354,5,349,2,2,0,15,0,0,173,119,24,0,0,14,0
5,2046,נצרת,7300,60.5,20,0,674,324,6,318,0,9,0,18,0,0,168,82,35,0,0,6,0
5,2047,נצרת,7300,60.6,20,0,672,287,0,287,4,8,1,27,0,0,84,135,18,5,0,5,0
5,2048,נצרת,7300,61.0,46,0,582,327,1,326,3,5,8,9,1,0,201,45,27,0,4,23,0
5,2049,נצרת,7300,69.1,31,0,619,314,0,314,0,0,0,18,1,0,169,76,49,0,0,1,0
5,2050,נצרת,7300,69.2,31,0,619,274,3,271,4,0,0,6,0,0,117,118,26,0,0,0,0
5,2051,נצרת,7300,69.3,31,0,619,232,5,227,0,0,0,5,0,0,73,113,36,0,0,0,0
5,2052,נצרת,7300,69.4,31,0,616,253,4,249,0,0,0,12,0,0,114,81,39,0,0,3,0
5,2053,נצרת,7300,70.1,45,0,520,156,1,155,0,2,0,8,1,0,77,40,24,0,0,3,0
5,2054,נצרת,7300,70.2,45,0,520,246,4,242,1,12,0,8,1,0,105,81,27,0,2,2,3
5,2055,נצרת,7300,70.3,45,0,519,214,1,213,3,0,0,18,0,0,90,61,41,0,0,0,0
5,2056,נצרת,7300,72.1,6,0,610,214,3,211,4,3,0,29,0,0,107,35,28,0,0,1,4
5,2057,נצרת,7300,72.2,6,0,610,270,2,268,10,2,0,31,0,1,72,89,50,1,0,9,3
5,2058,נצרת,7300,72.3,6,0,610,245,3,242,7,1,4,6,0,5,102,85,30,0,0,1,1
5,2059,נצרת,7300,72.4,6,0,608,257,1,256,20,4,0,6,0,4,121,64,33,0,0,4,0
5,2060,נצרת,7300,74.0,38,0,619,313,4,309,0,0,20,21,0,3,146,67,49,0,0,3,0
5,2061,נצרת,7300,81.1,44,0,646,319,2,317,0,1,0,39,0,0,153,65,55,0,0,4,0
5,2062,נצרת,7300,81.2,44,0,646,318,1,317,3,3,0,23,0,0,164,83,35,0,3,3,0
5,2063,נצרת,7300,81.3,44,1,646,312,3,309,7,0,0,17,1,0,154,74,36,1,1,3,15
5,2064,נצרת,7300,81.4,44,0,646,279,1,278,1,3,0,11,0,0,125,79,56,0,0,3,0
5,2065,נצרת,7300,81.5,44,0,646,243,1,242,0,2,0,6,0,0,133,61,39,0,0,1,0
5,2066,נצרת,7300,81.6,44,0,643,334,11,323,3,6,2,14,0,0,169,66,59,1,3,0,0
5,2067,נצרת,7300,82.1,23,1,580,268,3,265,0,2,0,12,0,0,129,88,32,0,0,2,0
5,2068,נצרת,7300,82.2,23,0,580,212,2,210,0,1,0,8,0,0,114,44,43,0,0,0,0
5,2069,נצרת,7300,82.3,23,0,580,197,5,192,0,0,0,15,0,0,38,99,39,0,0,1,0
5,2070,נצרת,7300,82.4,23,0,577,201,2,199,2,1,0,14,0,0,91,50,31,0,0,10,0
5,2071,נצרת,7300,84.1,1,0,671,358,2,356,2,0,0,19,3,0,172,114,40,0,4,1,1
5,2072,נצרת,7300,84.2,1,0,671,328,2,326,0,1,0,20,8,0,220,48,26,0,0,1,2
5,2073,נצרת,7300,84.3,1,0,671,338,4,334,2,8,1,29,0,0,177,63,41,0,0,13,0
5,2074,נצרת,7300,84.4,1,0,671,319,1,318,0,7,0,24,0,0,189,64,32,0,0,2,0
5,2075,נצרת,7300,84.5,1,0,671,335,3,332,1,3,0,8,0,0,184,92,31,0,0,13,0
5,2076,נצרת,7300,84.6,1,0,671,329,0,329,0,3,1,17,0,4,208,34,47,0,0,15,0
5,2077,נצרת,7300,85.0,39,0,384,152,2,150,0,0,0,4,0,0,86,19,41,0,0,0,0
5,2078,נצרת,7300,86.1,8,0,710,306,1,305,7,1,0,5,0,0,145,105,41,0,0,1,0
5,2079,נצרת,7300,86.2,8,0,710,325,5,320,1,2,0,31,0,1,155,83,39,0,2,6,0
5,2080,נצרת,7300,86.3,8,0,710,281,5,276,0,0,0,37,0,1,110,88,35,0,0,5,0
5,2081,נצרת,7300,86.4,8,0,710,278,2,276,1,0,4,8,0,0,109,86,52,8,0,1,7
5,2082,נצרת,7300,86.5,8,0,710,238,4,234,1,9,0,30,0,0,80,75,36,1,0,2,0
5,2083,נצרת,7300,86.6,8,0,710,272,5,267,1,0,0,12,0,0,126,96,31,0,0,1,0
5,2084,נצרת,7300,86.7,8,0,710,293,1,292,0,12,1,16,0,0,135,110,12,0,0,6,0
5,2085,נצרת,7300,88.0,38,0,692,372,4,368,1,3,0,36,1,0,217,25,63,0,0,19,3
5,2086,נצרת,7300,950.1,27,0,618,219,1,218,3,6,2,16,0,4,95,60,27,0,2,3,0
5,2087,נצרת,7300,950.2,27,0,618,282,3,279,0,1,0,45,0,0,90,86,48,0,0,8,1
5,2088,נצרת,7300,950.3,27,0,618,224,3,221,7,0,0,6,0,0,93,66,43,0,4,2,0
5,2089,נצרת,7300,950.4,27,0,618,249,0,249,1,1,0,13,0,0,76,107,42,0,3,6,0
2,892,נתיב הלה,693,1.0,1,0,539,426,0,426,12,102,26,113,0,0,0,0,0,0,1,160,12
17,9663,נתיב העשרה,1242,1.1,1,0,399,309,0,309,16,84,12,39,10,8,2,0,0,5,17,87,29
17,9664,נתיב העשרה,1242,1.2,1,0,399,314,1,313,38,51,35,45,0,1,0,5,0,12,12,77,37
3,1252,סאסא,578,1.0,1,0,445,339,0,339,0,46,14,167,2,0,0,0,11,0,6,91,2
5,1784,סולם,526,3.1,1,0,574,257,3,254,0,2,0,19,1,0,64,141,16,0,0,11,0
5,1785,סולם,526,3.2,1,0,574,305,3,302,0,0,6,11,0,0,102,139,33,0,6,4,1
5,1786,סולם,526,3.3,1,0,574,289,2,287,1,5,0,32,0,0,76,128,39,0,0,6,0
5,1787,סולם,526,3.4,1,0,574,270,0,270,0,1,0,30,0,0,94,116,25,0,0,4,0
20,11442,סלמה,1245,3.1,1,0,658,367,0,367,4,0,0,26,0,0,53,256,26,1,0,1,0
20,11443,סלמה,1245,3.2,1,0,658,301,6,295,10,6,0,29,3,0,32,195,8,0,0,10,2
20,11444,סלמה,1245,3.3,1,0,658,301,1,300,0,4,0,8,0,0,40,226,18,0,0,1,3
20,11445,סלמה,1245,3.4,1,0,655,316,2,314,2,6,0,4,0,0,81,202,11,4,3,1,0
18,9877,סעד,419,1.0,1,0,684,497,3,494,56,81,3,64,15,0,0,0,0,22,78,147,28
17,9666,עזריקם,817,1.0,1,0,500,352,0,352,141,17,1,21,58,0,0,6,0,12,47,37,12
17,9667,עזריקם,817,2.0,1,0,567,428,0,428,183,50,1,6,29,22,0,0,0,13,49,73,2
5,1788,עין חרוד איחוד,89,1.0,1,0,544,416,2,414,2,134,18,68,0,0,0,0,0,1,8,171,12
6,2756,עין יעקב,813,1.1,1,0,444,335,1,334,71,48,14,11,4,6,0,0,0,48,75,48,9
6,2757,עין יעקב,813,1.2,1,0,390,292,1,291,70,24,8,19,30,5,0,0,0,31,19,71,14
2,773,עלי,3765,1.0,3,0,601,416,1,415,53,26,0,0,1,0,0,0,0,96,163,76,0
2,774,עלי,3765,2.0,3,0,672,456,1,455,37,42,0,1,2,23,0,0,0,90,117,130,13
2,775,עלי,3765,3.0,3,0,621,419,0,419,75,21,0,0,0,1,0,0,0,96,170,54,2
2,776,עלי,3765,4.0,3,0,598,406,2,404,65,29,7,5,30,2,0,0,0,72,102,92,0
9,4143,עמיקם,773,1.0,1,0,589,440,0,440,27,79,42,58,15,4,6,0,0,0,15,172,22
20,11446,עצמון שגב,917,1.0,1,0,550,371,0,371,29,121,35,76,1,0,0,0,0,0,0,84,25
20,11447,עצמון שגב,917,2.0,1,0,528,406,1,405,9,92,50,106,0,0,1,0,0,2,3,111,31
4,1540,פוריה  נווה עובד,1105,1.0,1,0,541,349,0,349,138,19,4,6,31,0,0,0,0,31,47,58,15
4,1541,פוריה  נווה עובד,1105,2.0,1,0,593,376,0,376,70,72,1,38,18,1,0,0,0,18,69,67,22
4,1542,פוריה עילית,1313,1.0,1,0,413,260,0,260,49,40,12,29,0,1,13,0,0,5,39,70,2
4,1543,פוריה עילית,1313,2.0,1,0,597,365,4,361,106,41,11,10,43,3,3,0,1,10,30,100,3
6,2802,פקיעין בוקייעה,536,1.0,4,0,645,395,1,394,9,9,43,75,0,0,167,7,30,0,1,51,2
6,2803,פקיעין בוקייעה,536,2.1,1,0,505,296,2,294,13,16,109,38,0,0,32,33,0,0,0,47,6
6,2804,פקיעין בוקייעה,536,2.2,1,0,505,313,1,312,13,39,70,17,0,0,80,11,3,0,0,74,5
6,2805,פקיעין בוקייעה,536,2.3,1,0,505,320,5,315,20,18,61,16,0,0,93,15,11,0,0,76,5
6,2806,פקיעין בוקייעה,536,3.1,3,0,713,419,5,414,14,70,159,19,0,0,40,1,22,0,0,79,10
6,2807,פקיעין בוקייעה,536,3.2,3,0,712,461,4,457,14,71,108,42,0,0,112,0,5,0,0,94,11
6,2808,פקיעין בוקייעה,536,4.0,2,0,677,404,8,396,22,35,88,63,0,0,76,2,21,0,3,74,12
6,2809,פקיעין בוקייעה,536,5.0,2,0,725,474,8,466,7,78,95,102,0,0,50,19,27,0,0,68,20
2,795,צור הדסה,1113,6.1,3,1,748,558,2,556,161,76,28,61,35,11,0,2,0,47,45,70,20
2,796,צור הדסה,1113,6.2,3,0,748,561,3,558,140,129,44,49,7,6,0,0,0,17,23,117,26
2,797,צור הדסה,1113,6.3,3,0,748,581,2,579,79,131,36,53,19,1,0,0,0,19,101,126,14
2,798,צור הדסה,1113,6.4,3,0,748,554,1,553,146,84,11,50,12,11,17,0,0,18,59,142,3
2,799,צור הדסה,1113,6.5,3,0,748,573,2,571,67,87,50,68,34,2,0,0,0,26,77,116,44
2,800,צור הדסה,1113,7.1,2,0,675,456,2,454,144,71,18,72,14,1,9,0,0,3,16,77,29
2,801,צור הדסה,1113,7.2,2,0,675,489,1,488,57,98,24,103,2,0,0,0,0,8,31,127,38
2,802,צור הדסה,1113,7.3,2,0,675,497,1,496,86,107,54,101,10,2,2,1,0,7,27,81,18
2,803,צור הדסה,1113,7.4,2,0,675,466,0,466,72,121,32,55,2,6,1,0,0,5,41,96,35
2,804,צור הדסה,1113,7.5,2,0,671,485,0,485,83,115,22,58,4,0,18,3,0,7,33,121,21
2,916,צרעה,567,1.0,2,0,461,307,1,306,18,77,6,57,0,0,13,42,3,0,4,72,14
2,917,צרעה,567,2.0,2,0,438,315,0,315,3,70,27,120,0,0,2,0,0,0,0,81,12
3,1424,קדמת צבי,4025,1.0,3,0,463,321,3,318,42,95,15,42,1,1,0,0,0,5,13,97,7
13,6757,קדרון,615,1.0,1,0,691,550,1,549,2,180,25,126,0,0,0,0,0,18,5,131,62
13,6758,קדרון,615,2.0,1,0,631,490,1,489,26,140,17,99,1,11,0,0,0,0,1,177,17
2,1150,קרית ארבע,3611,1.0,1,0,657,484,0,484,100,21,0,0,4,0,0,0,0,102,144,97,16
2,1151,קרית ארבע,3611,2.0,1,0,730,403,0,403,74,17,18,0,15,13,0,0,0,70,114,82,0
2,1152,קרית ארבע,3611,3.0,3,0,697,428,0,428,72,17,16,0,30,9,0,4,0,80,125,58,17
2,1153,קרית ארבע,3611,4.1,2,0,608,427,1,426,67,30,1,0,12,1,0,0,0,69,135,109,2
2,1154,קרית ארבע,3611,4.2,2,0,608,400,2,398,107,34,0,2,0,3,0,0,0,80,110,56,6
2,1155,קרית ארבע,3611,4.3,2,0,607,385,2,383,95,28,1,3,8,11,0,0,0,71,89,65,12
2,1156,קרית ארבע,3611,5.0,1,0,630,357,2,355,65,9,13,0,12,9,0,0,0,62,83,91,11
2,1157,קרית ארבע,3611,6.0,3,0,745,387,1,386,73,34,11,1,8,23,0,0,0,42,108,65,21
20,11335,ראמה,543,1.1,4,0,507,245,3,242,17,30,22,43,0,3,64,4,11,0,1,39,8
20,11336,ראמה,543,1.2,4,0,507,272,1,271,19,15,4,28,0,0,92,21,48,0,4,34,6
20,11337,ראמה,543,1.3,4,0,507,293,2,291,6,11,16,44,0,0,117,28,19,0,6,31,13
20,11338,ראמה,543,2.0,3,0,622,355,3,352,27,16,9,32,0,0,157,42,61,0,1,3,4
20,11339,ראמה,543,5.0,3,0,639,298,3,295,3,22,61,68,0,0,32,19,12,0,2,70,6
20,11340,ראמה,543,6.1,2,0,733,370,5,365,1,4,20,44,0,1,160,45,58,10,2,18,2
20,11341,ראמה,543,6.2,2,0,733,413,2,411,10,38,2,46,0,0,175,90,31,0,1,13,5
20,11342,ראמה,543,7.0,3,0,725,343,3,340,23,13,3,63,2,0,159,36,16,5,3,15,2
20,11343,ראמה,543,9.1,1,0,704,350,3,347,24,10,19,34,1,0,155,26,48,0,1,23,6
20,11344,ראמה,543,9.2,1,0,703,370,3,367,24,7,7,61,1,0,121,47,75,3,0,18,3
20,11345,ראמה,543,10.0,3,0,686,399,9,390,33,27,18,48,0,2,100,78,24,0,14,33,13
17,9518,רווחה,2051,1.0,1,0,446,360,1,359,111,9,1,0,79,7,0,0,0,39,60,52,1
5,1852,רוויה,2016,1.0,1,0,291,186,0,186,59,9,0,0,55,2,0,0,0,8,36,14,3
17,9669,רוחמה,362,1.0,1,0,591,424,1,423,17,143,12,101,0,0,1,0,0,3,5,125,16
5,1855,רחוב,854,1.0,1,0,361,243,1,242,106,24,0,5,35,3,0,0,0,13,24,24,8
19,11027,רמות השבים,206,1.0,1,0,700,558,0,558,33,114,33,149,1,7,13,0,0,1,8,148,51
19,11028,רמות השבים,206,2.0,1,0,586,467,2,465,30,128,42,109,2,1,0,0,0,0,3,147,3
8,3550,רמת יוחנן,178,1.0,1,0,496,336,1,335,6,67,42,101,1,3,1,0,0,2,4,93,15
8,3551,רמת יוחנן,178,2.0,1,0,431,329,1,328,15,81,5,94,0,0,0,0,0,7,2,117,7
3,1406,שדה נחמיה,329,2.1,1,0,442,316,1,315,14,78,12,73,0,0,8,0,0,19,19,77,15
3,1407,שדה נחמיה,329,2.2,1,0,441,318,0,318,20,70,17,68,0,10,1,18,0,1,3,99,11
18,9943,שדה צבי,2049,1.0,1,0,475,349,0,349,87,45,5,7,84,10,0,0,0,7,32,68,4
2,847,שורש,456,1.0,1,0,497,63,0,63,5,21,2,10,1,0,0,0,0,1,5,16,2
2,848,שורש,456,2.0,1,0,648,464,0,464,44,80,29,71,0,0,0,0,0,17,24,183,16
20,11483,שורשים,1235,1.0,1,0,490,356,1,355,43,54,11,89,4,0,6,0,0,4,10,119,15
4,1586,שער הגולן,264,1.0,1,0,527,401,0,401,9,46,18,126,0,0,12,0,0,0,0,156,34
17,9524,שפיר,692,1.0,1,0,607,468,1,467,132,95,34,17,15,3,5,0,0,48,24,82,12
10,4800,תל מונד,154,1.1,1,0,720,540,2,538,26,91,31,108,15,0,0,0,0,15,54,182,16
10,4801,תל מונד,154,1.2,1,0,720,546,2,544,45,107,51,80,1,1,0,0,0,1,18,228,12
10,4802,תל מונד,154,1.3,1,0,720,537,1,536,127,89,19,51,21,6,0,0,0,31,51,119,22
10,4803,תל מונד,154,1.4,1,0,720,550,0,550,38,141,38,77,27,5,0,0,0,8,14,191,11
10,4804,תל מונד,154,1.5,1,0,718,556,0,556,45,130,30,51,3,0,1,0,0,1,13,243,39
10,4805,תל מונד,154,2.0,2,0,721,524,2,522,86,87,4,42,49,29,0,0,0,30,60,122,13
10,4806,תל מונד,154,3.1,7,0,619,470,2,468,55,99,24,119,7,0,0,0,0,1,44,93,26
10,4807,תל מונד,154,3.2,7,0,619,475,3,472,35,133,55,53,2,0,2,0,0,5,4,163,20
10,4808,תל מונד,154,3.3,7,0,619,496,1,495,30,153,11,96,16,0,0,0,0,13,9,137,30
10,4809,תל מונד,154,3.4,7,0,619,485,0,485,93,146,15,56,5,5,0,0,0,10,7,130,18
10,4810,תל מונד,154,3.5,7,0,619,505,1,504,24,109,88,36,6,0,1,0,0,3,30,187,20
10,4811,תל מונד,154,4.0,8,0,554,368,1,367,98,51,2,24,24,8,0,0,0,20,46,73,21
10,4812,תל מונד,154,11.0,2,0,611,465,1,464,66,101,6,67,1,1,0,0,0,4,20,136,62
10,4813,תל מונד,154,15.1,6,0,698,526,1,525,101,92,22,80,1,11,2,0,0,3,16,188,9
10,4814,תל מונד,154,15.2,6,0,698,522,1,521,51,141,46,96,0,0,0,0,0,0,5,159,23
10,4815,תל מונד,154,15.3,6,0,697,529,4,525,25,128,28,103,25,1,0,0,0,2,8,183,22
10,4816,תל מונד,154,16.0,8,0,570,417,1,416,37,92,43,46,44,1,0,0,0,7,29,90,27
5,2245,תל עדשים,103,1.0,1,0,544,425,2,423,34,109,51,62,8,0,3,0,0,9,12,108,27
5,2246,תל עדשים,103,2.0,1,0,421,306,0,306,37,73,27,19,11,0,0,0,0,6,5,115,13
17,9677,תלמי יפה,744,1.0,1,0,565,417,0,417,88,66,9,57,13,9,0,0,0,10,24,133,8
2,918,תעוז,752,1.0,1,0,465,358,1,357,67,45,7,51,31,15,0,0,0,18,45,69,9
18,9947,תפרח,709,1.0,1,0,590,512,3,509,14,0,0,1,56,380,2,0,0,3,26,25,2
18,9948,תפרח,709,2.0,1,0,573,505,6,499,19,1,0,1,92,333,0,0,0,1,39,13,0
2,1139,תקוע,3563,1.0,3,0,732,506,2,504,85,33,31,1,2,3,0,0,0,63,180,105,1
2,1140,תקוע,3563,2.0,3,0,614,401,3,398,91,42,1,14,4,0,0,0,0,64,135,42,5
2,1141,תקוע,3563,3.0,3,0,538,371,3,368,70,18,1,3,3,3,4,0,0,87,126,53,0
2,1142,תקוע,3563,4.0,3,0,626,433,3,430,73,41,17,29,2,5,0,0,0,65,125,71,2
18,10597,אבו קורינאת שבט,968,5.1,1,0,729,198,3,195,0,0,0,22,4,0,21,145,3,0,0,0,0
18,10598,אבו קורינאת שבט,968,5.2,1,0,729,198,1,197,0,0,1,18,0,0,12,160,6,0,0,0,0
18,10599,אבו קורינאת שבט,968,5.3,1,0,729,267,1,266,0,0,0,17,4,0,33,208,4,0,0,0,0
18,10600,אבו קורינאת שבט,968,5.4,1,0,729,310,1,309,0,0,5,3,0,0,36,255,10,0,0,0,0
18,10601,אבו קורינאת שבט,968,5.5,1,0,725,206,0,206,3,0,0,4,0,0,15,166,17,0,0,1,0
18,10602,אבו קרינאת יישוב,1342,1.1,2,0,378,183,4,179,0,10,3,7,0,1,9,128,7,0,0,2,12
18,10603,אבו קרינאת יישוב,1342,1.2,2,0,377,160,1,159,0,4,3,7,0,0,10,130,3,0,0,2,0
18,10604,אבו תלול,1375,1.0,1,0,611,309,4,305,0,0,0,6,0,0,40,253,3,3,0,0,0
18,10605,אבו תלול,1375,2.0,1,0,616,323,2,321,0,7,0,12,0,0,72,221,9,0,0,0,0
17,9599,אביגדור,819,1.0,1,0,653,542,3,539,36,132,42,112,4,0,3,0,0,7,13,153,37
9,4053,אום אלפחם,2710,7.1,27,0,404,131,2,129,0,0,0,2,0,0,73,23,31,0,0,0,0
9,4054,אום אלפחם,2710,7.2,27,0,404,116,0,116,1,0,0,8,0,0,59,21,27,0,0,0,0
9,4055,אום אלפחם,2710,10.0,8,0,672,387,3,384,0,0,0,10,0,0,167,170,35,0,0,2,0
9,4057,אום אלפחם,2710,12.0,10,0,598,171,2,169,0,0,0,10,0,8,64,46,40,0,0,1,0
9,4058,אום אלפחם,2710,14.0,12,0,643,217,3,214,0,3,0,11,0,0,117,36,46,0,0,1,0
9,4059,אום אלפחם,2710,16.1,16,0,744,253,0,253,0,3,0,38,0,0,99,58,55,0,0,0,0
9,4060,אום אלפחם,2710,16.2,16,0,744,266,2,264,11,0,0,17,0,0,117,73,45,0,0,1,0
9,4061,אום אלפחם,2710,16.3,16,0,744,248,9,239,1,5,0,15,0,0,104,67,45,0,0,2,0
9,4062,אום אלפחם,2710,16.4,16,0,744,261,8,253,3,1,0,8,0,0,141,43,57,0,0,0,0
9,4063,אום אלפחם,2710,16.5,4,0,743,225,0,225,0,0,0,9,8,2,144,20,42,0,0,0,0
9,4064,אום אלפחם,2710,18.1,15,0,562,178,1,177,0,0,0,9,0,0,105,26,35,0,2,0,0
9,4065,אום אלפחם,2710,18.2,15,0,562,145,3,142,2,0,0,8,0,0,89,25,18,0,0,0,0
9,4066,אום אלפחם,2710,18.3,34,0,561,168,2,166,0,0,0,20,0,0,93,33,20,0,0,0,0
9,4067,אום אלפחם,2710,20.0,17,0,714,241,6,235,0,0,0,8,0,0,144,47,36,0,0,0,0
9,4068,אום אלפחם,2710,22.1,31,0,730,264,6,258,0,0,0,15,5,0,145,66,24,0,3,0,0
9,4069,אום אלפחם,2710,22.2,31,0,729,273,6,267,0,0,0,32,0,0,156,43,35,0,1,0,0
9,4070,אום אלפחם,2710,23.1,1,0,752,275,8,267,2,0,0,4,7,2,112,74,66,0,0,0,0
9,4071,אום אלפחם,2710,23.2,1,0,752,277,2,275,1,0,0,24,0,0,128,71,45,0,0,6,0
9,4072,אום אלפחם,2710,23.3,1,0,752,251,3,248,0,4,0,18,3,0,134,43,45,0,1,0,0
9,4073,אום אלפחם,2710,26.1,30,0,551,181,3,178,1,0,0,16,0,0,115,28,14,0,0,4,0
9,4074,אום אלפחם,2710,26.2,30,0,551,186,6,180,0,0,0,22,0,0,107,19,32,0,0,0,0
9,4075,אום אלפחם,2710,26.3,30,0,549,156,0,156,0,0,0,25,0,0,62,33,35,0,0,1,0
9,4076,אום אלפחם,2710,27.0,10,0,532,180,1,179,0,0,0,9,1,0,106,29,25,0,0,9,0
9,4077,אום אלפחם,2710,31.0,21,0,679,268,2,266,3,0,0,21,0,0,145,65,32,0,0,0,0
9,4078,אום אלפחם,2710,32.1,13,0,686,230,2,228,0,0,0,33,0,0,90,74,31,0,0,0,0
9,4079,אום אלפחם,2710,32.2,13,0,686,225,2,223,3,1,0,6,0,0,100,47,59,0,0,7,0
9,4080,אום אלפחם,2710,32.3,13,0,685,277,3,274,0,0,0,22,0,0,136,70,45,0,0,1,0
9,4081,אום אלפחם,2710,33.0,8,0,675,286,0,286,0,0,0,5,0,0,143,76,56,0,0,0,6
9,4082,אום אלפחם,2710,34.1,26,0,672,221,5,216,1,1,0,12,0,0,104,29,69,0,0,0,0
9,4083,אום אלפחם,2710,34.2,26,0,671,261,12,249,1,0,1,18,0,0,124,58,47,0,0,0,0
9,4084,אום אלפחם,2710,37.0,32,1,664,183,2,181,0,0,0,5,0,0,87,47,41,1,0,0,0
9,4085,אום אלפחם,2710,39.0,12,0,605,194,4,190,0,1,0,3,2,0,81,70,31,0,2,0,0
9,4086,אום אלפחם,2710,42.0,29,0,694,272,8,264,0,0,0,18,7,0,116,70,53,0,0,0,0
9,4087,אום אלפחם,2710,43.1,7,0,601,198,5,193,0,3,0,27,2,0,75,37,49,0,0,0,0
9,4088,אום אלפחם,2710,43.2,7,0,601,208,5,203,3,1,0,24,0,0,82,48,41,0,1,2,1
9,4089,אום אלפחם,2710,43.3,7,0,601,201,5,196,0,0,0,7,0,0,106,55,28,0,0,0,0
9,4090,אום אלפחם,2710,43.4,7,0,600,253,4,249,0,0,0,14,0,0,126,50,59,0,0,0,0
9,4091,אום אלפחם,2710,44.1,28,0,737,265,6,259,8,0,0,6,1,0,145,46,50,0,3,0,0
9,4092,אום אלפחם,2710,44.2,28,0,737,286,2,284,0,0,0,20,0,0,188,19,56,0,0,0,1
9,4093,אום אלפחם,2710,44.3,28,0,737,307,4,303,0,0,0,7,2,0,142,82,64,4,0,2,0
9,4094,אום אלפחם,2710,44.4,28,0,736,286,1,285,0,0,6,13,0,0,124,73,63,0,0,6,0
9,4095,אום אלפחם,2710,45.1,5,0,601,214,4,210,14,0,0,13,0,0,113,28,42,0,0,0,0
9,4096,אום אלפחם,2710,45.2,5,0,601,195,3,192,0,0,0,14,0,0,87,51,40,0,0,0,0
9,4097,אום אלפחם,2710,45.3,5,0,601,239,0,239,0,8,0,14,0,0,94,64,59,0,0,0,0
9,4098,אום אלפחם,2710,45.4,5,0,598,209,0,209,0,0,0,7,0,0,132,33,37,0,0,0,0
9,4099,אום אלפחם,2710,47.0,12,0,722,186,2,184,0,0,0,23,0,0,105,26,25,0,0,0,5
9,4100,אום אלפחם,2710,49.0,29,0,692,261,8,253,0,0,0,7,0,0,159,67,20,0,0,0,0
9,4101,אום אלפחם,2710,50.0,17,0,618,223,8,215,0,0,0,13,2,0,130,40,30,0,0,0,0
9,4102,אום אלפחם,2710,51.1,3,0,642,216,1,215,0,1,0,34,0,0,109,42,27,0,2,0,0
9,4103,אום אלפחם,2710,51.2,3,0,642,237,1,236,0,0,0,5,0,0,120,85,26,0,0,0,0
9,4104,אום אלפחם,2710,51.3,3,0,642,206,3,203,0,0,0,7,0,0,109,48,39,0,0,0,0
9,4105,אום אלפחם,2710,51.4,3,0,642,219,0,219,0,0,0,12,0,0,128,51,28,0,0,0,0
9,4106,אום אלפחם,2710,51.5,3,0,642,223,4,219,1,2,0,13,1,0,93,67,42,0,0,0,0
9,4107,אום אלפחם,2710,51.6,36,0,640,196,1,195,0,2,0,18,0,0,61,68,41,0,0,5,0
9,4108,אום אלפחם,2710,52.0,33,0,668,214,2,212,0,0,0,10,0,0,108,48,46,0,0,0,0
9,4109,אום אלפחם,2710,55.0,8,0,682,235,3,232,2,0,0,6,0,12,137,50,21,0,0,4,0
9,4110,אום אלפחם,2710,56.1,4,0,679,202,5,197,0,0,0,13,0,0,116,25,43,0,0,0,0
9,4111,אום אלפחם,2710,56.2,4,0,679,193,3,190,2,1,0,37,0,0,90,41,19,0,0,0,0
9,4112,אום אלפחם,2710,56.3,4,0,679,215,3,212,4,0,0,13,0,0,130,38,27,0,0,0,0
9,4113,אום אלפחם,2710,56.4,4,0,679,250,6,244,0,2,0,16,1,0,132,49,44,0,0,0,0
9,4114,אום אלפחם,2710,57.0,33,0,655,185,3,182,0,0,0,12,0,0,81,38,50,0,1,0,0
9,4115,אום אלפחם,2710,59.0,29,0,607,196,4,192,0,0,0,9,2,0,97,48,35,1,0,0,0
17,9601,אורות,2012,1.0,1,0,476,365,2,363,24,83,45,94,1,0,1,0,0,0,18,93,4
6,2471,אילון,294,1.0,1,0,421,328,0,328,32,48,27,124,1,1,0,0,1,3,17,69,5
6,2472,אילון,294,2.0,1,0,522,394,0,394,64,81,22,88,0,0,0,0,0,0,11,90,38
13,6586,אירוס,1336,1.0,1,0,571,462,0,462,45,108,34,64,2,1,0,0,0,9,32,129,38
3,1413,אלרום,4003,1.0,1,0,416,307,1,306,13,46,25,75,0,0,2,0,0,0,8,123,14
5,2144,אלון הגליל,1182,1.0,2,0,494,373,0,373,11,76,9,142,0,4,3,0,0,1,2,116,9
5,2145,אלון הגליל,1182,2.0,2,0,435,331,1,330,12,60,54,53,0,0,0,2,0,8,0,112,29
5,2090,אלוני אבא,429,1.1,1,0,400,308,0,308,6,80,29,68,2,0,0,0,0,0,3,94,26
5,2091,אלוני אבא,429,1.2,1,0,400,308,0,308,9,71,31,53,2,0,1,0,2,3,0,111,25
5,2247,אליקים,682,1.0,1,0,670,458,2,456,139,19,6,4,66,8,0,0,0,14,96,71,33
3,1233,אמירים,1064,1.0,2,0,675,425,1,424,11,96,14,117,3,24,8,0,0,3,17,90,41
4,1507,אמנון,1253,1.0,1,0,379,257,0,257,75,48,4,20,11,1,0,0,0,8,30,56,4
5,1794,ארגמן,3598,1.0,1,0,130,78,2,76,16,9,3,2,4,0,0,0,0,10,16,14,2
17,9606,ארז,714,1.0,1,0,508,367,1,366,4,109,24,83,0,2,0,0,0,0,1,132,11
2,899,אשתאול,740,1.1,1,0,407,293,1,292,51,34,5,15,36,4,0,0,0,31,43,62,11
2,900,אשתאול,740,1.2,1,0,406,323,0,323,87,20,15,38,47,9,0,0,0,19,35,50,3
9,3820,באקה אלגרביה,6000,2.1,3,0,746,324,3,321,1,0,0,21,0,0,96,108,88,3,0,4,0
9,3821,באקה אלגרביה,6000,2.2,3,0,745,311,4,307,0,1,0,21,0,0,85,115,73,0,0,9,3
9,3822,באקה אלגרביה,6000,3.0,10,0,728,347,5,342,0,0,0,12,0,0,137,100,93,0,0,0,0
9,3823,באקה אלגרביה,6000,5.1,12,0,743,307,6,301,0,1,0,11,0,1,127,104,56,0,0,1,0
9,3824,באקה אלגרביה,6000,5.2,12,0,743,295,6,289,2,0,0,44,0,0,92,97,40,0,0,13,1
9,3825,באקה אלגרביה,6000,5.3,12,0,741,367,4,363,0,2,0,24,0,0,182,65,89,0,0,1,0
9,3826,באקה אלגרביה,6000,6.1,13,0,732,294,4,290,0,1,0,12,0,0,83,97,90,0,0,7,0
9,3827,באקה אלגרביה,6000,6.2,13,0,732,289,13,276,0,0,0,6,0,0,86,113,69,0,0,2,0
9,3828,באקה אלגרביה,6000,6.3,13,0,732,304,2,302,0,0,0,9,0,0,129,49,109,0,4,2,0
9,3829,באקה אלגרביה,6000,6.4,13,0,731,336,6,330,0,1,0,18,0,0,136,83,92,0,0,0,0
9,3830,באקה אלגרביה,6000,8.0,7,0,663,317,3,314,0,4,0,3,0,1,118,80,100,0,0,8,0
9,3831,באקה אלגרביה,6000,9.0,7,0,732,296,1,295,0,0,0,20,0,0,149,74,42,0,2,8,0
9,3832,באקה אלגרביה,6000,11.0,10,0,743,329,6,323,3,2,0,21,0,0,143,97,53,0,0,4,0
9,3833,באקה אלגרביה,6000,14.0,4,0,716,324,4,320,1,0,2,19,0,0,119,72,97,0,0,10,0
9,3834,באקה אלגרביה,6000,15.0,4,0,747,283,1,282,2,0,0,11,0,0,145,52,66,0,0,6,0
9,3835,באקה אלגרביה,6000,16.0,11,0,729,331,3,328,0,10,0,18,0,0,147,69,70,0,0,5,9
9,3836,באקה אלגרביה,6000,18.1,8,0,751,359,2,357,0,0,0,12,0,0,150,86,87,0,1,21,0
9,3837,באקה אלגרביה,6000,18.2,8,0,751,314,14,300,0,0,0,10,0,0,201,31,58,0,0,0,0
9,3838,באקה אלגרביה,6000,18.3,8,0,750,303,4,299,0,0,0,3,0,0,141,100,55,0,0,0,0
9,3839,באקה אלגרביה,6000,21.0,4,0,705,298,5,293,0,6,4,12,1,0,131,72,64,0,0,3,0
9,3840,באקה אלגרביה,6000,22.0,7,0,679,304,3,301,0,5,0,20,0,0,115,82,77,0,0,2,0
9,3841,באקה אלגרביה,6000,24.0,4,0,720,304,0,304,0,0,0,8,0,0,97,80,119,0,0,0,0
9,3842,באקה אלגרביה,6000,25.1,2,0,516,253,2,251,0,0,0,30,0,0,97,67,51,0,1,5,0
9,3843,באקה אלגרביה,6000,25.2,2,0,516,243,3,240,0,0,1,6,0,0,104,54,75,0,0,0,0
9,3844,באקה אלגרביה,6000,25.3,2,0,514,246,3,243,0,0,0,21,0,0,88,60,74,0,0,0,0
9,3845,באקה אלגרביה,6000,27.1,9,0,521,222,3,219,0,4,1,15,0,0,96,62,37,0,0,4,0
9,3846,באקה אלגרביה,6000,27.2,9,0,521,219,2,217,0,0,1,24,0,0,78,66,44,0,0,4,0
9,3847,באקה אלגרביה,6000,27.3,9,0,519,238,5,233,0,0,0,14,0,0,127,55,35,0,0,1,1
9,3848,באקה אלגרביה,6000,30.1,6,0,605,247,8,239,0,6,0,14,0,0,102,61,53,0,0,3,0
9,3849,באקה אלגרביה,6000,30.2,6,0,605,234,11,223,0,0,0,13,0,0,73,68,69,0,0,0,0
9,3850,באקה אלגרביה,6000,30.3,6,0,605,231,5,226,1,5,0,1,0,0,103,62,52,0,0,1,1
9,3851,באקה אלגרביה,6000,30.4,6,0,605,250,6,244,0,0,0,18,0,1,92,50,82,0,1,0,0
9,3852,באקה אלגרביה,6000,30.5,6,0,602,252,1,251,0,0,0,16,0,0,97,81,57,0,0,0,0
17,9607,באר גנים,1376,1.0,1,0,562,431,0,431,120,62,0,3,101,15,0,0,0,15,41,66,8
17,9608,באר גנים,1376,2.0,1,0,698,552,1,551,88,121,1,19,78,3,0,0,0,84,102,39,16
3,1234,ביריה,368,1.0,1,0,687,462,1,461,89,21,9,8,105,12,0,0,0,54,81,79,3
5,1797,בית השיטה,242,1.0,1,0,596,425,2,423,24,78,42,108,0,0,0,0,0,0,24,120,27
5,1798,בית השיטה,242,2.0,1,0,534,411,2,409,11,125,14,113,6,0,0,0,0,8,12,103,17
13,6653,בית חלקיה,2033,1.0,1,0,520,428,4,424,4,4,0,1,68,330,0,0,0,1,16,0,0
12,5910,בית חשמונאי,1050,2.1,1,0,547,415,1,414,45,104,16,54,7,0,0,0,0,11,16,103,58
12,5911,בית חשמונאי,1050,2.2,1,0,547,431,0,431,86,68,5,43,13,1,0,0,0,15,41,135,24
12,5912,בית חשמונאי,1050,2.3,1,0,545,433,0,433,23,127,15,59,2,0,1,0,0,33,37,124,12
12,5914,בית עוזיאל,301,1.0,1,0,515,380,1,379,98,58,11,2,23,0,0,0,0,25,71,84,7
4,1509,בית קשת,365,1.0,1,0,533,393,2,391,17,70,9,125,0,1,1,0,0,0,1,150,17
5,1800,בית שאן,9200,1.1,5,0,502,305,2,303,133,15,10,1,36,0,0,5,0,16,38,36,13
5,1801,בית שאן,9200,1.2,5,0,502,323,4,319,97,23,13,2,80,17,0,0,0,19,23,25,20
5,1802,בית שאן,9200,1.3,5,0,502,294,0,294,104,22,7,10,38,2,0,2,0,25,37,43,4
5,1803,בית שאן,9200,3.0,22,0,729,474,3,471,161,6,1,12,157,25,0,0,0,8,79,16,6
5,1804,בית שאן,9200,4.0,8,0,587,396,1,395,133,17,2,4,121,5,0,0,0,12,49,51,1
5,1805,בית שאן,9200,5.0,4,0,660,418,1,417,85,43,16,3,145,22,0,3,0,14,31,44,11
5,1806,בית שאן,9200,6.1,1,0,689,447,1,446,127,47,4,12,106,11,0,0,0,20,50,57,12
5,1807,בית שאן,9200,6.2,1,0,689,461,0,461,98,46,1,7,116,11,0,0,0,24,76,82,0
5,1808,בית שאן,9200,7.0,17,0,496,329,2,327,112,22,0,1,52,10,0,0,0,39,60,30,1
5,1809,בית שאן,9200,8.0,17,0,493,357,0,357,58,20,17,1,144,7,0,0,0,31,20,49,10
5,1810,בית שאן,9200,9.0,19,0,590,367,1,366,93,9,0,0,134,4,0,0,0,18,65,40,3
5,1811,בית שאן,9200,13.0,15,0,475,297,0,297,80,37,11,1,74,2,0,0,0,28,24,33,7
5,1812,בית שאן,9200,17.0,14,0,628,407,2,405,126,57,13,6,107,10,0,0,0,9,60,16,1
5,1813,בית שאן,9200,18.0,16,0,629,374,3,371,70,42,18,2,111,17,0,0,0,6,42,35,28
5,1814,בית שאן,9200,20.1,3,0,713,453,1,452,114,10,0,0,145,20,0,0,0,41,43,72,7
5,1815,בית שאן,9200,20.2,3,0,713,459,2,457,136,61,3,6,134,4,0,0,0,4,40,68,1
5,1816,בית שאן,9200,21.0,4,0,447,269,1,268,98,8,0,1,109,1,0,0,0,3,25,19,4
5,1817,בית שאן,9200,22.1,12,0,677,460,0,460,140,50,0,12,121,2,0,0,0,22,83,28,2
5,1818,בית שאן,9200,22.2,12,0,677,451,3,448,150,51,10,13,77,5,0,0,0,30,47,44,21
5,1819,בית שאן,9200,22.3,12,0,677,424,1,423,165,57,8,0,100,6,0,0,0,25,21,20,21
5,1820,בית שאן,9200,22.4,12,0,677,456,1,455,97,58,3,11,57,15,0,0,0,51,77,79,7
5,1821,בית שאן,9200,23.0,17,0,543,385,1,384,123,16,6,3,131,10,0,0,0,20,38,27,10
5,1822,בית שאן,9200,25.1,20,0,649,473,1,472,171,38,0,1,75,9,0,0,0,26,42,81,29
5,1823,בית שאן,9200,25.2,20,0,649,483,1,482,137,48,17,4,64,39,0,0,0,31,75,50,17
5,1824,בית שאן,9200,25.3,20,0,649,477,0,477,122,40,0,4,88,42,0,0,0,51,46,80,4
5,1825,בית שאן,9200,25.4,20,0,647,471,0,471,190,19,1,1,112,6,0,0,0,19,83,35,5
11,5387,בני עטרות,448,1.0,1,0,648,547,0,547,19,87,85,90,48,0,0,0,0,8,2,182,26
3,1237,ברעם,667,1.0,1,0,588,429,2,427,3,85,6,214,0,0,3,0,0,0,8,94,14
11,5388,ברקת,2038,2.1,1,0,648,514,0,514,100,11,0,1,106,37,0,0,0,74,119,57,9
11,5389,ברקת,2038,2.2,1,0,647,505,1,504,103,19,0,0,43,9,0,0,0,131,139,54,6
17,9620,בת הדר,1323,1.0,1,0,549,424,2,422,82,57,25,58,24,0,0,0,3,16,19,120,18
9,3854,גת,628,1.0,1,0,692,245,8,237,0,0,0,5,0,0,84,88,60,0,0,0,0
9,3855,גת,628,3.0,3,0,676,198,3,195,0,0,0,18,0,0,68,46,63,0,0,0,0
9,3856,גת,628,5.0,3,0,657,233,5,228,0,8,0,10,0,0,75,56,69,1,0,9,0
9,3857,גת,628,6.1,5,0,713,292,1,291,0,0,0,22,0,0,128,64,76,0,0,1,0
9,3858,גת,628,6.2,5,0,713,253,0,253,0,2,0,22,0,0,96,52,80,0,0,1,0
9,3859,גת,628,6.3,5,0,713,226,6,220,0,0,0,12,0,0,138,58,9,0,0,3,0
9,3860,גת,628,6.4,5,0,712,273,4,269,0,0,0,25,0,0,94,91,57,0,0,2,0
9,3861,גת,628,7.0,3,0,743,257,4,253,1,0,0,22,0,0,114,70,46,0,0,0,0
9,3862,גת,628,10.0,1,0,712,268,3,265,0,1,0,7,0,0,119,48,89,0,0,1,0
9,3863,גת,628,11.1,4,0,530,198,1,197,0,0,0,5,0,0,110,50,32,0,0,0,0
9,3864,גת,628,11.2,4,0,530,196,3,193,2,0,0,9,0,0,107,37,38,0,0,0,0
9,3865,גת,628,11.3,4,0,528,190,3,187,2,0,0,9,0,0,60,69,47,0,0,0,0
9,3866,גת,628,13.1,2,0,715,259,4,255,0,0,0,14,0,0,96,86,59,0,0,0,0
9,3867,גת,628,13.2,2,0,714,278,5,273,3,0,0,20,0,0,102,84,64,0,0,0,0
11,5391,גבעת כח,802,1.0,1,0,688,522,1,521,102,96,14,37,26,5,0,0,0,34,99,84,24
3,1306,גדות,35,1.0,1,0,405,287,0,287,4,60,22,68,0,0,0,0,0,4,0,126,3
17,9624,גיאה,706,1.0,1,0,617,471,1,470,61,132,21,83,3,15,0,0,0,16,20,104,15
5,2151,הושעיה,1186,2.1,1,0,519,366,0,366,130,80,8,7,11,7,0,0,0,12,39,65,7
5,2152,הושעיה,1186,2.2,1,0,519,358,0,358,80,42,6,8,2,1,0,0,0,42,63,89,25
5,2153,הושעיה,1186,2.3,1,0,519,374,0,374,22,64,32,42,1,0,0,0,0,13,53,142,5
15,7866,הרצליה,6400,83.1,44,0,745,522,3,519,35,128,74,113,39,4,0,0,0,13,12,90,11
15,7867,הרצליה,6400,83.2,44,0,745,517,1,516,47,197,55,40,1,5,1,0,0,7,15,146,2
15,7868,הרצליה,6400,83.3,44,0,745,537,1,536,34,178,25,44,21,1,2,0,0,3,12,207,9
15,7869,הרצליה,6400,83.4,44,0,745,487,3,484,27,144,57,46,8,0,0,0,0,1,18,164,19
15,7870,הרצליה,6400,83.5,44,0,745,514,0,514,15,137,17,120,18,2,0,9,0,1,18,160,17
15,7871,הרצליה,6400,83.6,44,0,745,528,2,526,35,103,42,124,2,1,3,0,0,18,10,166,22
15,7872,הרצליה,6400,89.1,23,0,673,283,1,282,48,62,27,34,30,1,0,0,0,2,21,56,1
15,7873,הרצליה,6400,89.2,23,0,673,334,2,332,42,53,43,58,6,0,1,0,1,0,17,94,17
15,7874,הרצליה,6400,89.3,23,0,673,300,0,300,26,95,26,23,3,5,0,0,0,11,14,92,5
15,7875,הרצליה,6400,89.4,23,0,673,332,0,332,70,85,10,40,2,1,0,0,0,4,11,94,15
15,7876,הרצליה,6400,89.5,23,0,673,308,2,306,41,70,9,53,6,7,1,0,0,0,9,104,6
15,7877,הרצליה,6400,89.6,23,0,672,319,2,317,33,55,27,31,4,5,0,13,2,3,4,118,22
15,7878,הרצליה,6400,94.1,18,1,748,470,3,467,56,112,46,71,5,1,10,0,0,4,22,130,10
15,7879,הרצליה,6400,94.2,18,0,748,494,4,490,80,79,42,96,6,0,0,2,0,1,4,154,26
15,7880,הרצליה,6400,94.3,18,0,746,439,3,436,77,94,30,106,1,0,0,0,0,5,31,82,10
15,7881,הרצליה,6400,107.1,51,0,585,358,1,357,37,59,48,73,4,8,1,0,0,9,6,109,3
15,7882,הרצליה,6400,107.2,51,0,585,361,1,360,59,64,33,60,13,0,0,0,0,4,11,99,17
15,7883,הרצליה,6400,107.3,51,0,585,314,2,312,36,58,39,55,9,3,5,0,0,10,13,65,19
15,7884,הרצליה,6400,136.1,13,0,618,347,1,346,46,55,43,21,17,5,1,6,0,3,6,135,8
15,7885,הרצליה,6400,136.2,13,0,618,372,0,372,37,73,29,30,20,0,7,0,0,9,14,114,39
15,7886,הרצליה,6400,136.3,13,0,618,367,3,364,46,58,33,28,24,4,0,0,0,1,39,117,14
15,7887,הרצליה,6400,136.4,13,0,618,363,1,362,52,77,20,43,11,3,0,0,0,4,22,111,19
15,7888,הרצליה,6400,136.5,13,0,614,350,1,349,41,73,12,77,29,0,0,0,0,20,6,72,19
15,7889,הרצליה,6400,137.1,57,0,664,228,1,227,22,53,13,44,15,6,0,0,0,1,11,57,5
15,7890,הרצליה,6400,137.2,57,0,664,223,2,221,40,51,16,9,12,2,0,0,0,2,12,73,4
15,7891,הרצליה,6400,137.3,57,0,663,215,0,215,46,43,5,12,0,5,3,0,0,10,31,44,16
15,7892,הרצליה,6400,14.1,54,0,728,627,0,627,68,166,17,40,9,0,0,0,0,6,25,260,36
15,7893,הרצליה,6400,14.2,54,0,728,623,0,623,49,176,19,112,3,0,0,0,0,2,13,206,43
15,7894,הרצליה,6400,14.3,54,0,728,604,0,604,55,180,48,101,0,0,0,0,0,4,4,178,34
15,7895,הרצליה,6400,14.4,54,0,728,630,1,629,71,91,14,134,0,0,0,0,0,30,20,258,11
15,7896,הרצליה,6400,14.5,54,0,728,642,1,641,57,166,80,78,1,1,0,0,0,4,33,188,33
15,7897,הרצליה,6400,14.6,54,0,722,631,1,630,66,194,48,82,2,3,0,0,0,13,17,195,10
15,7898,הרצליה,6400,25.1,10,0,748,449,0,449,62,117,18,73,17,0,0,0,0,13,28,115,6
15,7899,הרצליה,6400,25.2,10,0,748,466,2,464,36,82,45,83,15,6,0,6,0,6,10,158,17
15,7900,הרצליה,6400,25.3,10,0,748,445,3,442,93,109,53,54,7,1,0,0,0,2,2,84,37
15,7901,הרצליה,6400,25.4,10,0,746,451,0,451,81,82,27,78,7,0,4,0,0,5,16,142,9
15,7902,הרצליה,6400,61.0,7,0,603,382,4,378,15,72,31,63,0,19,5,11,0,1,32,122,7
15,7903,הרצליה,6400,68.0,32,0,435,307,1,306,71,83,23,13,4,0,0,0,0,24,15,65,8
15,7904,הרצליה,6400,70.1,46,0,722,575,1,574,51,155,66,67,10,3,0,0,1,7,7,173,34
15,7905,הרצליה,6400,70.2,46,0,722,591,3,588,51,123,56,73,46,0,0,4,0,25,3,181,26
15,7906,הרצליה,6400,70.3,46,0,722,568,0,568,86,161,46,53,6,0,5,0,0,0,5,194,12
15,7907,הרצליה,6400,70.4,46,0,722,597,0,597,43,225,41,58,8,0,0,0,0,2,9,206,5
15,7908,הרצליה,6400,71.0,17,0,719,468,1,467,46,99,44,52,30,13,0,0,0,0,21,145,17
15,7909,הרצליה,6400,72.0,1,0,536,361,0,361,26,82,33,74,6,10,0,0,0,0,4,104,22
15,7910,הרצליה,6400,73.0,1,0,732,435,1,434,68,113,22,28,40,28,0,0,0,32,32,68,3
15,7911,הרצליה,6400,78.0,7,0,687,482,0,482,30,131,19,75,9,2,0,0,0,7,6,162,41
15,7912,הרצליה,6400,80.0,1,0,686,389,0,389,39,90,24,66,39,0,0,0,0,2,5,111,13
15,7913,הרצליה,6400,99.0,7,0,559,333,3,330,35,40,27,40,16,12,0,0,0,0,7,136,17
15,7914,הרצליה,6400,111.1,3,0,734,476,0,476,55,172,50,29,6,0,0,0,0,9,28,110,17
15,7915,הרצליה,6400,111.2,3,0,734,438,2,436,82,88,31,47,2,1,0,1,0,29,2,105,48
15,7916,הרצליה,6400,111.3,3,0,734,448,0,448,34,61,44,45,10,0,0,0,1,17,52,137,47
15,7917,הרצליה,6400,111.4,3,0,734,452,1,451,67,96,42,68,4,3,0,0,0,12,27,96,36
15,7918,הרצליה,6400,111.5,3,0,730,469,2,467,53,61,79,70,10,0,0,0,0,1,35,102,56
15,7919,הרצליה,6400,113.0,17,0,654,444,0,444,5,60,47,72,0,0,0,0,0,3,17,221,19
15,7920,הרצליה,6400,117.0,32,0,484,359,1,358,68,58,27,31,8,4,3,0,0,10,23,123,3
15,7921,הרצליה,6400,123.0,17,0,637,390,1,389,73,84,34,35,6,2,0,0,0,1,13,123,18
15,7922,הרצליה,6400,125.0,1,0,682,446,5,441,90,65,52,33,40,0,0,0,0,12,29,110,10
15,7923,הרצליה,6400,141.0,7,0,688,542,0,542,34,136,20,80,2,1,0,5,0,4,7,245,8
15,7924,הרצליה,6400,142.0,7,0,531,384,2,382,35,116,31,70,1,1,8,1,2,0,0,88,29
15,7925,הרצליה,6400,6.1,6,0,676,447,3,444,116,72,6,47,32,54,1,0,0,28,37,46,5
15,7926,הרצליה,6400,6.2,6,0,676,486,2,484,67,81,20,47,64,23,0,0,0,11,51,100,20
15,7927,הרצליה,6400,6.3,6,0,676,484,2,482,117,53,6,26,29,7,0,0,0,34,97,102,11
15,7928,הרצליה,6400,6.4,6,0,676,442,5,437,92,23,2,42,93,7,0,0,0,15,61,95,7
15,7929,הרצליה,6400,6.5,6,0,676,470,4,466,109,56,12,37,34,28,0,0,0,32,56,86,16
15,7930,הרצליה,6400,6.6,6,0,671,470,0,470,34,82,69,49,10,1,0,0,0,1,21,191,12
15,7931,הרצליה,6400,24.0,22,0,645,451,0,451,93,123,18,71,25,5,0,0,0,1,44,60,11
15,7932,הרצליה,6400,26.0,21,0,598,366,4,362,29,52,6,91,48,16,0,0,0,3,26,73,18
15,7933,הרצליה,6400,30.1,19,0,717,509,1,508,12,127,57,77,0,0,0,0,6,0,1,201,27
15,7934,הרצליה,6400,30.2,19,0,717,511,0,511,19,177,41,74,2,4,0,0,0,0,2,179,13
15,7935,הרצליה,6400,30.3,19,0,717,553,0,553,9,125,56,80,3,2,0,0,0,3,11,234,30
15,7936,הרצליה,6400,30.4,19,0,717,508,0,508,26,80,46,135,9,1,3,0,0,1,10,166,31
15,7937,הרצליה,6400,30.5,19,0,715,552,0,552,17,162,49,103,1,2,0,0,0,6,14,171,27
15,7938,הרצליה,6400,33.0,12,0,699,514,1,513,57,132,24,57,12,2,0,0,0,1,30,176,22
15,7939,הרצליה,6400,35.0,22,0,543,360,1,359,61,88,18,40,29,6,0,0,0,8,15,85,9
15,7940,הרצליה,6400,36.0,2,0,647,467,2,465,75,59,27,66,87,5,6,0,0,18,32,78,12
15,7941,הרצליה,6400,37.0,21,0,701,425,3,422,65,99,23,55,13,3,2,0,0,0,26,116,20
15,7942,הרצליה,6400,38.0,12,0,612,413,0,413,29,158,11,78,3,0,0,0,0,1,6,111,16
15,7943,הרצליה,6400,39.0,12,0,745,519,2,517,45,145,48,61,7,5,0,0,11,3,8,170,14
15,7944,הרצליה,6400,42.0,22,0,702,487,0,487,10,139,23,88,6,2,3,0,0,0,21,165,30
15,7945,הרצליה,6400,43.0,12,0,643,472,3,469,35,109,55,62,0,0,6,0,0,0,9,160,33
15,7946,הרצליה,6400,44.0,2,0,501,355,0,355,22,106,37,58,28,5,0,0,0,0,4,86,9
15,7947,הרצליה,6400,46.0,21,0,625,409,1,408,59,62,66,67,6,23,0,0,0,5,11,103,6
15,7948,הרצליה,6400,47.0,21,0,641,365,2,363,79,68,9,54,31,0,0,0,0,4,37,75,6
15,7949,הרצליה,6400,49.1,58,0,641,403,0,403,35,107,37,73,2,2,0,0,0,2,17,101,27
15,7950,הרצליה,6400,49.2,58,0,641,395,0,395,37,97,28,88,26,1,0,0,0,7,7,100,4
15,7951,הרצליה,6400,49.3,58,0,641,397,0,397,44,85,67,19,23,6,0,1,0,27,17,89,19
15,7952,הרצליה,6400,49.4,58,0,639,404,0,404,28,65,51,96,0,4,0,0,0,1,25,114,20
15,7953,הרצליה,6400,59.1,16,0,627,423,0,423,36,67,34,73,17,0,0,0,0,5,17,144,30
15,7954,הרצליה,6400,59.2,16,0,627,444,0,444,69,103,37,63,2,1,5,0,0,3,7,139,15
15,7955,הרצליה,6400,59.3,16,0,627,477,3,474,50,134,46,78,16,0,9,0,0,17,27,91,6
15,7956,הרצליה,6400,59.4,16,0,627,422,0,422,44,123,8,88,3,5,0,5,0,1,9,95,41
15,7957,הרצליה,6400,59.5,16,0,625,431,1,430,44,139,17,50,7,4,0,0,0,2,2,121,44
15,7958,הרצליה,6400,110.0,59,0,477,364,1,363,36,74,22,34,7,0,2,7,0,18,0,144,19
15,7959,הרצליה,6400,126.0,59,0,506,283,0,283,18,85,37,24,0,2,0,0,0,1,8,95,13
15,7960,הרצליה,6400,127.0,2,0,453,322,0,322,62,61,27,18,50,0,0,0,0,18,29,42,15
15,7961,הרצליה,6400,128.1,36,0,662,434,0,434,22,99,14,114,2,0,0,0,0,21,10,126,26
15,7962,הרצליה,6400,128.2,36,0,662,468,3,465,30,122,17,112,6,1,18,6,2,0,11,128,12
15,7963,הרצליה,6400,128.3,36,0,662,454,0,454,43,71,33,100,1,0,0,0,0,1,29,163,13
15,7964,הרצליה,6400,128.4,36,0,661,446,4,442,23,113,25,83,12,6,1,0,0,1,19,141,18
15,7965,הרצליה,6400,130.0,55,0,706,459,3,456,43,119,56,32,10,1,0,0,0,3,24,148,20
15,7966,הרצליה,6400,131.0,55,0,749,597,2,595,46,198,47,110,0,0,9,0,0,0,4,177,4
15,7967,הרצליה,6400,1.0,8,0,476,270,3,267,31,66,37,30,19,1,0,0,0,7,11,64,1
15,7968,הרצליה,6400,2.0,4,0,507,297,5,292,93,37,2,12,60,3,0,0,0,18,35,25,7
15,7969,הרצליה,6400,3.0,47,0,664,459,3,456,56,102,36,77,11,5,5,0,0,12,25,96,31
15,7970,הרצליה,6400,4.0,9,0,658,433,5,428,74,61,21,40,28,1,0,0,0,7,71,105,20
15,7971,הרצליה,6400,5.0,9,0,576,420,2,418,84,52,21,40,28,8,0,0,0,30,53,93,9
15,7972,הרצליה,6400,7.0,47,0,519,309,1,308,45,37,12,6,60,5,0,0,0,18,40,72,13
15,7973,הרצליה,6400,8.0,8,0,544,301,3,298,65,50,14,14,52,1,0,0,0,5,42,41,14
15,7974,הרצליה,6400,9.0,4,0,661,342,2,340,100,37,19,13,61,8,0,0,0,11,29,52,10
15,7975,הרצליה,6400,10.0,47,0,632,363,1,362,115,48,19,52,31,2,0,2,0,2,18,55,18
15,7976,הרצליה,6400,11.0,9,0,621,435,2,433,112,26,52,52,32,11,0,0,0,9,17,116,6
15,7977,הרצליה,6400,12.0,9,0,587,422,0,422,67,64,30,60,33,22,0,0,0,2,19,113,12
15,7978,הרצליה,6400,13.0,24,1,679,552,2,550,66,103,62,125,4,11,1,0,0,26,3,129,20
15,7979,הרצליה,6400,21.1,25,0,749,512,2,510,59,91,9,76,50,5,0,0,0,24,52,104,40
15,7980,הרצליה,6400,21.2,25,0,748,550,1,549,93,144,54,64,21,2,0,0,0,14,14,139,4
15,7981,הרצליה,6400,51.1,14,0,692,459,6,453,39,67,21,39,12,2,1,0,0,3,55,204,10
15,7982,הרצליה,6400,51.2,14,0,692,441,1,440,58,98,24,62,27,6,0,0,0,14,13,114,24
15,7983,הרצליה,6400,51.3,14,0,692,475,1,474,106,45,36,56,2,2,0,0,1,28,38,140,20
15,7984,הרצליה,6400,51.4,14,0,692,431,2,429,24,86,34,25,8,4,6,0,0,9,43,112,78
15,7985,הרצליה,6400,51.5,14,0,692,443,0,443,30,141,24,71,0,10,4,0,0,8,38,110,7
15,7986,הרצליה,6400,51.6,14,0,688,478,0,478,39,128,37,72,12,20,0,0,0,2,14,144,10
15,7987,הרצליה,6400,55.1,15,0,693,468,3,465,89,107,4,70,17,5,2,0,0,6,30,118,17
15,7988,הרצליה,6400,55.2,15,0,693,487,2,485,47,95,61,75,18,3,0,0,0,4,13,152,17
15,7989,הרצליה,6400,55.3,15,0,693,477,1,476,37,109,34,84,9,20,0,0,0,7,16,128,32
15,7990,הרצליה,6400,55.4,15,1,693,463,3,460,46,73,12,82,32,28,0,1,0,30,13,142,1
15,7991,הרצליה,6400,55.5,15,0,691,452,1,451,77,78,36,108,3,12,0,0,0,8,9,108,12
15,7992,הרצליה,6400,63.0,11,0,663,468,2,466,17,103,20,47,6,1,10,0,1,14,9,231,7
15,7993,הרצליה,6400,66.1,5,0,721,473,2,471,47,110,42,113,15,13,0,0,0,12,2,110,7
15,7994,הרצליה,6400,66.2,5,0,721,463,1,462,47,58,44,27,3,22,12,0,0,4,30,139,76
15,7995,הרצליה,6400,66.3,5,0,721,498,2,496,46,122,74,56,9,3,0,0,0,1,20,104,61
15,7996,הרצליה,6400,66.4,5,0,721,462,1,461,54,113,40,55,10,2,0,1,0,8,1,151,26
15,7997,הרצליה,6400,66.5,5,0,721,499,3,496,26,150,58,67,5,7,0,0,0,12,21,125,25
15,7998,הרצליה,6400,67.0,24,0,574,387,1,386,103,48,23,41,21,1,0,0,0,5,19,113,12
15,7999,הרצליה,6400,76.0,11,0,597,455,1,454,28,145,11,53,9,0,7,0,0,2,23,154,22
15,8000,הרצליה,6400,77.0,11,0,644,518,0,518,19,181,32,119,11,1,1,0,0,0,9,124,21
15,8001,הרצליה,6400,79.0,11,0,740,548,2,546,30,63,22,138,13,1,0,0,0,12,8,225,34
15,8002,הרצליה,6400,91.0,24,0,521,395,0,395,16,121,24,65,15,0,0,0,0,3,11,130,10
15,8003,הרצליה,6400,93.0,24,0,723,502,6,496,92,107,36,76,12,4,0,0,0,7,2,129,31
15,8004,הרצליה,6400,98.0,24,0,654,406,0,406,12,147,20,55,5,0,0,0,0,2,1,151,13
15,8005,הרצליה,6400,119.0,11,0,602,424,1,423,39,77,20,25,6,3,0,0,0,0,10,205,38
15,8006,הרצליה,6400,120.0,11,0,742,561,2,559,10,128,70,155,10,0,0,0,0,1,10,169,6
15,8007,הרצליה,6400,121.0,56,0,663,443,1,442,36,78,53,60,27,11,0,0,0,16,19,119,23
15,8008,הרצליה,6400,122.0,56,0,669,517,1,516,55,168,42,65,14,0,0,1,0,8,7,151,5
15,8009,הרצליה,6400,135.0,56,0,676,503,1,502,88,67,11,131,19,28,3,0,0,2,4,130,19
18,9819,זמרת,1065,1.0,1,0,430,353,0,353,130,15,0,3,46,6,0,0,0,42,77,32,2
2,904,זנוח,816,1.0,2,0,438,307,0,307,111,17,0,11,73,4,0,0,0,12,40,34,5
5,1828,חמדיה,343,1.0,1,0,360,256,2,254,26,57,13,43,0,0,0,0,0,2,11,89,13
4,1566,חספין,4005,1.0,1,0,526,358,0,358,49,6,0,1,11,4,0,0,0,82,128,77,0
4,1567,חספין,4005,2.0,2,0,432,295,1,294,51,17,3,0,1,4,0,0,0,56,119,43,0
17,9631,חצוראשדוד,406,1.0,1,0,745,563,1,562,15,88,10,227,0,0,3,0,0,0,0,216,3
5,1832,טירת צבי,268,1.0,1,0,604,442,1,441,104,46,11,8,0,4,0,0,0,53,116,80,19
17,9632,יד מרדכי,358,1.1,2,0,390,302,1,301,8,62,13,89,0,0,0,0,0,1,3,99,26
17,9633,יד מרדכי,358,1.2,2,0,389,279,0,279,3,46,12,75,0,0,0,0,0,0,7,117,19
17,9634,יכיני,811,1.0,1,0,518,380,1,379,150,53,0,8,24,2,0,0,0,43,60,21,18
5,1865,יפיע,499,6.1,7,0,606,312,10,302,6,0,0,10,0,0,153,45,80,6,1,1,0
5,1866,יפיע,499,6.2,7,0,606,291,4,287,0,0,0,22,0,0,142,72,45,0,0,6,0
5,1867,יפיע,499,6.3,7,0,606,282,6,276,0,23,1,9,1,0,111,38,43,1,8,39,2
5,1868,יפיע,499,6.4,7,0,606,240,3,237,2,3,0,29,1,0,138,25,29,0,0,6,4
5,1869,יפיע,499,13.1,6,0,551,245,12,233,3,3,0,16,0,0,78,96,29,0,3,5,0
5,1870,יפיע,499,13.2,6,0,551,205,4,201,0,0,0,11,0,0,100,66,18,0,3,3,0
5,1871,יפיע,499,13.3,6,0,549,228,4,224,0,0,0,13,0,0,108,64,36,0,0,3,0
5,1872,יפיע,499,15.1,2,0,625,260,8,252,1,1,0,20,0,0,118,51,49,7,4,1,0
5,1873,יפיע,499,15.2,2,0,625,285,5,280,2,4,5,20,0,3,193,29,24,0,0,0,0
5,1874,יפיע,499,15.3,2,0,625,300,3,297,6,1,1,34,0,0,120,79,54,0,0,2,0
5,1875,יפיע,499,15.4,2,0,625,307,8,299,8,0,0,13,0,0,214,21,34,0,0,9,0
5,1876,יפיע,499,15.5,2,0,622,295,5,290,6,10,1,26,0,0,176,40,22,0,1,8,0
5,1877,יפיע,499,16.1,4,0,572,275,2,273,3,15,0,28,0,0,108,81,26,0,8,4,0
5,1878,יפיע,499,16.2,4,0,572,237,5,232,15,0,0,3,0,0,78,84,46,0,6,0,0
5,1879,יפיע,499,16.3,4,0,572,295,5,290,7,6,3,13,6,0,158,28,52,0,0,17,0
5,1880,יפיע,499,16.4,4,0,572,286,0,286,0,6,0,12,0,0,146,78,41,0,2,1,0
5,1881,יפיע,499,18.1,5,0,587,297,2,295,9,2,5,10,2,0,152,52,45,0,5,7,6
5,1882,יפיע,499,18.2,5,0,587,229,0,229,5,1,0,24,0,0,133,44,13,0,0,7,2
5,1883,יפיע,499,18.3,5,0,587,249,2,247,4,0,0,33,11,0,107,47,38,0,0,2,5
5,1884,יפיע,499,18.4,5,0,586,244,5,239,2,2,0,21,0,0,105,56,52,0,0,1,0
5,1885,יפיע,499,19.1,1,0,614,295,2,293,0,5,0,21,0,0,160,75,29,0,0,3,0
5,1886,יפיע,499,19.2,1,0,614,257,4,253,7,4,0,17,1,0,103,88,25,1,0,6,1
5,1887,יפיע,499,19.3,1,0,614,227,4,223,3,8,1,20,0,0,97,50,42,0,0,2,0
5,1888,יפיע,499,19.4,1,0,614,286,3,283,0,14,0,18,0,0,171,45,34,0,0,1,0
5,1889,יפיע,499,19.5,1,0,612,273,3,270,2,8,0,13,4,0,133,47,59,0,0,4,0
12,5933,יציץ,759,1.0,1,0,622,446,2,444,113,58,2,13,89,2,0,0,0,17,54,85,11
5,2256,יקנעם עילית,240,3.1,3,0,747,448,2,446,103,49,41,28,56,9,11,0,0,37,43,67,2
5,2257,יקנעם עילית,240,3.2,3,0,747,479,1,478,133,30,14,12,77,31,7,0,0,27,50,83,14
5,2258,יקנעם עילית,240,5.1,27,0,719,384,3,381,117,35,15,9,78,22,0,0,0,14,17,60,14
5,2259,יקנעם עילית,240,7.0,25,0,632,407,3,404,86,75,31,23,29,5,0,0,0,6,14,118,17
5,2260,יקנעם עילית,240,8.1,16,0,624,297,1,296,106,42,38,2,31,11,1,0,0,1,13,46,5
5,2261,יקנעם עילית,240,8.2,16,0,624,290,1,289,63,29,45,14,28,7,0,0,0,12,34,39,18
5,2262,יקנעם עילית,240,8.3,16,0,621,284,2,282,61,40,34,30,9,2,0,0,0,4,21,74,7
5,2263,יקנעם עילית,240,9.0,11,0,610,399,6,393,68,90,36,64,5,19,0,0,0,22,8,64,17
5,2264,יקנעם עילית,240,10.0,24,0,596,370,3,367,100,41,29,23,11,4,0,0,0,8,57,91,3
5,2265,יקנעם עילית,240,12.0,20,0,620,340,8,332,79,52,34,13,11,1,0,0,0,5,46,65,26
5,2266,יקנעם עילית,240,13.0,25,0,730,414,12,402,82,83,79,1,23,7,0,0,0,4,25,80,18
5,2267,יקנעם עילית,240,14.0,6,0,657,448,0,448,90,76,43,47,6,7,1,0,0,6,40,78,54
5,2268,יקנעם עילית,240,15.1,22,0,660,489,1,488,81,95,25,53,21,8,0,0,0,9,22,145,29
5,2269,יקנעם עילית,240,15.2,22,0,660,497,1,496,78,87,37,27,1,32,1,0,0,4,56,130,43
5,2270,יקנעם עילית,240,15.3,22,0,660,515,1,514,93,76,38,77,5,20,0,0,0,13,37,125,30
5,2271,יקנעם עילית,240,15.4,22,0,660,483,0,483,91,87,121,27,3,4,0,0,0,12,28,90,20
5,2272,יקנעם עילית,240,15.5,22,0,660,510,2,508,47,152,71,23,25,18,0,0,0,2,23,131,16
5,2273,יקנעם עילית,240,15.6,22,0,656,514,0,514,63,104,43,70,11,2,4,0,0,21,39,130,27
5,2274,יקנעם עילית,240,16.0,23,0,686,462,0,462,117,94,17,24,17,8,1,0,0,6,29,133,16
5,2275,יקנעם עילית,240,17.0,23,0,602,421,1,420,137,83,33,30,4,4,0,0,0,14,18,64,33
5,2276,יקנעם עילית,240,18.0,23,0,654,408,0,408,96,66,39,40,16,30,0,0,0,28,18,49,26
5,2277,יקנעם עילית,240,21.1,28,0,522,376,2,374,58,49,25,22,1,0,0,0,0,17,4,186,12
5,2278,יקנעם עילית,240,21.2,28,0,522,362,2,360,44,73,18,42,6,2,0,0,0,27,32,100,16
5,2279,יקנעם עילית,240,21.3,28,0,522,380,2,378,34,82,52,57,1,4,3,0,0,2,41,100,2
5,2280,יקנעם עילית,240,22.0,6,0,716,490,3,487,94,127,31,23,12,8,0,0,0,28,20,139,5
5,2281,יקנעם עילית,240,23.0,25,0,610,392,9,383,76,69,67,25,14,0,0,0,0,10,11,91,20
5,2282,יקנעם עילית,240,24.0,25,0,651,393,6,387,93,84,65,20,8,0,0,0,0,11,19,64,23
5,2283,יקנעם עילית,240,26.0,21,0,707,487,3,484,52,97,48,64,10,1,0,0,0,43,29,134,6
5,2284,יקנעם עילית,240,30.1,29,0,570,422,0,422,78,94,31,31,17,1,0,0,0,4,27,131,8
5,2285,יקנעם עילית,240,30.2,29,0,570,447,4,443,107,142,20,42,9,4,0,0,0,35,15,56,13
5,2286,יקנעם עילית,240,30.3,29,0,570,418,0,418,97,40,54,37,5,3,0,0,0,15,21,141,5
5,2287,יקנעם עילית,240,30.4,29,0,569,434,3,431,85,51,34,29,23,5,0,0,0,26,58,108,12
6,2486,כברי,576,1.0,1,0,489,373,0,373,20,63,40,68,23,0,3,0,0,0,1,128,27
6,2487,כברי,576,2.0,1,0,468,342,1,341,9,86,37,58,1,0,0,0,0,11,3,121,15
3,1332,כחל,1210,1.0,1,0,391,301,0,301,15,68,16,54,0,0,3,0,0,3,7,131,4
17,9639,כפר אחים,690,1.0,1,0,573,441,1,440,48,142,11,7,10,4,0,0,0,12,26,172,8
3,1356,כפר גלעדי,76,1.0,1,0,635,404,0,404,20,92,16,83,0,0,1,0,0,3,4,150,35
5,2100,כפר יהושע,140,1.0,1,0,467,387,0,387,7,78,32,83,0,0,0,0,0,17,18,144,8
5,2101,כפר יהושע,140,2.0,1,0,501,403,0,403,22,115,24,94,3,0,0,0,0,5,0,133,7
6,2535,כפר מסריק,297,1.0,1,0,666,495,0,495,7,80,16,178,7,0,0,0,0,4,6,168,29
9,3997,כפר פינס,189,1.0,1,0,429,320,3,317,28,39,3,17,19,0,0,0,0,70,84,54,3
4,1524,כפר קיש,388,1.0,1,0,528,373,1,372,46,76,38,103,0,1,0,0,0,4,8,88,8
4,1525,כפר תבור,47,5.1,3,0,661,469,3,466,87,81,28,66,21,0,1,0,0,14,17,131,20
4,1526,כפר תבור,47,5.2,3,0,661,467,3,464,43,126,22,60,4,0,1,0,0,18,19,141,30
4,1527,כפר תבור,47,5.3,3,0,659,466,4,462,79,50,47,43,16,1,0,3,0,3,20,186,14
4,1528,כפר תבור,47,6.1,2,0,604,413,1,412,36,125,34,34,6,0,2,0,0,1,25,134,15
4,1529,כפר תבור,47,6.2,2,0,604,423,1,422,20,158,18,44,14,0,0,0,0,7,11,139,11
4,1530,כפר תבור,47,6.3,2,0,604,441,1,440,55,64,47,37,0,0,3,0,0,1,3,175,55
9,4141,מבוא דותן,3569,1.0,1,0,356,244,0,244,51,12,4,0,5,1,0,0,0,53,61,52,5
18,9932,מבועים,1080,2.1,1,0,506,342,0,342,121,56,6,24,17,4,0,1,0,17,38,45,13
18,9933,מבועים,1080,2.2,1,0,506,362,0,362,89,49,8,4,57,12,0,0,0,17,60,64,2
5,1839,מסילות,298,1.0,1,0,470,321,2,319,13,69,23,72,1,0,8,0,0,0,14,110,9
5,1840,מעוז חיים,272,1.0,1,0,536,344,0,344,15,115,44,57,0,0,0,0,0,3,10,92,8
9,4117,מעלה עירון,1327,3.0,1,1,727,359,8,351,0,0,0,33,0,0,182,64,72,0,0,0,0
9,4118,מעלה עירון,1327,5.1,3,0,728,188,3,185,0,0,0,17,1,0,86,26,55,0,0,0,0
9,4119,מעלה עירון,1327,5.2,3,0,728,254,4,250,0,0,0,16,3,0,101,112,17,0,1,0,0
9,4120,מעלה עירון,1327,6.0,4,0,572,329,10,319,20,26,1,35,89,0,52,45,21,0,2,28,0
9,4121,מעלה עירון,1327,8.0,1,0,719,328,5,323,2,0,0,20,0,0,191,43,66,0,0,1,0
9,4122,מעלה עירון,1327,9.0,6,0,682,346,4,342,0,0,0,12,0,0,109,73,148,0,0,0,0
9,4123,מעלה עירון,1327,11.1,8,0,573,142,1,141,0,0,0,6,5,0,54,40,36,0,0,0,0
9,4124,מעלה עירון,1327,11.2,8,0,573,191,2,189,0,0,0,16,12,1,76,58,26,0,0,0,0
9,4125,מעלה עירון,1327,11.3,8,0,572,190,3,187,19,0,0,3,14,0,52,62,37,0,0,0,0
9,4126,מעלה עירון,1327,13.0,6,0,620,294,4,290,0,0,0,24,1,0,98,71,95,0,0,1,0
9,4127,מעלה עירון,1327,14.1,2,0,729,274,0,274,0,0,0,5,25,0,117,84,42,0,1,0,0
9,4128,מעלה עירון,1327,14.2,2,0,729,249,2,247,0,0,1,9,0,0,134,55,47,0,0,1,0
9,4129,מעלה עירון,1327,14.3,2,0,729,231,6,225,0,0,11,13,8,1,82,65,45,0,0,0,0
9,4130,מעלה עירון,1327,14.4,2,0,729,245,2,243,4,4,0,17,32,0,92,54,30,0,8,2,0
9,4131,מעלה עירון,1327,14.5,2,0,725,295,2,293,9,0,0,14,0,0,166,52,51,0,1,0,0
9,4132,מעלה עירון,1327,15.0,9,0,726,323,3,320,11,8,0,21,37,0,116,93,28,0,1,5,0
9,4133,מעלה עירון,1327,16.0,6,0,620,276,0,276,0,0,0,11,0,0,145,47,71,0,0,2,0
17,9499,מרכז שפירא,1098,1.1,2,0,701,535,0,535,99,54,0,21,95,4,0,0,0,56,122,75,9
17,9500,מרכז שפירא,1098,1.2,2,0,701,536,0,536,122,36,2,5,51,2,0,0,0,78,177,63,0
17,9501,מרכז שפירא,1098,2.0,1,0,340,265,0,265,46,18,0,0,14,6,0,0,0,25,64,78,14
5,1917,משהד,520,1.1,2,0,385,153,1,152,3,0,0,5,0,0,58,75,11,0,0,0,0
5,1918,משהד,520,1.2,2,0,384,153,1,152,1,0,0,9,0,0,42,74,24,0,2,0,0
5,1919,משהד,520,3.1,5,0,570,302,4,298,0,1,1,11,0,0,157,73,53,0,2,0,0
5,1920,משהד,520,3.2,5,0,570,292,4,288,5,0,1,23,0,0,82,102,67,0,0,8,0
5,1921,משהד,520,3.3,5,0,568,199,4,195,1,0,0,4,0,0,78,94,15,0,0,3,0
5,1922,משהד,520,4.1,4,0,531,276,4,272,0,4,3,17,0,0,115,105,25,0,0,3,0
5,1923,משהד,520,4.2,4,0,531,249,0,249,0,0,0,21,0,0,53,117,57,0,0,1,0
5,1924,משהד,520,4.3,4,0,531,287,2,285,0,1,0,11,0,0,40,208,15,0,0,10,0
5,1925,משהד,520,7.1,1,0,588,200,3,197,0,1,0,3,0,0,78,79,31,1,4,0,0
5,1926,משהד,520,7.2,1,0,588,203,4,199,0,1,2,13,0,0,77,93,10,0,0,3,0
5,1927,משהד,520,7.3,1,0,588,200,0,200,0,0,0,6,0,0,70,77,46,0,0,1,0
5,1928,משהד,520,7.4,1,0,587,300,3,297,0,0,0,14,0,0,109,66,108,0,0,0,0
17,9502,משואות יצחק,620,1.0,1,0,484,387,1,386,39,93,5,17,6,2,1,0,0,29,80,108,6
17,9505,נהורה,309,1.0,1,0,507,365,0,365,108,28,1,19,52,13,0,0,0,33,53,54,4
17,9506,נהורה,309,2.0,2,0,538,370,2,368,77,83,32,6,38,10,0,0,0,16,22,67,17
6,2382,נהריה,9100,1.0,6,0,540,338,1,337,64,65,30,32,37,1,1,0,0,6,26,61,14
6,2383,נהריה,9100,3.0,6,0,744,338,0,338,58,52,21,27,38,19,0,0,0,11,41,50,21
6,2384,נהריה,9100,5.1,50,0,726,396,1,395,93,46,21,23,14,10,0,0,0,18,21,117,32
6,2385,נהריה,9100,5.2,50,1,726,383,3,380,83,30,53,17,16,1,0,0,0,46,42,85,7
6,2386,נהריה,9100,5.3,50,0,726,366,4,362,35,58,38,42,58,2,1,0,0,1,30,87,10
6,2387,נהריה,9100,6.0,56,0,627,304,3,301,77,68,34,12,4,5,0,0,0,16,20,54,11
6,2388,נהריה,9100,7.0,6,0,654,347,1,346,68,80,26,11,25,1,0,0,0,21,28,74,12
6,2389,נהריה,9100,10.0,73,0,725,429,5,424,160,81,28,34,14,3,2,3,0,13,18,54,14
6,2390,נהריה,9100,11.0,8,0,612,296,1,295,104,23,2,7,36,7,1,0,0,13,42,37,23
6,2391,נהריה,9100,15.0,15,0,518,294,0,294,91,26,25,7,29,4,0,0,0,3,45,61,3
6,2392,נהריה,9100,16.0,15,0,532,290,1,289,97,24,10,2,64,3,0,0,0,7,35,37,10
6,2393,נהריה,9100,17.0,17,0,555,325,0,325,88,40,24,5,36,2,0,0,0,22,28,66,14
6,2394,נהריה,9100,18.1,58,0,706,396,6,390,146,65,31,9,50,0,0,0,0,7,19,52,11
6,2395,נהריה,9100,18.2,58,0,706,395,6,389,115,32,61,7,34,1,0,0,0,13,70,37,19
6,2396,נהריה,9100,18.3,58,0,706,368,1,367,82,44,77,11,29,1,0,1,0,21,18,46,37
6,2397,נהריה,9100,19.0,63,0,705,348,5,343,81,37,20,18,51,3,0,0,0,12,61,43,17
6,2398,נהריה,9100,20.0,13,0,721,308,8,300,94,28,23,18,14,9,0,0,0,2,56,55,1
6,2399,נהריה,9100,21.0,13,0,696,330,4,326,83,27,69,7,48,0,0,0,0,17,12,60,3
6,2400,נהריה,9100,22.0,17,0,602,275,4,271,75,41,46,16,37,3,0,0,1,7,20,22,3
6,2401,נהריה,9100,24.0,63,0,565,343,0,343,102,26,22,1,34,4,0,0,0,11,69,64,10
6,2402,נהריה,9100,26.0,65,0,528,328,1,327,53,44,24,5,20,6,0,0,0,30,42,93,10
6,2403,נהריה,9100,29.0,54,0,683,490,2,488,76,97,55,7,60,2,1,0,0,19,24,88,59
6,2404,נהריה,9100,30.0,71,0,793,553,5,548,137,88,75,28,53,18,0,0,0,6,18,97,28
6,2405,נהריה,9100,31.0,60,0,680,441,1,440,191,53,9,15,25,3,0,0,0,31,50,53,10
6,2406,נהריה,9100,32.0,18,0,598,354,3,351,83,28,23,19,42,1,0,0,0,28,39,69,19
6,2407,נהריה,9100,33.0,18,0,732,403,4,399,123,42,26,11,51,3,0,0,0,16,25,91,11
6,2408,נהריה,9100,34.0,60,0,684,359,5,354,74,31,29,11,53,1,0,0,0,11,38,100,6
6,2409,נהריה,9100,35.0,53,0,744,476,8,468,129,56,113,38,32,2,0,0,0,5,31,39,23
6,2410,נהריה,9100,37.1,22,0,546,311,2,309,108,51,38,11,21,1,0,0,0,20,18,29,12
6,2411,נהריה,9100,37.2,22,0,546,288,4,284,95,23,32,3,19,6,0,0,0,5,50,49,2
6,2412,נהריה,9100,37.3,22,0,546,285,1,284,58,59,51,16,23,1,0,0,0,10,16,44,6
6,2413,נהריה,9100,38.1,36,0,733,454,3,451,124,99,38,40,9,9,0,0,0,20,34,70,8
6,2414,נהריה,9100,38.2,36,0,733,452,5,447,106,78,25,25,41,0,0,0,0,9,37,112,14
6,2415,נהריה,9100,38.3,36,0,733,429,2,427,117,41,64,51,5,2,0,0,0,20,39,72,16
6,2416,נהריה,9100,38.4,36,0,733,437,2,435,68,75,31,39,31,0,0,0,1,22,33,122,13
6,2417,נהריה,9100,38.5,36,0,733,374,6,368,64,77,40,23,7,1,0,0,0,2,29,103,22
6,2418,נהריה,9100,38.6,36,0,729,403,1,402,82,79,85,36,8,7,0,0,0,2,9,73,21
6,2419,נהריה,9100,42.0,65,0,634,419,1,418,60,96,30,40,30,3,1,0,0,18,37,96,7
6,2420,נהריה,9100,43.0,62,0,811,438,0,438,87,67,47,14,10,8,0,0,0,26,27,99,53
6,2421,נהריה,9100,44.0,62,0,801,496,3,493,99,92,26,41,6,6,0,1,0,4,14,192,12
6,2422,נהריה,9100,46.0,73,0,610,288,1,287,49,47,7,32,25,0,0,0,0,8,34,71,14
6,2423,נהריה,9100,49.0,59,0,825,493,4,489,100,83,56,14,54,2,0,0,0,18,87,67,8
6,2424,נהריה,9100,51.1,45,0,664,390,1,389,119,74,46,3,12,1,0,0,0,20,26,70,18
6,2425,נהריה,9100,51.2,45,0,664,404,3,401,85,55,21,33,15,0,1,1,0,13,32,105,40
6,2426,נהריה,9100,51.3,45,0,664,388,10,378,84,50,42,8,36,2,0,25,0,11,15,97,8
6,2427,נהריה,9100,51.4,45,0,664,439,3,436,29,111,58,55,3,1,0,0,0,16,71,86,6
6,2428,נהריה,9100,52.1,76,0,701,404,5,399,122,32,34,26,11,2,0,0,0,19,49,85,19
6,2429,נהריה,9100,52.2,76,0,701,426,1,425,85,52,12,28,23,11,1,3,0,5,31,114,60
6,2430,נהריה,9100,52.3,76,0,699,401,1,400,85,82,40,30,25,1,4,0,0,9,29,83,12
6,2431,נהריה,9100,57.0,57,0,620,373,3,370,109,72,9,35,4,2,0,0,0,2,28,91,18
6,2432,נהריה,9100,60.0,1,0,703,441,2,439,73,63,28,43,16,3,1,0,0,19,64,125,4
6,2433,נהריה,9100,62.1,44,0,714,446,3,443,116,50,14,17,64,3,3,0,0,21,34,109,12
6,2434,נהריה,9100,62.2,44,0,714,394,2,392,66,58,36,16,25,13,0,0,0,5,35,127,11
6,2435,נהריה,9100,62.3,44,0,714,457,4,453,103,79,32,22,19,5,0,0,0,14,99,69,11
6,2436,נהריה,9100,62.4,44,0,714,408,5,403,96,52,16,20,16,15,7,0,0,30,45,100,6
6,2437,נהריה,9100,62.5,44,0,714,445,9,436,92,70,46,49,36,0,0,0,0,5,3,121,14
6,2438,נהריה,9100,65.0,26,0,572,346,0,346,91,105,6,19,16,3,0,0,3,9,26,66,2
6,2439,נהריה,9100,66.0,48,0,694,473,3,470,108,59,8,39,7,1,0,0,35,15,40,136,22
6,2440,נהריה,9100,68.0,48,0,732,516,1,515,166,45,31,38,22,1,0,0,0,11,51,132,18
6,2441,נהריה,9100,72.0,47,0,483,309,4,305,60,40,42,41,18,1,0,0,0,6,16,53,28
6,2442,נהריה,9100,73.0,33,0,587,339,3,336,87,56,33,21,19,4,0,0,0,11,24,75,6
6,2443,נהריה,9100,75.0,73,0,571,382,1,381,78,71,38,42,18,2,8,0,0,21,16,75,12
6,2444,נהריה,9100,77.1,74,0,752,461,1,460,151,40,26,14,59,3,0,0,0,6,36,108,17
6,2445,נהריה,9100,77.2,74,0,752,448,5,443,107,53,24,22,2,20,0,0,0,13,31,137,34
6,2446,נהריה,9100,77.3,74,0,752,477,3,474,103,88,59,25,27,6,0,0,0,11,34,109,12
6,2447,נהריה,9100,77.4,74,0,750,430,4,426,82,68,43,33,29,0,0,0,0,9,27,97,38
6,2448,נהריה,9100,78.1,2,0,680,351,4,347,80,51,36,17,23,8,0,0,3,28,29,59,13
6,2449,נהריה,9100,78.2,2,0,680,355,3,352,116,65,6,49,17,2,0,0,0,8,14,60,15
6,2450,נהריה,9100,78.3,2,0,680,383,4,379,120,44,61,12,26,1,0,0,0,5,31,78,1
6,2451,נהריה,9100,79.0,48,0,539,340,2,338,86,45,15,5,17,11,4,1,0,10,36,102,6
6,2452,נהריה,9100,80.0,53,0,742,481,6,475,130,56,65,31,22,19,0,0,0,6,25,118,3
6,2453,נהריה,9100,81.0,53,0,731,453,1,452,102,84,20,10,37,3,0,0,0,57,35,89,15
6,2454,נהריה,9100,82.1,40,0,677,377,2,375,164,34,16,12,50,1,0,0,0,12,34,39,13
6,2455,נהריה,9100,82.2,40,0,677,354,1,353,102,34,5,26,45,12,0,1,0,4,19,86,19
6,2456,נהריה,9100,82.3,40,0,677,365,4,361,108,27,34,16,59,7,0,0,0,2,57,48,3
6,2457,נהריה,9100,82.4,40,0,676,400,5,395,129,52,18,3,49,6,0,0,0,15,40,74,9
6,2458,נהריה,9100,83.1,43,0,750,489,4,485,117,98,29,20,11,2,0,0,0,14,62,99,33
6,2459,נהריה,9100,83.2,43,0,750,463,0,463,99,71,14,28,22,0,4,6,0,4,63,145,7
6,2460,נהריה,9100,83.3,43,0,750,473,2,471,161,66,45,11,17,5,9,0,0,4,28,115,10
6,2461,נהריה,9100,83.4,43,0,750,451,2,449,91,72,35,6,16,3,22,2,0,12,28,123,39
6,2462,נהריה,9100,83.5,43,0,750,466,2,464,166,95,7,39,3,0,0,2,0,15,34,77,26
6,2463,נהריה,9100,83.6,43,0,749,485,6,479,96,105,35,9,71,10,0,0,0,20,37,74,22
6,2464,נהריה,9100,84.0,55,0,747,504,0,504,174,74,38,15,18,3,0,0,0,11,65,90,16
6,2465,נהריה,9100,85.0,72,0,600,383,6,377,115,70,8,17,20,4,0,0,0,24,22,84,13
6,2466,נהריה,9100,86.0,70,0,797,510,1,509,115,100,106,23,37,2,0,0,0,17,14,58,37
6,2467,נהריה,9100,90.0,18,0,697,409,2,407,69,69,21,9,76,6,3,0,0,17,78,53,6
6,2468,נהריה,9100,951.0,77,0,574,365,1,364,113,50,43,18,15,0,12,0,0,33,20,54,6
17,9507,נוגה,55,1.0,1,0,468,331,1,330,45,44,3,14,57,4,0,0,0,20,24,109,10
19,11011,נווה ימין,686,1.0,1,0,518,370,1,369,96,66,6,31,36,7,0,0,0,26,28,52,21
19,11012,נווה ימין,686,2.0,1,0,504,354,0,354,88,86,12,30,8,2,0,0,0,9,39,68,12
12,5959,נוף איילון,1333,1.0,2,0,675,481,0,481,43,18,0,0,36,3,0,0,0,88,195,98,0
12,5960,נוף איילון,1333,2.0,1,0,592,436,0,436,68,13,1,3,14,7,0,0,0,122,145,63,0
12,5961,נוף איילון,1333,3.0,1,0,541,397,0,397,43,8,0,0,44,1,0,0,0,71,142,85,3
2,890,נחושה,59,1.0,1,0,459,324,0,324,64,38,2,1,27,6,0,0,0,43,98,38,7
2,891,נחושה,59,2.0,1,0,498,349,2,347,53,31,11,28,5,5,0,0,0,67,83,64,0
11,5404,נחשונים,705,1.0,2,0,390,297,0,297,8,70,16,95,0,0,0,0,0,0,0,104,4
17,9660,ניר בנים,553,1.0,1,0,649,520,1,519,10,122,93,89,0,6,2,0,0,0,0,189,8
12,5964,נען,158,1.0,2,0,745,563,0,563,20,128,26,140,0,0,12,4,2,8,0,199,24
12,5965,נען,158,2.0,2,0,707,574,1,573,3,165,45,152,0,0,1,0,0,1,3,179,24
11,5511,סביון,587,1.0,1,0,746,472,2,470,47,107,79,38,4,5,16,0,0,1,15,136,22
11,5512,סביון,587,2.0,1,0,601,461,0,461,55,121,41,70,0,8,0,0,0,3,39,102,22
11,5513,סביון,587,3.0,1,0,648,442,1,441,44,71,30,78,0,0,1,0,0,4,23,158,32
11,5514,סביון,587,4.0,1,1,617,412,1,411,26,151,31,53,4,2,0,0,0,6,9,107,22
11,5515,סביון,587,5.0,2,0,617,446,0,446,94,104,47,59,6,0,0,0,0,14,3,111,8
11,5516,סביון,587,101.0,2,0,533,376,0,376,28,91,46,64,0,0,3,0,1,1,7,114,21
11,5517,סביון,587,102.0,2,0,521,347,0,347,29,103,34,53,6,1,3,0,0,3,4,101,10
17,9514,עוצם,32,1.0,1,0,498,394,2,392,77,7,0,0,231,2,0,0,0,11,35,29,0
5,1929,עילוט,511,1.1,3,0,743,329,6,323,4,1,0,9,0,0,186,67,55,0,0,1,0
5,1930,עילוט,511,1.2,3,0,742,302,4,298,0,1,5,13,1,0,146,95,23,0,0,14,0
5,1931,עילוט,511,5.1,2,0,510,225,1,224,1,2,4,22,0,0,27,155,2,0,0,11,0
5,1932,עילוט,511,5.2,2,0,510,213,2,211,0,3,0,11,0,0,90,74,33,0,0,0,0
5,1933,עילוט,511,5.3,2,0,510,184,1,183,0,0,0,8,2,0,51,100,22,0,0,0,0
5,1934,עילוט,511,8.1,4,0,608,277,3,274,0,0,1,13,0,0,163,63,27,0,0,7,0
5,1935,עילוט,511,8.2,4,0,608,252,3,249,0,1,0,17,1,0,101,107,22,0,0,0,0
5,1936,עילוט,511,8.3,4,0,608,217,4,213,0,0,0,8,34,0,54,112,4,0,1,0,0
5,1937,עילוט,511,8.4,4,0,605,307,5,302,15,1,0,19,3,2,99,82,71,7,0,0,3
5,1938,עילוט,511,9.0,5,0,689,274,6,268,1,3,2,8,0,0,125,74,41,0,0,14,0
18,9816,עין גדי,2042,1.0,1,0,514,322,0,322,6,66,16,71,0,1,0,1,8,6,0,138,9
5,1849,עין הנציב,383,1.0,3,0,471,328,0,328,51,65,6,11,6,0,0,0,0,51,68,68,2
5,2293,עין השופט,270,1.0,1,0,501,296,1,295,1,103,7,109,0,0,1,0,0,1,0,67,6
5,2294,עין השופט,270,2.0,1,0,476,327,0,327,1,64,33,102,0,0,8,0,0,0,2,105,12
5,1939,עין מאהל,532,3.1,4,0,630,298,0,298,0,0,0,1,1,0,112,137,44,0,0,3,0
5,1940,עין מאהל,532,3.2,4,0,630,313,3,310,0,1,3,2,0,0,163,115,26,0,0,0,0
5,1941,עין מאהל,532,3.3,4,0,630,311,3,308,2,0,0,9,7,0,111,160,18,0,0,1,0
5,1942,עין מאהל,532,3.4,4,0,630,290,2,288,0,0,0,5,6,0,115,122,40,0,0,0,0
5,1943,עין מאהל,532,6.1,2,0,619,281,4,277,0,1,0,9,0,1,127,104,34,0,0,1,0
5,1944,עין מאהל,532,6.2,2,0,619,278,4,274,2,0,0,27,0,9,109,93,34,0,0,0,0
5,1945,עין מאהל,532,6.3,2,0,619,319,4,315,2,0,0,7,12,2,156,74,62,0,0,0,0
5,1946,עין מאהל,532,6.4,2,0,617,307,6,301,0,0,0,17,10,0,131,95,48,0,0,0,0
5,1947,עין מאהל,532,10.1,3,0,584,261,0,261,0,0,0,3,4,0,136,77,41,0,0,0,0
5,1948,עין מאהל,532,10.2,3,0,584,308,3,305,0,0,0,16,0,1,169,82,37,0,0,0,0
5,1949,עין מאהל,532,10.3,3,0,584,243,2,241,0,4,0,14,1,0,82,82,56,2,0,0,0
5,1950,עין מאהל,532,10.4,3,0,580,224,2,222,0,0,0,6,0,1,89,85,41,0,0,0,0
5,1951,עין מאהל,532,12.1,1,0,618,286,3,283,0,0,0,14,0,0,111,82,74,0,2,0,0
5,1952,עין מאהל,532,12.2,1,0,618,281,1,280,0,0,0,20,3,0,112,116,29,0,0,0,0
5,1953,עין מאהל,532,12.3,1,0,618,284,1,283,1,1,0,17,1,0,102,81,80,0,0,0,0
5,1954,עין מאהל,532,12.4,1,0,618,326,3,323,7,0,0,22,10,0,140,81,48,0,13,2,0
5,1955,עין מאהל,532,12.5,1,0,616,285,2,283,2,0,0,18,0,0,151,90,22,0,0,0,0
11,5405,עינת,871,1.0,1,0,645,547,1,546,31,73,8,161,0,2,8,0,0,0,14,224,25
2,764,עלמון,3715,1.0,1,0,504,351,6,345,129,38,10,28,1,0,0,0,0,12,25,82,20
2,765,עלמון,3715,2.0,1,0,611,439,2,437,109,83,18,17,8,2,0,0,0,54,92,45,9
10,4751,פורת,767,1.0,1,0,559,380,2,378,178,13,2,0,40,4,0,0,0,15,79,43,4
10,4752,פורת,767,2.0,1,0,434,305,2,303,83,28,0,3,46,2,0,0,0,12,113,16,0
18,9939,פעמי תשז,2059,1.0,1,0,419,315,0,315,76,59,5,4,92,8,0,0,0,1,42,25,3
20,11333,צורית,1221,1.1,1,0,434,341,0,341,39,81,15,57,6,0,0,0,0,0,7,116,20
20,11334,צורית,1221,1.2,1,0,377,290,0,290,8,62,11,92,0,1,1,0,0,0,13,86,16
18,10427,קטורה,1052,1.0,1,0,487,256,1,255,1,52,41,76,0,2,7,0,0,0,16,54,6
17,9517,רבדים,564,1.0,1,0,691,541,0,541,8,95,25,211,2,0,6,0,1,2,0,172,19
9,4144,רגבים,444,1.0,1,0,481,363,2,361,18,76,31,56,0,1,14,2,0,14,8,132,9
5,2295,רמות מנשה,445,1.0,1,0,475,401,0,401,1,60,30,150,0,0,1,0,0,0,34,105,20
5,2296,רמות מנשה,445,2.0,1,0,521,412,0,412,26,109,7,139,0,0,0,0,0,0,0,108,23
19,11029,רמת הכובש,184,1.0,1,0,748,609,2,607,3,164,37,153,0,0,0,0,0,3,1,179,67
5,2297,רמת השופט,335,1.1,1,0,433,301,0,301,1,93,46,56,0,0,4,1,0,0,0,63,37
5,2298,רמת השופט,335,1.2,1,0,433,323,3,320,8,58,40,133,0,0,0,0,0,0,3,66,12
15,8239,רמת השרון,2650,2.1,17,0,656,480,3,477,54,67,18,38,14,21,18,0,0,4,16,200,27
15,8240,רמת השרון,2650,2.2,17,0,656,469,1,468,85,90,20,84,38,5,0,0,0,20,26,96,4
15,8241,רמת השרון,2650,2.3,17,0,656,461,3,458,61,58,23,70,39,21,3,0,0,8,35,96,44
15,8242,רמת השרון,2650,2.4,17,0,653,449,1,448,105,82,11,73,13,22,1,0,0,8,59,63,11
15,8243,רמת השרון,2650,4.0,1,0,747,414,1,413,103,101,14,46,27,7,0,0,0,4,28,72,11
15,8244,רמת השרון,2650,6.0,1,0,591,421,3,418,46,93,57,85,14,13,0,0,0,5,20,70,15
15,8245,רמת השרון,2650,7.1,14,0,649,481,1,480,25,104,35,77,5,3,2,0,0,0,8,217,4
15,8246,רמת השרון,2650,7.2,14,0,649,485,0,485,24,110,31,91,17,0,3,0,0,6,17,152,34
15,8247,רמת השרון,2650,7.3,14,0,648,473,1,472,25,110,28,69,0,5,3,0,0,2,34,162,34
15,8248,רמת השרון,2650,9.0,1,0,750,524,0,524,67,103,24,95,13,0,14,0,0,0,45,148,15
15,8249,רמת השרון,2650,11.1,4,0,602,429,1,428,26,78,14,77,4,2,1,0,0,3,36,182,5
15,8250,רמת השרון,2650,11.2,4,0,602,415,1,414,43,94,24,86,1,22,0,1,0,13,10,113,7
15,8251,רמת השרון,2650,11.3,4,0,601,409,0,409,5,98,37,61,30,11,0,0,0,2,0,138,27
15,8252,רמת השרון,2650,18.1,7,0,704,457,3,454,50,73,8,92,17,18,0,0,0,24,45,123,4
15,8253,רמת השרון,2650,18.2,7,0,704,501,2,499,109,51,9,18,64,49,1,0,0,17,40,117,24
15,8254,רמת השרון,2650,18.3,7,0,704,471,2,469,70,59,28,19,75,20,11,0,0,20,67,85,15
15,8255,רמת השרון,2650,18.4,7,0,701,477,1,476,50,40,7,60,84,63,2,0,0,4,34,115,17
15,8256,רמת השרון,2650,19.0,2,0,658,492,0,492,10,166,20,125,0,7,2,0,0,1,5,151,5
15,8257,רמת השרון,2650,21.1,8,0,672,470,1,469,53,53,16,141,4,0,0,0,0,2,1,186,13
15,8258,רמת השרון,2650,21.2,8,0,672,483,0,483,8,140,59,70,6,0,0,0,0,5,20,166,9
15,8259,רמת השרון,2650,21.3,8,0,672,508,4,504,46,152,60,55,1,7,2,0,0,13,7,151,10
15,8260,רמת השרון,2650,21.4,8,0,672,505,0,505,17,108,72,53,0,10,0,0,0,3,3,204,35
15,8261,רמת השרון,2650,23.0,2,0,658,484,0,484,15,92,9,139,1,0,1,0,0,0,5,178,44
15,8262,רמת השרון,2650,46.0,1,1,593,444,0,444,61,84,13,85,70,21,1,0,0,1,12,79,17
15,8263,רמת השרון,2650,66.1,22,0,694,568,0,568,120,119,12,86,74,8,0,0,0,2,13,103,31
15,8264,רמת השרון,2650,66.2,22,0,694,559,3,556,44,141,39,112,17,7,0,0,3,20,28,129,16
15,8265,רמת השרון,2650,66.3,22,0,694,553,0,553,40,81,34,52,95,21,1,0,0,12,58,149,10
15,8266,רמת השרון,2650,66.4,22,0,694,551,2,549,131,81,36,54,26,9,1,0,0,26,32,132,21
15,8267,רמת השרון,2650,66.5,22,0,694,540,3,537,32,172,20,40,28,48,0,0,0,8,26,155,8
15,8268,רמת השרון,2650,24.0,16,0,722,442,1,441,55,74,47,108,0,0,0,0,0,2,12,93,50
15,8269,רמת השרון,2650,28.0,16,0,565,361,0,361,47,104,20,78,4,7,8,0,0,1,3,85,4
15,8270,רמת השרון,2650,29.1,5,0,646,461,0,461,40,124,16,121,1,10,0,0,0,1,7,131,10
15,8271,רמת השרון,2650,29.2,5,0,646,473,0,473,32,118,18,70,2,4,2,0,0,1,3,191,32
15,8272,רמת השרון,2650,29.3,5,0,646,466,2,464,28,139,15,90,7,10,3,0,0,3,4,149,16
15,8273,רמת השרון,2650,30.1,3,0,700,480,0,480,26,164,23,95,0,0,0,3,0,1,2,150,16
15,8274,רמת השרון,2650,30.2,3,0,700,483,2,481,48,65,18,93,0,5,0,0,0,5,23,196,28
15,8275,רמת השרון,2650,30.3,3,0,700,481,2,479,24,107,42,102,0,6,0,0,0,0,4,183,11
15,8276,רמת השרון,2650,30.4,3,0,698,534,2,532,33,166,38,77,3,6,4,0,0,0,25,174,6
15,8277,רמת השרון,2650,33.1,9,0,621,471,0,471,27,99,78,83,1,9,0,0,0,0,7,153,14
15,8278,רמת השרון,2650,33.2,9,0,621,478,1,477,46,118,26,82,3,4,7,0,0,12,6,153,20
15,8279,רמת השרון,2650,33.3,9,0,619,462,0,462,46,77,44,93,0,11,1,0,0,0,0,178,12
15,8280,רמת השרון,2650,40.0,16,0,696,540,0,540,47,93,46,165,0,0,10,0,0,1,2,157,19
15,8281,רמת השרון,2650,47.0,16,0,547,445,0,445,22,89,45,78,8,6,10,0,0,1,19,144,23
15,8282,רמת השרון,2650,49.1,19,0,717,536,2,534,17,86,66,93,18,4,22,0,0,10,12,192,14
15,8283,רמת השרון,2650,49.2,19,0,717,509,1,508,24,132,29,98,0,0,1,0,0,3,0,191,30
15,8284,רמת השרון,2650,49.3,19,0,715,530,1,529,15,138,32,111,0,0,0,7,0,4,3,208,11
15,8285,רמת השרון,2650,58.1,23,0,700,544,0,544,13,104,17,133,15,13,24,0,0,6,28,159,32
15,8286,רמת השרון,2650,58.2,23,0,700,523,2,521,29,126,49,145,0,0,0,0,0,0,7,156,9
15,8287,רמת השרון,2650,58.3,23,0,700,532,2,530,13,134,45,166,2,10,2,0,0,0,1,125,32
15,8288,רמת השרון,2650,58.4,23,0,700,562,1,561,22,139,36,89,1,0,25,1,0,0,4,209,35
15,8289,רמת השרון,2650,59.1,24,0,633,448,1,447,6,111,44,84,2,0,0,0,0,4,9,172,15
15,8290,רמת השרון,2650,59.2,24,0,633,428,2,426,31,98,39,123,0,7,1,0,0,3,4,106,14
15,8291,רמת השרון,2650,59.3,24,0,633,480,0,480,41,95,19,75,15,11,0,1,0,0,3,187,33
15,8292,רמת השרון,2650,59.4,24,0,633,451,0,451,19,134,40,102,3,1,0,0,0,0,1,118,33
15,8293,רמת השרון,2650,60.1,11,0,700,542,2,540,66,129,25,93,5,6,2,0,0,0,4,183,27
15,8294,רמת השרון,2650,60.2,11,0,700,507,2,505,76,104,53,60,5,0,1,0,0,6,12,171,17
15,8295,רמת השרון,2650,60.3,11,0,700,538,0,538,29,123,65,85,0,1,0,0,0,0,12,204,19
15,8296,רמת השרון,2650,60.4,11,0,697,538,2,536,36,149,28,141,0,14,3,0,0,3,8,144,10
15,8297,רמת השרון,2650,65.1,6,0,602,500,1,499,42,105,31,59,22,0,4,0,0,3,13,200,20
15,8298,רמת השרון,2650,65.2,6,0,602,525,0,525,36,162,25,67,5,0,0,0,0,2,3,175,50
15,8299,רמת השרון,2650,65.3,6,0,602,506,1,505,15,75,63,102,32,0,0,0,0,11,9,176,22
15,8300,רמת השרון,2650,65.4,6,0,600,532,0,532,38,148,34,98,3,5,0,0,0,21,11,152,22
5,2299,רמת ישי,122,1.1,1,0,730,516,4,512,84,108,10,53,9,2,2,0,0,34,14,179,17
5,2300,רמת ישי,122,1.2,1,0,730,534,1,533,64,88,26,86,26,0,0,15,0,21,35,163,9
5,2301,רמת ישי,122,1.3,2,0,730,540,5,535,89,135,44,68,1,0,0,0,0,9,18,133,38
5,2302,רמת ישי,122,3.1,4,0,740,555,1,554,77,145,33,76,7,2,0,0,0,11,21,168,14
5,2303,רמת ישי,122,3.2,4,0,739,552,2,550,72,95,44,104,8,0,0,0,0,2,13,179,33
5,2304,רמת ישי,122,5.0,6,0,735,576,3,573,49,113,47,79,2,0,0,0,0,10,27,230,16
5,2305,רמת ישי,122,7.0,6,0,684,475,1,474,60,86,30,72,6,15,0,0,0,6,31,149,19
5,2306,רמת ישי,122,8.1,5,0,400,307,0,307,28,65,23,23,3,12,1,0,0,7,15,101,29
5,2307,רמת ישי,122,8.2,5,0,399,291,1,290,23,58,13,23,3,0,0,0,0,1,12,155,2
5,2308,רמת ישי,122,9.0,6,0,582,410,0,410,18,93,53,43,0,0,0,0,0,3,20,146,34
18,9941,רנן,789,1.0,1,0,503,359,3,356,119,63,14,5,3,4,0,0,0,31,37,69,11
3,1405,שאר ישוב,324,1.0,1,0,457,331,0,331,26,70,14,67,0,7,0,0,0,17,4,117,9
4,1544,שדה אילן,721,1.0,1,0,450,350,0,350,29,22,6,7,12,0,1,0,0,37,141,92,3
17,9519,שדה דוד,36,1.0,1,0,483,372,4,368,117,45,10,17,69,6,0,0,0,19,25,55,5
19,11030,שדה ורבורג,284,2.1,1,0,548,430,1,429,6,132,46,97,2,0,13,0,0,0,2,120,11
19,11031,שדה ורבורג,284,2.2,1,0,547,405,3,402,28,128,55,73,1,3,9,0,0,3,1,94,7
5,1860,שדי תרומות,2057,1.0,1,0,416,286,0,286,126,19,4,2,28,2,0,0,0,21,52,26,6
2,778,שילה,3641,1.1,1,0,607,434,2,432,37,24,0,0,10,1,0,0,0,111,154,92,3
2,779,שילה,3641,1.2,1,0,607,458,0,458,58,12,0,0,5,8,0,0,0,134,175,66,0
2,780,שילה,3641,1.3,1,0,607,449,1,448,67,23,0,0,4,5,0,0,0,178,94,77,0
2,781,שילה,3641,1.4,1,0,606,445,0,445,41,25,0,0,6,1,0,0,0,100,147,113,12
5,2240,שמשית,1337,1.0,2,0,669,481,2,479,7,94,14,146,2,0,0,0,0,0,4,180,32
5,2241,שמשית,1337,2.0,2,0,694,500,0,500,20,111,22,85,5,0,0,0,0,9,25,187,36
5,2242,שמשית,1337,3.0,2,0,744,551,0,551,3,150,22,97,0,2,1,0,0,5,14,245,12
4,1587,תל קציר,719,1.0,2,0,385,280,3,277,3,77,22,60,2,5,0,0,0,12,16,66,14
18,9946,תלמי בילו,2050,1.0,1,0,395,293,0,293,89,50,2,18,11,0,0,0,0,34,53,18,18
17,9676,תלמי יחיאל,727,1.0,1,0,682,500,2,498,84,90,26,12,6,3,0,0,0,9,43,209,16
17,9526,תלמים,814,1.0,1,0,620,484,1,483,125,31,38,3,140,15,0,0,0,20,53,52,6
5,2142,תמרת,1244,1.0,1,0,612,480,0,480,8,115,22,141,0,0,17,0,5,0,2,140,30
5,2143,תמרת,1244,3.0,1,0,640,489,0,489,4,95,17,104,0,0,0,0,0,1,10,240,18
18,9884,תקומה,665,1.0,1,0,553,419,1,418,107,35,8,2,32,7,0,0,0,63,61,76,27
17,9600,אור הנר,67,1.0,1,0,677,545,0,545,21,115,66,74,4,0,4,0,0,2,15,229,15
16,8301,אור יהודה,2400,1.1,7,0,600,376,4,372,153,54,4,11,75,27,0,0,0,6,16,22,4
16,8302,אור יהודה,2400,1.2,7,0,600,377,4,373,156,38,1,5,72,3,0,0,0,24,49,23,2
16,8303,אור יהודה,2400,1.3,7,0,598,405,3,402,139,31,16,1,65,2,0,0,0,9,43,72,24
16,8304,אור יהודה,2400,3.0,5,0,594,372,3,369,99,30,23,11,106,4,0,0,0,30,34,30,2
16,8305,אור יהודה,2400,6.0,57,0,456,286,0,286,79,9,2,11,117,6,0,0,0,8,13,37,4
16,8306,אור יהודה,2400,12.1,10,0,496,322,2,320,92,28,9,6,59,4,0,0,0,12,53,47,10
16,8307,אור יהודה,2400,12.2,10,0,496,308,2,306,112,7,0,1,69,3,0,0,0,39,26,43,6
16,8308,אור יהודה,2400,13.0,58,0,501,323,4,319,109,32,3,1,48,3,0,0,0,17,23,60,23
16,8309,אור יהודה,2400,16.0,55,0,549,352,5,347,100,36,5,12,54,12,0,0,0,16,50,50,12
16,8310,אור יהודה,2400,17.0,5,0,657,383,4,379,97,12,2,12,115,9,0,0,0,36,27,60,9
16,8311,אור יהודה,2400,22.0,5,0,567,266,1,265,67,61,2,4,43,11,0,0,0,9,18,33,17
16,8312,אור יהודה,2400,24.1,3,0,611,415,2,413,89,74,17,40,97,4,0,0,0,22,18,36,16
16,8313,אור יהודה,2400,24.2,3,0,611,396,4,392,89,36,1,20,101,10,0,6,0,16,53,58,2
16,8314,אור יהודה,2400,24.3,3,0,611,423,3,420,116,41,18,32,72,21,0,0,0,1,53,53,13
16,8315,אור יהודה,2400,37.0,52,0,622,471,2,469,117,97,14,6,41,18,0,0,0,18,72,71,15
16,8316,אור יהודה,2400,40.0,52,0,743,508,0,508,146,51,7,21,51,12,0,0,0,42,77,84,17
16,8317,אור יהודה,2400,42.1,2,0,703,433,4,429,117,30,4,5,166,12,0,0,0,15,32,46,2
16,8318,אור יהודה,2400,42.2,2,0,703,455,4,451,128,32,0,1,155,12,0,0,0,17,30,69,7
16,8319,אור יהודה,2400,42.3,2,0,702,459,6,453,207,22,1,4,89,19,0,0,0,11,46,32,22
16,8320,אור יהודה,2400,44.0,52,0,651,472,2,470,164,101,0,1,55,13,0,0,0,11,51,57,17
16,8321,אור יהודה,2400,46.0,52,0,716,509,4,505,170,76,5,21,67,0,0,0,0,4,49,104,9
16,8322,אור יהודה,2400,47.0,52,0,707,524,0,524,147,39,7,41,81,31,0,0,0,42,48,80,8
16,8323,אור יהודה,2400,5.1,9,0,745,500,1,499,132,56,20,30,99,12,0,0,0,15,51,74,10
16,8324,אור יהודה,2400,5.2,9,0,745,553,3,550,177,73,36,19,8,5,0,0,0,12,47,108,65
16,8325,אור יהודה,2400,5.3,9,0,745,556,3,553,196,42,16,7,70,25,0,0,0,15,86,64,32
16,8326,אור יהודה,2400,5.4,9,0,745,529,3,526,96,29,23,17,156,7,0,0,0,4,99,94,1
16,8327,אור יהודה,2400,5.5,9,0,745,517,5,512,98,56,29,22,52,0,0,0,0,11,83,119,42
16,8328,אור יהודה,2400,7.0,60,0,582,398,3,395,129,32,0,4,52,6,0,0,0,44,52,68,8
16,8329,אור יהודה,2400,9.0,8,0,629,423,8,415,153,32,2,10,75,14,0,0,0,10,77,36,6
16,8330,אור יהודה,2400,15.0,8,0,535,314,5,309,86,15,1,5,82,5,0,0,0,4,38,39,34
16,8331,אור יהודה,2400,21.0,60,0,639,440,8,432,129,33,1,12,132,0,0,0,0,35,59,29,2
16,8332,אור יהודה,2400,27.0,1,0,630,475,1,474,101,135,26,47,44,0,2,0,0,24,25,66,4
16,8333,אור יהודה,2400,29.0,61,0,714,527,4,523,71,125,13,50,42,12,0,0,0,2,79,122,7
16,8334,אור יהודה,2400,30.0,8,0,559,367,4,363,120,43,1,7,126,10,0,0,0,9,21,17,9
16,8335,אור יהודה,2400,32.0,1,0,560,410,1,409,107,101,17,27,20,1,0,0,0,5,31,61,39
16,8336,אור יהודה,2400,33.0,1,0,551,404,0,404,85,60,65,24,16,4,0,0,0,19,26,95,10
16,8337,אור יהודה,2400,38.1,4,0,668,473,1,472,127,46,21,21,117,12,0,0,1,8,42,70,7
16,8338,אור יהודה,2400,38.2,4,0,668,450,3,447,158,57,18,13,65,2,0,0,2,17,44,44,27
16,8339,אור יהודה,2400,38.3,4,0,668,474,3,471,206,33,9,10,36,6,0,0,0,23,73,59,16
16,8340,אור יהודה,2400,41.0,61,0,550,417,1,416,108,45,21,50,32,4,0,0,0,8,37,103,8
16,8341,אור יהודה,2400,43.1,11,0,718,508,1,507,134,15,0,41,130,1,0,0,0,29,62,79,16
16,8342,אור יהודה,2400,43.2,11,0,718,505,4,501,160,81,5,20,79,0,0,0,0,39,68,43,6
16,8343,אור יהודה,2400,45.0,1,0,584,410,1,409,141,98,16,18,15,14,0,0,0,1,35,58,13
16,8344,אור יהודה,2400,48.0,1,0,599,449,0,449,73,103,11,58,54,3,0,0,0,18,45,56,28
16,8345,אור יהודה,2400,49.1,59,0,748,596,2,594,133,122,25,66,23,4,0,0,0,9,28,99,85
16,8346,אור יהודה,2400,49.2,59,0,747,596,1,595,124,146,30,24,39,2,0,0,21,14,62,129,4
16,8347,אור יהודה,2400,101.0,53,0,430,320,3,317,83,49,1,10,51,1,0,0,0,31,57,29,5
9,3681,אלעריאן,1316,1.0,3,0,141,98,0,98,2,0,0,3,5,0,56,21,11,0,0,0,0
18,10606,אעצם שבט,963,8.1,1,0,715,283,4,279,4,9,1,12,1,0,99,146,7,0,0,0,0
18,10607,אעצם שבט,963,8.2,1,0,715,280,2,278,0,0,0,6,0,0,34,231,6,0,0,1,0
18,10608,אעצם שבט,963,8.3,1,0,715,272,4,268,0,0,0,2,3,0,35,225,3,0,0,0,0
18,10609,אעצם שבט,963,8.4,1,0,715,221,2,219,0,0,0,3,1,0,41,164,10,0,0,0,0
18,10610,אעצם שבט,963,8.5,1,0,715,223,3,220,0,0,0,8,0,0,37,165,10,0,0,0,0
18,10611,אעצם שבט,963,8.6,1,0,715,257,2,255,0,0,0,9,1,0,40,195,8,0,0,2,0
18,10612,אעצם שבט,963,8.7,2,0,715,265,8,257,0,0,0,1,0,0,57,193,6,0,0,0,0
18,10613,אעצם שבט,963,8.8,2,0,715,251,3,248,0,0,0,19,0,0,33,196,0,0,0,0,0
20,11349,אשחר,1188,1.0,1,0,732,549,1,548,9,224,69,89,0,0,0,0,0,6,36,84,31
5,2094,בית לחם הגלילית,430,1.0,1,0,649,501,0,501,41,79,29,91,0,4,0,0,0,30,7,199,21
9,3853,ברקאי,617,1.0,1,0,575,394,3,391,2,90,34,117,0,3,19,0,0,2,2,115,7
2,786,גבעת יערים,787,1.0,1,0,574,406,2,404,71,56,45,77,29,2,1,0,0,10,37,73,3
2,787,גבעת יערים,787,2.0,1,0,411,285,1,284,70,35,6,57,19,2,0,0,0,15,25,50,5
6,2478,גורנות הגליל,1219,1.0,1,0,214,130,1,129,30,17,10,5,5,0,0,0,0,10,20,30,2
17,9486,גת קיבוץ,340,1.0,1,0,671,502,1,501,12,115,15,172,0,0,1,0,0,1,1,169,15
2,733,דולב,3747,1.0,1,0,582,431,2,429,72,14,0,2,7,0,0,0,0,110,150,72,2
2,734,דולב,3747,2.0,1,0,390,268,1,267,44,37,0,0,13,0,0,0,0,71,54,48,0
17,9625,דורות,336,1.0,1,0,618,466,0,466,21,139,23,104,0,0,0,0,0,3,0,154,22
17,9488,זבדיאל,815,1.0,1,0,481,394,0,394,118,11,0,1,116,47,0,0,0,6,42,31,22
8,3355,חואלד,1321,1.0,2,0,593,256,2,254,1,5,2,33,1,0,55,136,10,0,1,7,3
18,10322,טללים,1177,1.0,1,0,489,343,2,341,32,73,18,54,2,3,0,0,0,8,17,122,12
2,735,טלמון,3788,2.1,1,0,751,545,0,545,84,32,4,25,1,10,0,0,0,114,167,108,0
2,736,טלמון,3788,2.2,1,0,751,577,0,577,30,61,1,0,1,23,0,0,0,128,201,132,0
2,737,טלמון,3788,3.0,2,0,686,525,1,524,115,5,0,2,25,5,0,0,0,65,235,72,0
2,738,טלמון,3788,4.0,2,0,632,487,0,487,66,35,0,0,3,3,0,0,0,139,126,115,0
13,6848,כפר אביב,857,1.0,1,0,604,454,0,454,22,132,33,90,2,0,1,0,0,5,15,131,23
2,908,כפר אוריה,364,1.0,1,0,592,473,0,473,42,131,20,56,7,3,1,0,0,11,53,144,5
10,4737,כפר הס,187,1.0,2,0,612,478,0,478,9,124,46,114,0,0,10,0,0,0,4,134,37
10,4738,כפר הס,187,2.0,2,0,535,454,0,454,18,98,49,101,0,2,0,0,0,0,0,175,11
4,1523,כפר חיטים,255,1.0,1,0,580,369,1,368,89,41,27,17,3,9,0,0,0,8,35,125,14
9,3693,כפר קרע,654,4.0,3,0,745,419,2,417,1,0,0,10,0,0,173,190,42,0,0,1,0
9,3694,כפר קרע,654,10.1,7,0,533,285,3,282,0,0,0,4,0,0,64,174,40,0,0,0,0
9,3695,כפר קרע,654,10.2,7,0,533,304,1,303,4,2,0,19,0,0,106,113,53,0,0,4,2
9,3696,כפר קרע,654,10.3,7,0,532,295,4,291,0,6,0,20,0,0,101,127,36,0,0,1,0
9,3697,כפר קרע,654,11.0,4,0,666,382,4,378,0,0,0,8,0,0,87,247,35,0,0,1,0
9,3698,כפר קרע,654,12.0,4,0,633,376,3,373,0,0,0,8,2,1,87,225,49,0,0,1,0
9,3699,כפר קרע,654,13.0,4,0,637,343,0,343,0,0,0,24,0,0,73,192,50,0,0,4,0
9,3700,כפר קרע,654,15.1,2,0,656,355,5,350,0,3,6,10,0,0,142,154,34,0,0,1,0
9,3701,כפר קרע,654,15.2,2,0,656,391,2,389,0,2,1,9,0,0,138,172,67,0,0,0,0
9,3702,כפר קרע,654,15.3,2,0,656,379,1,378,0,0,0,14,0,0,128,160,75,0,1,0,0
9,3703,כפר קרע,654,15.4,2,0,656,367,1,366,0,6,7,43,0,0,112,135,63,0,0,0,0
9,3704,כפר קרע,654,15.5,2,0,656,324,3,321,6,6,0,11,0,0,101,152,43,0,0,2,0
9,3705,כפר קרע,654,15.6,2,0,653,353,3,350,0,0,0,12,0,0,120,174,44,0,0,0,0
9,3706,כפר קרע,654,18.1,5,0,737,417,2,415,0,0,0,26,0,0,104,240,45,0,0,0,0
9,3707,כפר קרע,654,18.2,5,1,737,407,4,403,0,0,0,25,0,0,139,188,45,0,0,6,0
9,3708,כפר קרע,654,18.3,5,0,737,439,5,434,0,2,1,45,0,0,64,270,37,0,0,15,0
9,3709,כפר קרע,654,18.4,5,0,737,444,4,440,0,0,0,5,0,0,104,255,76,0,0,0,0
9,3710,כפר קרע,654,18.5,5,0,737,405,5,400,0,12,0,24,0,0,155,162,47,0,0,0,0
9,3711,כפר קרע,654,20.1,9,0,717,412,0,412,0,2,1,18,0,0,113,217,61,0,0,0,0
9,3712,כפר קרע,654,20.2,9,0,717,420,0,420,0,0,0,21,0,0,130,153,95,0,0,21,0
9,3713,כפר קרע,654,20.3,9,0,717,382,3,379,9,1,0,15,0,0,102,187,64,0,0,1,0
9,3714,כפר קרע,654,20.4,9,0,715,403,0,403,0,0,0,20,0,0,97,235,50,0,0,0,1
17,9645,כרמיה,768,1.0,1,0,496,377,2,375,31,81,18,70,6,1,2,0,0,7,5,134,20
9,3900,מגל,375,1.0,2,0,492,404,0,404,17,67,19,95,0,0,14,0,0,0,7,146,39
9,3901,מגל,375,2.0,2,0,458,381,0,381,11,98,21,99,1,0,0,0,0,0,0,137,14
11,5397,מגשימים,722,1.0,2,0,737,576,1,575,40,122,28,164,0,1,9,0,0,5,29,173,4
9,4116,מי עמי,1128,1.0,1,0,278,226,0,226,15,43,14,61,2,0,0,0,0,0,1,87,3
9,3902,מייסר,649,2.1,1,0,511,198,0,198,11,0,0,11,0,0,99,48,29,0,0,0,0
9,3903,מייסר,649,2.2,1,0,511,217,1,216,0,6,0,7,0,0,100,62,40,0,0,0,1
9,3904,מייסר,649,2.3,1,0,510,167,5,162,0,1,0,10,0,0,73,43,35,0,0,0,0
4,1579,מעלה גמלא,4008,1.0,1,0,447,355,1,354,30,91,10,54,0,0,10,1,0,4,1,142,11
9,3905,מענית,344,1.0,1,0,632,543,1,542,9,87,36,194,1,2,8,1,0,0,9,144,51
18,9811,מצדות יהודה,3745,1.0,1,0,513,367,0,367,20,11,0,1,1,0,0,0,0,75,170,83,6
9,4142,מצפה אילן,1370,1.0,1,0,349,271,1,270,46,23,0,0,2,7,0,0,0,62,62,62,6
4,1538,מצפה נטופה,1190,1.0,1,0,731,508,4,504,49,82,4,11,10,0,0,0,0,83,90,140,35
10,4689,משמר השרון,194,1.0,1,0,556,384,1,383,27,83,25,91,0,1,0,0,2,0,21,110,23
2,739,נוה צוף,3573,1.1,2,0,462,327,0,327,52,16,5,0,23,15,0,0,0,46,122,47,1
2,740,נוה צוף,3573,1.2,2,0,421,309,2,307,58,23,0,0,1,0,0,0,0,56,115,54,0
5,1846,נווה אור,590,1.0,2,0,371,257,1,256,7,72,8,58,0,0,0,0,0,7,6,88,10
17,9652,נווה מבטח,827,1.0,1,0,547,434,1,433,62,148,17,46,5,8,1,0,0,4,14,116,12
2,889,נווה מיכאל,1071,1.0,1,0,525,379,2,377,158,29,1,3,59,30,0,0,0,28,37,30,2
11,5401,נופך,257,1.0,1,0,436,344,3,341,88,54,1,29,59,2,0,0,0,5,23,69,11
13,6591,נטעים,174,1.0,2,0,636,495,1,494,82,96,38,47,0,0,0,0,0,22,46,143,20
17,9512,סגולה,2046,1.0,1,0,479,384,2,382,43,100,26,52,20,1,0,0,0,21,4,92,23
17,9665,עזר,1149,1.0,1,0,655,496,1,495,86,56,44,60,47,4,0,0,0,34,27,125,12
9,3715,ערערה,637,4.1,1,0,619,309,0,309,0,0,2,7,0,0,159,80,61,0,0,0,0
9,3716,ערערה,637,4.2,1,0,619,308,3,305,0,1,0,12,4,0,117,99,66,0,1,5,0
9,3717,ערערה,637,4.3,1,0,619,327,3,324,0,5,2,21,0,0,116,104,76,0,0,0,0
9,3718,ערערה,637,4.4,1,0,619,285,4,281,0,0,0,12,0,0,135,68,61,0,0,5,0
9,3719,ערערה,637,4.5,1,0,617,266,0,266,1,0,0,16,1,0,116,70,62,0,0,0,0
9,3720,ערערה,637,6.0,10,0,703,316,3,313,0,0,0,26,0,0,99,130,47,0,0,9,2
9,3721,ערערה,637,8.1,4,0,748,365,3,362,0,3,0,19,0,0,154,83,99,0,0,0,4
9,3722,ערערה,637,8.2,4,0,748,363,6,357,0,0,0,15,0,0,130,49,163,0,0,0,0
9,3723,ערערה,637,8.3,4,0,748,303,3,300,0,0,0,18,0,0,177,59,45,0,0,1,0
9,3724,ערערה,637,9.0,9,0,704,369,2,367,1,11,0,25,0,0,158,64,99,0,0,1,8
9,3725,ערערה,637,11.1,2,0,399,202,3,199,0,0,0,13,0,0,53,57,73,0,0,3,0
9,3726,ערערה,637,11.2,2,0,398,176,2,174,0,4,0,8,0,0,74,58,24,0,5,1,0
9,3727,ערערה,637,13.1,7,0,751,394,3,391,0,2,0,22,0,0,166,95,94,0,0,0,12
9,3728,ערערה,637,13.2,7,0,751,367,3,364,0,3,0,15,3,0,150,115,76,1,0,1,0
9,3729,ערערה,637,13.3,7,0,750,327,4,323,0,0,0,12,0,0,101,160,50,0,0,0,0
9,3730,ערערה,637,14.0,10,0,827,321,3,318,2,0,0,41,0,0,117,118,38,0,1,1,0
9,3731,ערערה,637,20.1,5,0,666,321,3,318,0,5,5,24,2,2,135,108,37,0,0,0,0
9,3732,ערערה,637,20.2,5,0,666,328,2,326,3,0,0,15,1,0,128,94,85,0,0,0,0
9,3733,ערערה,637,20.3,5,0,666,325,3,322,0,2,0,11,0,0,152,65,90,0,0,2,0
9,3734,ערערה,637,20.4,5,0,666,350,5,345,0,4,0,32,0,0,129,52,118,0,5,5,0
9,3735,ערערה,637,20.5,5,0,666,311,2,309,0,0,0,26,0,0,158,51,69,0,0,5,0
9,3736,ערערה,637,20.6,5,0,666,308,4,304,2,13,0,17,0,0,140,82,44,0,0,6,0
9,3737,ערערה,637,20.7,5,0,664,314,1,313,9,0,0,4,0,0,193,64,42,1,0,0,0
13,6856,עשרת,591,1.0,1,0,522,385,1,384,9,92,37,68,0,0,0,0,0,14,10,124,30
13,6857,עשרת,591,2.0,1,0,425,336,0,336,7,101,34,63,2,3,8,0,0,0,4,101,13
6,2798,פסוטה,535,1.0,2,0,737,304,0,304,7,15,17,51,0,6,102,20,46,0,0,33,7
6,2799,פסוטה,535,4.1,1,0,722,308,11,297,33,17,8,30,1,0,99,17,45,4,2,41,0
6,2800,פסוטה,535,4.2,1,0,722,339,0,339,3,29,1,35,0,0,174,30,42,0,0,15,10
6,2801,פסוטה,535,4.3,1,0,721,340,1,339,14,28,2,83,0,0,125,6,53,0,2,26,0
12,5972,פתחיה,839,1.0,2,0,687,521,0,521,191,77,11,24,26,18,0,0,0,6,54,93,21
5,1853,רועי,3619,1.0,1,0,139,92,0,92,16,15,7,10,0,0,0,0,0,7,4,27,6
9,4145,ריחן,3568,1.0,1,0,260,201,2,199,16,54,30,8,1,1,0,0,0,10,14,62,3
5,1956,ריינה,542,10.1,3,0,741,399,4,395,8,1,0,11,0,0,204,65,84,0,4,18,0
5,1957,ריינה,542,10.2,3,0,741,310,10,300,13,0,0,9,0,0,116,105,49,0,0,7,1
5,1958,ריינה,542,12.1,1,1,659,297,0,297,4,1,1,22,0,0,136,64,66,0,0,2,1
5,1959,ריינה,542,12.2,1,0,659,367,3,364,0,0,0,28,0,0,132,169,35,0,0,0,0
5,1960,ריינה,542,12.3,1,0,659,330,3,327,3,0,0,7,0,0,125,142,47,0,0,1,2
5,1961,ריינה,542,12.4,1,0,659,301,3,298,4,0,0,15,9,0,116,100,39,0,1,10,4
5,1962,ריינה,542,12.5,1,0,659,351,3,348,3,0,0,11,1,0,191,105,36,0,1,0,0
5,1963,ריינה,542,12.6,1,0,658,330,0,330,0,1,0,16,0,0,133,106,50,0,0,24,0
5,1964,ריינה,542,13.1,4,0,507,282,5,277,0,0,0,30,0,0,128,79,38,0,0,1,1
5,1965,ריינה,542,13.2,4,1,507,225,4,221,2,1,0,16,0,0,86,67,40,0,5,4,0
5,1966,ריינה,542,13.3,4,0,505,225,3,222,1,0,2,16,0,0,115,30,57,0,0,1,0
5,1967,ריינה,542,16.1,5,0,733,310,2,308,0,1,0,10,0,4,140,88,64,0,1,0,0
5,1968,ריינה,542,16.2,5,0,733,320,14,306,8,1,1,17,0,8,92,126,36,0,0,14,3
5,1969,ריינה,542,16.3,5,0,733,329,4,325,6,0,0,19,0,0,155,60,84,0,0,1,0
5,1970,ריינה,542,16.4,5,0,730,433,4,429,2,6,12,49,0,0,237,60,51,0,2,10,0
5,1971,ריינה,542,17.1,6,0,744,364,4,360,0,5,0,21,3,0,153,81,89,0,0,8,0
5,1972,ריינה,542,17.2,6,0,744,329,5,324,1,1,7,18,0,0,149,98,45,0,0,5,0
5,1973,ריינה,542,17.3,6,0,744,317,12,305,0,4,0,14,0,0,140,113,32,0,0,1,1
5,1974,ריינה,542,17.4,6,0,741,324,3,321,0,1,1,9,0,0,156,98,55,0,0,1,0
11,5406,רינתיה,616,1.0,1,0,744,561,3,558,86,106,45,67,22,48,0,0,0,1,14,163,6
5,1792,רםאון,1069,1.0,1,0,739,565,0,565,23,196,43,74,1,11,12,0,0,1,42,139,23
2,805,רמת רזיאל,460,1.0,2,0,507,385,1,384,39,70,15,105,6,2,12,0,0,3,21,99,12
17,9520,שדה יואב,293,1.0,1,0,428,348,1,347,17,93,18,78,1,0,1,0,0,0,6,108,25
5,1858,שדה נחום,259,1.1,1,0,387,278,3,275,80,73,9,25,1,4,0,0,0,6,11,59,7
5,1859,שדה נחום,259,1.2,1,0,386,263,1,262,23,62,7,48,1,1,0,0,0,3,20,90,7
6,2520,שלומי,812,1.1,17,0,385,231,2,229,85,20,5,15,11,1,0,0,0,18,33,38,3
6,2521,שלומי,812,1.2,17,0,385,213,0,213,61,19,7,8,35,4,0,1,0,15,36,21,6
6,2522,שלומי,812,2.1,10,0,387,214,2,212,51,44,13,11,10,5,0,0,0,25,25,18,10
6,2523,שלומי,812,2.2,10,0,374,224,3,221,61,21,34,7,12,3,0,0,0,9,36,34,4
6,2524,שלומי,812,3.1,3,0,511,310,2,308,125,22,6,3,53,17,0,0,0,9,27,40,6
6,2525,שלומי,812,3.2,3,0,511,305,1,304,81,23,9,3,47,1,0,3,0,8,32,65,32
6,2526,שלומי,812,3.3,3,0,510,323,2,321,100,15,15,8,54,4,0,0,0,21,35,61,8
6,2527,שלומי,812,5.0,11,0,536,344,5,339,85,41,24,12,35,1,0,0,0,6,46,55,34
6,2528,שלומי,812,6.0,14,0,615,403,3,400,119,69,8,13,6,0,0,0,0,43,49,80,13
6,2529,שלומי,812,7.0,12,0,800,538,1,537,121,91,30,13,84,9,0,0,0,27,47,103,12
6,2530,שלומי,812,8.0,15,1,793,540,3,537,128,82,74,19,55,4,0,0,0,17,40,91,27
6,2531,שלומי,812,9.0,18,0,522,350,1,349,99,39,38,8,10,1,0,0,0,29,56,61,8
18,9814,שני,1287,1.0,1,0,405,266,2,264,34,73,36,18,3,1,0,0,1,10,16,63,9
17,9675,תימורים,163,1.0,1,0,684,505,4,501,36,137,49,88,3,0,1,0,0,4,11,159,13
2,919,תרום,778,1.0,1,0,662,499,0,499,160,61,4,12,60,35,0,0,0,20,85,53,9
19,10677,אורנית,3760,8.1,1,0,704,519,0,519,48,116,67,55,29,17,0,0,0,13,52,119,3
19,10678,אורנית,3760,8.2,1,0,704,518,4,514,129,100,19,35,7,1,0,0,0,32,37,130,24
19,10679,אורנית,3760,8.3,1,0,704,503,1,502,100,118,27,31,27,10,0,0,0,17,23,141,8
19,10680,אורנית,3760,8.4,1,0,704,534,1,533,73,145,69,46,7,0,0,0,0,8,69,89,27
19,10681,אורנית,3760,8.5,1,0,704,542,4,538,67,114,87,51,4,0,0,0,0,8,26,165,16
19,10682,אורנית,3760,8.6,1,0,704,505,0,505,107,130,50,38,3,2,0,0,0,17,31,118,9
19,10683,אורנית,3760,8.7,1,0,700,551,1,550,63,118,30,13,14,3,0,0,0,35,22,236,16
19,10684,אורנית,3760,9.1,2,0,582,431,1,430,35,101,15,41,15,1,0,0,0,16,22,155,29
19,10685,אורנית,3760,9.2,2,0,582,430,2,428,90,74,11,54,26,5,0,0,0,32,59,68,9
19,10686,אורנית,3760,9.3,2,0,582,451,1,450,67,109,28,30,5,19,0,0,0,13,53,120,6
19,10687,אורנית,3760,9.4,2,0,580,456,1,455,52,85,82,67,23,0,0,0,0,1,23,95,27
3,1305,אליפלט,730,1.0,1,0,542,389,0,389,123,61,3,0,34,7,0,0,0,15,65,52,29
19,10703,אלקנה,3560,5.1,3,0,602,458,1,457,69,40,2,1,36,1,0,0,0,78,86,140,4
19,10704,אלקנה,3560,5.2,3,0,602,449,1,448,101,15,0,0,7,4,0,0,0,91,163,67,0
19,10705,אלקנה,3560,5.3,3,0,602,465,0,465,131,58,2,0,1,0,0,0,0,57,143,58,15
19,10706,אלקנה,3560,5.4,3,0,602,457,2,455,79,33,1,2,16,3,0,1,0,67,136,109,8
19,10707,אלקנה,3560,5.5,3,0,599,445,0,445,118,10,0,1,24,5,0,0,0,79,104,88,16
4,1549,אניעם,4012,1.0,1,0,478,283,1,282,44,58,2,44,19,2,0,0,0,9,19,64,21
4,1553,אשדות יעקב איחוד,199,1.0,2,0,734,535,1,534,32,82,75,86,0,0,0,0,7,20,35,186,11
4,1554,אשדות יעקב מאוחד,188,1.0,1,0,650,450,1,449,22,93,37,108,0,0,0,0,0,13,15,144,17
13,6587,בית חנן,159,1.0,1,0,546,424,0,424,22,128,31,49,1,0,4,0,0,3,3,176,7
9,3743,בית חנניה,800,1.0,1,0,675,538,0,538,11,164,39,139,29,0,0,0,0,3,4,140,9
10,4717,בית יהושע,288,1.0,1,1,531,403,1,402,13,93,49,111,0,4,2,0,0,0,2,112,16
10,4718,בית יהושע,288,2.0,2,0,321,253,2,251,27,42,11,68,0,0,0,0,0,0,6,90,7
9,3744,בית צבי,212,1.0,1,0,70,39,1,38,6,1,0,0,3,3,0,0,0,7,10,8,0
13,6776,בן זכאי,760,1.0,1,0,628,491,1,490,172,29,0,0,110,12,0,0,0,25,98,31,13
9,3682,בסמה,1326,1.0,1,0,685,312,6,306,0,0,0,19,0,0,72,165,50,0,0,0,0
9,3683,בסמה,1326,8.1,2,0,702,328,13,315,0,6,0,8,2,0,120,149,30,0,0,0,0
9,3684,בסמה,1326,8.2,2,1,702,233,1,232,0,1,0,9,0,0,118,51,51,0,0,0,2
9,3685,בסמה,1326,11.1,7,0,714,290,4,286,0,0,0,5,0,0,54,215,0,0,0,9,3
9,3686,בסמה,1326,11.2,7,0,714,311,5,306,0,0,0,32,0,0,107,95,60,0,0,12,0
9,3687,בסמה,1326,11.3,7,1,714,296,1,295,0,0,0,12,0,0,78,153,46,5,0,1,0
9,3688,בסמה,1326,11.4,7,0,713,280,4,276,2,1,0,5,0,0,108,92,66,0,0,1,1
9,3689,בסמה,1326,4.0,5,0,750,333,3,330,2,3,0,35,21,0,172,59,30,0,0,5,3
9,3690,בסמה,1326,7.0,5,0,685,328,9,319,6,17,0,16,14,0,145,53,37,0,4,21,6
9,3691,בסמה,1326,10.1,3,0,706,284,4,280,0,2,0,26,0,0,88,77,81,0,0,6,0
9,3692,בסמה,1326,10.2,3,0,706,261,5,256,5,2,0,22,10,2,111,72,30,0,0,1,1
18,9929,ברוש,2060,1.0,1,0,403,290,0,290,91,36,5,12,38,8,0,0,0,23,22,48,7
9,3746,גסר אזרקא,541,2.1,2,0,541,224,4,220,1,0,0,15,0,0,72,76,56,0,0,0,0
9,3747,גסר אזרקא,541,2.2,2,0,541,224,2,222,0,0,0,16,0,0,135,52,18,0,0,1,0
9,3748,גסר אזרקא,541,2.3,2,0,540,224,3,221,0,0,0,22,0,0,140,42,17,0,0,0,0
9,3749,גסר אזרקא,541,4.1,1,0,573,190,5,185,0,2,0,6,12,0,89,61,12,0,0,3,0
9,3750,גסר אזרקא,541,4.2,1,0,573,204,5,199,0,0,0,13,0,2,80,89,10,0,0,1,4
9,3751,גסר אזרקא,541,4.3,1,0,573,237,0,237,1,2,0,21,0,0,122,63,27,0,0,1,0
9,3752,גסר אזרקא,541,4.4,1,0,572,256,2,254,0,0,0,14,0,0,115,54,68,0,0,3,0
9,3753,גסר אזרקא,541,6.1,5,0,417,166,2,164,2,1,0,8,0,0,79,59,13,0,0,2,0
9,3754,גסר אזרקא,541,6.2,5,0,417,166,1,165,0,0,0,7,0,2,71,73,9,1,0,2,0
9,3755,גסר אזרקא,541,7.1,3,0,534,177,0,177,1,0,0,16,3,0,93,52,12,0,0,0,0
9,3756,גסר אזרקא,541,7.2,3,0,534,198,1,197,0,1,0,23,0,0,88,58,25,0,0,2,0
9,3757,גסר אזרקא,541,7.3,3,0,533,174,4,170,5,1,0,24,0,0,87,39,13,0,0,0,1
9,3758,גסר אזרקא,541,10.1,6,0,529,191,1,190,5,0,1,7,0,0,83,88,4,0,1,1,0
9,3759,גסר אזרקא,541,10.2,6,0,529,194,0,194,0,0,0,6,0,1,79,72,35,0,0,1,0
9,3760,גסר אזרקא,541,10.3,6,0,529,280,5,275,1,2,0,7,0,0,123,95,46,0,0,1,0
9,3761,גסר אזרקא,541,13.1,4,0,586,225,0,225,2,1,0,6,0,0,96,69,37,2,0,12,0
9,3762,גסר אזרקא,541,13.2,4,0,586,215,0,215,1,0,0,3,0,0,110,66,34,0,0,1,0
9,3763,גסר אזרקא,541,13.3,4,0,586,249,4,245,0,1,0,14,0,0,90,112,25,0,1,2,0
9,3764,גסר אזרקא,541,13.4,4,0,585,248,0,248,2,1,0,20,0,0,110,70,36,0,0,9,0
4,1513,גינוסר,262,1.0,2,0,599,435,3,432,32,100,22,94,6,0,0,0,0,10,21,109,38
17,9485,גלאון,393,1.0,1,0,516,394,1,393,4,119,17,106,0,0,10,0,0,0,0,93,44
4,1561,דגניה א,62,1.0,1,0,564,391,2,389,5,55,31,121,0,0,0,0,0,0,3,162,12
3,1348,דן,303,1.0,1,0,584,456,0,456,1,70,12,164,0,0,19,0,0,3,0,177,10
10,4633,העוגן,423,1.0,1,0,696,529,0,529,0,104,22,205,0,0,2,1,0,0,1,177,17
4,1564,חדנס,4026,1.1,1,0,389,215,0,215,26,67,17,24,7,1,0,0,0,5,12,40,16
4,1565,חדנס,4026,1.2,2,0,389,228,0,228,52,71,14,13,1,0,0,0,0,5,10,60,2
5,2156,חנתון,1257,1.0,2,0,600,458,2,456,19,115,38,119,7,0,3,2,0,6,31,108,8
18,9761,חצבה,13,1.0,1,0,608,461,1,460,6,75,61,71,1,0,0,1,0,4,9,207,25
10,4733,חרוצים,1024,1.0,2,0,661,512,2,510,36,112,52,45,18,1,0,0,0,7,35,192,12
9,4139,חרמש,3717,1.0,1,0,229,140,2,138,50,23,8,7,2,1,0,0,0,9,20,16,2
3,1352,יובל,2009,1.0,1,0,499,359,1,358,53,73,9,46,51,2,0,0,0,4,37,80,3
18,9821,יושיביה,803,1.0,1,0,405,316,1,315,62,29,1,0,99,7,0,0,0,17,63,34,3
3,1353,יפתח,453,1.0,1,0,605,442,3,439,24,153,37,59,0,0,0,26,0,0,0,114,26
19,10764,יצהר,3749,1.0,2,0,435,327,0,327,31,11,0,0,2,15,0,0,0,77,148,43,0
19,10765,יצהר,3749,2.0,2,0,457,329,0,329,28,4,0,0,8,21,0,0,0,72,157,39,0
12,5936,כפר בן נון,2010,1.0,1,0,589,477,0,477,56,122,28,82,5,22,2,0,0,14,36,90,20
6,2708,כפר ורדים,1263,1.0,1,0,677,466,2,464,29,62,37,56,0,2,2,0,0,65,1,200,10
6,2709,כפר ורדים,1263,2.1,2,0,645,432,2,430,62,88,40,107,12,0,18,0,0,0,0,95,8
6,2710,כפר ורדים,1263,2.2,2,0,644,445,1,444,21,87,59,81,2,14,3,8,0,12,23,117,17
6,2711,כפר ורדים,1263,3.0,1,0,560,365,0,365,33,66,39,56,3,8,2,0,4,3,5,129,17
6,2712,כפר ורדים,1263,4.0,1,0,573,391,2,389,26,120,8,69,0,0,0,5,0,9,8,126,18
6,2713,כפר ורדים,1263,8.1,3,0,680,466,2,464,50,62,36,104,13,0,3,4,0,7,41,133,11
6,2714,כפר ורדים,1263,8.2,3,0,680,462,1,461,28,97,11,107,0,0,9,10,1,0,4,156,38
6,2715,כפר ורדים,1263,8.3,3,0,678,490,0,490,12,83,30,183,0,0,0,0,0,0,8,141,33
10,4684,כפר מונש,387,1.0,1,0,671,530,0,530,9,149,42,61,0,0,0,0,0,11,3,224,31
17,9494,כפר מנחם,274,1.0,1,0,496,378,2,376,7,107,33,122,0,0,8,0,0,1,2,82,14
17,9495,כפר מנחם,274,2.0,1,0,515,412,0,412,19,84,27,106,2,0,37,1,0,7,9,109,11
6,2491,כפר רוזנואלד זרעית,1130,1.0,1,0,239,157,0,157,53,24,2,5,10,1,0,0,0,4,27,23,8
4,1532,לבנים,1230,1.0,2,0,379,263,2,261,43,33,17,34,6,6,0,0,0,32,14,68,8
18,9753,מחנה טלי,1418,1.0,1,0,166,85,1,84,17,13,2,7,5,0,0,0,0,6,6,21,7
3,1251,מלכיה,596,1.0,1,0,447,286,3,283,8,75,17,63,3,0,0,0,0,3,2,107,5
9,3774,מעגן מיכאל,694,1.0,1,0,689,432,2,430,25,72,19,175,1,0,4,0,0,4,14,93,23
9,3775,מעגן מיכאל,694,2.0,1,0,597,420,0,420,4,119,25,134,0,0,12,0,0,0,11,95,20
9,3776,מעגן מיכאל,694,3.0,1,0,583,420,3,417,17,95,23,141,0,0,1,0,0,2,3,108,27
18,9754,מצפה רמון,99,1.1,1,0,391,228,2,226,55,35,9,40,7,3,2,0,0,6,12,46,11
18,9755,מצפה רמון,99,1.2,1,0,390,203,0,203,47,41,7,25,4,9,0,0,0,3,7,58,2
18,9756,מצפה רמון,99,2.0,2,0,571,305,4,301,31,59,7,28,2,0,0,0,0,58,61,51,4
18,9757,מצפה רמון,99,3.0,2,0,730,343,2,341,94,29,21,45,27,10,18,3,0,8,26,52,8
18,9758,מצפה רמון,99,4.0,2,0,715,289,6,283,47,22,20,32,6,0,2,12,2,35,42,50,13
18,9759,מצפה רמון,99,5.0,2,0,630,355,5,350,90,21,15,26,14,0,3,0,0,32,76,68,5
18,9760,מצפה רמון,99,6.0,2,0,592,350,2,348,85,36,20,31,1,3,1,0,0,22,60,86,3
5,1844,משואה,3605,1.0,1,0,228,163,2,161,37,17,6,8,1,0,0,0,0,15,34,39,4
10,4742,משמרת,425,1.0,1,0,728,601,0,601,58,139,28,120,8,0,0,0,0,0,28,211,9
18,9762,נאות הכיכר,1124,1.0,1,0,242,162,0,162,17,34,11,24,0,0,0,1,0,1,19,54,1
9,3778,נווה ים,312,1.0,3,0,227,166,0,166,15,35,4,19,6,0,0,0,0,3,6,70,8
2,844,נטף,1254,1.0,1,0,405,331,2,329,9,61,13,117,0,0,9,10,0,1,0,88,21
8,3316,נשר,2500,1.0,8,0,579,366,1,365,56,81,42,36,2,0,0,0,0,21,19,72,36
8,3317,נשר,2500,2.0,8,0,604,374,4,370,83,99,34,29,2,0,0,0,0,4,37,76,6
8,3318,נשר,2500,3.0,28,0,615,350,3,347,83,35,19,38,80,1,2,0,32,11,21,22,3
8,3319,נשר,2500,4.0,8,0,539,280,2,278,32,37,60,7,18,3,0,0,0,8,45,65,3
8,3320,נשר,2500,5.1,6,0,539,335,5,330,120,21,30,3,79,13,0,0,0,10,26,23,5
8,3321,נשר,2500,5.2,6,0,538,307,2,305,72,19,55,2,35,21,0,0,0,5,19,73,4
8,3322,נשר,2500,7.1,30,0,721,417,6,411,98,51,51,1,92,3,0,2,0,13,10,85,5
8,3323,נשר,2500,9.1,27,0,674,336,3,333,79,49,35,12,48,2,0,1,0,11,14,61,21
8,3324,נשר,2500,9.2,27,0,674,305,2,303,51,34,37,13,27,2,0,5,5,5,51,66,7
8,3325,נשר,2500,10.0,29,0,544,229,1,228,64,25,50,1,6,0,0,0,0,4,23,53,2
8,3326,נשר,2500,11.0,21,0,404,153,0,153,16,42,23,5,3,2,1,1,3,15,13,27,2
8,3327,נשר,2500,12.0,29,0,359,160,0,160,38,11,12,8,14,1,4,0,0,5,23,30,14
8,3328,נשר,2500,13.0,11,0,453,208,5,203,39,27,25,23,0,1,0,0,1,6,4,70,7
8,3329,נשר,2500,14.0,22,0,618,288,5,283,93,28,20,16,8,22,0,0,0,0,29,60,7
8,3330,נשר,2500,16.0,28,0,684,402,2,400,99,22,53,14,30,1,0,0,0,26,35,108,12
8,3331,נשר,2500,17.0,15,0,708,507,4,503,139,118,34,16,8,2,0,0,0,22,18,126,20
8,3332,נשר,2500,20.1,13,0,634,370,1,369,67,59,26,20,44,9,0,0,0,5,23,97,19
8,3333,נשר,2500,20.2,13,0,634,406,5,401,59,65,18,35,4,0,0,0,0,4,36,161,19
8,3334,נשר,2500,20.3,13,0,634,393,3,390,122,54,18,35,16,2,0,0,0,7,23,101,12
8,3335,נשר,2500,20.4,13,0,634,366,2,364,98,90,25,29,5,4,2,0,0,1,20,85,5
8,3336,נשר,2500,20.5,13,0,631,361,1,360,66,65,8,52,5,16,0,0,0,5,51,78,14
8,3337,נשר,2500,22.1,32,0,729,488,2,486,117,51,61,20,22,9,0,0,0,40,53,89,24
8,3338,נשר,2500,22.2,25,0,728,478,3,475,89,110,24,14,4,0,0,0,0,16,29,156,33
8,3339,נשר,2500,25.0,15,0,599,369,1,368,65,80,84,13,7,2,0,0,0,2,19,94,2
8,3340,נשר,2500,26.0,15,0,706,467,0,467,59,100,72,67,4,0,0,0,0,8,32,88,37
8,3341,נשר,2500,28.1,4,0,741,472,3,469,136,70,49,49,26,1,0,0,0,4,10,119,5
8,3342,נשר,2500,28.2,18,0,740,478,11,467,100,108,50,46,0,2,0,0,0,14,5,119,23
8,3343,נשר,2500,29.0,15,0,593,432,1,431,92,93,12,20,25,11,8,0,0,11,37,99,23
8,3344,נשר,2500,30.0,15,0,561,378,2,376,79,62,62,39,18,1,0,0,0,7,8,89,11
8,3345,נשר,2500,31.0,34,0,532,374,3,371,59,88,18,44,10,0,0,0,0,4,6,109,33
8,3346,נשר,2500,32.0,26,0,542,319,8,311,43,31,118,4,10,0,6,5,0,7,6,74,7
8,3347,נשר,2500,33.0,33,0,663,463,5,458,57,115,52,29,9,5,0,2,0,7,25,129,28
8,3348,נשר,2500,35.0,9,0,401,321,0,321,29,67,20,62,0,0,3,0,0,3,3,119,15
8,3349,נשר,2500,36.0,9,0,419,338,0,338,28,86,32,45,1,0,0,0,0,18,10,101,17
8,3350,נשר,2500,37.0,34,0,743,605,6,599,90,125,83,80,14,6,0,0,0,17,15,157,12
18,9763,ספיר,1176,1.0,1,0,387,224,4,220,26,56,16,38,3,0,1,0,0,2,9,57,12
18,9764,עידן,1175,1.0,1,0,366,224,2,222,4,73,7,30,0,0,8,0,0,3,4,82,11
4,1626,עיילבון,530,6.1,1,0,660,420,0,420,21,9,5,77,1,0,225,23,15,0,1,30,13
4,1627,עיילבון,530,6.2,1,0,660,425,2,423,5,23,0,10,0,0,285,43,42,0,6,9,0
4,1628,עיילבון,530,6.3,1,0,660,413,1,412,19,19,1,27,0,0,217,26,49,0,0,49,5
4,1629,עיילבון,530,6.4,2,0,660,427,1,426,16,28,6,58,2,0,191,32,53,0,0,40,0
4,1630,עיילבון,530,6.5,3,0,660,466,0,466,11,25,2,90,14,0,172,60,42,0,8,42,0
4,1631,עיילבון,530,6.6,3,0,660,330,3,327,10,8,10,36,0,0,68,111,27,0,2,50,5
4,1632,עיילבון,530,6.7,3,0,656,336,2,334,10,29,1,24,0,0,86,137,18,0,0,24,5
5,2292,עין העמק,367,1.0,1,0,674,505,0,505,144,33,15,30,23,27,0,0,0,36,63,119,15
10,4747,עין ורד,157,1.0,1,0,683,545,1,544,59,147,32,147,1,0,1,3,0,0,4,124,26
10,4748,עין ורד,157,2.0,1,0,561,447,0,447,8,123,40,93,0,0,0,0,9,0,1,145,28
9,3785,עין חוד,1320,1.0,1,0,221,107,0,107,0,1,0,6,0,0,34,29,36,0,0,1,0
18,9765,עין יהב,806,1.0,1,0,664,482,2,480,3,111,27,145,0,0,0,0,0,8,0,171,15
17,9515,עין צורים,622,1.0,1,0,505,403,1,402,73,38,28,12,0,8,0,0,0,69,63,87,24
18,9766,עין תמר,1251,1.0,1,0,170,106,0,106,14,27,8,4,1,6,0,0,0,7,2,33,4
3,1253,עלמה,688,1.0,1,0,640,457,3,454,199,37,0,0,49,22,0,0,0,15,69,58,5
2,793,עמינדב,779,1.0,1,0,701,496,4,492,83,82,16,133,16,0,5,0,0,29,42,82,4
3,1371,עמיר,319,1.0,1,0,572,434,0,434,6,141,27,183,2,0,1,0,1,0,1,65,7
18,9767,פארן,1151,1.0,1,0,428,305,0,305,4,62,31,80,0,0,4,0,0,1,0,109,14
12,5971,פדיה,838,1.0,1,0,658,497,4,493,91,132,6,23,64,1,0,0,0,46,44,58,28
9,3799,פוריידיס,537,6.1,7,0,627,224,2,222,0,0,0,19,0,0,86,96,18,0,0,3,0
9,3800,פוריידיס,537,6.2,7,0,627,178,2,176,5,2,0,12,0,0,50,58,48,0,0,1,0
9,3801,פוריידיס,537,6.3,7,1,627,205,3,202,0,0,0,2,0,0,104,72,20,0,0,2,2
9,3802,פוריידיס,537,6.4,7,0,626,256,3,253,9,1,0,26,0,0,92,80,36,1,0,8,0
9,3803,פוריידיס,537,7.1,9,0,629,215,1,214,0,0,0,10,0,0,133,56,12,0,0,3,0
9,3804,פוריידיס,537,7.2,9,0,629,190,4,186,6,2,0,15,0,0,54,79,29,0,0,1,0
9,3805,פוריידיס,537,7.3,9,0,629,244,3,241,1,1,2,17,0,0,63,104,44,0,0,9,0
9,3806,פוריידיס,537,7.4,9,0,629,228,2,226,0,0,1,10,0,1,85,97,25,0,0,7,0
9,3807,פוריידיס,537,9.1,11,0,421,126,4,122,0,0,0,18,0,0,50,45,8,0,0,1,0
9,3808,פוריידיס,537,9.2,11,0,421,145,0,145,1,1,0,4,4,0,57,61,14,0,0,3,0
9,3809,פוריידיס,537,10.1,10,0,597,238,1,237,0,0,6,21,1,0,79,91,34,0,0,5,0
9,3810,פוריידיס,537,10.2,10,0,597,199,2,197,0,1,0,12,0,0,71,68,37,0,3,5,0
9,3811,פוריידיס,537,10.3,10,0,597,265,0,265,6,9,0,21,0,0,117,71,38,0,0,3,0
9,3812,פוריידיס,537,10.4,10,0,594,225,3,222,0,3,0,12,0,0,110,60,24,0,0,13,0
9,3813,פוריידיס,537,12.1,8,0,550,201,2,199,3,0,3,23,1,0,70,59,40,0,0,0,0
9,3814,פוריידיס,537,12.2,8,0,550,173,3,170,0,2,0,14,4,0,48,88,13,0,0,1,0
9,3815,פוריידיס,537,12.3,8,0,549,182,0,182,6,0,4,16,0,0,53,79,20,0,0,4,0
13,6650,פלמחים,597,1.0,2,0,686,517,1,516,30,162,33,116,0,1,5,0,0,3,4,121,41
18,9768,צופר,1150,1.0,1,0,412,287,0,287,7,49,20,54,0,0,2,0,0,17,0,126,12
18,9769,צוקים,1262,1.0,2,0,239,150,1,149,1,44,4,43,3,0,3,0,0,2,1,43,5
16,8836,קרית אונו,2620,1.0,10,0,584,417,1,416,40,73,19,79,9,0,4,0,0,3,11,131,47
16,8837,קרית אונו,2620,2.0,10,0,749,535,1,534,80,128,27,81,8,0,0,0,0,14,33,141,22
16,8838,קרית אונו,2620,3.1,12,0,706,527,4,523,80,138,28,77,36,2,3,0,0,7,14,108,30
16,8839,קרית אונו,2620,3.2,12,0,705,489,2,487,63,92,23,42,8,6,1,0,0,26,23,168,35
16,8840,קרית אונו,2620,6.0,18,0,729,585,6,579,26,160,22,55,3,0,0,0,0,14,18,231,50
16,8841,קרית אונו,2620,7.0,26,0,546,333,1,332,58,107,11,14,29,16,0,0,0,7,15,66,9
16,8842,קרית אונו,2620,14.1,1,0,625,478,0,478,21,83,47,92,17,14,0,0,0,1,7,184,12
16,8843,קרית אונו,2620,14.2,1,0,625,479,1,478,29,62,73,59,8,7,0,0,0,13,18,163,46
16,8844,קרית אונו,2620,14.3,1,0,625,474,3,471,40,90,29,92,1,0,0,1,0,8,6,154,50
16,8845,קרית אונו,2620,14.4,1,0,625,503,1,502,29,126,54,80,0,1,0,0,0,4,6,197,5
16,8846,קרית אונו,2620,24.0,18,0,716,550,1,549,145,121,17,87,0,10,0,0,0,7,3,136,23
16,8847,קרית אונו,2620,25.0,26,0,654,411,1,410,110,40,17,45,26,16,13,0,0,10,15,116,2
16,8848,קרית אונו,2620,29.1,9,0,575,420,1,419,50,91,27,41,25,0,0,0,0,18,30,87,50
16,8849,קרית אונו,2620,29.2,9,0,574,416,1,415,49,65,18,66,13,0,1,0,0,11,8,170,14
16,8850,קרית אונו,2620,33.0,26,0,670,471,1,470,117,79,34,60,19,0,2,0,0,8,28,117,6
16,8851,קרית אונו,2620,35.1,19,0,557,458,0,458,42,154,39,58,8,0,0,0,0,4,11,124,18
16,8852,קרית אונו,2620,35.2,19,0,556,454,0,454,40,102,45,67,3,2,0,0,0,3,10,167,15
16,8853,קרית אונו,2620,36.1,17,0,378,289,0,289,33,49,12,45,25,11,0,0,0,4,11,88,11
16,8854,קרית אונו,2620,36.2,17,0,378,298,2,296,27,70,19,13,7,1,2,0,0,17,28,109,3
16,8856,קרית אונו,2620,42.2,28,0,696,613,2,611,72,160,31,91,0,0,0,0,0,1,13,225,18
16,8857,קרית אונו,2620,42.3,28,0,696,573,2,571,70,158,43,125,4,2,0,0,0,17,4,131,17
16,8858,קרית אונו,2620,42.4,28,0,696,574,2,572,43,108,78,75,24,1,0,0,0,1,10,192,40
16,8859,קרית אונו,2620,42.5,28,0,696,570,0,570,98,62,47,115,1,1,0,0,0,2,26,197,21
16,8860,קרית אונו,2620,42.6,28,0,693,577,2,575,59,128,25,112,14,0,1,0,0,20,1,168,47
16,8861,קרית אונו,2620,9.0,13,0,636,455,2,453,37,120,36,101,73,1,7,0,0,5,5,64,4
16,8862,קרית אונו,2620,16.1,2,0,576,358,1,357,60,101,10,24,38,3,0,0,0,6,23,76,16
16,8863,קרית אונו,2620,16.2,2,0,576,385,0,385,70,97,14,46,7,0,0,0,0,9,19,103,20
16,8864,קרית אונו,2620,16.3,2,0,576,363,0,363,62,68,29,47,16,2,1,0,0,4,19,111,4
16,8865,קרית אונו,2620,19.1,5,0,625,443,1,442,34,60,54,32,46,0,0,0,0,41,31,112,32
16,8866,קרית אונו,2620,19.2,5,0,625,436,3,433,52,69,20,46,27,2,0,0,0,42,36,132,7
16,8867,קרית אונו,2620,19.3,5,0,625,451,4,447,88,134,14,43,5,3,0,0,0,14,20,106,20
16,8868,קרית אונו,2620,19.4,5,0,625,439,5,434,67,82,25,22,13,0,0,0,0,6,31,131,57
16,8869,קרית אונו,2620,19.5,5,0,624,425,2,423,69,58,30,52,2,5,0,0,0,5,14,180,8
16,8870,קרית אונו,2620,20.0,27,0,577,378,0,378,60,77,41,73,5,5,5,0,0,5,9,79,19
16,8871,קרית אונו,2620,21.1,8,0,629,404,3,401,88,54,25,46,18,5,1,0,0,3,65,89,7
16,8872,קרית אונו,2620,21.2,8,0,629,369,2,367,26,119,42,26,9,2,1,0,0,0,12,105,25
16,8873,קרית אונו,2620,21.3,8,0,629,427,1,426,93,85,8,51,19,2,0,0,0,10,12,109,37
16,8874,קרית אונו,2620,21.4,8,0,629,365,1,364,60,97,41,47,46,2,1,0,0,3,18,44,5
16,8875,קרית אונו,2620,21.5,8,0,629,387,1,386,39,111,25,48,18,8,1,0,0,9,24,93,10
16,8876,קרית אונו,2620,21.6,8,0,628,397,2,395,40,79,25,61,8,1,0,0,0,7,25,117,32
16,8877,קרית אונו,2620,23.1,3,0,521,356,2,354,74,97,28,35,6,0,0,0,0,4,23,66,21
16,8878,קרית אונו,2620,23.2,3,0,521,370,1,369,52,102,45,17,38,7,0,0,0,15,16,59,18
16,8879,קרית אונו,2620,23.3,3,0,521,382,1,381,43,95,16,35,40,3,0,0,0,25,17,101,6
16,8880,קרית אונו,2620,32.1,20,0,407,326,4,322,24,42,14,117,1,0,0,1,0,0,1,94,28
16,8881,קרית אונו,2620,32.2,29,0,406,331,3,328,12,96,20,51,1,0,1,0,0,10,7,119,11
16,8882,קרית אונו,2620,40.1,24,0,746,615,1,614,82,120,54,151,17,2,0,0,0,5,5,171,7
16,8883,קרית אונו,2620,40.2,24,0,746,608,0,608,25,134,90,108,0,0,1,0,0,0,33,206,11
16,8884,קרית אונו,2620,43.0,27,0,532,456,0,456,24,88,15,64,4,0,0,0,0,1,8,219,33
16,8885,קרית אונו,2620,45.0,27,0,605,522,4,518,65,120,34,74,6,0,0,1,0,2,1,181,34
16,8886,קרית אונו,2620,950.0,27,0,744,620,0,620,60,189,21,101,8,0,0,0,0,12,17,189,23
16,8887,קרית אונו,2620,951.1,22,0,502,416,0,416,23,114,68,65,0,0,0,0,0,0,21,112,13
16,8888,קרית אונו,2620,951.2,22,0,502,427,1,426,21,92,19,123,9,4,0,0,0,6,9,134,9
16,8889,קרית אונו,2620,951.3,22,0,502,416,1,415,31,72,28,103,0,0,0,0,0,0,10,158,13
16,8890,קרית אונו,2620,952.0,27,0,606,526,1,525,59,104,59,55,1,10,0,0,0,7,9,197,24
12,5974,רמות מאיר,735,1.0,1,0,594,431,4,427,28,119,21,84,14,1,0,0,0,3,22,115,20
10,4795,רשפון,247,1.0,1,0,431,335,0,335,30,91,17,50,0,0,3,0,0,0,1,140,3
10,4796,רשפון,247,2.0,1,0,558,422,1,421,23,91,10,121,0,1,1,0,0,0,5,136,33
3,1345,שדה אליעזר,861,1.0,1,0,725,502,0,502,73,64,33,52,8,3,0,0,0,16,60,149,44
5,2141,שדה יעקב,142,1.0,1,0,721,541,2,539,83,69,20,18,4,1,0,2,0,111,131,86,14
4,1545,שדמות דבורה,306,1.0,1,0,532,435,1,434,31,106,37,59,4,0,7,0,0,8,19,146,17
12,5721,שוהם,1304,1.0,1,0,714,543,0,543,112,120,30,79,5,5,0,0,0,4,4,176,8
12,5722,שוהם,1304,2.0,2,0,653,504,3,501,65,176,16,54,17,0,0,0,0,1,15,145,12
12,5723,שוהם,1304,3.1,6,0,624,489,1,488,71,94,77,17,18,0,0,0,0,14,29,166,2
12,5724,שוהם,1304,3.2,6,0,624,508,0,508,43,82,36,63,1,0,0,0,0,12,24,213,34
12,5725,שוהם,1304,3.3,6,0,621,507,1,506,24,107,51,80,1,0,1,0,0,23,22,159,38
12,5726,שוהם,1304,4.0,3,0,579,420,1,419,38,105,33,46,4,1,2,1,0,9,15,154,11
12,5727,שוהם,1304,5.0,8,0,587,465,1,464,74,71,52,36,22,5,0,0,0,9,25,145,25
12,5728,שוהם,1304,6.1,4,0,633,458,0,458,128,103,19,67,8,2,4,0,0,3,44,68,12
12,5729,שוהם,1304,6.2,4,0,633,475,0,475,51,133,55,49,6,1,0,0,0,5,57,96,22
12,5730,שוהם,1304,6.3,4,0,633,459,0,459,55,53,36,27,13,15,1,0,0,38,43,148,30
12,5731,שוהם,1304,6.4,4,0,633,455,2,453,66,57,43,50,1,1,0,0,0,16,32,154,33
12,5732,שוהם,1304,6.5,4,0,633,470,3,467,114,113,30,41,4,0,0,0,0,12,15,117,21
12,5733,שוהם,1304,7.0,2,0,511,411,1,410,9,103,17,83,2,2,2,0,0,21,2,134,35
12,5734,שוהם,1304,8.0,3,0,592,470,0,470,79,87,15,93,24,0,0,0,0,3,22,129,18
12,5735,שוהם,1304,12.0,1,0,728,549,0,549,37,89,74,46,8,6,0,0,0,3,70,193,23
12,5736,שוהם,1304,13.1,9,0,616,449,0,449,84,124,19,31,24,3,0,0,0,8,32,113,11
12,5737,שוהם,1304,13.2,9,0,616,452,1,451,69,57,31,23,22,5,0,0,0,8,19,205,12
12,5738,שוהם,1304,13.3,9,0,616,483,0,483,39,103,15,66,2,0,0,0,0,17,10,152,79
12,5739,שוהם,1304,14.0,1,0,637,489,1,488,44,99,34,70,1,0,0,0,0,0,16,218,6
12,5740,שוהם,1304,15.0,10,0,712,550,0,550,50,134,65,63,4,0,10,0,0,10,28,166,20
12,5741,שוהם,1304,16.0,5,0,645,499,1,498,124,133,9,53,3,0,0,0,0,1,21,127,27
12,5742,שוהם,1304,17.0,5,0,610,470,0,470,22,101,19,80,7,0,5,0,0,3,27,189,17
12,5743,שוהם,1304,18.0,8,0,642,495,2,493,72,88,74,73,5,4,0,0,0,17,19,116,25
12,5744,שוהם,1304,21.0,2,0,459,346,0,346,34,68,27,81,1,0,0,9,0,2,4,115,5
12,5745,שוהם,1304,24.0,3,0,578,444,0,444,42,138,27,31,27,1,0,0,0,5,22,136,15
12,5746,שוהם,1304,26.0,1,0,653,499,0,499,59,111,23,117,6,3,0,0,0,2,27,135,16
12,5747,שוהם,1304,28.1,7,0,701,581,1,580,110,164,32,68,18,0,0,0,0,11,25,122,30
12,5748,שוהם,1304,28.2,7,0,701,548,0,548,132,87,29,22,18,2,0,0,0,7,8,226,17
12,5749,שוהם,1304,28.3,7,0,699,576,2,574,59,136,32,68,9,1,1,0,0,12,37,216,3
6,2516,שייח דנון,658,1.0,1,0,711,374,2,372,0,0,0,20,2,0,191,118,40,0,0,1,0
6,2517,שייח דנון,658,3.1,2,0,528,249,3,246,0,4,0,13,0,0,86,116,26,0,0,0,1
6,2518,שייח דנון,658,3.2,2,0,528,271,8,263,2,1,0,22,0,0,84,97,42,0,0,9,6
6,2519,שייח דנון,658,3.3,3,0,528,270,2,268,0,0,3,20,0,0,122,44,78,0,0,1,0
20,11484,שכניה,1160,1.0,1,0,670,516,0,516,38,165,27,94,12,2,1,0,0,11,11,148,7
19,10837,שער שומרון,3826,1.1,1,0,733,497,2,495,86,151,10,49,3,3,0,0,0,29,71,87,6
19,10838,שער שומרון,3826,1.2,1,0,733,530,1,529,162,66,25,17,1,1,0,0,0,48,45,145,19
19,10839,שער שומרון,3826,1.3,1,0,733,501,2,499,125,45,4,31,7,8,0,0,0,35,109,120,15
19,10840,שער שומרון,3826,1.4,1,0,733,514,0,514,173,17,7,43,45,0,12,2,0,39,125,48,3
19,10841,שער שומרון,3826,1.5,1,0,733,526,1,525,144,54,16,5,17,10,0,0,0,30,135,111,3
19,10842,שער שומרון,3826,1.6,1,0,729,516,1,515,125,42,37,15,10,0,0,0,0,38,117,111,20
19,10843,שער שומרון,3826,101.1,2,0,383,288,1,287,73,22,7,0,19,10,0,0,0,32,80,41,3
19,10844,שער שומרון,3826,101.2,2,0,382,288,1,287,53,32,18,32,17,1,0,0,0,39,42,52,1
19,10845,שער שומרון,3826,102.1,3,0,413,283,0,283,62,20,1,7,26,2,0,0,0,26,66,72,1
19,10846,שער שומרון,3826,102.2,3,0,412,306,2,304,39,79,8,9,9,7,0,0,0,50,53,44,6
4,1546,שרונה,292,1.0,1,0,474,374,1,373,13,114,28,63,2,0,0,0,0,1,5,121,26
18,9945,תדהר,2061,1.0,3,0,473,332,3,329,93,43,1,13,33,12,0,0,0,23,60,47,4
9,4134,אביאל,679,1.0,1,0,588,450,3,447,33,101,50,74,0,7,0,0,0,6,6,147,23
6,2469,אבן מנחם,1081,1.0,1,0,299,198,0,198,38,27,2,10,27,5,0,0,0,14,30,33,12
2,883,אדרת,1123,1.0,1,0,655,447,0,447,104,74,10,17,54,23,0,0,0,11,51,98,5
19,10688,איתמר,3762,1.0,2,0,727,497,0,497,47,14,1,0,9,3,0,0,0,145,188,90,0
17,9478,אלומה,1145,1.0,2,0,658,555,0,555,24,18,0,0,238,109,0,0,0,52,75,36,3
19,10689,אלון מורה,3579,1.0,1,0,585,407,0,407,63,15,0,0,3,0,0,0,0,78,170,77,1
19,10690,אלון מורה,3579,2.0,1,0,459,318,3,315,40,15,1,0,0,1,0,0,0,120,88,50,0
5,2092,אלונים,285,1.0,1,0,560,448,2,446,6,110,37,102,0,0,0,0,0,0,2,179,10
10,4599,אליכין,41,1.1,1,0,716,528,2,526,118,48,12,15,65,2,0,0,0,34,47,165,20
10,4600,אליכין,41,1.2,1,0,716,520,3,517,204,25,1,27,75,2,0,0,0,51,52,65,15
10,4601,אליכין,41,1.3,1,0,716,527,9,518,104,105,25,15,67,16,3,0,0,13,57,102,11
10,4602,אליכין,41,1.4,1,0,715,490,3,487,102,48,41,32,71,4,0,0,0,52,31,97,9
10,4603,אלישיב,204,1.0,2,0,525,388,0,388,123,41,21,36,8,12,0,0,0,14,46,62,25
4,1551,אפיקים,176,1.0,1,0,536,372,1,371,2,120,19,99,4,9,1,0,0,0,1,109,7
4,1552,אפיקים,176,2.0,1,0,612,435,1,434,7,65,17,141,0,1,0,0,0,0,3,155,45
19,10708,אריאל,3570,1.0,18,0,650,413,13,400,105,24,29,29,25,13,0,0,0,24,49,92,10
19,10709,אריאל,3570,2.0,9,0,711,396,2,394,107,44,35,12,4,0,0,0,0,45,40,100,7
19,10710,אריאל,3570,3.0,10,0,602,225,5,220,55,38,26,6,15,0,0,0,0,3,51,24,2
19,10711,אריאל,3570,4.0,10,0,686,338,1,337,82,49,59,5,31,8,0,10,0,13,20,50,10
19,10712,אריאל,3570,5.0,3,0,664,399,3,396,105,67,74,11,8,6,0,0,0,8,37,75,5
19,10713,אריאל,3570,6.0,19,0,710,441,1,440,114,63,38,26,9,3,0,0,0,25,48,105,9
19,10714,אריאל,3570,7.0,15,0,618,362,4,358,99,29,12,20,28,8,0,0,0,26,51,63,22
19,10715,אריאל,3570,8.0,4,0,726,412,2,410,82,58,44,25,45,9,0,0,0,13,36,93,5
19,10716,אריאל,3570,9.1,21,0,402,274,0,274,69,20,8,1,1,5,0,0,0,32,78,54,6
19,10717,אריאל,3570,9.2,23,0,401,270,1,269,51,39,12,14,0,2,0,0,0,39,43,53,16
19,10718,אריאל,3570,10.0,20,0,534,306,4,302,100,43,28,5,9,10,0,1,0,6,34,47,19
19,10719,אריאל,3570,11.0,9,0,740,446,8,438,142,73,31,15,5,0,0,0,0,10,47,103,12
19,10720,אריאל,3570,12.0,6,0,570,329,2,327,102,36,74,7,9,2,0,0,3,13,12,64,5
19,10721,אריאל,3570,13.0,10,0,533,353,2,351,128,49,31,7,4,0,0,0,0,12,50,60,10
19,10722,אריאל,3570,14.0,11,0,570,344,5,339,85,42,48,15,9,3,0,0,0,20,68,44,5
19,10723,אריאל,3570,15.1,24,0,385,262,1,261,76,18,11,12,7,7,0,0,0,22,53,40,15
19,10724,אריאל,3570,15.2,25,0,384,281,0,281,72,66,22,2,20,10,0,0,0,27,18,39,5
19,10725,אריאל,3570,16.0,17,0,675,351,4,347,130,34,56,9,2,0,0,0,0,7,34,71,4
19,10726,אריאל,3570,17.0,3,0,674,397,1,396,149,74,33,37,1,0,1,0,0,28,33,35,5
19,10727,אריאל,3570,18.0,16,0,722,451,12,439,116,43,54,11,6,0,3,0,0,21,47,78,60
19,10728,אריאל,3570,20.0,4,0,525,282,2,280,80,50,40,0,4,5,0,0,0,5,43,43,10
19,10729,אריאל,3570,22.1,2,0,654,369,6,363,93,36,45,5,6,1,0,0,0,34,62,66,15
19,10730,אריאל,3570,22.2,2,0,654,347,3,344,116,52,21,7,13,1,0,2,0,13,49,63,7
19,10731,אריאל,3570,22.3,2,0,654,351,1,350,69,77,58,16,2,1,0,0,0,12,24,87,4
19,10732,אריאל,3570,23.0,13,0,814,483,12,471,144,82,65,2,5,5,0,0,0,12,51,85,20
19,10733,אריאל,3570,25.0,11,0,600,350,2,348,104,39,53,12,1,30,3,0,0,18,36,45,7
19,10734,אריאל,3570,26.0,16,0,696,463,3,460,157,78,48,3,11,7,1,0,0,24,37,85,9
12,5871,באר יעקב,2530,3.0,5,0,475,307,1,306,80,21,8,7,72,10,0,0,0,29,26,52,1
12,5872,באר יעקב,2530,4.0,3,0,521,382,2,380,105,61,14,54,10,20,1,1,0,0,8,97,9
12,5873,באר יעקב,2530,7.1,4,0,702,518,3,515,136,63,25,21,104,13,0,1,0,16,47,84,5
12,5874,באר יעקב,2530,7.2,4,0,702,509,0,509,101,58,65,17,117,5,0,0,0,22,21,78,25
12,5875,באר יעקב,2530,7.3,4,1,702,513,0,513,166,31,4,7,116,12,0,0,0,30,35,101,11
12,5876,באר יעקב,2530,7.4,4,0,702,516,1,515,121,80,13,18,92,12,0,0,0,12,73,92,2
12,5877,באר יעקב,2530,7.5,4,0,701,513,2,511,105,64,20,44,78,3,0,0,0,44,28,104,21
12,5878,באר יעקב,2530,9.1,1,0,540,316,2,314,91,28,18,12,56,7,0,0,0,11,49,33,9
12,5879,באר יעקב,2530,9.2,1,0,540,325,2,323,47,85,9,40,37,16,0,0,0,9,37,38,5
12,5880,באר יעקב,2530,9.3,1,0,539,314,3,311,90,33,3,10,41,12,0,0,0,21,26,68,7
12,5881,באר יעקב,2530,11.0,3,0,484,348,3,345,88,64,2,23,36,10,0,0,0,28,29,57,8
12,5882,באר יעקב,2530,14.1,6,0,692,526,0,526,103,121,7,18,16,13,0,0,0,13,59,130,46
12,5883,באר יעקב,2530,14.2,6,0,692,553,0,553,114,87,50,24,31,9,0,0,0,27,59,125,27
12,5884,באר יעקב,2530,14.3,6,0,692,529,2,527,137,102,33,14,82,1,0,0,0,32,18,99,9
12,5885,באר יעקב,2530,14.4,6,0,692,535,8,527,118,115,7,7,54,25,0,0,0,18,42,121,20
12,5886,באר יעקב,2530,14.5,6,0,692,537,5,532,150,61,28,42,35,5,0,0,0,14,18,135,44
12,5887,באר יעקב,2530,14.6,6,0,688,535,5,530,143,174,33,17,8,11,0,0,0,27,26,87,4
12,5888,באר יעקב,2530,18.1,7,0,584,460,1,459,100,130,30,21,17,2,0,0,0,8,19,95,37
12,5889,באר יעקב,2530,18.2,7,0,584,467,0,467,64,170,30,33,6,16,0,0,0,12,39,78,19
12,5890,באר יעקב,2530,18.3,7,0,584,462,0,462,67,117,16,46,19,10,0,0,0,6,24,84,73
12,5891,באר יעקב,2530,18.4,7,0,583,491,2,489,91,88,44,29,18,1,0,0,0,11,29,168,10
12,5892,באר יעקב,2530,20.1,9,0,742,573,0,573,175,59,75,62,7,0,0,0,0,9,19,154,13
12,5893,באר יעקב,2530,20.2,9,0,742,567,2,565,197,64,29,46,2,17,0,0,0,16,30,155,9
12,5894,באר יעקב,2530,20.3,9,0,742,576,0,576,207,104,45,32,40,1,0,0,0,19,48,65,15
12,5895,באר יעקב,2530,26.1,8,0,699,568,3,565,162,80,13,33,49,0,0,0,0,23,33,166,6
12,5896,באר יעקב,2530,26.2,8,0,699,561,0,561,112,139,34,25,21,0,0,0,0,53,48,87,42
12,5897,באר יעקב,2530,26.3,8,0,699,559,2,557,126,62,29,41,28,1,0,0,0,9,68,152,41
12,5898,באר יעקב,2530,26.4,8,0,699,547,2,545,132,70,39,41,24,1,0,0,0,36,43,134,25
12,5899,באר יעקב,2530,26.5,8,0,699,570,2,568,155,124,48,23,21,2,0,0,0,5,58,112,20
12,5900,באר יעקב,2530,26.6,8,0,698,579,1,578,79,150,34,26,42,13,0,0,0,22,26,150,36
5,1795,בית אלפא,95,1.1,1,0,389,284,2,282,20,73,7,79,1,0,3,0,0,0,9,78,12
5,1796,בית אלפא,95,1.2,1,0,389,298,3,295,17,60,33,80,0,0,2,0,0,1,4,91,7
19,10735,בית אריה,3652,1.0,2,0,504,314,1,313,86,43,15,17,13,1,0,0,0,20,38,54,26
19,10736,בית אריה,3652,5.1,1,0,718,506,2,504,144,99,17,51,1,1,0,0,0,26,24,107,34
19,10737,בית אריה,3652,5.2,1,0,718,492,0,492,145,94,19,12,11,17,0,0,0,48,78,62,6
19,10738,בית אריה,3652,5.3,1,0,718,483,1,482,122,116,17,23,12,3,0,1,0,13,52,91,32
19,10739,בית אריה,3652,5.4,1,0,717,476,0,476,153,65,30,16,43,0,1,0,0,8,35,113,12
19,10740,בית אריה,3652,101.1,101,0,404,281,0,281,109,23,4,9,20,6,0,0,0,33,36,31,10
19,10741,בית אריה,3652,101.2,101,0,404,273,1,272,106,23,9,10,7,5,0,1,0,24,61,24,2
12,5901,בית דגן,466,2.1,2,0,607,426,2,424,120,107,2,2,52,13,0,0,0,6,54,54,14
12,5902,בית דגן,466,2.2,2,0,607,461,4,457,84,60,25,37,57,16,0,0,0,45,34,88,11
12,5903,בית דגן,466,2.3,2,0,607,458,1,457,98,41,4,30,16,6,0,0,0,45,35,173,9
12,5904,בית דגן,466,2.4,2,0,607,453,0,453,71,68,20,37,25,4,0,1,0,11,67,127,22
12,5905,בית דגן,466,3.0,3,0,665,483,3,480,91,88,6,32,14,13,5,0,0,46,54,106,25
12,5906,בית דגן,466,4.0,5,0,719,500,0,500,179,43,42,13,50,17,0,0,0,21,45,71,19
12,5907,בית דגן,466,6.0,5,0,734,516,6,510,123,86,3,2,56,21,0,0,0,38,70,106,5
12,5908,בית דגן,466,7.0,7,0,684,513,1,512,81,90,52,65,23,1,0,0,0,26,49,104,21
12,5909,בית דגן,466,8.0,8,0,713,521,1,520,117,53,11,75,34,2,0,0,0,16,25,167,20
18,9817,בית הגדי,723,1.0,2,0,640,484,0,484,187,30,1,1,80,9,0,0,0,36,66,62,12
4,1555,בית זרע,143,1.0,1,0,676,459,1,458,21,99,24,180,0,0,3,0,0,0,11,105,15
5,1799,בית יוסף,265,1.0,2,0,397,268,1,267,101,20,1,3,42,0,0,0,0,18,18,40,24
5,2095,בית שערים,248,1.0,3,0,565,439,1,438,31,71,36,83,0,1,0,0,0,3,3,197,13
4,1556,בני יהודה,4015,1.0,2,0,502,307,0,307,53,56,16,18,11,3,0,0,0,3,35,71,41
4,1557,בני יהודה,4015,2.0,2,0,503,324,3,321,35,103,41,26,1,0,0,0,0,6,31,71,7
13,6778,בניה,685,1.0,1,0,662,539,2,537,20,147,46,55,9,0,0,0,0,5,37,212,6
6,2476,בצת,589,1.0,1,0,406,324,1,323,25,69,53,44,1,1,0,0,0,19,8,95,8
19,10742,ברוכין,3744,1.0,1,0,508,382,0,382,48,41,0,0,10,0,0,0,0,78,123,82,0
19,10743,ברוכין,3744,2.0,2,0,487,396,0,396,39,10,0,0,2,0,0,0,0,59,231,55,0
19,10744,ברכה,3710,1.1,2,0,714,544,1,543,186,40,0,0,29,14,0,0,0,52,120,94,8
19,10745,ברכה,3710,1.2,2,0,713,564,1,563,165,67,0,0,1,6,0,0,0,99,157,66,2
19,10746,ברקן,3654,1.1,3,0,542,357,3,354,97,51,29,10,0,3,0,0,0,21,45,96,2
19,10747,ברקן,3654,1.2,3,0,542,367,0,367,99,66,24,2,2,0,0,0,0,19,42,105,8
19,10748,ברקן,3654,1.3,3,0,541,347,2,345,90,31,27,2,1,4,0,0,0,26,35,113,16
2,1061,בת עין,3794,1.0,1,0,532,295,2,293,28,8,0,0,22,24,0,0,0,34,110,66,1
2,1062,בת עין,3794,2.0,1,0,500,312,4,308,49,26,0,0,30,10,0,0,0,81,84,28,0
10,4625,גבעת חיים איחוד,2018,1.0,1,0,540,416,1,415,1,147,8,128,0,0,2,1,0,0,0,116,12
10,4626,גבעת חיים איחוד,2018,2.0,1,0,540,441,3,438,11,125,21,154,0,0,0,0,0,0,0,106,21
10,4627,גבעת חיים מאוחד,173,1.0,1,0,484,372,1,371,3,89,11,196,0,1,4,1,0,0,1,58,7
10,4628,גבעת חיים מאוחד,173,2.0,1,0,502,399,1,398,8,81,63,91,5,0,2,0,1,0,7,129,11
4,1558,גבעת יואב,4021,1.0,1,0,529,391,2,389,18,111,7,73,0,1,0,0,0,21,11,130,17
2,884,גבעת ישעיהו,919,1.0,2,0,544,408,1,407,47,116,24,61,9,2,0,0,0,8,7,120,13
9,4136,גבעת נילי,360,1.0,1,0,479,355,1,354,113,51,20,28,18,2,0,0,0,8,10,94,10
19,10851,גן חיים,239,1.0,1,0,585,491,3,488,8,145,25,98,9,0,0,0,0,5,7,175,16
12,5922,גנות,836,1.0,1,0,371,297,0,297,46,48,10,38,2,1,1,0,0,9,21,117,4
13,6729,גני טל,1371,1.0,1,0,489,382,0,382,80,11,0,0,12,33,0,0,0,95,73,77,1
12,5977,גני מודיעין,3823,2.1,1,0,518,369,0,369,27,15,2,4,190,9,0,0,0,15,61,43,3
12,5978,גני מודיעין,3823,2.2,1,0,518,370,1,369,39,11,0,0,203,29,0,0,0,18,51,18,0
12,5979,גני מודיעין,3823,2.3,1,0,518,369,1,368,83,6,0,0,140,7,0,0,0,45,68,19,0
12,5980,גני מודיעין,3823,3.0,2,0,645,491,4,487,75,11,0,1,184,29,0,0,0,55,108,24,0
4,1562,דגניה ב,79,1.0,1,0,635,458,0,458,10,61,8,219,4,0,2,0,0,0,13,100,41
9,3767,דור,738,1.0,1,0,307,235,0,235,8,50,11,34,4,0,0,0,0,1,3,94,30
9,3768,הבונים,675,1.0,2,0,339,232,0,232,10,63,12,52,0,0,1,0,0,2,0,86,6
10,4631,הדר עם,191,1.0,1,0,586,474,0,474,13,90,47,123,0,0,1,0,0,2,32,153,13
5,2251,הזורע,250,1.0,1,0,551,403,1,402,0,91,32,132,4,0,2,0,0,1,0,131,9
5,2252,הזורע,250,2.0,1,0,434,321,0,321,3,88,11,112,0,0,0,0,0,0,0,98,9
4,1514,הזורעים,307,1.0,1,0,618,454,0,454,105,21,24,3,14,2,0,0,0,79,112,94,0
20,11365,הררית,1203,1.0,1,0,455,357,1,356,1,79,20,82,0,0,0,0,3,0,0,164,7
12,5924,זיתן,788,1.1,1,0,440,343,0,343,104,44,5,7,38,2,0,0,0,21,64,54,4
12,5925,זיתן,788,1.2,1,0,440,333,1,332,142,14,8,6,25,12,0,0,0,3,55,53,14
17,9490,זרחיה,818,1.0,1,0,558,453,0,453,79,23,0,0,113,14,0,0,0,35,104,60,25
10,4635,חגלה,205,1.0,1,0,596,470,1,469,6,111,69,85,0,0,11,0,0,0,2,160,25
4,1515,חוקוק,374,1.0,1,0,532,377,2,375,13,130,9,100,9,0,8,0,0,4,5,85,12
10,4638,חיבת ציון,219,1.0,1,0,576,473,0,473,67,100,15,95,1,2,1,0,0,6,16,154,16
5,1831,חפציבה,90,1.0,1,0,631,458,2,456,35,82,40,72,0,0,4,0,0,36,13,156,18
10,4640,חרב לאת,422,1.0,1,0,631,468,0,468,42,89,19,38,7,0,0,0,0,10,56,192,15
12,5981,חשמונאים,3770,2.1,1,0,603,408,2,406,74,21,11,2,13,8,0,0,0,110,76,90,1
12,5982,חשמונאים,3770,2.2,1,0,603,426,1,425,108,12,1,4,35,4,0,0,0,75,87,93,6
12,5983,חשמונאים,3770,2.3,1,0,603,415,1,414,113,6,0,3,41,19,1,0,0,95,74,57,5
12,5984,חשמונאים,3770,2.4,1,0,603,423,2,421,60,28,3,24,25,10,0,0,0,44,113,110,4
6,2666,טלאל,1181,1.0,1,0,656,480,0,480,74,84,41,36,6,0,0,0,0,26,20,160,33
6,2667,טלאל,1181,2.0,2,0,425,322,0,322,27,83,44,25,0,1,0,0,0,6,25,97,14
12,5930,יגל,798,1.0,1,0,678,518,2,516,121,102,1,24,70,14,0,0,0,16,29,120,19
3,1329,יסוד המעלה,29,1.0,1,0,737,475,3,472,44,78,51,55,8,2,0,1,0,23,28,148,34
3,1330,יסוד המעלה,29,2.0,1,0,712,502,1,501,39,146,42,31,6,0,1,1,0,33,22,147,33
20,11529,יסעור,575,1.0,1,0,625,462,3,459,18,92,31,103,0,0,0,0,0,1,4,206,4
6,2485,יערה,795,1.0,2,0,634,393,1,392,131,45,3,6,33,6,5,0,0,13,76,71,3
19,10766,יקיר,3647,1.1,3,0,742,566,1,565,54,23,0,0,49,2,0,0,0,103,252,81,1
19,10767,יקיר,3647,1.2,3,0,742,536,0,536,57,29,0,0,27,0,0,0,0,87,239,93,4
18,9734,ירוחם,831,1.0,2,0,727,524,10,514,36,8,18,4,143,186,0,0,0,3,66,49,1
18,9735,ירוחם,831,2.0,2,0,745,450,4,446,150,64,6,10,70,39,1,6,0,20,41,36,3
18,9736,ירוחם,831,3.1,5,0,516,336,3,333,63,45,7,32,38,20,0,0,0,43,27,52,6
18,9737,ירוחם,831,3.2,5,0,516,311,0,311,69,29,23,12,52,13,0,0,0,20,38,50,5
18,9738,ירוחם,831,4.0,3,0,511,279,1,278,53,18,37,27,42,26,0,0,0,7,34,27,7
18,9739,ירוחם,831,5.0,6,0,565,324,9,315,75,32,33,22,23,10,6,14,2,10,35,51,2
18,9740,ירוחם,831,6.0,7,0,687,473,5,468,147,20,4,10,70,12,0,23,1,50,51,66,14
18,9741,ירוחם,831,7.0,1,0,558,304,8,296,64,18,49,1,56,3,0,0,0,32,19,48,6
18,9742,ירוחם,831,8.0,8,0,572,370,0,370,107,65,20,13,27,8,2,0,0,21,17,57,33
18,9743,ירוחם,831,9.1,4,0,723,477,2,475,147,44,3,6,80,4,0,0,0,38,25,84,44
18,9744,ירוחם,831,10.0,1,0,619,307,2,305,77,45,26,1,53,7,0,0,1,14,22,31,28
18,9745,ירוחם,831,11.1,9,0,417,265,4,261,96,11,34,4,16,2,1,1,0,15,33,46,2
18,9746,ירוחם,831,11.2,12,0,416,263,3,260,71,38,21,2,22,2,0,0,0,12,41,46,5
18,9747,ירוחם,831,12.1,13,0,440,322,3,319,91,32,8,17,18,16,0,0,0,31,54,48,4
18,9748,ירוחם,831,12.2,13,0,439,297,0,297,48,21,2,17,21,2,0,0,0,42,55,84,5
19,10857,כוכב יאיר,1224,1.1,104,0,573,422,0,422,33,168,50,48,2,0,2,0,0,3,6,94,16
19,10858,כוכב יאיר,1224,1.2,104,0,573,451,1,450,55,116,42,48,0,2,3,0,0,3,1,172,8
19,10859,כוכב יאיר,1224,1.3,104,0,573,423,0,423,51,86,36,86,18,0,0,0,0,3,3,121,19
19,10860,כוכב יאיר,1224,1.4,104,0,570,434,0,434,63,102,14,115,0,0,0,0,0,2,12,99,27
19,10861,כוכב יאיר,1224,5.0,107,0,506,385,0,385,34,121,6,71,2,0,0,2,0,19,3,103,24
19,10862,כוכב יאיר,1224,6.0,107,0,453,347,1,346,45,54,56,59,1,0,0,8,0,3,11,104,5
19,10863,כוכב יאיר,1224,7.0,107,0,557,429,0,429,27,102,27,106,3,0,0,0,0,0,11,129,24
19,10864,כוכב יאיר,1224,102.0,105,0,726,556,0,556,14,205,61,80,0,13,0,0,0,13,6,136,28
19,10865,כוכב יאיר,1224,105.0,105,0,736,540,3,537,22,132,37,50,8,0,13,0,0,1,60,191,23
19,10866,כוכב יאיר,1224,106.1,106,0,654,494,0,494,17,148,63,48,7,0,1,0,0,24,23,146,17
19,10867,כוכב יאיר,1224,106.2,106,0,654,488,3,485,50,75,41,44,0,18,1,0,0,29,8,172,47
19,10868,כוכב יאיר,1224,106.3,106,0,654,466,1,465,32,79,76,32,13,1,0,0,0,5,12,201,14
19,10869,כוכב יאיר,1224,106.4,106,0,650,497,3,494,31,109,75,86,1,0,3,0,0,3,2,150,34
19,10870,כוכב יאיר,1224,107.0,105,0,539,395,1,394,37,87,54,37,13,0,0,0,0,1,11,141,13
4,1571,כנרת קבוצה,57,1.0,1,0,706,480,2,478,43,112,33,65,1,1,1,0,0,5,14,148,55
19,10768,כפר ברא,633,1.0,1,0,661,390,4,386,0,3,0,78,0,0,79,188,38,0,0,0,0
19,10769,כפר ברא,633,2.0,2,0,658,411,8,403,0,0,0,17,0,0,55,299,32,0,0,0,0
19,10770,כפר ברא,633,3.0,3,0,735,449,2,447,0,1,0,16,0,0,73,291,58,0,0,8,0
19,10771,כפר ברא,633,4.0,1,0,715,382,0,382,0,0,0,48,0,0,49,232,50,0,0,3,0
12,5985,כפר האורנים,3796,1.0,1,0,637,474,0,474,32,162,30,74,1,0,0,0,0,2,13,134,26
12,5986,כפר האורנים,3796,2.0,1,0,640,479,0,479,42,127,30,74,1,13,0,0,0,2,9,161,20
12,5987,כפר האורנים,3796,3.0,1,1,621,484,1,483,6,164,50,57,0,0,0,0,0,1,21,153,31
5,2099,כפר החורש,192,1.0,4,0,515,425,0,425,20,130,11,77,0,0,0,0,0,1,23,144,19
10,4642,כפר הראה,217,1.0,1,0,408,287,0,287,39,39,6,15,3,8,1,0,0,30,79,59,8
10,4643,כפר הראה,217,2.0,1,0,411,318,3,315,35,36,20,8,7,2,3,0,0,42,98,61,3
17,9493,כפר הריף,888,1.0,1,0,650,509,1,508,35,132,29,118,4,21,3,0,0,1,3,134,28
4,1522,כפר זיתים,786,1.0,1,0,508,351,1,350,116,36,15,2,37,5,0,0,0,30,56,23,30
12,5938,כפר חבד,696,2.0,2,0,641,440,2,438,75,10,0,0,75,61,0,0,0,53,95,64,5
12,5939,כפר חבד,696,3.1,4,0,702,451,0,451,83,7,7,0,61,68,0,0,0,75,108,42,0
12,5940,כפר חבד,696,3.2,4,0,702,428,1,427,49,5,0,0,67,83,0,0,0,56,125,41,1
12,5941,כפר חבד,696,3.3,4,0,702,481,0,481,57,9,0,0,68,92,0,0,6,50,134,65,0
12,5942,כפר חבד,696,3.4,4,0,701,468,0,468,54,29,0,0,54,94,0,0,0,66,92,79,0
12,5943,כפר חבד,696,6.0,2,0,603,387,0,387,42,13,0,0,54,88,0,0,0,57,103,30,0
12,5944,כפר חבד,696,7.0,2,0,648,361,0,361,46,25,0,0,47,39,0,0,0,52,105,46,1
4,1572,כפר חרוב,4004,1.0,2,0,459,301,0,301,7,43,39,31,0,0,2,0,0,0,7,147,25
5,1890,כפר כנא,509,2.1,3,0,617,314,8,306,0,2,0,16,1,1,60,178,47,0,0,1,0
5,1891,כפר כנא,509,2.2,3,0,617,317,3,314,0,3,0,13,3,0,124,82,74,0,1,7,7
5,1892,כפר כנא,509,2.3,3,0,617,287,3,284,0,15,3,9,0,0,135,59,50,0,0,13,0
5,1893,כפר כנא,509,2.4,3,0,616,279,3,276,0,3,0,14,0,0,90,136,24,0,0,9,0
5,1894,כפר כנא,509,9.1,2,0,618,275,5,270,6,5,1,13,1,0,125,87,20,0,1,9,2
5,1895,כפר כנא,509,9.2,2,0,618,272,4,268,4,0,4,18,0,2,94,78,52,0,13,2,1
5,1896,כפר כנא,509,9.3,2,0,618,252,6,246,0,0,0,7,0,0,109,94,26,0,0,10,0
5,1897,כפר כנא,509,9.4,2,0,618,255,2,253,6,2,1,26,0,0,95,81,42,0,0,0,0
5,1898,כפר כנא,509,15.1,5,0,639,299,6,293,0,14,0,10,0,0,69,128,64,0,0,4,4
5,1899,כפר כנא,509,15.2,5,0,639,237,3,234,1,0,0,7,0,0,71,111,43,0,0,1,0
5,1900,כפר כנא,509,15.3,5,0,639,281,4,277,0,1,0,14,0,0,113,129,20,0,0,0,0
5,1901,כפר כנא,509,15.4,5,0,639,277,6,271,0,15,1,16,1,0,60,129,46,0,0,3,0
5,1902,כפר כנא,509,15.5,5,0,639,321,1,320,1,0,0,18,0,0,201,63,34,0,1,2,0
5,1903,כפר כנא,509,17.1,6,0,601,313,1,312,9,3,1,23,1,0,145,63,56,1,0,10,0
5,1904,כפר כנא,509,17.2,6,0,601,325,6,319,15,0,0,6,0,0,103,114,81,0,0,0,0
5,1905,כפר כנא,509,17.3,6,0,601,321,6,315,11,3,4,13,0,0,120,116,35,0,3,10,0
5,1906,כפר כנא,509,17.4,6,0,601,272,3,269,13,10,0,16,0,0,94,111,20,0,0,5,0
5,1907,כפר כנא,509,19.1,4,0,662,362,6,356,0,3,0,13,0,0,89,157,79,0,0,15,0
5,1908,כפר כנא,509,19.2,4,0,662,314,5,309,18,9,0,7,0,3,117,82,64,0,0,9,0
5,1909,כפר כנא,509,19.3,4,0,662,395,6,389,1,0,0,15,0,0,136,181,49,0,0,2,5
5,1910,כפר כנא,509,19.4,4,0,662,342,3,339,1,3,0,20,0,0,92,173,47,0,0,3,0
5,1911,כפר כנא,509,19.5,4,0,658,382,8,374,0,18,12,14,0,0,192,60,71,3,0,3,1
5,1912,כפר כנא,509,21.1,1,0,645,279,6,273,1,0,0,36,3,0,91,99,41,0,0,1,1
5,1913,כפר כנא,509,21.2,1,0,645,270,4,266,0,1,0,25,0,0,99,86,53,0,0,2,0
5,1914,כפר כנא,509,21.3,1,0,645,318,4,314,2,5,0,18,0,0,126,66,92,0,2,3,0
5,1915,כפר כנא,509,21.4,1,0,645,295,3,292,1,3,0,6,0,0,78,152,39,1,0,9,3
5,1916,כפר כנא,509,21.5,1,0,645,273,6,267,1,10,0,20,0,0,91,96,40,0,0,7,2
19,10772,כפר קאסם,634,6.1,8,0,520,333,1,332,0,0,0,28,0,0,68,214,20,0,0,2,0
19,10773,כפר קאסם,634,6.2,8,0,520,342,1,341,0,0,0,15,0,0,77,201,41,0,0,7,0
19,10774,כפר קאסם,634,6.3,8,0,520,333,4,329,0,0,0,25,0,0,54,220,24,0,0,6,0
19,10775,כפר קאסם,634,11.1,4,0,395,238,2,236,0,0,0,14,0,0,41,156,25,0,0,0,0
19,10776,כפר קאסם,634,11.2,4,0,395,246,2,244,0,2,0,29,0,0,55,146,10,0,0,1,1
19,10777,כפר קאסם,634,12.0,9,0,742,470,3,467,0,0,0,27,1,0,104,280,43,5,0,7,0
19,10778,כפר קאסם,634,13.1,2,0,600,375,4,371,0,10,0,49,0,2,52,231,16,0,0,11,0
19,10779,כפר קאסם,634,13.2,2,0,600,412,4,408,0,2,0,36,0,1,101,256,10,0,0,2,0
19,10780,כפר קאסם,634,13.3,2,0,600,411,3,408,3,4,0,55,0,0,121,180,25,0,0,20,0
19,10781,כפר קאסם,634,13.4,2,0,598,388,5,383,1,3,0,34,0,0,100,223,16,0,0,4,2
19,10782,כפר קאסם,634,16.1,10,0,504,301,1,300,0,1,2,9,0,0,65,195,15,2,1,5,5
19,10783,כפר קאסם,634,16.2,10,0,504,333,1,332,0,0,0,39,0,0,55,216,17,0,0,5,0
19,10784,כפר קאסם,634,16.3,10,0,502,301,6,295,0,6,0,21,0,0,55,192,17,0,0,4,0
19,10785,כפר קאסם,634,18.1,1,0,632,267,1,266,1,3,0,17,3,0,62,147,27,0,0,6,0
19,10786,כפר קאסם,634,18.2,1,0,632,300,5,295,8,4,0,15,0,0,43,164,35,0,0,26,0
19,10787,כפר קאסם,634,18.3,1,0,632,263,0,263,4,4,0,13,0,0,33,154,38,0,1,16,0
19,10788,כפר קאסם,634,18.4,1,0,629,407,11,396,0,0,1,16,0,0,136,217,18,0,0,8,0
19,10789,כפר קאסם,634,19.1,11,0,513,225,6,219,0,15,1,14,0,0,41,90,45,0,0,13,0
19,10790,כפר קאסם,634,19.2,11,0,513,276,2,274,1,4,0,15,0,0,57,160,32,0,0,5,0
19,10791,כפר קאסם,634,19.3,11,0,511,326,5,321,0,1,0,22,0,0,54,209,30,0,0,5,0
19,10792,כפר קאסם,634,20.1,6,0,737,491,3,488,1,0,0,61,0,0,39,340,40,0,0,7,0
19,10793,כפר קאסם,634,20.2,6,0,737,548,5,543,0,0,0,21,0,0,62,442,17,0,0,1,0
19,10794,כפר קאסם,634,20.3,6,0,737,522,6,516,0,17,0,35,0,0,99,339,26,0,0,0,0
19,10795,כפר קאסם,634,20.4,6,0,735,427,3,424,0,2,0,35,0,0,92,264,30,0,0,1,0
19,10796,כפר קאסם,634,21.1,7,0,742,433,3,430,1,0,0,57,0,0,93,267,10,0,0,2,0
19,10797,כפר קאסם,634,21.2,7,0,742,500,8,492,1,0,11,27,0,0,58,365,27,0,0,3,0
19,10798,כפר קאסם,634,21.3,7,0,740,461,6,455,0,1,1,23,0,0,31,382,7,0,0,8,2
19,10799,כפר קאסם,634,22.0,9,0,715,458,5,453,10,5,0,59,0,0,63,284,30,0,0,2,0
19,10800,כפר קאסם,634,23.0,9,0,736,448,2,446,0,3,0,21,0,0,127,250,38,0,0,7,0
5,1835,כפר רופין,295,1.0,1,0,431,308,3,305,6,80,7,68,0,0,0,0,0,2,7,119,16
12,5988,כפר רות,1166,1.0,1,0,204,166,0,166,28,37,8,15,2,0,0,0,0,0,11,55,10
12,5946,כפר שמואל,743,1.0,1,0,662,561,1,560,38,70,29,179,5,3,0,0,0,4,6,197,29
15,8010,כפר שמריהו,267,1.0,1,0,612,398,1,397,35,65,42,52,4,0,1,0,0,6,8,166,18
15,8011,כפר שמריהו,267,2.0,5,0,776,507,3,504,22,156,61,96,0,7,0,0,21,0,2,126,13
15,8012,כפר שמריהו,267,3.0,1,0,706,486,2,484,72,132,46,68,1,0,0,2,0,11,26,109,17
19,10801,כפר תפוח,3572,1.1,1,0,390,258,1,257,27,16,0,0,3,17,0,0,0,53,99,41,1
19,10802,כפר תפוח,3572,1.2,1,0,390,272,1,271,60,13,0,0,18,11,0,0,0,37,96,35,1
9,3770,כרם מהרל,580,1.0,2,0,723,543,0,543,25,115,36,76,8,0,13,0,0,4,3,242,21
2,1146,כרמי צור,3766,1.0,1,0,626,435,4,431,53,25,0,4,7,0,0,0,0,103,167,69,3
12,5989,לפיד,1310,1.0,2,0,589,446,0,446,54,109,27,51,1,0,1,0,0,3,20,164,16
12,5990,לפיד,1310,2.0,1,0,598,468,0,468,21,148,18,92,0,5,5,0,0,9,3,160,7
12,5991,לפיד,1310,3.0,1,0,719,547,3,544,74,74,35,126,1,8,0,0,0,10,13,188,15
9,3771,מאיר שפיה,102,1.0,1,0,138,58,2,56,18,8,6,5,1,0,0,0,0,2,2,13,1
4,1573,מבוא חמה,4204,1.0,1,0,440,307,1,306,2,56,30,87,1,0,1,0,0,0,0,106,23
12,5992,מבוא מודיעים,1141,1.0,1,0,189,108,0,108,10,12,4,3,14,18,0,0,0,17,19,10,1
4,1533,מגדל,65,2.1,2,0,527,356,0,356,73,61,12,17,100,17,4,0,0,12,32,24,4
4,1534,מגדל,65,2.2,2,0,527,319,0,319,103,28,21,14,51,16,0,20,0,17,22,21,6
4,1535,מגדל,65,2.3,3,0,526,318,2,316,128,20,7,4,39,3,3,0,0,13,52,38,9
19,10803,מגדלים,3751,1.0,2,0,319,229,0,229,53,11,15,2,0,0,0,0,0,24,67,41,16
18,9749,מדרשת בן גוריון,1140,1.0,2,0,563,394,1,393,35,74,19,132,0,0,6,1,0,2,5,111,8
18,9750,מדרשת בן גוריון,1140,2.0,2,0,670,486,1,485,20,80,38,131,1,0,6,0,0,0,0,192,17
12,5993,מודיעין עילית,3797,2.1,2,0,696,556,9,547,42,0,0,0,157,310,0,0,0,2,36,0,0
12,5994,מודיעין עילית,3797,2.2,2,0,696,540,10,530,52,11,0,0,108,328,0,0,0,16,13,2,0
12,5995,מודיעין עילית,3797,2.3,2,0,696,526,5,521,15,7,0,0,147,310,0,0,0,1,39,2,0
12,5996,מודיעין עילית,3797,2.4,2,0,693,554,12,542,27,1,0,0,46,440,1,0,0,0,26,1,0
12,5997,מודיעין עילית,3797,3.0,11,0,716,567,19,548,22,0,0,0,98,400,0,0,0,0,28,0,0
12,5998,מודיעין עילית,3797,8.0,20,0,740,614,8,606,59,0,0,0,110,410,0,0,0,0,27,0,0
12,5999,מודיעין עילית,3797,11.0,20,0,647,533,3,530,19,0,0,0,113,367,0,0,0,1,30,0,0
12,6000,מודיעין עילית,3797,12.0,27,0,744,617,4,613,24,0,0,0,73,489,0,0,0,0,23,3,1
12,6001,מודיעין עילית,3797,15.1,26,0,387,319,5,314,19,0,0,0,69,193,0,0,0,6,20,7,0
12,6002,מודיעין עילית,3797,15.2,26,0,387,328,3,325,22,0,0,0,119,155,0,0,0,0,29,0,0
12,6003,מודיעין עילית,3797,16.0,21,0,677,577,12,565,47,0,0,0,133,332,0,0,0,24,20,9,0
12,6004,מודיעין עילית,3797,17.0,8,0,617,471,5,466,7,0,0,0,41,366,0,0,0,1,51,0,0
12,6005,מודיעין עילית,3797,18.0,7,0,740,604,14,590,11,2,0,1,106,426,0,0,0,1,36,0,7
12,6006,מודיעין עילית,3797,19.0,21,0,631,553,1,552,7,0,0,0,128,367,0,0,0,0,50,0,0
12,6007,מודיעין עילית,3797,20.0,27,0,720,579,3,576,17,0,0,0,54,460,0,0,0,5,39,1,0
12,6008,מודיעין עילית,3797,24.0,25,0,582,487,6,481,8,1,0,0,171,299,0,0,0,1,1,0,0
12,6009,מודיעין עילית,3797,26.0,27,0,601,473,3,470,14,0,0,0,79,337,0,0,0,16,24,0,0
12,6010,מודיעין עילית,3797,28.0,24,0,699,580,0,580,8,0,0,0,105,439,0,0,0,0,12,16,0
12,6011,מודיעין עילית,3797,29.0,7,1,708,616,5,611,8,0,0,2,109,475,0,0,0,0,13,4,0
12,6012,מודיעין עילית,3797,30.0,8,0,729,635,4,631,11,0,0,0,81,508,0,0,0,18,13,0,0
12,6013,מודיעין עילית,3797,31.0,24,0,617,469,4,465,26,1,0,0,82,334,0,0,0,0,21,1,0
12,6014,מודיעין עילית,3797,32.0,25,0,684,594,8,586,14,0,0,0,144,421,0,0,1,2,4,0,0
12,6015,מודיעין עילית,3797,33.1,3,0,730,576,8,568,25,0,0,0,169,327,0,0,0,0,47,0,0
12,6016,מודיעין עילית,3797,33.2,3,0,730,587,10,577,11,0,0,0,135,409,0,0,0,0,20,2,0
12,6017,מודיעין עילית,3797,33.3,3,0,730,593,8,585,5,7,0,0,128,415,0,0,0,0,18,12,0
12,6018,מודיעין עילית,3797,33.4,3,0,730,605,10,595,3,4,0,0,120,423,0,0,0,0,44,1,0
12,6019,מודיעין עילית,3797,33.5,3,0,730,579,4,575,35,0,0,0,94,401,0,0,0,0,34,11,0
12,6020,מודיעין עילית,3797,33.6,3,0,730,535,6,529,21,0,0,0,66,410,0,0,0,0,32,0,0
12,6021,מודיעין עילית,3797,34.0,18,0,741,585,2,583,23,6,0,0,132,383,0,0,0,10,29,0,0
12,6022,מודיעין עילית,3797,36.0,8,0,744,618,10,608,33,0,0,0,53,487,0,0,0,0,35,0,0
12,6023,מודיעין עילית,3797,37.0,29,0,735,587,6,581,8,0,3,0,119,391,0,0,0,0,46,14,0
12,6024,מודיעין עילית,3797,38.0,24,0,605,523,1,522,4,1,0,18,72,382,0,0,0,2,42,1,0
12,6025,מודיעין עילית,3797,39.0,18,0,645,539,8,531,17,0,0,0,75,393,0,0,0,0,46,0,0
12,6026,מודיעין עילית,3797,40.0,24,1,645,540,19,521,3,0,0,0,131,379,0,0,0,4,3,1,0
12,6027,מודיעין עילית,3797,41.1,6,0,741,579,11,568,8,0,0,0,77,454,0,0,0,9,17,3,0
12,6028,מודיעין עילית,3797,41.2,6,0,741,603,9,594,24,0,0,0,64,457,0,24,1,0,24,0,0
12,6029,מודיעין עילית,3797,42.0,24,0,606,475,11,464,4,0,0,0,164,269,1,0,0,1,20,5,0
12,6030,מודיעין עילית,3797,43.0,7,0,679,554,9,545,22,2,0,0,154,343,0,1,0,3,16,4,0
12,6031,מודיעין עילית,3797,46.0,18,0,716,610,9,601,42,0,0,1,137,357,0,0,0,0,64,0,0
12,6032,מודיעין עילית,3797,47.0,24,0,607,527,12,515,3,1,0,0,136,316,0,0,0,50,3,5,1
12,6033,מודיעין עילית,3797,48.0,21,0,649,518,6,512,12,0,0,0,105,378,0,0,0,0,15,2,0
12,6034,מודיעין עילית,3797,50.0,7,0,655,563,4,559,15,0,0,0,91,443,0,0,0,0,10,0,0
12,6035,מודיעין עילית,3797,51.0,11,0,597,479,8,471,18,0,0,0,79,337,0,0,0,0,37,0,0
12,6036,מודיעין עילית,3797,52.0,27,0,620,485,10,475,7,0,1,0,81,363,0,0,0,6,17,0,0
12,6037,מודיעין עילית,3797,53.1,28,1,645,551,11,540,15,2,0,0,96,415,0,0,0,0,12,0,0
12,6038,מודיעין עילית,3797,53.2,28,0,645,549,10,539,18,0,0,0,73,394,0,0,0,0,53,1,0
12,6039,מודיעין עילית,3797,53.3,28,0,645,519,9,510,11,0,0,0,83,399,0,0,0,0,17,0,0
12,6040,מודיעין עילית,3797,53.4,28,0,645,571,5,566,14,0,0,0,148,366,0,0,0,0,38,0,0
12,6041,מודיעין עילית,3797,53.5,28,0,645,562,6,556,12,0,1,0,125,406,0,0,0,0,9,3,0
12,6042,מודיעין עילית,3797,53.6,28,0,641,552,2,550,33,0,0,0,98,410,0,0,0,0,7,0,2
12,6043,מודיעין עילית,3797,54.0,20,0,559,435,4,431,0,0,0,0,53,337,4,0,0,7,28,2,0
12,6044,מודיעין עילית,3797,55.1,17,0,734,610,11,599,3,0,0,0,105,467,0,0,0,5,19,0,0
12,6045,מודיעין עילית,3797,55.2,17,1,733,594,6,588,26,0,0,0,92,445,0,0,0,9,16,0,0
20,11400,מורשת,1178,1.0,2,0,549,384,1,383,96,40,0,4,27,0,0,0,0,54,79,82,1
20,11401,מורשת,1178,2.0,2,0,655,430,0,430,56,34,1,0,1,1,0,0,0,40,163,133,1
5,1836,מחולה,3599,1.0,1,0,422,289,1,288,46,29,7,13,5,0,0,0,0,42,67,71,8
3,1360,מטולה,43,2.1,2,0,542,308,2,306,21,46,19,56,8,1,0,0,0,4,32,107,12
3,1361,מטולה,43,2.2,2,0,542,322,2,320,21,30,21,55,1,0,0,0,0,1,18,137,36
3,1362,מטולה,43,2.3,2,0,541,280,0,280,40,75,16,48,4,2,0,0,0,1,23,66,5
2,790,מטע,822,1.0,1,0,629,441,0,441,59,114,4,45,14,15,0,0,0,20,30,132,8
5,1837,מירב,1282,1.0,1,0,501,349,0,349,60,6,6,3,10,0,0,0,0,79,87,96,2
13,6853,מישר,731,1.0,1,0,522,429,2,427,32,92,32,117,0,1,0,1,0,2,3,142,5
4,1575,מנחמיה,48,1.0,1,0,561,361,2,359,106,81,6,28,17,1,0,0,0,8,37,64,11
4,1576,מנחמיה,48,2.0,1,0,458,273,1,272,62,58,11,17,18,3,0,0,0,12,27,58,6
4,1536,מסד,1258,1.0,1,0,411,320,0,320,7,56,35,84,10,0,3,0,0,1,0,113,11
3,1419,מסעדה,4203,1.0,6,0,496,106,3,103,36,13,10,8,1,1,1,0,0,1,3,24,5
5,1841,מעלה אפרים,3608,1.0,1,0,542,282,1,281,67,27,9,24,5,3,0,0,0,18,59,62,7
5,1842,מעלה אפרים,3608,2.0,1,0,707,357,2,355,101,40,18,6,31,11,0,0,0,16,87,45,0
5,1843,מעלה גלבוע,1127,1.0,1,0,415,343,1,342,30,74,17,41,4,1,0,0,0,18,33,116,8
18,9751,מרחב עם,1340,1.0,1,0,242,188,0,188,23,10,6,5,12,0,0,0,0,32,61,39,0
13,6854,משגב דב,765,1.0,1,0,560,432,2,430,49,84,8,125,1,2,5,0,0,5,10,115,26
5,2290,משמר העמק,130,1.0,2,0,472,388,2,386,0,95,14,140,0,0,0,3,0,0,0,122,12
5,2291,משמר העמק,130,2.0,2,0,538,445,1,444,0,83,32,149,3,0,12,0,0,0,0,145,20
12,6046,מתתיהו,3648,1.0,1,0,560,403,4,399,24,1,12,0,40,272,0,0,0,12,35,3,0
4,1580,נאות גולן,4551,1.0,1,0,510,354,6,348,64,95,11,31,0,0,0,0,0,4,20,93,30
3,1367,נאות מרדכי,408,1.0,1,0,579,432,4,428,35,101,53,92,9,0,0,0,0,13,2,104,19
4,1581,נוב,4304,1.0,2,0,617,420,2,418,66,48,0,0,4,0,0,0,0,84,160,54,2
6,2502,נווה זיו,1314,1.0,1,0,655,451,1,450,134,106,14,25,17,2,0,0,0,10,16,101,25
19,10804,נופים,3790,1.0,3,0,684,466,1,465,132,56,0,5,11,19,0,0,0,30,143,56,13
2,913,נחם,809,1.0,1,0,449,331,2,329,99,32,37,3,19,24,0,2,0,17,58,24,14
2,914,נחשון,777,1.0,1,0,514,408,1,407,5,75,28,131,0,0,15,6,0,0,9,124,14
5,1848,ניר דוד תל עמל,256,1.0,1,0,689,533,4,529,3,128,38,154,0,0,1,0,0,0,13,101,91
12,5962,ניר צבי,331,1.0,3,0,446,355,1,354,3,99,12,57,2,1,0,0,0,4,6,152,18
12,5963,ניר צבי,331,2.0,2,0,514,404,0,404,32,94,40,69,1,0,1,0,0,6,6,145,10
6,2503,נס עמים,1143,1.0,1,0,275,229,0,229,11,75,6,37,0,0,1,5,0,8,7,51,28
12,6049,נעלה,3787,2.1,1,0,587,422,1,421,57,86,36,19,2,2,0,0,0,26,80,100,13
12,6050,נעלה,3787,2.2,1,0,587,409,3,406,75,30,18,35,6,2,0,0,0,55,82,88,15
12,6051,נעלה,3787,2.3,1,0,586,426,2,424,84,87,22,4,2,2,1,0,0,25,77,118,2
12,5967,סתריה,610,1.0,1,1,468,362,0,362,27,63,53,57,17,0,0,0,0,0,7,116,22
12,5968,סתריה,610,2.0,1,0,392,314,2,312,33,94,10,45,0,0,0,0,0,2,10,115,3
4,1583,עין גב,273,1.0,2,0,508,343,2,341,9,84,37,82,0,0,0,0,0,1,0,83,45
10,4693,עין החורש,167,1.1,1,0,387,332,1,331,3,87,19,132,0,0,0,2,0,0,6,67,15
10,4694,עין החורש,167,1.2,1,0,387,304,0,304,0,59,36,116,0,0,1,0,0,1,0,73,18
5,1850,עין חרוד מאוחד,82,1.0,1,0,746,539,1,538,10,112,56,95,1,0,1,0,0,2,2,204,55
19,10805,עלי זהב,3727,1.1,2,0,737,572,1,571,140,32,4,2,3,2,0,0,0,71,189,114,14
19,10806,עלי זהב,3727,1.2,2,0,737,578,0,578,116,29,0,8,21,0,0,0,0,108,170,118,8
19,10807,עלי זהב,3727,1.3,2,0,735,578,0,578,117,11,0,1,48,11,0,0,0,186,131,69,4
17,9668,ערוגות,593,1.0,1,0,747,609,1,608,79,187,28,41,2,0,6,0,0,27,62,171,5
18,10623,ערערהבנגב,1192,1.0,11,0,702,452,0,452,2,0,0,18,0,0,9,412,10,0,0,1,0
18,10624,ערערהבנגב,1192,2.1,4,0,389,212,1,211,0,0,0,6,0,3,11,180,10,0,0,1,0
18,10625,ערערהבנגב,1192,2.2,4,0,388,205,1,204,0,0,0,3,0,0,16,174,10,0,0,1,0
18,10626,ערערהבנגב,1192,4.0,11,0,740,429,3,426,0,0,0,9,0,0,34,348,35,0,0,0,0
18,10627,ערערהבנגב,1192,6.1,12,0,399,256,0,256,0,0,0,9,0,0,31,213,3,0,0,0,0
18,10628,ערערהבנגב,1192,6.2,12,0,398,277,1,276,2,2,0,8,0,0,32,222,10,0,0,0,0
18,10629,ערערהבנגב,1192,8.0,7,0,727,344,2,342,0,0,0,31,0,0,14,291,6,0,0,0,0
18,10630,ערערהבנגב,1192,9.1,8,0,512,291,3,288,0,0,0,1,0,0,13,267,7,0,0,0,0
18,10631,ערערהבנגב,1192,9.2,8,0,512,266,3,263,13,11,0,18,0,0,7,200,3,0,0,10,1
18,10632,ערערהבנגב,1192,9.3,8,0,512,211,3,208,0,0,0,2,0,0,19,171,16,0,0,0,0
18,10633,ערערהבנגב,1192,11.1,9,0,687,300,1,299,0,0,0,6,0,0,31,261,1,0,0,0,0
18,10634,ערערהבנגב,1192,11.2,9,0,686,322,3,319,0,0,0,11,0,0,9,288,10,0,0,0,1
18,10635,ערערהבנגב,1192,12.0,2,0,715,476,1,475,0,0,0,5,0,0,28,418,24,0,0,0,0
18,10636,ערערהבנגב,1192,13.1,1,0,408,152,2,150,1,3,0,8,0,0,17,116,5,0,0,0,0
18,10637,ערערהבנגב,1192,13.2,1,0,408,249,1,248,0,0,0,4,0,0,21,216,7,0,0,0,0
18,10638,ערערהבנגב,1192,14.1,3,0,586,243,3,240,0,0,0,5,0,0,28,203,2,0,0,2,0
18,10639,ערערהבנגב,1192,14.2,3,0,586,250,1,249,0,0,0,7,0,0,9,227,6,0,0,0,0
18,10640,ערערהבנגב,1192,14.3,3,0,586,256,2,254,5,0,0,7,0,2,18,218,4,0,0,0,0
18,10641,ערערהבנגב,1192,14.4,3,0,586,239,1,238,1,0,0,10,0,0,26,192,9,0,0,0,0
9,3787,עתלית,53,2.1,3,0,504,315,4,311,95,23,2,5,84,1,0,0,0,1,17,53,30
9,3788,עתלית,53,2.2,3,0,504,296,2,294,99,41,32,17,26,1,0,0,0,4,24,40,10
9,3789,עתלית,53,2.3,3,0,503,327,2,325,98,44,34,29,25,6,0,0,0,21,20,41,7
9,3790,עתלית,53,3.1,4,0,387,253,0,253,69,40,2,5,24,13,0,0,0,12,26,35,27
9,3791,עתלית,53,3.2,4,0,386,276,0,276,88,40,22,20,5,7,0,0,0,4,19,66,5
9,3792,עתלית,53,5.1,2,0,732,546,1,545,85,79,16,52,18,18,0,0,0,10,30,206,31
9,3793,עתלית,53,5.2,2,0,732,561,4,557,128,129,36,77,1,0,0,0,0,30,6,126,24
9,3794,עתלית,53,5.3,2,1,732,532,0,532,90,138,14,66,21,0,3,0,0,5,55,129,11
9,3795,עתלית,53,5.4,2,0,730,529,0,529,55,103,34,99,6,0,0,0,0,15,51,152,14
9,3796,עתלית,53,8.1,5,0,750,574,5,569,94,211,29,25,7,0,3,0,0,17,19,149,15
9,3797,עתלית,53,8.2,5,0,750,572,2,570,67,122,37,48,14,2,3,0,0,23,107,125,22
9,3798,עתלית,53,8.3,5,0,749,586,0,586,52,136,44,98,13,0,0,0,0,19,42,138,44
2,1148,עתניאל,3748,1.0,1,0,539,349,0,349,77,19,1,0,14,1,0,0,0,72,120,45,0
19,10812,פדואל,3768,1.0,3,0,630,487,0,487,71,40,2,0,6,2,0,0,0,150,109,107,0
19,10813,פדואל,3768,2.0,3,0,633,495,0,495,64,49,0,2,10,1,0,0,0,83,153,133,0
19,11020,צור יצחק,1345,5.1,2,0,706,584,0,584,72,157,51,65,11,2,0,0,0,21,5,189,11
19,11021,צור יצחק,1345,5.2,2,0,706,590,0,590,41,112,45,148,2,2,12,0,2,2,24,170,30
19,11022,צור יצחק,1345,5.3,2,0,705,584,1,583,78,105,48,73,24,2,0,0,0,12,13,200,28
19,11023,צור יצחק,1345,6.1,1,0,701,575,0,575,43,151,50,40,4,0,0,0,0,9,20,228,30
19,11024,צור יצחק,1345,6.2,1,0,701,553,1,552,37,186,27,37,16,0,0,0,0,21,17,192,19
19,11025,צור יצחק,1345,6.3,1,0,699,591,3,588,81,110,29,108,17,1,6,0,0,21,58,137,20
5,2238,ציפורי,613,1.0,2,0,752,542,0,542,55,122,24,64,2,0,0,0,0,5,9,216,45
9,3816,צרופה,612,1.1,1,0,402,291,0,291,53,55,15,30,15,5,0,0,0,18,22,67,11
9,3817,צרופה,612,1.2,1,0,401,291,0,291,68,75,4,33,12,9,0,0,0,10,16,59,5
20,11480,קורנית,1179,1.0,1,0,705,533,1,532,24,148,42,142,0,0,10,0,0,13,4,135,14
19,10821,קרית נטפים,3746,1.0,1,0,510,390,1,389,37,26,0,4,21,1,0,0,0,85,139,75,1
8,3388,ראס עלי,990,1.0,1,0,477,231,0,231,3,0,0,5,0,0,40,174,8,0,0,0,1
19,10833,רבבה,3795,2.1,2,0,522,402,0,402,45,9,12,0,2,0,0,0,0,79,187,66,2
19,10834,רבבה,3795,2.2,2,0,522,393,0,393,50,53,0,0,24,3,0,0,0,71,109,83,0
19,10835,רבבה,3795,2.3,2,0,521,415,2,413,62,13,0,0,26,0,0,0,0,109,109,89,5
6,2511,רגבה,390,1.0,1,0,505,389,1,388,31,90,14,81,5,2,0,0,0,4,11,122,28
6,2512,רגבה,390,2.0,1,0,415,307,1,306,13,57,18,67,3,0,0,0,0,0,9,129,10
4,1584,רמות,4702,1.0,1,0,494,391,0,391,37,106,13,55,6,0,0,0,0,9,6,135,24
4,1585,רמת מגשימים,4701,1.0,1,0,520,361,0,361,107,33,0,2,20,0,4,0,0,55,88,39,13
5,1856,רשפים,437,1.0,1,0,744,614,1,613,40,165,52,96,2,2,1,1,0,12,30,204,8
5,1857,שדה אליהו,304,1.0,1,0,699,411,2,409,75,24,13,12,0,9,0,0,0,102,77,97,0
18,9752,שדה בוקר,885,1.0,1,0,460,304,1,303,1,82,27,83,0,0,0,0,0,3,2,80,25
5,1861,שדמות מחולה,3578,1.0,2,0,470,343,0,343,50,10,0,0,5,19,0,0,0,89,131,38,1
2,846,שואבה,741,1.0,3,1,497,369,2,367,85,92,10,40,4,1,4,0,0,4,7,102,18
6,2515,שומרה,614,1.0,1,0,333,203,0,203,76,18,3,6,17,1,0,0,0,34,28,15,5
17,9522,שחר,7,1.0,1,0,570,392,1,391,126,40,4,26,35,3,0,0,0,38,35,75,9
12,6052,שילת,1165,1.0,1,0,569,466,1,465,13,100,56,106,1,0,0,0,0,2,24,150,13
5,1863,תל יוסף,84,1.0,1,0,419,317,0,317,11,75,13,105,0,0,5,0,0,2,13,72,21
10,4817,תנובות,2002,1.0,1,0,680,483,2,481,58,118,33,25,47,18,0,0,0,18,29,110,25
18,10619,אבו גווייעד שבט,967,3.1,1,0,613,168,4,164,1,0,2,2,0,0,22,109,2,0,25,1,0
18,10620,אבו גווייעד שבט,967,3.2,1,0,613,93,1,92,1,0,0,5,0,0,3,81,2,0,0,0,0
18,10621,אבו גווייעד שבט,967,3.3,1,0,613,164,1,163,0,1,1,5,0,0,8,138,8,0,0,2,0
18,10622,אבו גווייעד שבט,967,3.4,1,0,612,108,3,105,0,0,0,4,2,0,7,91,1,0,0,0,0
10,4275,אביחיל,175,1.0,1,0,433,309,1,308,15,94,8,48,0,1,0,0,0,5,3,117,17
10,4276,אביחיל,175,2.0,2,0,628,470,3,467,13,104,53,76,4,0,0,0,0,6,2,194,15
2,882,אביעזר,1070,1.0,2,0,664,522,1,521,90,77,92,43,22,1,3,0,0,15,46,108,24
4,1547,אבני איתן,4011,1.0,1,0,489,330,1,329,62,19,1,11,2,6,0,0,0,65,101,58,4
18,10286,אבשלום,1311,1.0,1,0,331,210,3,207,35,49,38,4,5,1,0,0,0,6,17,48,4
6,2470,אדמית,1068,1.0,1,0,397,227,0,227,14,46,16,58,0,0,2,5,0,3,4,72,7
18,10287,אוהד,1046,1.0,1,0,301,209,0,209,64,38,6,23,11,0,0,3,0,5,15,38,6
9,3818,אום אלקוטוף,2024,1.1,1,0,421,230,5,225,3,0,0,12,0,0,85,64,60,0,0,1,0
9,3819,אום אלקוטוף,2024,1.2,1,0,421,213,3,210,0,4,0,8,0,0,64,81,52,0,0,1,0
18,10288,אורים,403,1.0,1,0,498,282,2,280,15,58,24,79,0,0,1,0,0,0,1,88,14
12,5867,אחיסמך,804,1.0,1,0,560,430,2,428,171,48,1,18,82,7,0,0,0,22,29,39,11
12,5868,אחיסמך,804,2.0,1,0,397,312,0,312,95,25,11,2,65,21,0,0,0,21,33,39,0
12,5869,אחיעזר,797,1.0,1,0,679,551,3,548,140,17,0,0,233,25,0,0,0,26,56,50,1
12,5870,אחיעזר,797,2.0,1,0,636,524,2,522,78,11,0,0,290,12,0,0,0,10,41,76,4
19,10848,אלישמע,841,1.0,1,0,420,310,2,308,67,36,13,12,17,3,0,0,0,12,62,77,9
19,10849,אלישמע,841,2.0,1,0,453,353,3,350,104,22,10,44,40,5,0,0,0,11,25,83,6
19,10691,אלפי מנשה,3750,1.0,6,0,534,364,1,363,61,64,17,36,17,3,0,1,0,10,38,106,10
19,10692,אלפי מנשה,3750,2.0,2,0,606,427,3,424,33,82,23,51,12,11,0,0,0,6,25,162,19
19,10693,אלפי מנשה,3750,3.0,6,0,577,404,3,401,82,72,16,17,8,5,0,0,0,1,39,146,15
19,10694,אלפי מנשה,3750,4.0,4,0,534,396,8,388,62,78,18,35,20,11,0,0,1,7,16,124,16
19,10695,אלפי מנשה,3750,5.0,5,0,605,437,2,435,64,99,48,34,22,5,0,0,0,2,16,103,42
19,10696,אלפי מנשה,3750,6.0,1,0,553,382,1,381,104,60,12,34,6,4,0,0,0,6,53,93,9
19,10697,אלפי מנשה,3750,7.0,1,0,555,417,1,416,98,78,7,43,13,42,0,0,2,6,6,116,5
19,10698,אלפי מנשה,3750,8.0,8,0,450,324,0,324,30,68,49,22,5,3,0,0,0,11,24,101,11
19,10699,אלפי מנשה,3750,9.0,1,0,482,362,0,362,67,35,11,22,6,2,0,0,0,36,74,105,4
19,10700,אלפי מנשה,3750,10.0,6,0,473,355,1,354,17,98,14,71,6,10,0,0,0,12,18,73,35
19,10701,אלפי מנשה,3750,11.0,8,0,565,442,0,442,56,93,33,14,5,0,0,0,0,19,59,153,10
19,10702,אלפי מנשה,3750,12.0,1,0,533,375,2,373,77,81,26,11,16,4,0,0,0,9,46,87,16
20,11619,אעבלין,529,1.1,1,0,548,323,1,322,1,0,0,19,0,0,139,115,37,0,0,10,1
20,11620,אעבלין,529,1.2,1,0,548,266,5,261,2,0,0,18,0,0,158,61,19,0,0,3,0
20,11621,אעבלין,529,1.3,1,0,547,309,0,309,0,11,0,23,0,0,184,45,36,0,0,5,5
20,11622,אעבלין,529,2.1,4,0,403,206,0,206,2,2,3,15,0,0,129,41,12,1,0,1,0
20,11623,אעבלין,529,2.2,4,0,374,194,0,194,0,1,0,14,0,0,77,47,43,0,0,12,0
20,11624,אעבלין,529,3.0,10,0,743,392,5,387,32,4,1,20,0,0,204,36,55,1,0,34,0
20,11625,אעבלין,529,5.1,8,0,529,283,4,279,8,13,0,12,0,0,145,51,33,0,2,15,0
20,11626,אעבלין,529,5.2,8,0,529,276,4,272,4,9,0,31,0,0,176,39,12,0,0,1,0
20,11627,אעבלין,529,5.3,8,0,527,252,4,248,0,3,0,22,0,0,131,43,47,0,0,2,0
20,11628,אעבלין,529,7.1,7,0,411,208,1,207,0,1,2,25,0,0,102,67,7,0,1,2,0
20,11629,אעבלין,529,7.2,7,0,411,246,2,244,0,0,0,14,0,0,49,167,13,0,0,1,0
20,11630,אעבלין,529,8.1,6,0,542,289,5,284,0,4,0,9,0,0,154,80,30,0,0,7,0
20,11631,אעבלין,529,8.2,13,0,542,312,3,309,2,4,0,10,3,0,114,128,39,1,1,3,4
20,11632,אעבלין,529,8.3,13,0,541,254,1,253,3,5,0,28,0,0,158,20,33,0,0,6,0
20,11633,אעבלין,529,11.1,2,0,542,303,3,300,9,1,0,40,2,0,152,41,40,3,1,1,10
20,11634,אעבלין,529,11.2,2,0,542,298,0,298,0,0,7,9,0,0,140,110,22,0,0,10,0
20,11635,אעבלין,529,11.3,2,0,540,296,2,294,4,7,2,9,0,0,161,59,45,0,0,7,0
20,11636,אעבלין,529,12.1,9,0,401,245,2,243,1,0,0,20,0,0,94,97,30,0,0,1,0
20,11637,אעבלין,529,12.2,9,0,401,258,1,257,0,5,0,12,0,0,85,139,11,0,0,5,0
20,11638,אעבלין,529,13.0,10,0,742,393,1,392,7,0,7,21,0,0,304,21,25,0,0,7,0
18,10320,אשלים,1152,1.0,1,0,470,328,2,326,72,33,16,66,1,0,0,0,0,5,41,77,15
18,10289,בארי,399,1.0,2,0,453,383,0,383,18,95,29,129,0,0,0,0,0,1,1,106,4
18,10290,בארי,399,2.0,2,0,471,387,2,385,1,101,14,136,0,0,4,0,0,0,1,105,23
10,4606,בורגתה,698,1.0,1,0,545,418,0,418,100,85,24,52,2,6,0,0,0,8,7,124,10
10,4607,בורגתה,698,2.0,1,0,353,259,0,259,10,60,17,32,8,1,0,0,0,8,7,111,5
20,11639,ביר אלמכסור,998,2.1,4,0,528,272,9,263,27,11,0,8,0,0,18,191,2,0,0,5,1
20,11640,ביר אלמכסור,998,2.2,4,0,528,291,2,289,0,2,9,19,0,0,42,184,9,1,0,23,0
20,11641,ביר אלמכסור,998,2.3,4,0,527,274,6,268,6,1,1,11,0,0,35,198,6,0,0,10,0
20,11642,ביר אלמכסור,998,8.1,3,0,749,426,8,418,0,23,1,27,0,0,13,324,5,0,3,22,0
20,11643,ביר אלמכסור,998,8.2,3,0,749,423,5,418,0,1,0,14,0,0,40,352,11,0,0,0,0
20,11644,ביר אלמכסור,998,8.3,3,0,749,451,3,448,0,0,0,13,0,0,31,383,11,0,0,10,0
20,11645,ביר אלמכסור,998,8.4,3,0,748,442,2,440,2,0,0,26,0,0,53,345,11,0,0,3,0
20,11646,ביר אלמכסור,998,9.1,1,0,734,393,1,392,1,8,0,25,0,0,30,306,7,0,0,9,6
20,11647,ביר אלמכסור,998,9.2,1,0,734,390,3,387,0,4,0,14,0,0,14,324,7,0,0,24,0
20,11648,ביר אלמכסור,998,9.3,1,0,734,400,1,399,0,1,0,14,0,0,44,332,6,0,0,2,0
20,11649,ביר אלמכסור,998,9.4,1,0,734,449,0,449,0,17,0,34,0,0,27,356,6,0,2,7,0
3,1346,בית הלל,322,1.0,1,0,645,459,1,458,29,112,9,111,1,0,2,0,0,0,1,174,19
10,4610,בית חירות,877,1.0,1,0,664,532,0,532,15,177,44,145,0,0,7,0,0,0,0,131,13
12,5913,בית נחמיה,784,1.0,2,0,696,523,2,521,99,83,46,31,6,0,0,0,0,16,50,183,7
12,5915,בית עריף,604,1.1,1,0,416,308,0,308,104,42,7,11,37,4,0,0,0,24,24,53,2
12,5916,בית עריף,604,1.2,1,0,415,312,2,310,116,37,2,13,21,1,0,0,0,24,23,50,23
5,2146,בית רימון,1162,1.0,1,0,482,381,0,381,51,39,2,12,7,0,0,0,0,62,118,89,1
6,2475,בן עמי,712,1.0,1,0,600,439,2,437,19,123,28,51,21,5,0,0,0,1,10,162,17
12,5917,בן שמן כפר נוער,1084,1.0,2,0,263,183,0,183,23,46,8,29,1,0,0,1,0,0,17,48,10
12,5918,בן שמן מושב,2013,1.0,1,0,656,513,0,513,81,98,28,92,0,9,0,0,0,5,2,133,65
18,10291,בני נצרים,1363,1.0,1,0,396,312,0,312,45,7,0,0,1,4,0,0,0,78,104,73,0
2,901,בקוע,864,1.0,2,0,614,489,4,485,110,63,19,15,44,2,0,1,0,33,65,117,16
19,10749,גלגוליה,627,1.1,2,0,403,259,0,259,4,0,0,24,0,0,53,163,15,0,0,0,0
19,10750,גלגוליה,627,1.2,2,0,402,245,1,244,2,1,0,13,0,0,37,137,54,0,0,0,0
19,10751,גלגוליה,627,2.1,7,0,417,265,1,264,0,1,4,10,0,0,76,159,14,0,0,0,0
19,10752,גלגוליה,627,2.2,7,0,416,261,1,260,0,0,0,11,0,0,84,147,17,0,0,1,0
19,10753,גלגוליה,627,5.1,4,0,540,329,2,327,0,0,0,24,0,0,72,194,37,0,0,0,0
19,10754,גלגוליה,627,5.2,4,1,540,327,9,318,0,0,0,18,0,0,96,168,36,0,0,0,0
19,10755,גלגוליה,627,5.3,4,0,538,358,1,357,0,7,0,17,0,0,84,204,44,0,0,1,0
19,10756,גלגוליה,627,6.1,5,0,413,272,1,271,0,6,0,13,0,1,56,180,15,0,0,0,0
19,10757,גלגוליה,627,6.2,5,0,412,268,1,267,0,0,0,21,0,0,88,132,24,0,0,2,0
19,10758,גלגוליה,627,8.1,6,0,539,341,5,336,0,1,0,6,0,0,105,181,43,0,0,0,0
19,10759,גלגוליה,627,8.2,6,0,539,338,1,337,0,4,0,12,0,0,182,116,23,0,0,0,0
19,10760,גלגוליה,627,8.3,6,0,536,339,2,337,0,1,0,3,0,0,47,260,25,0,0,1,0
19,10761,גלגוליה,627,9.1,9,0,567,324,1,323,0,3,0,5,0,0,93,195,25,0,0,2,0
19,10762,גלגוליה,627,9.2,9,0,567,390,5,385,1,0,0,33,0,0,74,240,36,0,0,1,0
19,10763,גלגוליה,627,9.3,9,0,565,326,3,323,0,0,0,1,0,0,153,130,39,0,0,0,0
18,10292,גבולות,352,1.0,2,0,358,223,0,223,0,42,17,77,0,0,4,0,0,4,1,69,9
6,2477,גורן,755,1.0,1,0,370,265,1,264,104,40,1,1,36,5,1,0,0,30,21,20,5
5,2249,גלעד אבן יצחק,369,1.0,1,0,396,326,0,326,8,90,11,86,0,0,1,0,0,0,4,120,6
12,5921,גמזו,745,1.0,1,0,744,556,0,556,85,59,13,5,11,3,0,0,0,55,159,132,34
9,3868,גן השומרון,225,1.0,1,0,690,540,0,540,50,89,8,118,0,0,4,0,26,2,1,173,69
10,4729,געש,842,1.1,1,0,390,317,3,314,6,56,17,92,4,0,17,0,0,0,5,81,36
10,4730,געש,842,1.2,1,0,389,325,0,325,1,65,37,120,0,0,10,0,0,0,1,82,9
6,2480,גשר הזיו,574,1.1,2,0,678,439,2,437,80,101,35,57,0,4,0,0,0,8,27,107,18
6,2481,גשר הזיו,574,1.2,2,0,678,450,0,450,57,82,33,74,1,5,0,0,0,10,4,162,22
8,3274,דאלית אלכרמל,494,2.1,8,0,569,326,2,324,2,70,38,38,0,0,22,8,3,1,0,125,17
8,3275,דאלית אלכרמל,494,2.2,8,0,569,305,2,303,4,79,52,23,0,0,9,1,0,0,0,130,5
8,3276,דאלית אלכרמל,494,2.3,8,0,569,318,2,316,2,59,45,55,0,0,25,0,0,0,2,115,13
8,3277,דאלית אלכרמל,494,2.4,8,0,567,287,2,285,1,44,34,63,0,0,10,1,4,0,0,99,29
8,3278,דאלית אלכרמל,494,3.0,1,0,711,415,0,415,16,64,72,70,0,0,8,5,4,0,0,160,16
8,3279,דאלית אלכרמל,494,4.0,5,0,692,422,9,413,8,77,47,76,0,0,16,11,0,0,0,161,17
8,3280,דאלית אלכרמל,494,5.1,10,0,507,280,4,276,3,62,42,30,0,0,8,1,0,0,0,114,16
8,3281,דאלית אלכרמל,494,5.2,10,0,507,312,8,304,8,53,61,43,0,0,18,1,0,0,0,114,6
8,3282,דאלית אלכרמל,494,5.3,10,0,507,291,3,288,8,61,38,45,0,0,23,13,20,0,0,74,6
8,3283,דאלית אלכרמל,494,7.0,5,0,649,358,5,353,23,54,60,44,0,0,8,0,3,0,0,134,27
8,3284,דאלית אלכרמל,494,8.0,5,0,713,450,3,447,15,130,57,56,0,0,23,7,0,0,0,143,16
8,3285,דאלית אלכרמל,494,10.0,7,0,732,424,4,420,1,104,38,36,0,0,5,17,3,0,5,203,8
8,3286,דאלית אלכרמל,494,13.0,7,0,685,408,2,406,2,104,46,32,3,0,7,46,0,1,0,134,31
8,3287,דאלית אלכרמל,494,16.0,1,0,647,381,3,378,15,104,48,58,0,0,2,12,0,0,0,136,3
8,3288,דאלית אלכרמל,494,21.1,3,0,703,407,2,405,5,90,63,42,0,0,19,1,0,0,0,162,23
8,3289,דאלית אלכרמל,494,21.2,3,0,703,397,2,395,12,61,58,29,0,0,5,0,1,3,0,206,20
8,3290,דאלית אלכרמל,494,21.3,3,0,703,410,4,406,6,94,75,89,0,0,7,4,1,0,0,112,18
8,3291,דאלית אלכרמל,494,21.4,3,0,703,474,4,470,1,62,74,70,0,0,1,0,2,0,0,223,37
8,3292,דאלית אלכרמל,494,21.5,3,0,703,433,9,424,7,83,68,71,0,1,0,2,0,0,3,171,18
8,3293,דאלית אלכרמל,494,21.6,3,0,701,346,2,344,10,74,28,37,0,0,13,11,3,1,1,158,8
8,3294,דאלית אלכרמל,494,22.0,1,0,728,388,0,388,8,101,42,16,0,7,8,1,1,0,0,165,39
8,3295,דאלית אלכרמל,494,23.0,7,0,675,421,3,418,10,109,100,24,0,0,0,0,0,2,0,152,21
5,2250,דליה,300,1.0,1,0,742,583,0,583,3,147,46,209,8,0,3,0,0,0,0,130,37
3,1349,דפנה,302,1.0,2,0,699,535,0,535,70,111,65,111,4,0,1,0,0,14,15,130,14
18,10293,דקל,1241,1.0,1,0,301,192,1,191,33,46,9,16,0,1,0,0,2,10,5,65,4
20,11650,הרדוף,1249,1.0,2,0,484,364,1,363,6,70,25,100,0,0,20,3,2,0,0,120,17
19,10852,חגור,717,1.1,2,0,392,313,0,313,31,39,25,20,12,1,0,0,0,9,6,164,6
19,10853,חגור,717,1.2,2,0,391,320,1,319,16,130,10,74,2,3,0,0,0,4,16,54,10
18,10294,חולית,1239,1.0,1,0,152,105,1,104,2,19,17,21,1,0,2,0,1,1,3,27,10
9,4137,חיננית,3643,1.0,1,0,526,360,1,359,78,32,31,15,6,7,0,0,0,46,71,61,12
9,4138,חיננית,3643,2.0,1,0,444,333,2,331,69,21,1,2,8,1,0,0,0,46,131,42,10
12,5929,חמד,801,1.0,1,0,660,524,5,519,63,16,0,78,44,9,0,0,0,86,93,117,13
10,4639,חניאל,807,1.0,1,0,696,528,1,527,73,110,49,90,0,0,2,0,0,0,4,156,43
8,3236,טירת כרמל,2100,1.0,4,0,579,376,0,376,132,21,3,6,56,22,0,0,0,56,56,15,9
8,3237,טירת כרמל,2100,3.1,30,0,741,539,6,533,175,34,16,35,44,2,0,0,0,12,52,125,38
8,3238,טירת כרמל,2100,3.2,30,0,741,586,3,583,168,140,18,44,29,0,0,0,0,40,33,95,16
8,3239,טירת כרמל,2100,3.3,30,0,741,568,1,567,111,80,49,35,55,7,2,4,0,14,53,127,30
8,3240,טירת כרמל,2100,3.4,30,0,741,546,3,543,118,97,52,36,19,7,0,0,0,16,46,130,22
8,3241,טירת כרמל,2100,3.5,30,0,741,533,1,532,134,101,37,26,15,0,0,0,1,5,48,141,24
8,3242,טירת כרמל,2100,3.6,30,0,739,570,4,566,105,78,53,46,32,0,0,0,0,44,27,167,14
8,3243,טירת כרמל,2100,4.0,4,0,661,355,2,353,108,22,3,11,34,4,0,0,0,45,45,70,11
8,3244,טירת כרמל,2100,5.1,34,0,675,493,4,489,139,55,26,77,62,2,0,0,0,30,28,64,6
8,3245,טירת כרמל,2100,5.2,34,0,675,523,4,519,69,109,34,26,47,13,3,0,2,31,52,117,16
8,3246,טירת כרמל,2100,5.3,34,0,675,515,3,512,82,72,33,44,45,5,0,0,0,8,40,176,7
8,3247,טירת כרמל,2100,5.4,34,0,672,521,1,520,136,96,41,31,2,1,0,0,0,16,33,149,15
8,3248,טירת כרמל,2100,6.0,22,0,715,468,2,466,178,27,46,3,54,1,0,0,0,25,39,71,22
8,3249,טירת כרמל,2100,7.0,15,0,677,450,6,444,84,83,29,43,19,18,0,0,0,17,44,102,5
8,3250,טירת כרמל,2100,8.0,6,0,659,425,2,423,138,25,16,22,37,1,0,0,0,9,51,61,63
8,3251,טירת כרמל,2100,9.0,19,0,636,371,4,367,150,21,5,4,35,11,0,0,0,15,43,76,7
8,3252,טירת כרמל,2100,10.0,7,0,689,414,2,412,81,54,15,1,39,13,0,0,0,31,67,103,8
8,3253,טירת כרמל,2100,11.0,23,0,515,367,1,366,138,25,7,16,23,14,0,0,0,10,65,59,9
8,3254,טירת כרמל,2100,12.0,29,0,687,361,4,357,95,53,25,3,39,9,15,0,0,17,32,58,11
8,3255,טירת כרמל,2100,13.0,31,0,561,303,9,294,101,21,31,5,45,4,0,0,0,8,43,34,2
8,3256,טירת כרמל,2100,14.0,10,0,722,369,2,367,135,48,8,34,11,2,0,0,0,6,65,50,8
8,3257,טירת כרמל,2100,15.0,18,0,462,288,4,284,98,33,9,1,38,11,0,0,0,12,35,42,5
8,3258,טירת כרמל,2100,16.1,3,0,543,346,1,345,96,13,3,3,119,1,0,0,0,40,33,30,7
8,3259,טירת כרמל,2100,16.2,3,0,543,331,5,326,113,52,1,4,72,4,0,0,0,10,24,32,14
8,3260,טירת כרמל,2100,17.0,11,0,690,359,4,355,126,38,19,13,27,7,0,0,0,38,45,30,12
8,3261,טירת כרמל,2100,18.0,28,0,678,358,4,354,150,28,19,11,21,4,0,2,0,33,41,37,8
8,3262,טירת כרמל,2100,19.0,4,0,569,392,3,389,130,64,16,13,28,3,0,0,0,10,31,65,29
8,3263,טירת כרמל,2100,20.0,13,1,604,300,2,298,88,26,9,9,50,12,0,0,0,13,28,46,17
8,3264,טירת כרמל,2100,21.0,1,1,574,348,10,338,74,40,31,5,31,3,0,0,0,46,30,56,22
8,3265,טירת כרמל,2100,22.0,31,0,704,442,4,438,200,31,10,3,62,5,0,0,0,29,41,38,19
8,3266,טירת כרמל,2100,23.0,1,0,565,253,1,252,86,21,3,9,36,13,0,0,0,18,15,38,13
8,3267,טירת כרמל,2100,24.0,21,0,628,364,1,363,139,39,25,5,60,9,0,0,0,11,35,33,7
8,3268,טירת כרמל,2100,25.0,4,0,629,453,2,451,161,72,14,27,22,19,0,0,0,15,43,53,25
8,3269,טירת כרמל,2100,26.0,24,0,597,425,0,425,128,78,24,9,36,1,0,0,0,17,28,95,9
8,3270,טירת כרמל,2100,30.0,23,0,518,278,4,274,68,26,9,13,41,0,0,0,0,19,32,57,9
8,3271,טירת כרמל,2100,31.0,26,0,502,335,3,332,72,37,21,15,37,0,12,20,0,15,40,42,21
8,3272,טירת כרמל,2100,950.0,27,0,676,503,1,502,129,32,10,8,30,16,0,0,0,21,111,113,32
18,10295,יבול,1232,1.0,1,0,244,181,0,181,14,42,8,27,7,0,1,0,0,16,5,41,20
20,11369,יודפת,1112,1.0,1,0,718,582,2,580,7,83,26,191,0,0,34,0,0,9,2,157,71
4,1568,יונתן,4007,1.0,2,0,486,332,0,332,35,29,17,13,1,0,0,0,0,59,90,79,9
6,2484,יחיעם,409,1.0,1,0,661,454,3,451,18,107,14,154,0,0,0,0,0,1,41,110,6
10,4736,יקום,417,1.0,2,0,620,514,2,512,4,103,18,214,0,0,16,0,0,0,2,151,4
5,2254,יקנעם מושבה,241,1.0,1,0,527,413,0,413,15,104,29,99,0,0,0,1,0,1,7,131,26
5,2255,יקנעם מושבה,241,2.0,1,0,569,441,0,441,19,112,47,106,0,0,2,0,0,0,3,149,3
19,10855,ירחיב,718,1.0,1,0,492,355,0,355,78,25,22,24,18,1,0,0,0,18,49,109,11
19,10856,ירחיב,718,2.0,1,0,391,265,2,263,95,38,3,3,11,2,0,0,0,24,13,54,20
18,10296,ישע,916,1.0,1,0,324,230,1,229,31,54,16,24,4,2,1,0,0,6,33,55,3
2,907,ישעי,805,1.0,1,0,619,453,0,453,98,31,0,2,109,80,0,0,0,28,62,35,8
18,10297,יתד,1227,1.0,1,0,401,288,1,287,61,25,2,17,14,5,0,0,0,26,53,82,2
2,1175,כוכב השחר,3564,2.1,1,0,730,530,0,530,55,40,5,0,14,4,0,0,0,146,184,82,0
2,1176,כוכב השחר,3564,2.2,1,0,730,552,1,551,65,31,7,0,1,9,0,0,0,119,201,118,0
18,10298,כיסופים,840,1.0,1,0,322,185,1,184,11,42,7,46,2,0,3,7,0,2,10,47,7
6,2488,כליל,1183,1.0,1,0,620,444,4,440,10,68,4,182,0,0,26,7,0,3,9,123,8
20,11249,כמאנה,1331,1.0,1,0,634,249,1,248,1,1,0,20,2,0,28,156,36,0,1,3,0
20,11250,כמאנה,1331,2.0,1,0,584,269,3,266,2,5,0,14,10,0,58,159,12,1,3,2,0
20,11251,כמון,1201,1.0,1,0,620,469,0,469,7,130,26,148,0,1,0,0,0,2,2,137,16
4,1570,כנרת מושבה,63,1.0,1,0,600,410,2,408,86,59,15,75,1,3,0,0,0,6,11,139,13
12,5937,כפר דניאל,707,1.0,1,0,543,408,0,408,11,53,56,82,1,1,0,0,0,2,1,190,11
12,5945,כפר טרומן,673,1.0,1,0,630,498,1,497,43,118,54,41,14,14,0,2,0,14,21,154,22
10,4649,כפר יונה,168,1.0,2,0,519,308,4,304,107,22,10,10,49,3,0,2,0,16,34,47,4
10,4650,כפר יונה,168,4.0,9,0,563,382,2,380,65,31,34,11,51,6,0,0,0,22,50,84,26
10,4651,כפר יונה,168,5.0,18,0,491,366,1,365,100,39,47,32,11,0,2,0,0,1,50,76,7
10,4652,כפר יונה,168,7.1,15,0,406,318,1,317,70,40,39,25,13,2,0,0,0,9,43,60,16
10,4653,כפר יונה,168,7.2,23,0,343,237,0,237,59,41,13,10,14,3,0,0,0,4,12,65,16
10,4654,כפר יונה,168,8.0,14,0,602,363,5,358,94,88,3,33,20,14,0,0,0,21,29,40,16
10,4655,כפר יונה,168,9.1,11,0,413,300,1,299,54,55,21,36,15,3,0,0,0,7,19,69,20
10,4656,כפר יונה,168,9.2,22,0,413,290,0,290,74,41,4,45,11,14,0,0,0,8,13,66,14
10,4657,כפר יונה,168,10.0,12,0,569,419,10,409,79,71,28,16,65,9,0,0,0,3,21,104,13
10,4658,כפר יונה,168,12.1,6,0,660,462,2,460,132,112,26,42,4,3,2,0,0,18,22,95,4
10,4659,כפר יונה,168,12.2,6,0,660,480,2,478,140,145,11,14,15,1,4,0,0,1,25,106,16
10,4660,כפר יונה,168,12.3,6,0,660,490,1,489,118,120,37,42,4,0,1,0,0,33,19,95,20
10,4661,כפר יונה,168,12.4,6,0,659,496,1,495,74,80,37,64,16,1,0,0,0,12,41,140,30
10,4662,כפר יונה,168,13.0,4,0,657,459,1,458,110,59,7,30,32,6,1,0,0,22,54,116,21
10,4663,כפר יונה,168,14.1,7,0,594,391,3,388,152,38,27,16,62,5,0,0,0,14,19,39,16
10,4664,כפר יונה,168,14.2,7,0,594,374,3,371,73,95,29,11,41,2,0,0,0,33,30,48,9
10,4665,כפר יונה,168,16.0,13,0,621,351,3,348,71,59,27,9,16,14,0,0,0,8,41,86,17
10,4666,כפר יונה,168,19.1,24,0,386,253,0,253,39,35,27,26,8,2,0,0,0,8,21,81,6
10,4667,כפר יונה,168,19.2,25,1,385,280,1,279,38,65,17,53,10,1,0,0,0,15,14,63,3
10,4668,כפר יונה,168,20.1,3,0,677,492,1,491,119,57,25,22,39,12,0,0,0,5,86,112,14
10,4669,כפר יונה,168,20.2,3,0,677,469,1,468,160,52,26,55,42,18,0,0,0,5,24,76,10
10,4670,כפר יונה,168,20.3,3,0,676,475,4,471,133,123,14,18,12,1,0,0,0,6,10,126,28
10,4671,כפר יונה,168,23.1,20,0,658,520,4,516,68,90,36,58,19,16,0,0,0,19,31,177,2
10,4672,כפר יונה,168,23.2,20,0,658,506,4,502,97,110,27,22,23,6,0,0,0,20,35,160,2
10,4673,כפר יונה,168,23.3,20,0,656,492,4,488,54,136,55,40,5,0,0,0,0,16,22,133,27
10,4674,כפר יונה,168,25.0,21,0,641,501,1,500,70,90,37,46,19,1,2,0,0,15,24,192,4
10,4675,כפר יונה,168,26.1,19,0,725,551,3,548,117,119,31,29,38,0,0,0,0,35,27,142,10
10,4676,כפר יונה,168,26.2,19,0,725,520,3,517,110,156,8,21,7,4,0,0,0,30,47,123,11
10,4677,כפר יונה,168,26.3,19,0,725,545,1,544,103,77,94,28,13,8,0,0,0,18,48,151,4
10,4678,כפר יונה,168,26.4,19,0,725,551,1,550,107,115,18,57,10,1,0,0,0,18,36,149,39
10,4679,כפר יונה,168,27.0,21,0,630,500,2,498,76,99,22,34,5,21,0,0,0,18,19,186,18
10,4680,כפר יונה,168,29.0,8,0,502,395,0,395,36,103,20,30,2,10,0,0,0,13,30,138,13
10,4681,כפר יונה,168,30.0,21,0,616,500,1,499,60,165,20,29,8,8,0,0,0,14,50,134,11
10,4682,כפר יונה,168,31.0,21,0,678,541,1,540,96,49,82,69,2,0,0,0,0,9,27,167,39
10,4683,כפר יונה,168,32.0,21,0,645,524,0,524,45,101,18,57,1,5,3,0,0,26,9,189,70
3,1357,כפר סאלד,345,1.0,1,0,573,431,3,428,2,120,16,85,0,0,0,0,0,9,9,157,30
6,2489,כפר ראש הנקרה,579,1.0,2,0,625,444,0,444,50,110,5,67,0,0,0,0,0,12,20,169,11
6,2490,כפר ראש הנקרה,579,2.0,2,0,535,377,4,373,22,70,48,61,0,0,0,0,0,0,32,117,23
18,10299,כרם שלום,1085,1.0,1,0,164,94,0,94,17,17,2,7,1,0,0,0,0,8,13,22,7
20,11252,כרמיאל,1139,1.0,3,0,557,224,1,223,78,21,45,18,3,3,0,0,0,1,10,43,1
20,11253,כרמיאל,1139,2.1,36,0,706,262,0,262,48,30,23,25,12,20,8,1,9,4,27,53,2
20,11254,כרמיאל,1139,2.2,36,0,706,258,3,255,35,38,29,4,19,36,12,0,0,2,20,56,4
20,11255,כרמיאל,1139,3.0,12,0,710,289,4,285,38,34,28,9,33,39,9,1,0,8,8,61,17
20,11256,כרמיאל,1139,4.1,8,0,702,337,4,333,28,80,54,13,22,15,0,0,0,4,25,84,8
20,11257,כרמיאל,1139,4.2,8,0,702,297,3,294,58,53,51,15,6,8,0,0,0,4,9,74,16
20,11258,כרמיאל,1139,5.0,23,0,577,258,1,257,28,45,10,6,22,5,0,0,0,20,36,76,9
20,11259,כרמיאל,1139,8.0,3,0,625,264,5,259,20,47,36,12,13,19,8,0,4,4,28,65,3
20,11260,כרמיאל,1139,10.0,2,0,576,329,2,327,47,64,66,21,13,35,0,0,0,4,38,37,2
20,11261,כרמיאל,1139,11.1,5,0,666,285,2,283,53,29,43,19,5,5,0,0,0,3,33,77,16
20,11262,כרמיאל,1139,11.2,5,0,665,289,3,286,42,52,57,8,22,6,0,7,0,2,12,61,17
20,11263,כרמיאל,1139,12.1,13,0,641,307,4,303,62,24,45,11,16,61,0,0,0,4,27,41,12
20,11264,כרמיאל,1139,12.2,13,0,641,311,1,310,69,48,45,23,10,21,1,0,8,5,24,41,15
20,11265,כרמיאל,1139,12.3,13,0,639,307,2,305,26,50,33,23,24,59,0,0,0,11,10,57,12
20,11266,כרמיאל,1139,13.0,33,0,712,429,5,424,89,70,15,11,7,1,9,19,2,16,27,130,28
20,11267,כרמיאל,1139,15.0,35,0,642,322,3,319,73,40,53,30,14,11,0,0,0,11,4,77,6
20,11268,כרמיאל,1139,16.0,3,0,557,277,5,272,50,45,34,15,1,7,2,0,2,8,28,78,2
20,11269,כרמיאל,1139,18.0,2,0,645,318,5,313,53,73,55,27,7,24,0,0,0,5,11,56,2
20,11270,כרמיאל,1139,19.0,2,0,664,301,2,299,85,56,44,6,24,24,3,0,0,5,4,40,8
20,11271,כרמיאל,1139,20.0,11,0,654,340,5,335,43,48,36,42,8,37,8,0,0,6,27,77,3
20,11272,כרמיאל,1139,21.0,3,0,683,350,5,345,73,41,60,22,18,12,6,0,0,7,16,73,17
20,11273,כרמיאל,1139,22.0,3,0,621,243,6,237,62,34,33,5,13,19,4,0,0,7,10,42,8
20,11274,כרמיאל,1139,24.1,7,0,388,91,2,89,4,18,21,13,5,4,1,0,1,0,2,16,4
20,11275,כרמיאל,1139,24.2,7,0,388,82,4,78,9,16,16,8,1,15,0,0,0,0,3,9,1
20,11276,כרמיאל,1139,26.0,2,0,615,315,4,311,23,40,75,6,10,55,5,0,3,18,9,55,12
20,11277,כרמיאל,1139,27.0,2,0,578,321,4,317,47,40,76,10,14,72,0,0,0,5,6,41,6
20,11278,כרמיאל,1139,28.0,11,0,629,363,5,358,104,44,73,8,6,28,0,0,1,10,12,62,10
20,11279,כרמיאל,1139,29.0,19,0,591,386,5,381,77,57,43,17,19,35,8,0,0,22,21,67,15
20,11280,כרמיאל,1139,30.0,19,0,601,352,9,343,57,75,52,17,18,10,0,0,0,2,17,90,5
20,11281,כרמיאל,1139,32.0,19,0,591,319,5,314,74,29,20,36,5,32,0,0,0,10,11,90,7
20,11282,כרמיאל,1139,34.1,10,0,672,423,6,417,69,95,18,28,27,10,1,0,0,18,46,93,12
20,11283,כרמיאל,1139,34.2,10,0,671,414,5,409,70,89,67,10,5,23,0,0,1,21,16,86,21
20,11284,כרמיאל,1139,35.0,23,0,668,463,1,462,76,67,32,56,25,1,0,0,0,7,31,137,30
20,11285,כרמיאל,1139,36.0,23,0,683,413,4,409,49,135,51,15,17,5,1,0,0,9,23,90,14
20,11286,כרמיאל,1139,37.0,23,0,515,297,0,297,38,31,9,49,6,0,5,10,0,9,32,78,30
20,11287,כרמיאל,1139,38.0,26,0,560,300,0,300,81,73,24,10,9,0,4,0,0,4,21,68,6
20,11288,כרמיאל,1139,39.0,26,0,687,419,3,416,63,104,46,25,12,1,9,0,0,18,14,102,22
20,11289,כרמיאל,1139,40.1,22,0,723,417,4,413,83,34,48,31,2,9,6,0,1,9,19,119,52
20,11290,כרמיאל,1139,40.2,22,0,722,409,5,404,64,29,71,39,7,10,8,23,2,10,11,105,25
20,11291,כרמיאל,1139,41.0,27,0,587,329,3,326,68,33,50,36,9,2,0,6,0,16,24,74,8
20,11292,כרמיאל,1139,42.0,33,0,648,477,2,475,133,76,36,19,24,13,2,3,1,17,30,112,9
20,11293,כרמיאל,1139,44.0,27,0,701,390,5,385,82,65,63,33,10,1,1,0,0,19,22,79,10
20,11294,כרמיאל,1139,45.0,33,0,631,384,4,380,62,93,48,21,17,6,1,0,2,16,25,88,1
20,11295,כרמיאל,1139,46.0,33,0,573,346,3,343,70,53,49,16,2,0,14,0,0,25,4,97,13
20,11296,כרמיאל,1139,47.0,27,0,584,334,0,334,63,60,30,22,14,5,2,0,3,26,14,81,14
20,11297,כרמיאל,1139,48.0,33,0,577,362,6,356,70,64,41,39,3,4,2,0,0,4,12,96,21
20,11298,כרמיאל,1139,51.1,21,0,591,395,0,395,84,87,27,38,6,21,0,0,0,17,16,77,22
20,11299,כרמיאל,1139,51.2,21,0,591,420,2,418,128,62,29,28,10,2,0,0,0,0,32,124,3
20,11300,כרמיאל,1139,51.3,21,0,591,410,5,405,96,81,51,11,15,6,2,5,0,1,33,76,28
20,11301,כרמיאל,1139,51.4,21,0,588,421,3,418,56,68,19,57,12,15,0,0,0,15,17,132,27
20,11302,כרמיאל,1139,52.0,25,0,604,405,5,400,81,50,67,69,9,0,0,0,0,3,22,86,13
20,11303,כרמיאל,1139,54.1,30,0,530,340,4,336,92,77,22,14,6,4,5,0,1,7,50,52,6
20,11304,כרמיאל,1139,54.2,30,0,530,355,5,350,51,62,40,15,18,11,1,1,0,3,22,102,24
20,11305,כרמיאל,1139,54.3,30,0,529,365,0,365,78,96,36,18,2,2,0,0,0,1,22,101,9
20,11306,כרמיאל,1139,55.0,25,0,725,163,1,162,33,16,30,13,4,2,1,0,0,3,14,35,11
20,11307,כרמיאל,1139,57.0,25,0,702,473,4,469,93,129,35,11,6,57,7,0,4,8,12,68,39
20,11308,כרמיאל,1139,59.0,25,0,719,427,4,423,92,63,44,29,16,0,15,0,0,20,14,103,27
20,11309,כרמיאל,1139,61.1,1,0,580,310,2,308,62,60,17,34,20,16,0,0,5,6,25,43,20
20,11310,כרמיאל,1139,61.2,1,0,580,345,4,341,42,79,18,22,19,1,15,0,1,40,32,61,11
20,11311,כרמיאל,1139,61.3,1,0,580,315,3,312,60,72,31,46,3,7,2,1,2,7,20,56,5
20,11312,כרמיאל,1139,61.4,1,0,577,327,3,324,53,55,41,36,11,4,5,3,0,0,22,89,5
20,11313,כרמיאל,1139,63.0,26,0,718,449,1,448,103,60,58,10,11,10,4,0,1,3,34,140,14
20,11314,כרמיאל,1139,64.0,23,0,569,364,4,360,31,76,38,40,7,0,3,2,1,19,12,103,28
20,11315,כרמיאל,1139,65.0,32,0,720,514,6,508,153,60,41,42,36,2,5,0,0,18,34,100,17
20,11316,כרמיאל,1139,68.1,4,0,646,441,5,436,69,112,51,14,15,2,0,0,1,13,49,104,6
20,11317,כרמיאל,1139,68.2,4,0,646,460,3,457,90,81,46,43,4,25,2,0,0,18,17,128,3
20,11318,כרמיאל,1139,68.3,4,0,646,417,5,412,61,94,77,28,8,11,0,5,0,24,11,84,9
20,11319,כרמיאל,1139,68.4,4,0,646,411,3,408,153,55,36,17,16,11,0,0,0,4,25,75,16
20,11320,כרמיאל,1139,68.5,4,0,646,401,6,395,56,62,39,14,34,5,23,9,4,25,58,40,26
20,11321,כרמיאל,1139,68.6,4,0,646,415,2,413,39,92,69,17,1,14,0,1,0,10,25,137,8
20,11322,כרמיאל,1139,68.7,4,0,645,416,3,413,82,74,66,8,5,30,0,0,0,15,38,81,14
20,11323,כרמיאל,1139,69.1,37,0,417,277,2,275,49,51,24,41,2,4,0,0,0,8,24,68,4
20,11324,כרמיאל,1139,69.2,34,0,382,245,3,242,30,60,9,14,15,3,0,0,1,10,18,69,13
4,1531,לביא,585,1.0,1,0,562,369,1,368,68,27,7,12,3,4,0,0,0,51,101,94,1
9,3897,להבות חביבה,715,1.0,1,0,702,567,2,565,25,139,52,207,0,1,7,0,0,0,8,111,15
6,2493,לימן,674,1.0,1,0,613,417,2,415,66,126,40,55,21,0,0,0,0,1,17,66,23
9,3898,מאור,2055,1.0,1,0,529,403,1,402,44,82,7,55,29,1,4,0,0,5,34,130,11
9,3899,מאור,2055,2.0,1,0,516,393,2,391,72,64,19,48,0,2,0,0,1,6,26,147,6
18,10300,מבטחים,829,1.0,1,0,429,271,1,270,78,25,4,3,24,11,0,0,0,19,50,50,6
18,10301,מגן,695,1.0,1,0,503,366,0,366,29,93,24,121,0,0,1,1,0,0,3,84,10
5,2289,מדרך עוז,2029,1.0,1,0,617,422,1,421,132,51,40,15,18,1,0,0,0,22,56,78,8
20,11325,מורן,1163,1.0,1,0,404,317,1,316,7,74,21,44,0,0,1,0,0,0,6,145,18
6,2494,מזרעה,517,1.0,5,0,710,411,9,402,0,0,1,14,0,0,177,117,85,0,1,2,5
6,2495,מזרעה,517,2.0,6,0,625,376,5,371,1,1,0,14,0,0,196,123,36,0,0,0,0
6,2496,מזרעה,517,3.0,5,0,622,347,2,345,3,0,2,18,7,0,151,90,67,0,1,6,0
6,2497,מזרעה,517,4.0,6,1,630,387,0,387,0,1,0,20,0,0,120,180,57,0,1,8,0
6,2498,מזרעה,517,5.0,5,0,676,383,1,382,0,0,0,22,0,0,213,91,49,0,0,7,0
20,11326,מכמנים,1202,1.0,1,0,422,312,1,311,14,61,47,78,4,0,1,0,0,7,4,86,9
6,2716,מעונה,570,1.0,1,0,723,501,2,499,106,42,24,35,57,1,0,0,0,21,73,109,31
2,1183,מעלה אדומים,3616,1.1,5,0,708,433,2,431,109,36,9,7,61,24,0,0,0,54,53,48,30
2,1184,מעלה אדומים,3616,1.2,5,0,708,440,8,432,87,27,26,54,11,13,0,0,0,54,59,86,15
2,1185,מעלה אדומים,3616,2.0,6,0,475,298,4,294,62,35,20,0,28,7,5,0,0,41,54,38,4
2,1186,מעלה אדומים,3616,3.0,6,0,657,445,1,444,186,24,3,9,23,14,0,0,0,29,47,103,6
2,1187,מעלה אדומים,3616,4.0,4,0,741,467,1,466,116,48,11,10,9,12,0,0,0,67,50,131,12
2,1188,מעלה אדומים,3616,6.0,8,0,626,349,3,346,71,29,40,5,23,1,0,0,0,20,54,99,4
2,1189,מעלה אדומים,3616,8.0,8,0,728,441,5,436,94,56,26,7,27,7,0,0,0,35,98,65,21
2,1190,מעלה אדומים,3616,9.1,2,0,712,379,2,377,64,36,32,4,20,18,0,0,0,34,62,51,56
2,1191,מעלה אדומים,3616,9.2,2,0,712,388,10,378,120,41,29,9,12,13,0,0,0,22,93,36,3
2,1192,מעלה אדומים,3616,10.0,8,0,685,422,3,419,77,54,23,6,49,41,0,0,0,26,75,64,4
2,1193,מעלה אדומים,3616,11.0,6,0,687,403,0,403,77,56,14,10,50,11,0,0,0,32,83,46,24
2,1194,מעלה אדומים,3616,13.0,4,1,569,336,2,334,54,28,13,8,68,11,0,0,0,19,69,45,19
2,1195,מעלה אדומים,3616,14.1,17,0,483,324,2,322,84,38,5,13,38,13,0,0,0,26,43,41,21
2,1196,מעלה אדומים,3616,14.2,17,0,482,322,4,318,87,43,15,6,19,4,0,0,0,26,27,85,6
2,1197,מעלה אדומים,3616,15.0,6,0,614,371,3,368,123,60,27,5,22,4,0,0,0,35,28,59,5
2,1198,מעלה אדומים,3616,19.0,19,0,584,399,1,398,85,17,4,10,4,8,0,15,0,89,115,51,0
2,1199,מעלה אדומים,3616,20.0,19,0,624,415,2,413,73,22,6,8,11,15,21,0,0,79,86,78,14
2,1200,מעלה אדומים,3616,22.1,11,0,619,409,0,409,118,20,17,18,56,9,0,0,0,18,82,63,8
2,1201,מעלה אדומים,3616,22.2,11,0,619,415,3,412,125,42,8,1,36,22,0,0,0,27,53,92,6
2,1202,מעלה אדומים,3616,22.3,11,0,619,423,3,420,179,28,7,4,42,10,0,1,0,51,71,25,2
2,1203,מעלה אדומים,3616,22.4,11,0,619,410,3,407,130,57,24,6,29,14,0,0,0,38,80,27,2
2,1204,מעלה אדומים,3616,22.5,11,0,615,371,5,366,104,47,13,15,19,11,0,0,0,35,28,80,14
2,1205,מעלה אדומים,3616,29.1,13,0,531,364,0,364,87,49,14,15,18,7,0,0,0,11,48,92,23
2,1206,מעלה אדומים,3616,29.2,13,0,531,391,1,390,137,66,10,30,11,17,0,0,0,12,54,49,4
2,1207,מעלה אדומים,3616,29.3,13,0,529,380,1,379,101,66,16,11,29,3,0,0,0,14,47,81,11
2,1208,מעלה אדומים,3616,31.1,7,0,707,443,3,440,164,65,11,5,24,20,0,0,0,27,48,69,7
2,1209,מעלה אדומים,3616,31.2,7,0,707,432,1,431,97,84,21,1,21,31,0,0,0,31,57,76,12
2,1210,מעלה אדומים,3616,31.3,7,0,707,494,1,493,162,38,8,5,63,4,0,0,0,57,79,62,15
2,1211,מעלה אדומים,3616,31.4,7,0,707,466,3,463,119,81,18,37,41,11,0,0,0,22,65,58,11
2,1212,מעלה אדומים,3616,31.5,7,0,706,442,5,437,195,47,4,12,17,16,0,0,0,39,38,58,11
2,1213,מעלה אדומים,3616,33.0,27,0,528,374,0,374,134,17,7,3,24,4,0,0,0,32,93,46,14
2,1214,מעלה אדומים,3616,35.0,26,0,503,362,1,361,145,28,2,16,27,5,6,0,0,47,25,50,10
2,1215,מעלה אדומים,3616,42.1,20,0,717,497,4,493,131,50,10,14,38,13,0,0,0,28,100,82,27
2,1216,מעלה אדומים,3616,42.2,20,0,717,517,3,514,177,35,14,17,70,29,0,0,0,49,50,49,24
2,1217,מעלה אדומים,3616,42.3,20,0,717,509,0,509,133,43,8,18,93,10,0,0,0,41,67,84,12
2,1218,מעלה אדומים,3616,42.4,20,0,715,501,1,500,150,70,5,10,13,10,0,0,0,20,78,118,26
2,1219,מעלה אדומים,3616,44.0,19,0,619,402,0,402,75,18,27,1,8,0,0,0,0,81,126,63,3
2,1220,מעלה אדומים,3616,45.1,25,0,586,423,1,422,109,77,8,5,7,1,0,0,0,46,105,63,1
2,1221,מעלה אדומים,3616,45.2,25,0,586,421,4,417,136,28,32,5,27,10,0,0,0,41,47,88,3
2,1222,מעלה אדומים,3616,45.3,25,0,586,428,2,426,121,22,28,6,19,15,0,0,0,39,58,84,34
2,1223,מעלה אדומים,3616,45.4,25,0,585,428,1,427,131,51,7,1,54,1,0,0,0,25,70,72,15
2,1224,מעלה אדומים,3616,46.0,26,0,640,452,4,448,96,44,39,7,17,1,0,0,0,111,57,72,4
2,1225,מעלה אדומים,3616,950.1,3,0,574,376,0,376,74,49,7,0,27,17,0,0,0,37,85,75,5
2,1226,מעלה אדומים,3616,950.2,3,0,574,389,1,388,113,44,20,0,21,2,0,0,0,7,49,97,35
2,1227,מעלה אדומים,3616,950.3,3,0,574,396,0,396,73,46,18,10,42,23,0,0,0,44,59,80,1
2,1228,מעלה אדומים,3616,950.4,3,0,571,399,2,397,123,33,16,15,16,1,0,0,0,39,79,63,12
2,1229,מעלה אדומים,3616,952.1,22,0,726,481,1,480,116,65,23,7,26,4,0,0,0,53,83,87,16
2,1230,מעלה אדומים,3616,952.2,22,0,726,491,3,488,152,53,13,48,30,9,0,0,1,18,58,92,14
2,1177,מעלה מכמש,3651,1.0,1,0,600,434,1,433,76,30,0,0,28,23,0,0,0,82,131,54,9
2,1178,מעלה מכמש,3651,2.0,1,0,557,406,2,404,59,25,0,1,5,2,0,0,0,100,125,87,0
6,2500,מצובה,325,1.0,1,0,450,314,0,314,24,85,30,49,0,1,0,0,0,0,7,112,6
6,2501,מצובה,325,2.0,1,0,498,344,0,344,59,70,41,43,3,2,0,1,0,6,15,99,5
20,11545,מצפה אביב,1222,1.1,2,0,400,316,0,316,4,78,17,79,1,0,3,0,0,5,10,104,15
20,11546,מצפה אביב,1222,1.2,2,0,400,326,0,326,17,55,51,90,1,0,0,0,0,3,1,103,5
2,1167,מצפה יריחו,3576,1.1,2,0,752,534,2,532,56,30,13,1,32,0,0,0,0,57,218,125,0
2,1168,מצפה יריחו,3576,1.2,2,0,751,552,0,552,116,17,0,0,35,2,0,0,0,125,135,121,1
9,3906,מצר,648,1.0,1,0,462,354,1,353,11,50,10,160,0,0,0,0,0,0,0,116,6
3,1420,מרום גולן,4101,1.0,1,0,651,470,1,469,30,142,28,98,0,1,1,0,0,9,25,117,18
12,5957,משמר השבעה,729,1.1,1,0,385,301,3,298,69,49,12,46,0,0,0,0,0,4,7,94,17
12,5958,משמר השבעה,729,1.2,1,0,385,295,1,294,46,55,17,30,0,0,0,0,0,6,14,109,17
19,11007,מתן,1315,4.1,1,0,713,535,0,535,82,192,43,63,0,0,0,0,0,1,18,113,23
19,11008,מתן,1315,4.2,1,0,713,534,2,532,60,81,59,103,13,12,5,0,0,9,14,162,14
19,11009,מתן,1315,4.3,1,0,713,516,1,515,41,140,31,53,0,1,0,0,0,1,20,182,46
19,11010,מתן,1315,4.4,1,0,713,527,2,525,15,218,48,40,0,0,0,0,0,4,2,175,23
18,10302,נווה,1366,1.0,1,0,401,298,0,298,48,36,0,0,0,0,0,0,0,68,91,55,0
12,6047,נילי,3655,1.0,1,0,722,509,1,508,82,103,29,42,5,0,0,0,0,22,62,156,7
12,6048,נילי,3655,2.0,1,0,685,493,2,491,118,48,32,5,4,0,0,0,0,18,103,146,17
18,10303,ניר יצחק,402,1.0,1,0,603,431,4,427,9,67,7,228,1,0,1,0,0,0,0,103,11
18,10304,ניר עוז,69,1.0,1,0,354,278,2,276,3,31,30,111,4,0,1,0,0,4,0,89,3
19,11014,נירית,1236,1.0,2,1,489,362,3,359,8,118,17,44,1,0,22,0,0,0,5,116,28
19,11015,נירית,1236,2.0,2,0,459,363,0,363,17,90,27,73,0,5,1,0,0,0,2,141,7
12,5966,נצר סרני,435,1.0,1,0,711,623,1,622,26,158,38,158,3,0,9,0,0,0,0,197,33
6,2504,נתיב השיירה,792,1.0,1,0,450,331,0,331,46,67,10,34,41,2,4,0,0,11,15,91,10
20,11327,סאגור,525,1.1,2,0,692,385,4,381,133,71,10,17,8,0,14,0,0,6,16,84,22
20,11328,סאגור,525,1.2,2,0,691,307,0,307,91,26,8,38,15,16,1,2,0,48,11,47,4
20,11329,סאגור,525,2.0,3,0,687,362,2,360,142,43,16,25,2,3,0,0,0,8,34,73,14
20,11330,סאגור,525,4.1,1,0,698,393,6,387,26,72,10,195,0,2,0,3,0,6,1,63,9
20,11331,סאגור,525,4.2,1,0,697,317,1,316,107,39,0,46,18,0,2,7,1,3,11,69,13
18,10306,סופה,1238,1.0,1,0,203,120,1,119,3,25,12,15,0,5,2,1,0,0,6,45,5
19,11016,סלעית,3567,1.1,1,0,443,362,3,359,35,95,17,55,1,0,0,0,0,5,7,135,9
19,11017,סלעית,3567,1.2,1,0,443,376,1,375,10,103,70,67,0,0,0,0,0,4,4,96,21
6,2505,סער,454,1.0,1,0,743,525,0,525,32,108,20,147,0,0,0,0,0,2,11,191,14
6,2506,עבדון,892,1.0,1,0,568,408,0,408,103,52,7,5,66,32,0,0,0,39,48,32,24
20,11651,עדי,1199,2.1,1,0,540,405,0,405,45,135,31,61,6,1,0,0,0,1,12,86,27
20,11652,עדי,1199,2.2,1,0,540,406,0,406,48,151,17,23,0,0,0,0,0,5,16,135,11
20,11653,עדי,1199,2.3,1,0,540,407,4,403,13,99,11,76,0,4,4,0,0,0,12,136,48
10,4746,עזריאל,837,1.0,1,0,664,490,1,489,152,71,3,11,28,16,0,0,0,22,85,90,11
20,11332,עין אלאסד,546,1.0,1,0,736,361,2,359,21,58,123,44,0,0,9,2,0,2,2,84,14
18,10307,עין הבשור,1240,1.1,1,0,408,285,0,285,22,70,8,35,4,0,0,1,0,2,7,115,21
18,10308,עין הבשור,1240,1.2,2,0,407,299,1,298,20,81,10,69,2,0,0,0,0,7,12,84,13
18,10309,עין השלושה,676,1.0,1,0,321,196,1,195,11,43,10,60,8,0,0,0,1,0,3,58,1
9,3907,עין שמר,139,1.0,1,0,694,535,0,535,7,96,20,158,9,0,2,0,0,37,2,177,27
10,4749,עין שריד,880,1.0,1,0,625,470,1,469,100,68,26,34,35,19,0,0,0,17,38,105,27
10,4750,עין שריד,880,2.0,1,1,571,437,8,429,39,108,37,59,20,0,0,0,0,15,2,118,31
18,10310,עמיעוז,318,1.0,1,0,240,168,0,168,32,31,8,7,39,1,0,0,0,3,18,26,3
19,10808,עמנואל,3660,1.0,1,0,671,422,1,421,49,6,0,0,192,65,0,0,0,10,43,56,0
19,10809,עמנואל,3660,2.0,1,0,674,557,5,552,26,1,0,0,183,265,0,0,0,20,41,16,0
19,10810,עמנואל,3660,3.0,3,0,741,580,4,576,42,5,0,0,170,213,0,0,0,16,93,31,6
19,10811,עמנואל,3660,4.0,1,0,674,499,4,495,46,3,0,0,181,164,0,0,0,19,65,17,0
8,3296,עספיא,534,3.1,4,0,752,372,6,366,9,53,64,20,0,0,59,18,34,0,0,101,8
8,3297,עספיא,534,3.2,4,0,751,422,6,416,13,42,68,86,0,0,90,21,33,0,0,52,11
8,3298,עספיא,534,6.1,6,0,407,212,3,209,11,46,34,13,0,0,7,20,9,0,0,53,16
8,3299,עספיא,534,6.2,6,0,406,196,3,193,11,25,39,22,0,0,11,19,3,0,1,52,10
8,3300,עספיא,534,9.1,8,0,522,281,1,280,2,103,24,23,0,0,9,2,0,2,0,94,21
8,3301,עספיא,534,9.2,8,0,522,273,2,271,1,47,56,37,0,0,38,11,20,0,0,55,6
8,3302,עספיא,534,9.3,8,0,521,259,4,255,5,22,42,28,14,0,15,23,3,0,0,93,10
8,3303,עספיא,534,11.1,1,0,748,386,4,382,15,51,74,54,0,0,23,28,1,0,0,121,15
8,3304,עספיא,534,11.2,1,0,748,370,0,370,5,54,50,58,0,0,69,2,21,0,0,101,10
8,3305,עספיא,534,12.1,7,0,622,315,2,313,10,39,41,25,0,0,14,7,10,0,1,159,7
8,3306,עספיא,534,12.2,7,0,622,347,3,344,2,88,60,51,0,0,61,6,9,0,2,62,3
8,3307,עספיא,534,12.3,7,0,622,342,4,338,3,48,50,66,0,0,26,16,0,0,0,117,12
8,3308,עספיא,534,12.4,7,1,621,366,3,363,19,67,59,63,0,0,36,11,28,0,3,69,8
8,3309,עספיא,534,13.1,5,0,602,312,4,308,3,69,26,26,0,0,32,16,27,0,0,80,29
8,3310,עספיא,534,13.2,5,0,602,346,6,340,11,45,74,48,0,0,29,44,17,0,1,67,4
8,3311,עספיא,534,13.3,5,0,602,306,2,304,8,20,28,52,0,1,46,60,5,0,0,80,4
8,3312,עספיא,534,13.4,5,0,602,304,1,303,26,35,47,22,0,0,75,46,10,0,0,41,1
6,2509,עראמשה,1246,1.0,1,0,545,238,0,238,29,4,3,18,0,0,69,110,2,0,2,1,0
6,2510,עראמשה,1246,2.0,3,0,622,263,2,261,6,14,1,21,0,0,109,52,17,1,13,23,4
20,11478,ערב אל נעים,1335,1.0,2,0,622,341,11,330,65,33,4,49,8,7,54,64,14,2,14,11,5
18,9938,פטיש,749,1.0,1,0,734,588,4,584,155,45,0,2,176,8,0,0,0,32,88,40,38
18,10311,פרי גן,1231,1.0,1,0,190,118,1,117,41,14,4,10,8,0,0,0,0,8,7,16,9
18,10312,צאלים,413,1.0,1,0,419,289,1,288,7,76,17,52,2,0,27,11,0,10,1,62,23
18,10313,צוחר,1136,1.0,1,0,501,302,1,301,97,52,20,8,14,1,0,0,0,38,16,48,7
19,10814,צופים,3791,1.1,2,0,564,423,1,422,104,39,29,17,10,0,0,0,0,32,100,76,15
19,10815,צופים,3791,1.2,2,0,564,414,2,412,85,34,31,9,13,2,0,0,1,64,59,104,10
19,10816,צופים,3791,1.3,2,0,563,394,0,394,156,52,6,13,3,16,0,0,0,28,62,42,16
2,915,צלפון,796,1.0,1,0,748,546,2,544,148,117,5,7,55,9,0,0,0,29,110,56,8
12,5973,צפריה,594,1.0,1,0,594,451,0,451,88,47,23,5,13,16,0,0,0,67,70,117,5
19,10817,קדומים,3557,2.0,3,0,692,475,2,473,116,23,4,4,6,9,0,0,0,69,139,97,6
19,10818,קדומים,3557,4.1,1,0,743,534,1,533,64,24,0,0,2,4,0,0,0,72,257,110,0
19,10819,קדומים,3557,4.2,1,0,743,550,1,549,69,35,0,0,6,4,0,15,0,168,169,81,2
19,10820,קדומים,3557,4.3,1,0,741,514,0,514,86,62,0,0,0,0,0,0,0,140,145,81,0
9,3738,קציר,1243,1.0,1,0,629,459,1,458,34,65,29,61,0,0,12,0,5,29,7,184,32
9,3739,קציר,1243,2.0,3,0,482,271,0,271,30,62,31,64,1,1,0,1,0,2,9,67,3
9,3740,קציר,1243,3.0,2,1,622,384,0,384,24,89,35,48,8,0,12,0,0,1,8,149,10
9,3741,קציר,1243,4.0,1,0,750,534,4,530,45,113,76,60,0,0,1,0,3,1,22,188,21
19,10822,קרני שומרון,3640,1.0,2,0,545,352,1,351,46,36,1,0,18,4,0,0,0,80,78,87,1
19,10823,קרני שומרון,3640,3.0,2,0,673,411,5,406,135,40,20,1,24,4,0,0,0,56,56,53,17
19,10824,קרני שומרון,3640,4.1,4,0,573,431,2,429,77,34,4,11,24,1,0,0,0,29,133,105,11
19,10825,קרני שומרון,3640,4.2,4,0,573,429,0,429,57,50,11,2,19,3,0,0,0,52,126,108,1
19,10826,קרני שומרון,3640,4.3,4,0,572,425,1,424,105,71,8,1,34,1,0,0,0,66,79,56,3
19,10827,קרני שומרון,3640,5.0,2,0,743,474,3,471,152,114,16,1,21,0,0,0,0,40,70,46,11
19,10828,קרני שומרון,3640,7.0,2,0,666,439,4,435,149,21,21,3,15,9,0,0,0,38,109,61,9
19,10829,קרני שומרון,3640,9.0,6,0,632,403,1,402,116,50,24,19,23,5,0,0,0,39,63,57,6
19,10830,קרני שומרון,3640,10.0,2,0,548,377,3,374,126,19,13,0,6,16,0,0,0,48,79,59,8
19,10831,קרני שומרון,3640,990.1,1,0,712,529,1,528,114,28,0,0,14,2,0,0,0,71,142,154,3
19,10832,קרני שומרון,3640,990.2,1,0,712,517,1,516,67,37,0,0,5,9,0,0,0,169,114,113,2
20,11346,ראס אלעין,1334,1.0,1,0,310,199,3,196,1,3,0,21,0,0,45,106,8,0,0,7,5
19,10836,רחלים,3822,1.0,2,0,454,366,0,366,46,10,2,0,7,1,0,0,0,139,119,42,0
18,10314,רעים,713,1.0,1,0,416,324,1,323,3,75,29,124,0,0,0,0,0,1,0,84,7
6,2513,שבי ציון,282,1.0,1,0,576,396,0,396,97,72,7,29,0,9,4,0,0,9,5,133,31
6,2514,שבי ציון,282,2.0,1,0,439,293,0,293,49,83,10,37,0,2,0,0,0,18,3,86,5
9,3908,שדה יצחק,2008,1.0,1,0,479,364,2,362,34,58,18,51,24,6,1,0,0,2,13,117,38
18,10315,שדה ניצן,1058,1.0,1,0,420,256,1,255,13,73,24,36,0,0,2,0,0,2,3,78,24
18,10316,שדי אברהם,1223,1.0,1,0,284,185,0,185,23,46,23,13,0,0,0,0,0,3,11,49,17
19,11032,שדי חמד,2015,1.1,2,0,391,301,4,297,20,65,20,50,0,2,1,0,0,20,9,107,3
19,11033,שדי חמד,2015,1.2,2,0,391,307,0,307,20,97,24,37,11,0,1,0,0,3,5,89,20
10,4696,שושנת העמקים,224,1.0,1,0,476,335,1,334,73,48,53,30,36,2,0,0,0,6,18,59,9
20,11347,שזור,527,1.0,1,0,295,214,0,214,85,22,3,5,14,6,0,0,0,9,44,25,1
18,10317,שלומית,1364,1.0,2,0,169,130,0,130,13,11,0,0,8,0,0,0,0,38,43,17,0
3,1410,שניר,1132,1.0,1,0,530,407,0,407,16,88,17,98,0,0,0,3,0,1,1,159,24
20,11654,שפרעם,8800,1.1,8,0,717,344,4,340,4,9,69,20,0,0,107,73,23,0,1,17,17
20,11655,שפרעם,8800,1.2,8,0,717,345,8,337,6,16,59,25,0,0,111,69,7,0,0,32,12
20,11656,שפרעם,8800,7.1,2,0,614,275,3,272,3,7,4,25,0,0,144,45,40,0,0,4,0
20,11657,שפרעם,8800,7.2,2,0,614,315,3,312,2,16,0,17,0,3,183,12,74,0,0,3,2
20,11658,שפרעם,8800,7.3,2,0,614,265,12,253,15,20,58,22,0,0,56,31,23,0,0,21,7
20,11659,שפרעם,8800,7.4,2,0,613,318,2,316,3,1,3,49,0,8,134,69,38,1,0,5,5
20,11660,שפרעם,8800,9.1,6,0,560,279,5,274,0,4,12,6,0,0,142,77,27,0,0,6,0
20,11661,שפרעם,8800,9.2,6,0,560,293,4,289,9,2,5,17,0,0,167,46,37,0,0,6,0
20,11662,שפרעם,8800,9.3,6,0,560,284,1,283,0,10,1,17,0,0,123,61,47,0,0,23,1
20,11663,שפרעם,8800,10.0,19,0,675,305,6,299,4,29,6,33,0,0,57,115,26,7,1,19,2
20,11664,שפרעם,8800,13.1,12,0,611,282,2,280,0,4,1,17,0,2,144,60,46,0,0,6,0
20,11665,שפרעם,8800,13.2,12,0,611,302,3,299,3,23,28,38,1,0,96,52,39,0,0,16,3
20,11666,שפרעם,8800,13.3,12,0,611,326,10,316,2,1,4,9,0,0,190,54,54,0,0,2,0
20,11667,שפרעם,8800,13.4,12,0,607,323,0,323,0,8,1,19,0,0,148,63,76,0,0,7,1
20,11668,שפרעם,8800,15.1,14,0,637,251,2,249,0,0,0,28,0,0,64,127,28,0,0,1,1
20,11669,שפרעם,8800,15.2,14,0,637,330,1,329,4,1,1,17,0,0,167,85,47,0,0,7,0
20,11670,שפרעם,8800,15.3,14,0,637,234,4,230,1,7,10,22,0,0,117,31,34,0,0,6,2
20,11671,שפרעם,8800,15.4,14,0,636,320,1,319,7,19,21,35,0,0,88,51,44,0,0,52,2
20,11672,שפרעם,8800,18.1,16,0,510,249,1,248,4,16,59,32,0,0,36,43,6,0,6,42,4
20,11673,שפרעם,8800,18.2,16,0,510,221,4,217,3,12,3,28,0,0,52,103,10,0,0,6,0
20,11674,שפרעם,8800,18.3,16,0,508,198,1,197,6,13,0,18,0,0,30,109,15,0,1,4,1
20,11675,שפרעם,8800,20.1,18,0,718,353,4,349,6,15,9,8,0,0,119,143,47,0,2,0,0
20,11676,שפרעם,8800,20.2,18,0,718,331,8,323,7,2,1,20,0,0,151,74,48,0,1,19,0
20,11677,שפרעם,8800,20.3,18,0,718,291,3,288,5,9,1,38,0,0,51,128,49,0,2,5,0
20,11678,שפרעם,8800,20.4,18,0,715,346,3,343,3,5,19,22,0,0,193,59,39,0,0,3,0
20,11679,שפרעם,8800,21.1,1,0,514,289,5,284,2,8,0,28,0,0,176,18,43,0,0,9,0
20,11680,שפרעם,8800,21.2,1,0,514,237,5,232,3,6,5,3,0,0,123,61,25,0,0,6,0
20,11681,שפרעם,8800,21.3,1,0,513,230,0,230,0,6,6,4,0,0,82,70,57,0,0,5,0
20,11682,שפרעם,8800,23.1,15,0,586,236,1,235,2,5,0,7,1,0,133,64,11,0,0,12,0
20,11683,שפרעם,8800,23.2,15,0,586,283,5,278,5,6,8,37,2,0,124,42,41,0,0,10,3
20,11684,שפרעם,8800,23.3,15,0,586,260,1,259,5,6,4,18,0,0,107,56,52,0,1,10,0
20,11685,שפרעם,8800,23.4,15,0,584,351,2,349,4,23,86,3,0,0,55,99,30,0,0,41,8
20,11686,שפרעם,8800,26.1,9,0,619,346,2,344,7,12,1,26,0,0,163,59,68,0,0,8,0
20,11687,שפרעם,8800,26.2,9,0,619,241,1,240,1,7,0,8,0,0,115,78,29,0,1,1,0
20,11688,שפרעם,8800,26.3,9,0,619,227,3,224,2,1,8,38,0,0,58,58,50,0,0,8,1
20,11689,שפרעם,8800,26.4,9,0,617,346,4,342,4,20,61,29,0,1,127,13,51,1,1,25,9
20,11690,שפרעם,8800,33.1,11,0,600,296,9,287,8,6,33,19,0,10,96,44,33,0,0,22,16
20,11691,שפרעם,8800,33.2,11,0,600,258,3,255,1,2,2,16,0,0,87,124,14,0,0,2,7
20,11692,שפרעם,8800,33.3,11,0,600,270,3,267,6,10,0,39,0,0,102,61,34,0,7,8,0
20,11693,שפרעם,8800,33.4,11,0,598,280,2,278,6,9,55,26,0,0,108,13,25,0,0,27,9
20,11694,שפרעם,8800,36.1,20,0,632,306,4,302,1,20,33,11,0,0,116,34,72,0,0,14,1
20,11695,שפרעם,8800,36.2,20,0,632,378,3,375,8,12,3,23,0,0,207,39,64,0,7,11,1
20,11696,שפרעם,8800,36.3,20,0,632,350,1,349,2,4,0,10,0,0,209,60,57,0,0,7,0
20,11697,שפרעם,8800,36.4,20,0,632,267,3,264,0,2,5,7,0,0,89,108,39,0,0,14,0
20,11698,שפרעם,8800,36.5,20,0,632,325,2,323,1,3,1,42,0,1,187,32,50,0,1,5,0
20,11699,שפרעם,8800,36.6,20,0,629,314,8,306,1,23,12,35,0,0,157,11,45,0,3,14,5
20,11700,שפרעם,8800,37.1,17,0,720,351,6,345,6,5,46,23,0,0,127,69,28,0,0,38,3
20,11701,שפרעם,8800,37.2,17,0,720,375,5,370,3,28,26,59,0,0,159,49,36,0,0,8,2
20,11702,שפרעם,8800,37.3,17,0,720,288,5,283,3,17,65,43,0,0,41,43,24,3,0,38,6
20,11703,שפרעם,8800,38.1,21,0,544,243,2,241,10,7,21,14,1,0,90,34,44,0,0,12,8
20,11704,שפרעם,8800,38.2,21,0,544,255,3,252,3,11,17,16,0,0,95,39,60,0,0,9,2
20,11705,שפרעם,8800,38.3,21,0,543,267,4,263,3,5,24,33,1,0,88,35,37,4,0,33,0
20,11706,שפרעם,8800,42.0,19,0,588,286,2,284,2,22,31,22,0,0,83,89,15,0,2,16,2
20,11707,שפרעם,8800,43.0,19,0,640,303,4,299,1,27,23,27,0,0,83,81,21,0,0,34,2
9,4146,שקד,3649,1.0,1,0,725,506,2,504,150,49,36,16,37,3,0,0,0,23,49,123,18
6,2532,שתולה,1045,1.0,2,0,258,170,1,169,42,16,7,5,8,7,0,0,0,15,20,33,16
18,10318,תלמי אליהו,1051,1.0,1,0,249,155,1,154,38,10,15,12,26,3,0,0,0,8,23,17,2
18,10319,תלמי יוסף,1237,1.0,1,0,296,184,0,184,13,44,1,39,0,0,0,1,0,13,13,51,9
18,10515,אבו רוקייק שבט,961,1.1,1,0,717,215,0,215,0,0,0,4,0,0,76,89,35,3,2,6,0
18,10516,אבו רוקייק שבט,961,1.2,1,0,717,193,0,193,0,0,0,14,0,0,8,169,1,0,0,1,0
18,10517,אבו רוקייק שבט,961,1.3,1,0,717,264,3,261,1,0,0,17,0,0,27,200,16,0,0,0,0
18,10518,אבו רוקייק שבט,961,1.4,1,0,717,391,3,388,0,6,0,11,0,0,115,247,9,0,0,0,0
18,10519,אבו רוקייק שבט,961,1.5,1,0,717,292,0,292,0,0,0,2,0,0,86,196,8,0,0,0,0
18,10520,אבו רוקייק שבט,961,1.6,1,0,717,230,1,229,0,0,2,1,1,0,54,162,9,0,0,0,0
18,10521,אבו רוקייק שבט,961,1.7,1,0,717,232,3,229,0,0,1,11,0,0,36,180,1,0,0,0,0
18,10522,אבו רוקייק שבט,961,1.8,1,0,717,223,2,221,2,5,0,17,0,0,41,150,3,0,2,1,0
10,4818,אבני חפץ,3793,4.1,3,0,730,533,3,530,93,53,0,0,36,0,0,0,0,144,126,71,7
10,4819,אבני חפץ,3793,4.2,3,0,730,525,2,523,59,33,0,0,51,7,0,0,0,161,132,77,3
10,4596,אומץ,680,1.0,1,0,577,447,1,446,32,138,15,106,5,2,0,0,0,5,2,131,10
10,4597,אחיטוב,850,1.0,2,0,453,336,0,336,70,42,30,18,33,3,0,0,0,7,32,85,16
10,4598,אחיטוב,850,2.0,2,0,346,249,1,248,52,43,11,17,8,2,0,0,0,10,30,55,20
19,10847,אייל,716,1.0,1,1,441,382,0,382,4,80,10,148,0,0,9,0,0,6,1,116,8
2,1159,אלמוג,3556,1.0,1,0,210,123,1,122,13,40,2,24,0,1,0,0,0,2,3,31,6
6,2473,אשרת,1256,1.0,1,0,505,352,1,351,94,40,6,19,8,1,0,0,1,16,76,75,15
10,4604,בארותיים,697,1.1,1,0,405,318,2,316,21,99,29,47,5,0,0,0,0,1,20,91,3
10,4605,בארותיים,697,1.2,1,0,405,334,0,334,8,106,6,66,9,6,0,0,0,0,2,130,1
10,4608,בחן,2043,1.0,1,0,722,563,0,563,28,169,19,123,6,0,6,0,0,2,5,186,19
9,3742,בית אורן,317,1.0,1,0,385,260,0,260,15,68,9,61,0,0,3,0,0,0,11,78,15
10,4609,בית הלוי,373,1.0,1,0,585,468,0,468,50,102,17,129,0,0,2,0,0,0,24,136,8
6,2474,בית העמק,572,1.0,1,0,579,425,0,425,16,97,82,100,0,0,0,0,0,0,2,121,7
2,1160,בית הערבה,3645,1.0,2,0,257,213,3,210,57,40,10,11,4,1,0,0,0,7,15,45,20
18,10233,בית קמה,598,1.1,1,0,404,317,0,317,2,88,22,77,1,0,2,0,0,0,10,97,18
18,10234,בית קמה,598,1.2,1,0,403,324,0,324,19,52,45,84,2,0,0,0,0,0,2,114,6
10,4617,בת חפר,1319,5.1,1,0,644,462,0,462,59,104,27,46,21,0,0,0,0,2,47,116,40
10,4618,בת חפר,1319,5.2,1,0,644,472,0,472,18,117,19,108,12,0,0,0,0,3,16,166,13
10,4619,בת חפר,1319,5.3,1,0,644,465,1,464,59,94,51,11,17,5,0,0,0,11,47,159,10
10,4620,בת חפר,1319,5.4,1,0,644,483,2,481,15,67,53,64,0,0,0,0,0,10,45,221,6
10,4621,בת חפר,1319,5.5,1,0,644,475,1,474,75,156,26,91,4,0,0,0,0,13,14,79,16
10,4622,בת חפר,1319,5.6,2,0,644,477,0,477,34,122,18,75,3,3,2,0,0,18,5,183,14
10,4623,בת חפר,1319,5.7,2,0,644,503,0,503,46,114,37,100,0,2,15,1,0,0,28,142,18
9,3745,בת שלמה,33,1.0,1,0,472,359,1,358,28,101,22,51,0,2,0,0,0,10,16,115,13
9,3765,גבע כרמל,683,1.1,1,0,392,295,0,295,63,58,30,30,0,2,0,0,0,11,3,92,6
9,3766,גבע כרמל,683,1.2,1,0,391,303,0,303,39,79,7,31,9,1,0,0,0,16,23,69,29
18,10235,גבעות בר,1344,1.1,2,0,378,289,0,289,46,44,18,16,10,3,3,0,0,3,17,120,9
18,10236,גבעות בר,1344,1.2,2,0,377,297,1,296,41,38,13,28,0,0,0,0,0,13,47,111,5
12,5920,גינתון,863,1.0,1,0,694,552,2,550,60,182,25,75,29,1,1,0,0,0,18,102,57
2,1173,גלגל,3606,1.0,1,0,170,99,0,99,29,15,5,13,4,2,0,0,0,4,4,20,3
10,4630,גן יאשיה,734,1.0,1,0,729,584,1,583,30,144,48,137,2,0,0,0,0,0,3,190,29
6,2479,געתון,463,1.0,1,0,612,450,0,450,21,90,13,153,0,0,0,0,0,0,5,128,40
18,10237,דבירה,849,1.0,2,0,737,594,0,594,34,102,27,135,1,0,1,0,0,40,16,166,72
9,3769,החותרים,434,1.0,1,0,657,525,2,523,1,94,34,155,0,0,10,0,0,7,6,182,34
10,4632,המעפיל,377,1.0,1,0,700,559,0,559,0,110,66,177,0,1,0,0,0,0,0,192,13
2,1161,ורד יריחו,3639,1.0,1,0,287,204,0,204,74,29,9,6,4,1,0,0,0,23,10,41,7
10,4820,זמר,1290,2.0,2,0,712,341,2,339,0,0,0,13,1,0,141,114,70,0,0,0,0
10,4821,זמר,1290,4.0,4,0,746,420,8,412,0,8,2,26,0,4,96,148,128,0,0,0,0
10,4822,זמר,1290,6.1,8,0,532,245,2,243,0,0,0,14,0,1,92,114,22,0,0,0,0
10,4823,זמר,1290,6.2,9,0,532,284,3,281,0,3,0,18,0,0,134,60,64,0,0,2,0
10,4824,זמר,1290,6.3,9,0,532,285,4,281,0,1,0,27,0,0,127,63,63,0,0,0,0
10,4825,זמר,1290,7.1,1,0,591,268,0,268,14,0,0,17,0,0,88,106,41,0,0,1,1
10,4826,זמר,1290,7.2,1,0,591,340,3,337,0,1,0,40,0,0,100,79,113,0,0,4,0
10,4827,זמר,1290,7.3,5,0,591,314,4,310,4,0,0,30,2,0,120,96,58,0,0,0,0
10,4828,זמר,1290,7.4,5,0,588,266,2,264,1,0,0,13,0,0,101,82,67,0,0,0,0
12,5926,חדיד,618,1.0,2,0,699,513,1,512,142,48,14,24,38,10,15,0,0,24,87,103,7
10,4636,חופית,115,1.1,1,0,424,326,1,325,9,83,14,80,0,0,9,0,0,1,2,118,9
10,4637,חופית,115,1.2,1,0,424,325,5,320,26,107,24,45,0,0,2,0,0,0,5,93,18
6,2770,חלוץ,1272,1.0,1,0,488,339,0,339,15,55,28,94,3,0,19,1,0,0,3,119,2
6,2482,חניתה,280,1.1,1,0,390,251,0,251,1,60,14,56,0,0,0,0,0,2,0,80,38
6,2483,חניתה,280,1.2,1,0,390,260,0,260,12,69,6,50,0,1,13,0,0,0,5,92,12
10,4829,טייבה,2730,1.1,20,0,503,232,4,228,0,0,0,13,0,0,138,57,16,4,0,0,0
10,4830,טייבה,2730,1.2,20,0,503,263,13,250,0,0,0,17,0,0,178,34,18,0,0,3,0
10,4831,טייבה,2730,1.3,20,0,501,269,3,266,4,1,0,15,0,0,171,45,29,0,0,1,0
10,4832,טייבה,2730,2.0,8,0,748,350,6,344,0,2,0,4,0,0,229,60,46,0,0,0,3
10,4833,טייבה,2730,3.0,8,0,749,355,4,351,1,3,0,7,0,0,202,104,30,0,1,3,0
10,4834,טייבה,2730,7.1,7,0,723,390,0,390,0,0,0,2,4,0,249,78,56,0,0,1,0
10,4835,טייבה,2730,7.2,7,0,723,388,0,388,0,2,0,19,6,0,218,91,51,0,0,1,0
10,4836,טייבה,2730,7.3,7,0,723,397,2,395,0,1,0,27,0,0,259,60,36,3,0,9,0
10,4837,טייבה,2730,7.4,7,0,722,399,1,398,4,0,0,35,2,0,259,59,39,0,0,0,0
10,4838,טייבה,2730,8.0,6,0,741,370,3,367,0,1,0,15,0,0,270,60,16,0,0,5,0
10,4839,טייבה,2730,9.0,9,0,734,376,3,373,3,0,0,44,0,0,206,84,35,0,0,1,0
10,4840,טייבה,2730,10.0,9,0,706,378,2,376,2,0,0,46,0,0,245,43,22,0,0,17,1
10,4841,טייבה,2730,13.1,1,0,745,389,4,385,0,5,0,36,0,0,238,82,24,0,0,0,0
10,4842,טייבה,2730,13.2,1,1,745,357,5,352,0,0,0,12,0,0,206,95,39,0,0,0,0
10,4843,טייבה,2730,13.3,1,0,744,412,5,407,0,0,0,18,0,2,247,93,46,0,0,1,0
10,4844,טייבה,2730,14.0,4,0,653,378,1,377,0,1,0,42,1,0,215,64,37,0,14,3,0
10,4845,טייבה,2730,17.0,4,0,746,434,9,425,0,0,0,38,1,0,248,74,59,0,0,5,0
10,4846,טייבה,2730,19.0,6,0,717,417,4,413,0,0,0,22,0,0,233,108,50,0,0,0,0
10,4847,טייבה,2730,21.1,2,0,735,407,2,405,0,2,0,51,0,0,268,42,36,1,1,3,1
10,4848,טייבה,2730,21.2,2,0,734,405,5,400,2,8,0,21,0,0,256,87,24,0,0,1,1
10,4849,טייבה,2730,22.0,13,0,662,362,6,356,0,2,1,28,0,0,191,96,30,0,0,4,4
10,4850,טייבה,2730,25.0,15,0,687,390,6,384,2,0,0,20,0,2,230,95,34,0,0,1,0
10,4851,טייבה,2730,26.0,15,0,706,356,6,350,0,1,0,28,0,0,222,60,29,0,0,10,0
10,4852,טייבה,2730,27.0,15,0,731,365,3,362,0,0,0,5,0,0,245,63,49,0,0,0,0
10,4853,טייבה,2730,29.1,14,0,603,300,1,299,0,0,0,18,1,0,205,34,33,0,0,8,0
10,4854,טייבה,2730,29.2,14,0,603,358,2,356,0,0,0,17,0,0,251,52,35,0,0,1,0
10,4855,טייבה,2730,29.3,14,0,603,311,2,309,0,0,0,12,0,0,234,42,20,0,0,1,0
10,4856,טייבה,2730,29.4,14,0,603,317,2,315,0,4,8,14,0,0,175,81,26,0,0,7,0
10,4857,טייבה,2730,29.5,14,0,599,318,3,315,0,8,0,9,2,0,133,97,62,1,1,0,2
10,4858,טייבה,2730,30.0,21,1,703,350,8,342,0,0,0,14,0,0,211,80,37,0,0,0,0
10,4859,טייבה,2730,33.0,13,0,737,416,8,408,0,1,0,43,0,0,255,78,23,0,0,8,0
10,4860,טייבה,2730,34.0,18,0,707,352,6,346,0,0,0,11,0,0,222,85,28,0,0,0,0
10,4861,טייבה,2730,36.1,16,0,740,328,4,324,0,4,0,5,0,0,212,64,39,0,0,0,0
10,4862,טייבה,2730,36.2,16,0,740,380,1,379,3,0,0,11,0,0,266,46,49,0,0,0,4
10,4863,טייבה,2730,36.3,16,0,740,427,4,423,0,0,0,27,0,2,270,83,24,0,0,11,6
10,4864,טייבה,2730,40.0,21,0,669,367,6,361,0,10,0,5,4,0,231,61,43,0,0,7,0
10,4865,טייבה,2730,41.1,19,0,736,346,6,340,0,2,0,14,0,0,173,130,21,0,0,0,0
10,4866,טייבה,2730,41.2,19,0,736,298,3,295,2,0,0,5,0,0,176,60,47,0,0,0,5
10,4867,טייבה,2730,41.3,19,0,735,390,3,387,0,5,0,37,0,0,212,75,51,0,1,6,0
10,4868,טייבה,2730,42.0,21,1,714,380,2,378,0,3,0,32,0,0,236,80,27,0,0,0,0
10,4869,טייבה,2730,43.0,4,0,665,373,4,369,0,1,0,38,0,0,244,51,35,0,0,0,0
10,4870,טייבה,2730,44.1,10,0,741,404,3,401,0,14,1,16,0,0,208,105,48,0,0,9,0
10,4871,טייבה,2730,44.2,10,0,741,403,4,399,4,0,0,7,0,0,233,61,83,2,0,9,0
10,4872,טייבה,2730,45.1,5,0,737,371,4,367,0,0,0,35,0,0,231,66,32,1,0,2,0
10,4873,טייבה,2730,45.2,5,0,737,374,1,373,0,0,0,15,0,0,217,90,51,0,0,0,0
10,4874,טייבה,2730,45.3,5,0,737,325,8,317,0,0,0,10,0,0,231,48,24,0,0,4,0
10,4875,טייבה,2730,45.4,5,0,734,388,2,386,0,0,0,28,0,0,255,45,33,0,0,25,0
10,4876,טירה,2720,5.1,1,0,408,244,3,241,0,0,0,27,0,0,85,65,54,0,10,0,0
10,4877,טירה,2720,5.2,1,0,407,239,1,238,0,0,0,24,0,0,85,73,51,0,0,5,0
10,4878,טירה,2720,7.1,11,1,615,336,2,334,1,1,0,15,0,0,102,138,48,2,14,9,4
10,4879,טירה,2720,7.2,11,0,614,366,4,362,1,3,0,18,0,0,180,83,77,0,0,0,0
10,4880,טירה,2720,11.1,9,0,737,392,3,389,0,0,0,6,0,0,161,150,63,5,0,4,0
10,4881,טירה,2720,11.2,9,0,737,435,6,429,0,0,0,27,0,0,123,237,42,0,0,0,0
10,4882,טירה,2720,11.3,9,0,737,428,2,426,1,0,0,24,0,0,182,144,68,0,0,7,0
10,4883,טירה,2720,16.1,12,0,607,320,3,317,1,4,7,10,0,0,121,117,48,0,0,9,0
10,4884,טירה,2720,16.2,12,0,607,340,5,335,3,0,0,15,0,0,141,120,53,0,2,1,0
10,4885,טירה,2720,16.3,12,0,607,377,8,369,11,3,1,8,0,0,178,112,56,0,0,0,0
10,4886,טירה,2720,16.4,12,0,607,331,4,327,0,8,2,15,0,0,118,111,65,0,1,1,6
10,4887,טירה,2720,18.1,4,0,630,358,2,356,0,2,0,27,0,0,117,115,94,0,0,1,0
10,4888,טירה,2720,18.2,4,0,630,350,2,348,0,1,4,28,0,0,152,71,90,0,0,1,1
10,4889,טירה,2720,18.3,4,0,630,346,4,342,0,1,0,10,0,0,121,174,34,0,0,2,0
10,4890,טירה,2720,18.4,4,0,630,383,5,378,7,0,0,17,0,0,148,164,35,0,0,7,0
10,4891,טירה,2720,20.1,2,0,612,358,2,356,0,0,0,20,0,0,115,130,90,0,0,1,0
10,4892,טירה,2720,20.2,2,0,612,339,3,336,0,2,0,12,0,0,161,106,55,0,0,0,0
10,4893,טירה,2720,20.3,2,0,612,344,3,341,0,2,0,45,0,0,125,123,39,0,0,7,0
10,4894,טירה,2720,20.4,2,0,608,334,1,333,2,0,0,19,0,0,150,135,25,0,0,2,0
10,4895,טירה,2720,22.1,7,0,625,313,4,309,0,0,0,13,0,0,124,94,78,0,0,0,0
10,4896,טירה,2720,22.2,7,0,625,350,3,347,0,0,0,51,0,0,111,113,72,0,0,0,0
10,4897,טירה,2720,22.3,7,0,625,345,4,341,0,1,0,16,0,0,94,131,99,0,0,0,0
10,4898,טירה,2720,22.4,7,0,625,351,4,347,0,2,0,17,0,0,166,132,30,0,0,0,0
10,4899,טירה,2720,23.1,3,0,627,349,5,344,0,0,0,21,0,0,171,104,48,0,0,0,0
10,4900,טירה,2720,23.2,3,0,627,322,4,318,0,0,19,14,0,0,108,96,81,0,0,0,0
10,4901,טירה,2720,23.3,3,0,627,347,5,342,0,0,0,6,0,0,143,139,54,0,0,0,0
10,4902,טירה,2720,23.4,3,0,627,343,3,340,0,0,0,13,0,0,162,100,64,0,0,1,0
10,4903,טירה,2720,24.1,8,0,625,361,6,355,3,0,0,15,0,0,128,157,43,0,0,9,0
10,4904,טירה,2720,24.2,8,0,625,381,8,373,0,5,1,38,0,0,141,112,70,0,0,6,0
10,4905,טירה,2720,24.3,8,0,625,368,4,364,0,0,2,20,0,0,132,57,146,0,2,5,0
10,4906,טירה,2720,24.4,8,0,624,359,2,357,0,0,0,24,0,0,154,138,41,0,0,0,0
10,4907,טירה,2720,25.1,10,0,539,299,2,297,0,1,2,22,0,0,105,136,19,0,0,4,8
10,4908,טירה,2720,25.2,10,0,539,316,2,314,0,0,0,53,0,0,120,80,56,0,0,5,0
10,4909,טירה,2720,25.3,10,0,539,293,1,292,0,1,0,10,0,0,161,83,35,0,0,2,0
8,3313,יגור,96,1.1,1,0,502,337,0,337,8,93,26,99,0,0,0,0,0,10,1,95,5
8,3314,יגור,96,1.2,1,0,502,347,1,346,5,92,6,85,0,0,2,0,0,1,2,122,31
8,3315,יגור,96,1.3,1,0,502,337,2,335,4,93,27,71,2,0,0,0,0,6,0,127,5
10,4641,יד חנה,758,1.0,1,0,649,538,2,536,47,134,56,72,0,0,1,1,0,16,8,150,51
2,1174,ייטב,3607,1.0,1,0,290,186,4,182,29,8,0,0,1,3,0,0,0,50,60,30,1
10,4734,ינוב,753,1.0,1,0,668,490,4,486,125,79,3,58,5,22,0,0,0,5,74,101,14
2,1162,כפר אדומים,3638,1.0,4,0,316,221,0,221,29,17,17,22,12,1,3,0,0,28,40,47,5
2,1163,כפר אדומים,3638,4.0,5,0,588,426,2,424,103,70,17,22,1,6,0,0,0,26,34,142,3
2,1164,כפר אדומים,3638,5.1,3,0,698,457,3,454,131,66,23,19,3,9,0,0,0,13,71,113,6
2,1165,כפר אדומים,3638,5.2,3,0,698,471,0,471,116,51,18,18,1,0,0,0,0,63,73,116,15
2,1166,כפר אדומים,3638,5.3,3,0,697,478,2,476,130,47,8,13,7,1,0,0,0,52,121,79,18
10,4739,כפר יעבץ,170,1.0,1,0,513,351,1,350,162,11,3,1,23,18,0,0,0,31,74,23,4
10,4740,כפר נטר,316,1.1,1,0,379,301,0,301,11,35,35,61,1,0,0,0,0,0,10,143,5
10,4741,כפר נטר,316,1.2,1,0,379,311,0,311,30,39,33,69,0,0,0,0,0,2,9,104,25
6,2793,לבון,1207,1.0,1,0,591,436,1,435,44,105,14,53,3,2,0,0,0,11,12,184,7
18,10243,להבים,1271,1.0,1,0,743,548,0,548,130,85,31,87,0,2,9,0,0,17,8,171,8
18,10244,להבים,1271,3.0,1,0,542,387,0,387,90,82,8,15,3,1,0,1,0,10,15,157,5
18,10245,להבים,1271,5.0,1,0,726,512,2,510,66,93,59,48,10,4,5,29,4,5,37,127,23
18,10246,להבים,1271,6.0,1,0,721,540,0,540,41,80,8,66,1,0,3,0,0,20,62,250,9
18,10247,להבים,1271,8.1,2,0,644,431,0,431,47,101,31,43,6,10,8,2,12,15,25,128,3
18,10248,להבים,1271,8.2,2,0,644,454,0,454,43,82,34,85,1,1,0,3,0,9,46,121,29
18,10249,להבים,1271,8.3,2,0,644,455,1,454,47,54,45,74,4,29,3,0,0,17,29,116,36
18,10250,להבים,1271,8.4,2,0,643,467,0,467,14,106,53,74,2,0,0,0,0,4,11,157,46
18,10251,להבים,1271,9.0,1,0,626,459,1,458,53,84,4,58,9,0,1,1,0,28,32,170,18
2,888,לוזית,52,1.0,1,0,545,414,2,412,76,61,6,21,91,19,4,0,0,12,56,52,14
6,2492,לוחמי הגיטאות,595,1.0,1,0,642,517,2,515,4,113,36,78,0,0,1,2,0,10,8,257,6
9,3772,מגדים,689,1.0,1,0,452,338,0,338,74,71,21,20,37,1,0,0,0,1,9,81,23
9,3773,מגדים,689,2.0,1,0,454,342,1,341,51,46,21,60,15,1,0,0,0,5,23,116,3
6,2499,מנות,1205,1.0,1,0,398,278,4,274,72,27,10,5,14,4,0,0,0,36,44,46,16
9,3777,מעין צבי,290,1.0,2,0,735,548,1,547,14,173,16,101,5,0,4,17,0,0,6,168,43
2,1169,מצפה שלם,3610,1.0,1,0,285,211,1,210,13,51,10,53,0,1,0,2,0,4,21,53,2
18,10266,משמר הנגב,395,1.0,1,0,506,335,2,333,29,79,33,97,0,0,0,0,0,9,0,81,5
18,10267,משמר הנגב,395,2.0,2,0,421,297,1,296,33,44,12,46,1,1,0,0,0,4,14,129,12
10,4910,ניצני עוז,851,1.1,1,0,412,319,1,318,63,96,7,19,1,7,0,0,0,12,19,74,20
10,4911,ניצני עוז,851,1.2,2,0,411,283,2,281,55,77,8,30,7,0,0,0,0,2,23,64,15
9,3780,ניר עציון,769,1.0,1,0,463,320,0,320,44,68,14,22,5,4,0,0,0,27,64,69,3
18,10305,נירים,602,1.0,2,0,447,334,0,334,32,95,13,86,0,0,3,0,0,6,13,75,11
2,1179,נעמה,3713,1.0,1,0,184,116,0,116,18,25,4,9,4,2,1,0,0,3,9,37,4
2,1180,נתיב הגדוד,3555,1.0,1,0,242,150,1,149,9,31,8,35,3,0,0,0,0,5,13,44,1
20,11403,סואעד חמרייה,942,1.0,2,0,186,55,2,53,0,0,0,7,0,0,14,29,2,0,0,1,0
6,2507,עברון,376,1.0,1,0,752,599,2,597,35,126,22,192,7,0,3,0,0,0,1,163,48
10,4691,עולש,737,1.0,1,0,488,361,0,361,40,75,14,42,2,1,0,8,0,0,34,121,24
10,4692,עולש,737,2.0,1,0,358,279,1,278,14,68,25,42,0,2,1,0,0,5,14,67,40
9,3781,עופר,810,1.0,2,0,432,337,0,337,51,82,25,49,1,6,1,0,0,0,18,96,8
9,3782,עין איילה,687,1.1,1,0,424,314,0,314,27,61,10,31,0,10,0,0,0,15,0,151,9
9,3783,עין איילה,687,1.2,1,0,424,317,0,317,13,90,32,82,0,0,0,5,0,0,1,84,10
9,3784,עין הוד,74,1.0,2,0,557,386,1,385,16,99,43,122,2,0,1,0,0,0,0,84,18
9,3786,עין כרמל,426,1.0,1,0,584,463,0,463,21,144,44,51,7,2,1,0,0,0,1,164,28
6,2508,עמקה,708,1.0,1,0,656,459,4,455,120,99,2,6,69,16,0,0,0,13,43,63,24
10,4912,ענב,3712,1.0,1,0,602,462,0,462,51,7,13,12,71,4,0,0,0,68,122,95,19
2,1170,קדר,3781,1.0,1,0,549,361,2,359,96,23,14,10,24,5,0,0,0,42,50,72,23
2,1171,קדר,3781,2.0,1,0,616,393,0,393,154,20,19,3,4,5,0,0,0,30,81,70,7
2,1172,קליה,3601,1.0,1,0,364,258,0,258,23,78,35,19,2,0,1,0,0,12,19,64,5
10,4913,קלנסווה,638,7.1,6,0,557,274,1,273,0,6,0,9,0,0,135,76,39,0,0,8,0
10,4914,קלנסווה,638,7.2,6,0,557,257,1,256,3,0,0,17,0,0,142,35,44,3,10,2,0
10,4915,קלנסווה,638,7.3,6,0,557,296,3,293,0,10,0,3,0,0,140,76,60,0,4,0,0
10,4916,קלנסווה,638,8.1,8,0,727,334,2,332,8,5,0,11,0,0,138,134,35,0,0,1,0
10,4917,קלנסווה,638,8.2,8,0,727,370,2,368,0,2,0,16,0,0,170,95,82,0,0,3,0
10,4918,קלנסווה,638,9.1,2,0,534,273,4,269,0,0,0,3,0,0,143,95,27,0,1,0,0
10,4919,קלנסווה,638,9.2,2,0,534,262,3,259,0,1,0,12,0,0,137,74,31,0,0,4,0
10,4920,קלנסווה,638,9.3,2,0,534,246,2,244,2,1,0,3,0,0,114,69,52,0,0,3,0
10,4921,קלנסווה,638,10.1,1,0,540,241,3,238,6,0,0,10,0,0,104,58,55,4,0,1,0
10,4922,קלנסווה,638,10.2,1,0,540,257,6,251,1,0,0,24,1,0,110,59,56,0,0,0,0
10,4923,קלנסווה,638,10.3,1,0,539,304,3,301,4,1,0,16,0,14,198,27,31,0,2,8,0
10,4924,קלנסווה,638,11.1,3,0,525,278,3,275,0,1,0,10,0,0,166,52,43,0,1,2,0
10,4925,קלנסווה,638,11.2,3,0,525,254,5,249,9,0,0,8,0,0,107,50,75,0,0,0,0
10,4926,קלנסווה,638,11.3,3,0,525,242,0,242,0,0,0,8,0,0,113,68,46,0,0,7,0
10,4927,קלנסווה,638,13.1,4,0,556,269,2,267,0,0,1,13,0,0,144,48,61,0,0,0,0
10,4928,קלנסווה,638,13.2,4,0,556,276,3,273,0,0,0,4,0,0,123,103,41,0,0,2,0
10,4929,קלנסווה,638,13.3,4,0,555,265,2,263,0,0,0,3,0,0,147,74,39,0,0,0,0
10,4930,קלנסווה,638,16.1,7,0,543,258,0,258,0,0,0,13,0,0,160,52,33,0,0,0,0
10,4931,קלנסווה,638,16.2,7,0,543,262,3,259,5,6,0,12,0,0,124,64,43,4,1,0,0
10,4932,קלנסווה,638,16.3,7,0,541,285,2,283,0,0,0,26,0,0,105,112,36,0,0,3,1
10,4933,קלנסווה,638,17.1,5,0,612,304,1,303,11,8,0,21,2,0,117,74,70,0,0,0,0
10,4934,קלנסווה,638,17.2,5,0,612,268,3,265,0,0,0,11,0,0,153,55,46,0,0,0,0
10,4935,קלנסווה,638,17.3,5,0,612,276,5,271,2,1,0,20,0,0,129,82,36,0,0,0,1
10,4936,קלנסווה,638,17.4,5,0,612,318,4,314,3,0,0,30,0,0,116,105,58,0,0,2,0
10,4937,קלנסווה,638,20.1,12,0,512,231,3,228,9,0,0,7,0,0,146,45,21,0,0,0,0
10,4938,קלנסווה,638,20.2,12,0,512,266,4,262,3,0,0,18,1,0,106,66,64,0,1,2,1
10,4939,קלנסווה,638,20.3,12,0,511,272,5,267,0,0,0,7,0,0,139,64,57,0,0,0,0
10,4940,קלנסווה,638,21.1,9,0,692,338,3,335,0,0,0,6,0,0,172,98,55,2,0,2,0
10,4941,קלנסווה,638,21.2,9,0,692,353,1,352,0,2,0,27,0,0,161,111,50,0,0,1,0
2,1181,רימונים,3565,1.0,1,0,550,360,0,360,75,37,12,7,26,0,0,0,0,24,125,35,19
10,4942,שבי שומרון,3571,1.0,2,0,632,468,1,467,49,40,2,1,6,19,0,0,0,91,136,113,10
18,10283,שובל,394,1.0,1,0,693,540,1,539,5,106,24,173,0,0,7,0,0,0,0,182,42
10,4943,שער אפרים,661,2.1,1,0,727,535,2,533,119,86,63,55,40,8,0,0,0,19,35,84,24
10,4944,שער אפרים,661,2.2,1,0,727,516,0,516,130,96,5,60,73,1,0,0,0,7,16,116,12
2,1182,תומר,3558,1.0,1,0,273,213,4,209,34,54,5,13,0,0,0,0,0,15,11,57,20
10,4799,תל יצחק,287,1.0,2,0,734,259,2,257,26,73,7,47,1,0,1,0,0,2,0,96,4
18,10523,תל שבע,1054,1.1,10,0,639,316,4,312,1,0,0,23,0,0,39,245,3,0,0,0,1
18,10524,תל שבע,1054,1.2,10,0,639,284,2,282,0,0,0,13,7,0,34,209,19,0,0,0,0
18,10525,תל שבע,1054,1.3,10,0,636,241,5,236,4,0,0,4,0,0,11,207,10,0,0,0,0
18,10526,תל שבע,1054,2.0,11,0,699,358,1,357,0,0,0,25,3,0,28,290,11,0,0,0,0
18,10527,תל שבע,1054,3.0,1,0,603,283,1,282,3,2,0,15,0,0,42,202,17,0,0,1,0
18,10528,תל שבע,1054,4.0,6,0,608,332,1,331,2,4,5,15,0,0,66,136,92,0,0,8,3
18,10529,תל שבע,1054,7.0,7,0,703,364,4,360,1,0,0,19,0,0,31,297,11,0,0,0,1
18,10530,תל שבע,1054,8.0,9,0,671,371,5,366,0,0,0,29,0,0,72,257,6,0,0,0,2
18,10531,תל שבע,1054,9.1,8,0,631,253,4,249,0,0,0,7,0,0,26,213,3,0,0,0,0
18,10532,תל שבע,1054,9.2,8,0,631,243,6,237,10,0,0,17,0,0,113,90,4,1,0,1,1
18,10533,תל שבע,1054,9.3,8,0,631,244,4,240,11,0,0,12,1,0,40,172,3,0,1,0,0
18,10534,תל שבע,1054,9.4,8,0,631,232,1,231,0,1,0,14,1,0,28,180,7,0,0,0,0
18,10535,תל שבע,1054,9.5,8,0,630,281,2,279,0,0,0,10,0,0,16,235,18,0,0,0,0
18,10536,תל שבע,1054,12.0,6,0,627,358,2,356,0,0,0,3,0,0,63,260,29,0,0,1,0
18,10537,תל שבע,1054,14.0,6,0,701,376,6,370,1,0,0,17,0,0,56,274,22,0,0,0,0
18,10538,תל שבע,1054,16.1,3,0,686,367,1,366,0,0,6,2,0,0,8,320,30,0,0,0,0
18,10539,תל שבע,1054,16.2,3,0,686,396,3,393,0,2,0,11,0,0,93,272,15,0,0,0,0
18,10540,תל שבע,1054,16.3,3,0,686,348,2,346,6,0,0,31,0,0,28,270,11,0,0,0,0
18,10541,תראבין אצאנע שבט,970,1.0,1,0,626,71,2,69,15,1,0,5,2,0,3,32,3,4,2,1,1
18,10496,אבו עבדון שבט,958,1.0,1,0,166,40,0,40,0,0,0,3,0,0,2,34,1,0,0,0,0
18,10642,אום בטין,1358,1.1,1,0,645,323,2,321,0,1,0,4,0,0,47,257,12,0,0,0,0
18,10643,אום בטין,1358,1.2,1,0,645,328,3,325,0,1,0,8,0,0,39,269,7,0,0,0,1
18,10644,אום בטין,1358,1.3,1,0,645,320,3,317,0,5,0,8,4,0,26,256,18,0,0,0,0
18,10645,אום בטין,1358,1.4,1,0,644,290,3,287,1,0,0,10,0,0,15,238,22,0,0,1,0
18,10646,אטרש שבט,965,1.0,1,0,590,178,1,177,7,2,0,3,0,0,17,146,1,0,0,1,0
18,10647,אטרש שבט,965,2.0,1,0,675,204,1,203,1,0,0,4,4,0,20,172,2,0,0,0,0
18,10648,אטרש שבט,965,3.0,1,0,673,204,4,200,0,0,0,1,0,0,35,154,8,0,0,0,2
18,10649,אל סייד,1359,1.0,1,0,741,347,2,345,18,2,0,49,0,0,17,252,6,0,0,0,1
18,10650,אל סייד,1359,2.0,1,0,716,337,3,334,10,5,0,5,0,0,21,287,6,0,0,0,0
18,10651,אל סייד,1359,3.0,1,0,723,377,2,375,5,11,0,23,0,0,17,303,14,0,2,0,0
18,10497,אסד שבט,960,1.0,1,0,579,129,5,124,0,0,0,1,0,0,36,82,3,0,0,2,0
18,10232,אשכולות,3722,1.0,1,0,402,297,0,297,56,97,25,12,0,0,0,0,0,6,19,75,7
18,10675,ביר הדאג,1348,2.1,1,0,733,359,1,358,0,0,0,4,0,0,23,314,1,0,0,16,0
18,10676,ביר הדאג,1348,2.2,1,0,732,412,5,407,1,7,0,5,0,0,44,345,2,3,0,0,0
18,10652,חורה,1303,1.0,4,0,682,193,2,191,10,0,0,14,0,0,80,80,6,1,0,0,0
18,10653,חורה,1303,5.1,2,0,408,172,0,172,1,0,0,8,0,0,102,56,4,0,0,1,0
18,10654,חורה,1303,5.2,2,0,407,169,1,168,1,0,0,19,0,0,94,50,4,0,0,0,0
18,10655,חורה,1303,7.1,5,0,734,256,1,255,2,1,0,7,0,0,36,195,6,0,2,1,5
18,10656,חורה,1303,7.2,5,0,734,404,3,401,0,0,0,26,0,0,13,353,9,0,0,0,0
18,10657,חורה,1303,9.1,8,0,697,347,10,337,3,2,0,9,0,4,59,229,31,0,0,0,0
18,10658,חורה,1303,9.2,8,0,697,343,4,339,3,6,0,23,0,1,98,186,18,0,0,4,0
18,10659,חורה,1303,9.3,8,0,696,319,2,317,1,0,0,8,0,5,91,173,36,0,0,3,0
18,10660,חורה,1303,10.0,7,0,739,267,2,265,5,0,0,11,5,3,168,61,8,0,4,0,0
18,10661,חורה,1303,11.0,7,0,616,201,9,192,3,0,0,4,0,0,43,139,2,0,1,0,0
18,10662,חורה,1303,12.0,4,0,684,330,2,328,7,1,0,6,0,0,32,270,12,0,0,0,0
18,10663,חורה,1303,13.1,3,0,749,408,9,399,0,1,0,18,0,0,137,210,33,0,0,0,0
18,10664,חורה,1303,13.2,3,0,749,478,10,468,0,4,0,9,0,0,286,112,54,0,0,3,0
18,10665,חורה,1303,13.3,3,0,749,378,9,369,9,0,0,44,0,0,163,121,32,0,0,0,0
18,10666,חורה,1303,14.0,4,0,706,187,4,183,4,0,0,5,0,2,105,63,4,0,0,0,0
18,10238,חצרים,397,1.0,2,0,422,322,0,322,2,103,16,92,0,0,0,0,0,0,0,99,10
18,10239,חצרים,397,2.0,2,0,472,376,0,376,8,106,47,92,0,0,2,1,0,6,1,101,12
18,10240,טנא,3743,1.0,1,0,582,429,1,428,75,60,13,7,12,10,0,0,0,58,78,111,4
18,10241,כרמים,1198,1.0,1,0,252,205,0,205,9,32,8,62,2,0,1,0,0,7,5,73,6
18,10242,להב,2023,1.0,1,0,586,439,2,437,0,129,20,139,0,0,3,0,0,1,2,136,7
18,10498,לקיה,1060,2.0,4,0,729,332,5,327,0,0,0,8,0,0,49,247,23,0,0,0,0
18,10499,לקיה,1060,4.0,3,0,715,316,1,315,0,0,0,13,1,0,73,198,30,0,0,0,0
18,10500,לקיה,1060,6.1,1,0,739,324,1,323,0,0,0,3,0,0,74,156,84,0,0,6,0
18,10501,לקיה,1060,6.2,1,0,739,440,2,438,0,12,1,10,0,0,23,368,23,0,0,1,0
18,10502,לקיה,1060,6.3,1,0,739,396,4,392,1,0,0,22,0,0,105,204,56,0,0,4,0
18,10503,לקיה,1060,6.4,1,0,739,295,3,292,0,0,0,2,1,0,76,148,65,0,0,0,0
18,10504,לקיה,1060,6.5,1,0,736,324,2,322,0,14,2,20,0,0,80,159,44,0,0,3,0
18,10505,לקיה,1060,7.1,7,0,653,246,3,243,0,0,0,12,0,0,41,165,25,0,0,0,0
18,10506,לקיה,1060,7.2,7,0,653,245,3,242,0,0,0,3,0,0,36,174,29,0,0,0,0
18,10507,לקיה,1060,7.3,7,0,653,265,3,262,4,0,0,7,0,0,47,183,21,0,0,0,0
18,10508,לקיה,1060,10.1,2,0,505,206,0,206,1,0,0,4,0,0,28,151,22,0,0,0,0
18,10509,לקיה,1060,10.2,2,0,505,166,5,161,0,0,0,3,0,0,38,109,11,0,0,0,0
18,10510,לקיה,1060,10.3,2,0,503,179,0,179,0,0,0,2,0,0,34,129,14,0,0,0,0
18,10511,לקיה,1060,12.0,3,0,716,255,0,255,1,0,0,6,0,0,19,214,15,0,0,0,0
18,10252,מחנה יפה,1415,1.0,1,0,233,130,0,130,19,16,7,20,0,0,0,0,0,4,8,53,3
18,10253,מיתר,1268,2.1,2,0,746,540,0,540,81,89,29,51,7,9,30,2,6,21,81,105,29
18,10254,מיתר,1268,2.2,2,0,746,516,1,515,67,101,35,68,13,30,0,0,0,16,4,142,39
18,10255,מיתר,1268,2.3,2,0,746,505,1,504,60,94,51,36,1,0,0,0,0,15,53,183,11
18,10256,מיתר,1268,2.4,2,0,746,523,0,523,37,132,19,28,13,11,0,0,0,32,126,90,35
18,10257,מיתר,1268,2.5,2,0,746,546,2,544,69,142,28,37,3,9,0,4,0,14,48,176,14
18,10258,מיתר,1268,2.6,2,0,746,513,3,510,53,131,45,67,1,0,2,1,0,29,13,121,47
18,10259,מיתר,1268,3.0,1,0,559,406,0,406,49,115,17,29,10,2,0,0,0,2,52,101,29
18,10260,מיתר,1268,7.0,1,0,663,459,2,457,63,118,2,46,9,3,0,0,0,23,99,83,11
18,10261,מיתר,1268,8.0,1,0,513,366,0,366,86,79,18,66,0,1,6,0,0,17,24,57,12
18,10262,מיתר,1268,9.0,1,0,500,374,2,372,59,76,26,56,0,4,8,0,0,7,22,96,18
18,10263,מיתר,1268,10.0,3,0,670,559,0,559,86,101,30,50,3,5,0,0,0,40,96,137,11
18,10264,מיתר,1268,11.0,1,0,704,470,1,469,128,49,32,32,18,4,0,0,0,8,31,157,10
18,10265,מיתר,1268,12.0,3,0,538,421,1,420,56,77,33,51,3,22,0,0,0,7,29,133,9
18,10542,מסעודין אלעזאזמה,939,1.0,2,0,491,195,4,191,0,0,0,5,0,0,45,128,13,0,0,0,0
18,10543,מסעודין אלעזאזמה,939,6.0,2,0,660,315,1,314,0,0,0,14,0,0,22,256,19,0,0,3,0
18,10544,מסעודין אלעזאזמה,939,11.1,4,0,704,311,0,311,0,0,2,7,0,0,59,239,4,0,0,0,0
18,10545,מסעודין אלעזאזמה,939,11.2,4,0,704,278,4,274,0,0,0,2,0,0,56,207,8,0,1,0,0
18,10546,מסעודין אלעזאזמה,939,12.1,1,0,618,282,1,281,4,0,0,21,0,0,20,221,15,0,0,0,0
18,10547,מסעודין אלעזאזמה,939,12.2,1,0,618,222,0,222,0,0,0,1,0,0,43,175,3,0,0,0,0
18,10548,מסעודין אלעזאזמה,939,12.3,1,0,617,265,4,261,10,0,0,4,0,0,36,207,2,0,0,2,0
18,10549,מסעודין אלעזאזמה,939,13.1,3,0,666,229,0,229,5,0,0,15,0,0,28,165,13,0,0,3,0
18,10550,מסעודין אלעזאזמה,939,13.2,3,0,666,274,4,270,0,0,0,8,0,0,45,205,12,0,0,0,0
18,10551,מסעודין אלעזאזמה,939,13.3,3,0,666,298,1,297,0,1,0,16,0,0,24,236,20,0,0,0,0
18,10552,מסעודין אלעזאזמה,939,13.4,3,0,666,293,1,292,4,0,0,22,1,0,23,233,9,0,0,0,0
18,10553,מסעודין אלעזאזמה,939,13.5,3,0,666,302,3,299,0,2,0,8,0,0,39,240,10,0,0,0,0
18,10554,מסעודין אלעזאזמה,939,13.6,3,0,666,265,1,264,0,0,0,4,0,0,15,235,10,0,0,0,0
18,10555,מסעודין אלעזאזמה,939,13.7,3,0,665,311,5,306,0,0,0,13,0,0,67,220,3,0,2,0,1
18,10268,נבטים,396,1.1,1,0,425,322,1,321,60,50,17,25,8,0,0,2,0,12,62,75,10
18,10269,נבטים,396,1.2,1,0,425,336,0,336,24,74,29,16,20,1,0,0,0,7,46,104,15
9,3779,נחשולים,433,1.0,1,1,587,474,1,473,10,49,19,131,1,2,0,0,0,0,0,225,36
18,10667,סייד שבט,1170,1.0,1,0,285,83,0,83,4,2,0,4,0,0,9,55,6,0,0,2,1
18,10668,סייד שבט,1170,2.0,1,0,383,120,1,119,0,3,0,3,0,0,10,86,15,0,0,2,0
18,10669,סייד שבט,1170,3.0,1,0,375,110,2,108,7,0,0,10,0,0,3,83,4,1,0,0,0
18,10270,סנסנה,3777,1.0,1,0,414,295,0,295,52,4,6,0,1,0,0,0,0,70,77,85,0
18,10670,סעוה,1360,1.0,1,0,588,246,3,243,0,6,0,16,0,0,21,198,1,0,0,1,0
18,10671,סעוה,1360,2.0,1,0,590,288,8,280,0,0,0,15,0,0,36,214,10,0,0,5,0
18,10271,עומר,666,1.0,2,0,733,516,2,514,32,119,24,59,0,3,0,0,0,9,26,210,32
18,10272,עומר,666,2.0,3,0,598,432,2,430,33,118,28,76,1,4,1,1,0,7,6,131,24
18,10273,עומר,666,3.0,3,0,575,404,1,403,63,47,18,63,7,0,2,0,0,11,20,167,5
18,10274,עומר,666,4.0,2,0,683,490,1,489,63,82,59,73,4,1,0,0,0,7,16,151,33
18,10275,עומר,666,5.0,5,0,574,411,2,409,45,128,36,69,0,0,0,0,0,8,7,104,12
18,10276,עומר,666,6.1,1,0,507,362,0,362,46,67,28,74,1,22,1,0,0,6,9,101,7
18,10277,עומר,666,7.0,5,0,651,322,0,322,42,78,7,47,0,0,1,0,0,6,9,92,40
18,10278,עומר,666,8.0,5,0,524,346,1,345,33,56,19,84,1,1,2,6,7,1,11,113,11
18,10279,עומר,666,9.0,3,0,514,364,0,364,46,84,12,41,6,1,3,0,0,3,23,128,17
18,10280,עומר,666,10.0,3,0,603,430,0,430,97,77,28,29,2,8,6,3,6,8,46,77,43
18,10281,עומר,666,11.0,3,0,570,433,1,432,121,75,23,61,2,0,0,14,0,23,31,75,7
18,10282,עומר,666,12.0,5,0,608,445,0,445,69,96,60,22,14,4,0,0,3,30,40,104,3
18,10672,עוקבי בנו עוקבה,957,1.0,1,0,379,170,1,169,0,0,0,11,0,0,48,98,9,0,0,3,0
18,10673,עטאוונה שבט,969,1.0,1,0,125,33,0,33,0,0,0,1,0,0,20,10,2,0,0,0,0
18,10512,קודייראת אצאנעשבט,964,2.1,1,0,542,79,1,78,1,0,0,2,2,0,31,41,1,0,0,0,0
18,10513,קודייראת אצאנעשבט,964,2.2,1,0,542,127,2,125,0,2,0,7,0,0,14,89,12,0,0,1,0
18,10514,קודייראת אצאנעשבט,964,2.3,1,0,542,129,2,127,0,3,0,3,0,0,14,102,5,0,0,0,0
18,10674,קוואעין שבט,972,1.0,1,0,596,135,0,135,2,0,0,6,0,3,67,54,2,0,1,0,0
18,10556,שגבשלום,1286,1.1,2,0,701,351,3,348,7,3,0,6,8,0,107,185,10,0,22,0,0
18,10557,שגבשלום,1286,1.2,2,0,701,269,3,266,1,0,0,26,0,0,77,158,4,0,0,0,0
18,10558,שגבשלום,1286,1.3,2,0,701,360,9,351,3,0,0,2,0,4,61,229,43,0,0,5,4
18,10559,שגבשלום,1286,1.4,2,0,701,339,3,336,1,0,0,11,1,0,101,203,8,0,0,11,0
18,10560,שגבשלום,1286,1.5,2,0,698,318,3,315,0,1,1,19,0,0,61,212,15,0,0,6,0
18,10561,שגבשלום,1286,3.1,1,0,749,385,2,383,1,0,0,4,0,0,142,216,20,0,0,0,0
18,10562,שגבשלום,1286,3.2,1,0,748,385,6,379,7,1,0,14,0,0,71,267,19,0,0,0,0
18,10563,שגבשלום,1286,7.1,3,0,752,383,0,383,0,10,0,27,0,0,93,243,10,0,0,0,0
18,10564,שגבשלום,1286,7.2,3,0,751,337,8,329,9,1,0,1,0,0,62,256,0,0,0,0,0
18,10284,שומריה,1265,1.0,1,0,381,280,0,280,23,7,2,0,6,0,0,0,0,49,128,65,0
18,10285,שמעה,3784,1.0,1,0,521,375,1,374,87,31,1,10,8,0,0,0,0,46,125,61,5
18,10565,אבו רובייעה שבט,966,5.1,1,0,648,202,10,192,9,3,4,17,0,0,18,112,12,0,0,15,2
18,10566,אבו רובייעה שבט,966,5.2,1,0,648,201,0,201,9,3,0,9,0,0,47,127,3,0,0,2,1
18,10567,אבו רובייעה שבט,966,5.3,1,0,648,198,1,197,1,0,0,4,0,0,5,179,6,0,0,2,0
18,10568,אבו רובייעה שבט,966,5.4,1,0,648,180,1,179,8,2,0,15,3,0,20,119,12,0,0,0,0
18,10569,אבו רובייעה שבט,966,5.5,1,0,645,178,3,175,4,0,0,15,0,0,21,126,5,0,1,1,2
18,10570,אבו רובייעה שבט,966,6.1,2,0,528,182,5,177,0,1,0,6,0,0,16,143,5,0,2,4,0
18,10571,אבו רובייעה שבט,966,6.2,2,0,528,167,1,166,9,0,0,13,0,0,13,126,5,0,0,0,0
18,10572,אבו רובייעה שבט,966,6.3,2,0,527,148,3,145,0,2,0,10,0,1,4,112,9,7,0,0,0
18,10576,כסיפה,1059,1.1,9,0,411,206,2,204,0,7,1,29,0,0,19,116,11,0,0,17,4
18,10577,כסיפה,1059,1.2,9,0,410,299,0,299,0,41,3,72,0,0,26,102,8,0,0,46,1
18,10578,כסיפה,1059,3.1,1,0,697,427,2,425,0,6,0,5,0,0,90,299,21,0,0,4,0
18,10579,כסיפה,1059,3.2,1,0,697,371,4,367,8,0,0,24,0,0,85,200,38,1,0,7,4
18,10580,כסיפה,1059,3.3,1,0,697,349,4,345,2,1,0,6,0,0,88,198,50,0,0,0,0
18,10581,כסיפה,1059,4.0,6,0,720,285,6,279,1,9,4,17,0,0,22,212,5,0,0,9,0
18,10582,כסיפה,1059,6.1,2,0,677,423,5,418,12,6,0,25,0,0,91,223,43,0,1,17,0
18,10583,כסיפה,1059,6.2,2,0,677,381,0,381,0,0,0,4,0,0,50,280,35,0,0,12,0
18,10584,כסיפה,1059,6.3,2,0,677,321,5,316,0,14,5,32,0,0,42,181,15,0,0,25,2
18,10585,כסיפה,1059,6.4,2,0,675,258,3,255,0,0,0,14,6,0,19,197,13,0,0,6,0
18,10586,כסיפה,1059,7.1,8,0,410,282,3,279,0,4,5,33,0,0,19,195,5,0,0,17,1
18,10587,כסיפה,1059,7.2,8,0,408,274,4,270,0,8,4,12,0,0,16,196,12,0,0,18,4
18,10588,כסיפה,1059,8.1,4,0,736,264,1,263,1,15,1,3,3,0,21,196,7,0,0,16,0
18,10589,כסיפה,1059,8.2,4,0,735,328,3,325,3,4,6,12,0,0,67,194,38,0,0,1,0
18,10590,כסיפה,1059,11.1,7,0,547,270,2,268,2,8,0,10,0,0,50,180,14,0,0,4,0
18,10591,כסיפה,1059,11.2,7,0,547,234,3,231,0,2,0,11,0,0,27,172,11,0,0,8,0
18,10592,כסיפה,1059,11.3,7,0,547,252,3,249,0,1,0,1,0,0,9,223,15,0,0,0,0
18,10595,קבועה שבט,1234,1.0,1,0,505,174,1,173,0,0,0,3,0,0,4,163,3,0,0,0,0
18,10596,קבועה שבט,1234,2.0,1,0,378,156,0,156,0,0,0,1,0,0,28,123,3,0,0,1,0
18,10593,מכחול,1343,1.0,1,0,626,276,3,273,1,11,5,11,0,1,35,190,7,0,0,12,0
18,10573,גנאביב שבט,976,1.0,1,0,606,225,2,223,1,5,7,6,0,0,10,185,5,0,0,4,0
18,10574,דריגאת,1349,1.0,1,0,677,417,2,415,19,13,0,12,0,34,65,243,17,0,3,7,2
18,10575,כחלה,1367,1.0,1,0,285,175,3,172,3,17,10,10,0,0,29,66,4,0,0,31,2
18,10594,נצאצרה שבט,1041,1.0,1,0,371,136,0,136,0,0,0,1,0,0,43,77,13,0,0,2,0
99,98001,מעטפות חיצוניות,9999,1.0,0,0,0,627,10,617,120,51,43,23,104,60,22,0,0,4,49,114,27
99,98002,מעטפות חיצוניות,9999,2.0,0,0,0,627,5,622,129,121,49,14,33,2,5,11,1,34,41,163,19
99,98003,מעטפות חיצוניות,9999,3.0,0,0,0,641,8,633,101,114,12,53,2,0,0,0,0,78,73,163,37
99,98004,מעטפות חיצוניות,9999,4.0,0,0,0,629,1,628,78,81,29,33,49,70,4,12,4,49,59,153,7
99,98005,מעטפות חיצוניות,9999,5.0,0,0,0,633,8,625,96,45,108,65,11,2,39,29,1,22,28,145,34
99,98006,מעטפות חיצוניות,9999,6.0,0,0,0,636,13,623,130,59,34,58,58,42,20,24,16,13,38,120,11
99,98007,מעטפות חיצוניות,9999,7.0,0,0,0,635,1,634,88,129,99,57,28,5,0,0,0,41,41,140,6
99,98008,מעטפות חיצוניות,9999,8.0,0,0,0,624,8,616,64,48,26,24,106,61,16,15,2,35,61,92,66
99,98009,מעטפות חיצוניות,9999,9.0,0,0,0,616,5,611,59,94,40,30,26,11,30,50,19,72,84,57,39
99,98010,מעטפות חיצוניות,9999,10.0,0,0,0,664,9,655,122,23,60,13,78,104,27,64,2,34,13,103,12
99,98011,מעטפות חיצוניות,9999,11.0,0,0,0,632,1,631,127,113,28,65,32,40,6,22,5,24,26,138,5
99,98012,מעטפות חיצוניות,9999,12.0,0,0,0,631,15,616,100,77,148,14,13,5,30,7,66,8,12,115,21
99,98013,מעטפות חיצוניות,9999,13.0,0,0,0,645,13,632,46,100,126,25,55,2,7,31,1,12,50,120,57
99,98014,מעטפות חיצוניות,9999,14.0,0,0,0,632,3,629,110,31,11,53,72,46,2,6,10,29,105,106,48
99,98015,מעטפות חיצוניות,9999,15.0,0,0,0,637,0,637,89,96,38,47,77,2,16,22,1,46,40,146,17
99,98016,מעטפות חיצוניות,9999,16.0,0,0,0,639,16,623,77,77,76,100,70,31,25,8,0,3,25,117,14
99,98017,מעטפות חיצוניות,9999,17.0,0,0,0,632,5,627,130,45,48,67,47,44,52,60,1,5,38,87,3
99,98018,מעטפות חיצוניות,9999,18.0,0,0,0,633,6,627,116,63,56,6,41,94,12,0,0,19,102,112,6
99,98019,מעטפות חיצוניות,9999,19.0,0,0,0,631,2,629,130,49,16,55,109,30,4,11,0,32,94,89,10
99,98020,מעטפות חיצוניות,9999,20.0,0,0,0,631,5,626,69,43,4,13,105,267,11,27,1,5,49,32,0
99,98021,מעטפות חיצוניות,9999,21.0,0,0,0,636,5,631,71,36,61,21,172,161,7,2,0,18,37,38,7
99,98022,מעטפות חיצוניות,9999,22.0,0,0,0,640,3,637,81,67,13,121,36,37,78,19,10,7,20,146,2
99,98023,מעטפות חיצוניות,9999,23.0,0,0,0,614,15,599,36,63,209,12,26,7,16,5,11,36,42,132,4
99,98024,מעטפות חיצוניות,9999,24.0,0,0,0,639,1,638,106,34,10,54,44,77,5,1,0,52,105,139,11
99,98025,מעטפות חיצוניות,9999,25.0,0,0,0,647,14,633,28,90,94,74,63,49,17,0,1,9,21,112,75
99,98026,מעטפות חיצוניות,9999,26.0,0,0,0,626,8,618,167,40,87,32,28,45,13,23,1,74,41,65,2
99,98027,מעטפות חיצוניות,9999,27.0,0,0,0,633,15,618,115,62,121,19,38,8,12,19,0,59,52,91,22
99,98028,מעטפות חיצוניות,9999,28.0,0,0,0,627,10,617,82,81,105,39,70,19,11,17,5,2,60,96,30
99,98029,מעטפות חיצוניות,9999,29.0,0,0,0,624,4,620,92,75,51,34,41,22,18,0,4,48,54,178,3
99,98030,מעטפות חיצוניות,9999,30.0,0,0,0,609,5,604,109,22,33,33,84,97,23,16,5,41,31,101,9
99,98031,מעטפות חיצוניות,9999,31.0,0,0,0,630,2,628,134,77,21,26,30,20,47,12,30,34,91,104,2
99,98032,מעטפות חיצוניות,9999,32.0,0,0,0,637,16,621,128,69,169,16,46,58,10,10,20,2,4,74,15
99,98033,מעטפות חיצוניות,9999,33.0,0,0,0,626,9,617,104,71,132,79,48,15,6,8,8,18,38,86,4
99,98034,מעטפות חיצוניות,9999,34.0,0,0,0,641,12,629,96,74,141,18,8,77,3,25,0,9,19,156,3
99,98035,מעטפות חיצוניות,9999,35.0,0,0,0,632,13,619,143,110,85,5,46,3,53,19,0,8,13,120,14
99,98036,מעטפות חיצוניות,9999,36.0,0,0,0,646,14,632,48,127,96,51,9,35,20,19,0,2,13,198,14
99,98037,מעטפות חיצוניות,9999,37.0,0,0,0,636,8,628,131,73,90,82,17,17,10,4,0,15,62,124,3
99,98038,מעטפות חיצוניות,9999,38.0,0,0,0,629,10,619,76,79,133,19,38,27,1,1,0,36,116,88,5
99,98039,מעטפות חיצוניות,9999,39.0,0,0,0,628,8,620,99,66,61,41,58,16,4,60,4,27,42,140,2
99,98040,מעטפות חיצוניות,9999,40.0,0,0,0,635,12,623,81,59,69,87,80,22,8,4,5,43,32,125,8
99,98041,מעטפות חיצוניות,9999,41.0,0,0,0,630,6,624,83,107,37,52,87,72,28,6,4,10,64,66,8
99,98042,מעטפות חיצוניות,9999,42.0,0,0,0,627,5,622,134,95,70,45,38,16,37,6,0,36,20,110,15
99,98043,מעטפות חיצוניות,9999,43.0,0,0,0,614,6,608,97,46,42,37,83,43,3,17,9,37,63,124,7
99,98044,מעטפות חיצוניות,9999,44.0,0,0,0,622,4,618,157,49,20,18,146,77,3,5,0,7,75,46,15
99,98045,מעטפות חיצוניות,9999,45.0,0,0,0,636,6,630,86,50,59,32,112,50,3,0,5,33,83,108,9
99,98046,מעטפות חיצוניות,9999,46.0,0,0,0,629,2,627,127,56,29,50,35,31,17,19,0,9,53,178,23
99,98047,מעטפות חיצוניות,9999,47.0,0,0,0,629,4,625,36,65,44,23,113,101,2,2,0,113,81,41,4
99,98048,מעטפות חיצוניות,9999,48.0,0,0,0,626,5,621,70,84,33,47,53,73,3,1,15,35,67,123,17
99,98049,מעטפות חיצוניות,9999,49.0,0,0,0,636,9,627,58,69,220,26,16,16,27,8,13,1,26,135,12
99,98050,מעטפות חיצוניות,9999,50.0,0,0,0,635,29,606,54,81,219,25,24,27,13,9,9,29,7,82,27
99,98051,מעטפות חיצוניות,9999,51.0,0,0,0,623,4,619,161,43,25,65,16,19,0,0,0,39,93,152,6
99,98052,מעטפות חיצוניות,9999,52.0,0,0,0,623,8,615,116,118,40,20,16,0,1,0,0,43,73,170,18
99,98053,מעטפות חיצוניות,9999,53.0,0,0,0,644,3,641,72,94,71,98,22,9,0,0,0,15,70,175,15
99,98054,מעטפות חיצוניות,9999,54.0,0,0,0,632,3,629,113,130,49,71,5,0,0,0,12,35,67,139,8
99,98055,מעטפות חיצוניות,9999,55.0,0,0,0,634,6,628,151,65,9,79,10,4,0,0,0,19,61,218,12
99,98056,מעטפות חיצוניות,9999,56.0,0,0,0,638,6,632,189,65,67,87,19,13,23,0,0,16,28,98,27
99,98057,מעטפות חיצוניות,9999,57.0,0,0,0,625,4,621,86,99,18,37,18,7,7,0,0,49,153,126,21
99,98058,מעטפות חיצוניות,9999,58.0,0,0,0,567,2,565,105,70,7,20,11,1,0,4,0,51,49,237,10
99,98059,מעטפות חיצוניות,9999,59.0,0,0,0,641,9,632,60,122,38,62,6,6,0,0,0,65,57,194,22
99,98060,מעטפות חיצוניות,9999,60.0,0,0,0,636,1,635,121,126,22,80,8,0,11,0,0,18,89,151,9
99,98061,מעטפות חיצוניות,9999,61.0,0,0,0,637,5,632,99,102,10,53,26,0,0,0,0,23,61,229,29
99,98062,מעטפות חיצוניות,9999,62.0,0,0,0,640,4,636,110,98,10,117,48,2,0,0,0,13,101,129,8
99,98063,מעטפות חיצוניות,9999,63.0,0,0,0,638,3,635,70,165,45,65,51,0,0,0,0,29,58,134,18
99,98064,מעטפות חיצוניות,9999,64.0,0,0,0,629,20,609,194,115,67,22,44,1,0,0,0,41,23,80,22
99,98065,מעטפות חיצוניות,9999,65.0,0,0,0,632,3,629,111,151,28,23,6,5,0,0,0,59,53,183,10
99,98066,מעטפות חיצוניות,9999,66.0,0,0,0,625,3,622,130,147,29,42,24,7,0,0,0,10,101,127,5
99,98067,מעטפות חיצוניות,9999,67.0,0,0,0,631,3,628,105,126,11,55,5,3,0,0,0,18,99,177,29
99,98068,מעטפות חיצוניות,9999,68.0,0,0,0,631,11,620,114,180,51,25,13,1,0,2,0,55,53,98,28
99,98069,מעטפות חיצוניות,9999,69.0,0,0,0,629,3,626,103,90,93,36,26,1,0,0,0,50,72,144,11
99,98070,מעטפות חיצוניות,9999,70.0,0,0,0,621,5,616,182,65,42,29,69,0,0,6,0,33,55,110,25
99,98071,מעטפות חיצוניות,9999,71.0,0,0,0,641,3,638,86,138,15,50,45,0,0,0,0,42,29,199,34
99,98072,מעטפות חיצוניות,9999,72.0,0,0,0,624,1,623,149,68,59,75,18,2,0,0,0,30,34,163,25
99,98073,מעטפות חיצוניות,9999,73.0,0,0,0,632,6,626,97,171,30,104,28,0,0,0,0,32,60,64,40
99,98074,מעטפות חיצוניות,9999,74.0,0,0,0,644,3,641,114,91,22,94,9,8,0,0,0,18,67,200,18
99,98075,מעטפות חיצוניות,9999,75.0,0,0,0,657,8,649,37,77,27,101,1,4,0,0,0,17,79,286,20
99,98076,מעטפות חיצוניות,9999,76.0,0,0,0,629,3,626,152,144,41,69,9,0,0,0,0,27,50,129,5
99,98077,מעטפות חיצוניות,9999,77.0,0,0,0,633,6,627,103,72,32,56,46,1,6,0,0,97,52,105,57
99,98078,מעטפות חיצוניות,9999,78.0,0,0,0,602,5,597,146,76,25,51,31,0,1,0,0,47,63,120,37
99,98079,מעטפות חיצוניות,9999,79.0,0,0,0,633,6,627,65,93,43,47,2,6,0,4,0,56,103,187,21
99,98080,מעטפות חיצוניות,9999,80.0,0,0,0,627,5,622,120,104,36,54,19,0,0,0,0,47,100,135,7
99,98081,מעטפות חיצוניות,9999,81.0,0,0,0,634,2,632,90,160,35,54,3,1,0,0,0,21,67,182,19
99,98082,מעטפות חיצוניות,9999,82.0,0,0,0,636,5,631,96,96,50,73,33,6,0,5,0,69,44,139,20
99,98083,מעטפות חיצוניות,9999,83.0,0,0,0,640,5,635,131,103,20,78,55,44,1,0,0,9,88,96,10
99,98084,מעטפות חיצוניות,9999,84.0,0,0,0,649,3,646,165,108,20,80,13,0,0,0,0,19,35,168,38
99,98085,מעטפות חיצוניות,9999,85.0,0,0,0,629,27,602,120,113,33,26,13,20,0,0,0,45,51,155,26
99,98086,מעטפות חיצוניות,9999,86.0,0,0,0,625,8,617,105,127,32,84,13,2,0,0,0,36,28,168,22
99,98087,מעטפות חיצוניות,9999,87.0,0,0,0,638,8,630,100,114,6,57,13,0,3,0,0,18,95,206,18
99,98088,מעטפות חיצוניות,9999,88.0,0,0,0,638,6,632,87,89,44,58,13,1,0,0,0,11,70,228,31
99,98089,מעטפות חיצוניות,9999,89.0,0,0,0,583,3,580,45,187,63,51,15,4,0,0,0,7,18,183,7
99,98090,מעטפות חיצוניות,9999,90.0,0,0,0,626,3,623,123,52,39,66,36,2,0,0,0,24,89,159,33
99,98091,מעטפות חיצוניות,9999,91.0,0,0,0,619,5,614,195,132,23,34,25,2,0,0,0,46,37,103,17
99,98092,מעטפות חיצוניות,9999,92.0,0,0,0,610,3,607,166,94,10,35,7,0,0,0,0,55,86,118,36
99,98093,מעטפות חיצוניות,9999,93.0,0,0,0,640,0,640,128,114,31,45,53,2,0,0,0,13,37,200,17
99,98094,מעטפות חיצוניות,9999,94.0,0,0,0,625,5,620,162,104,23,45,19,2,0,0,0,42,71,135,17
99,98095,מעטפות חיצוניות,9999,95.0,0,0,0,633,6,627,79,113,29,25,15,52,0,1,0,18,32,235,28
99,98096,מעטפות חיצוניות,9999,96.0,0,0,0,635,8,627,79,93,24,32,34,15,0,0,0,40,53,232,25
99,98097,מעטפות חיצוניות,9999,97.0,0,0,0,632,0,632,122,51,35,25,27,4,0,33,0,13,80,204,38
99,98098,מעטפות חיצוניות,9999,98.0,0,0,0,630,3,627,106,43,89,38,6,28,0,0,0,34,64,154,65
99,98099,מעטפות חיצוניות,9999,99.0,0,0,0,637,3,634,76,93,22,63,29,0,2,0,0,18,80,187,64
99,98100,מעטפות חיצוניות,9999,100.0,0,0,0,631,8,623,57,197,11,38,7,0,0,0,0,57,61,158,37
99,98101,מעטפות חיצוניות,9999,101.0,0,0,0,635,4,631,149,101,67,75,9,1,1,0,0,27,78,113,10
99,98102,מעטפות חיצוניות,9999,102.0,0,0,0,634,12,622,143,47,17,59,8,1,0,0,0,31,134,151,31
99,98103,מעטפות חיצוניות,9999,103.0,0,0,0,630,4,626,112,88,14,44,6,1,0,0,0,89,60,93,119
99,98104,מעטפות חיצוניות,9999,104.0,0,0,0,642,2,640,100,97,36,53,29,2,0,0,0,50,74,160,39
99,98105,מעטפות חיצוניות,9999,105.0,0,0,0,632,6,626,116,121,40,112,11,7,0,2,0,46,64,77,30
99,98106,מעטפות חיצוניות,9999,106.0,0,0,0,633,8,625,135,107,31,98,43,1,0,0,0,11,39,143,17
99,98107,מעטפות חיצוניות,9999,107.0,0,0,0,627,3,624,162,134,23,24,18,13,0,0,0,43,56,124,27
99,98108,מעטפות חיצוניות,9999,108.0,0,0,0,624,8,616,134,112,22,68,2,0,2,0,0,22,50,191,13
99,98109,מעטפות חיצוניות,9999,109.0,0,0,0,621,1,620,117,94,6,4,26,1,0,39,0,56,91,180,6
99,98110,מעטפות חיצוניות,9999,110.0,0,0,0,638,6,632,142,104,38,94,21,6,0,0,0,39,68,109,11
99,98111,מעטפות חיצוניות,9999,111.0,0,0,0,652,3,649,78,203,24,99,4,16,1,0,0,8,45,160,11
99,98112,מעטפות חיצוניות,9999,112.0,0,0,0,638,11,627,81,137,37,58,45,2,0,2,0,35,90,126,14
99,98113,מעטפות חיצוניות,9999,113.0,0,0,0,622,8,614,120,88,100,58,4,11,0,0,0,27,60,131,15
99,98114,מעטפות חיצוניות,9999,114.0,0,0,0,623,1,622,166,94,42,39,63,6,6,0,0,8,73,110,15
99,98115,מעטפות חיצוניות,9999,115.0,0,0,0,629,6,623,164,69,18,24,14,0,0,0,0,71,39,189,35
99,98116,מעטפות חיצוניות,9999,116.0,0,0,0,633,6,627,156,81,56,49,2,10,0,0,0,37,22,207,7
99,98117,מעטפות חיצוניות,9999,117.0,0,0,0,626,5,621,214,91,43,39,13,1,3,0,0,38,44,112,23
99,98118,מעטפות חיצוניות,9999,118.0,0,0,0,638,1,637,83,211,31,30,3,0,2,0,0,18,88,153,18
99,98119,מעטפות חיצוניות,9999,119.0,0,0,0,502,5,497,76,110,54,26,2,1,0,0,0,40,48,116,24
99,98120,מעטפות חיצוניות,9999,120.0,0,0,0,631,5,626,165,92,21,53,5,4,0,11,0,20,48,173,34
99,98121,מעטפות חיצוניות,9999,121.0,0,0,0,525,9,516,102,57,81,72,3,16,0,12,0,44,48,78,3
99,98122,מעטפות חיצוניות,9999,122.0,0,0,0,631,10,621,146,100,29,88,3,0,0,0,0,49,74,83,49
99,98123,מעטפות חיצוניות,9999,123.0,0,0,0,528,10,518,104,87,29,66,14,1,0,0,0,40,40,116,21
99,98124,מעטפות חיצוניות,9999,124.0,0,0,0,623,3,620,123,84,28,41,42,1,0,0,0,52,54,175,20
99,98125,מעטפות חיצוניות,9999,125.0,0,0,0,528,6,522,76,62,11,48,12,8,0,0,0,44,105,143,13
99,98126,מעטפות חיצוניות,9999,126.0,0,0,0,627,12,615,205,76,4,12,24,41,0,1,1,25,70,138,18
99,98127,מעטפות חיצוניות,9999,127.0,0,0,0,541,3,538,62,142,29,27,20,0,0,0,0,18,53,135,52
99,98128,מעטפות חיצוניות,9999,128.0,0,0,0,509,11,498,73,102,48,47,7,1,0,0,0,28,58,111,23
99,98129,מעטפות חיצוניות,9999,129.0,0,0,0,527,6,521,70,153,30,49,12,1,0,4,0,16,56,124,6
99,98130,מעטפות חיצוניות,9999,130.0,0,0,0,520,12,508,139,90,5,26,11,21,0,0,0,33,74,92,17
99,98131,מעטפות חיצוניות,9999,131.0,0,0,0,641,4,637,110,131,34,50,10,8,0,0,0,22,70,177,25
99,98132,מעטפות חיצוניות,9999,132.0,0,0,0,627,9,618,126,24,30,60,13,1,1,5,0,26,132,186,14
99,98133,מעטפות חיצוניות,9999,133.0,0,0,0,623,3,620,157,121,13,35,12,16,0,0,0,51,79,121,15
99,98134,מעטפות חיצוניות,9999,134.0,0,0,0,612,2,610,125,47,27,34,38,11,1,8,0,31,145,137,6
99,98135,מעטפות חיצוניות,9999,135.0,0,0,0,633,3,630,141,32,26,44,79,29,0,17,2,36,89,98,37
99,98136,מעטפות חיצוניות,9999,136.0,0,0,0,640,4,636,55,104,10,67,56,35,0,0,13,47,70,170,9
99,98137,מעטפות חיצוניות,9999,137.0,0,0,0,541,2,539,88,120,39,39,51,0,0,4,0,39,46,105,8
99,98138,מעטפות חיצוניות,9999,138.0,0,0,0,638,14,624,93,129,21,65,4,8,0,0,0,45,55,188,16
99,98139,מעטפות חיצוניות,9999,139.0,0,0,0,636,1,635,158,64,13,43,35,51,2,1,3,27,67,153,18
99,98140,מעטפות חיצוניות,9999,140.0,0,0,0,612,3,609,110,86,60,25,34,39,0,0,1,11,82,155,6
99,98141,מעטפות חיצוניות,9999,141.0,0,0,0,635,1,634,139,95,8,53,57,50,1,0,0,25,71,123,12
99,98142,מעטפות חיצוניות,9999,142.0,0,0,0,653,4,649,128,76,49,77,43,46,16,1,0,86,42,67,18
99,98143,מעטפות חיצוניות,9999,143.0,0,0,0,624,6,618,207,94,34,25,11,4,0,0,0,15,71,117,40
99,98144,מעטפות חיצוניות,9999,144.0,0,0,0,633,5,628,87,115,42,123,6,0,0,0,0,67,69,95,24
99,98145,מעטפות חיצוניות,9999,145.0,0,0,0,635,3,632,55,110,47,30,90,68,7,1,0,4,42,154,24
99,98146,מעטפות חיצוניות,9999,146.0,0,0,0,637,2,635,78,87,34,59,23,18,8,0,0,18,68,193,49
99,98147,מעטפות חיצוניות,9999,147.0,0,0,0,633,11,622,62,98,30,68,20,6,0,0,0,54,48,219,17
99,98148,מעטפות חיצוניות,9999,148.0,0,0,0,613,3,610,130,97,74,19,9,12,0,0,0,61,52,140,16
99,98149,מעטפות חיצוניות,9999,149.0,0,0,0,630,14,616,189,111,11,34,19,6,0,0,0,53,57,96,40
99,98150,מעטפות חיצוניות,9999,150.0,0,0,0,633,3,630,120,200,20,62,30,1,0,5,0,10,42,131,9
99,98151,מעטפות חיצוניות,9999,151.0,0,0,0,639,6,633,79,57,67,70,112,83,2,2,0,39,46,59,17
99,98152,מעטפות חיצוניות,9999,152.0,0,0,0,641,9,632,59,61,49,80,77,45,13,0,0,23,80,115,30
99,98153,מעטפות חיצוניות,9999,153.0,0,0,0,640,43,597,149,76,40,71,18,16,0,0,0,37,28,158,4
99,98154,מעטפות חיצוניות,9999,154.0,0,0,0,605,9,596,161,56,55,30,14,7,0,0,0,93,79,90,11
99,98155,מעטפות חיצוניות,9999,155.0,0,0,0,643,1,642,140,73,64,95,13,13,0,0,0,24,61,150,9
99,98156,מעטפות חיצוניות,9999,156.0,0,0,0,626,3,623,81,154,19,64,15,0,0,0,0,71,75,93,51
99,98157,מעטפות חיצוניות,9999,157.0,0,0,0,630,6,624,119,107,60,66,12,0,3,0,0,18,36,163,40
99,98158,מעטפות חיצוניות,9999,158.0,0,0,0,649,2,647,55,113,64,80,41,0,0,1,0,22,26,198,47
99,98159,מעטפות חיצוניות,9999,159.0,0,0,0,633,10,623,136,136,18,86,28,20,0,3,0,13,61,112,10
99,98160,מעטפות חיצוניות,9999,160.0,0,0,0,627,11,616,155,74,14,44,43,2,0,0,1,9,103,148,23
99,98161,מעטפות חיצוניות,9999,161.0,0,0,0,630,6,624,128,146,34,54,4,5,4,16,0,27,64,136,6
99,98162,מעטפות חיצוניות,9999,162.0,0,0,0,634,4,630,78,119,31,48,37,42,0,0,0,19,72,175,9
99,98163,מעטפות חיצוניות,9999,163.0,0,0,0,649,2,647,187,95,28,66,9,1,1,0,0,28,60,153,19
99,98164,מעטפות חיצוניות,9999,164.0,0,0,0,633,3,630,95,119,21,17,6,2,0,0,0,37,30,276,27
99,98165,מעטפות חיצוניות,9999,165.0,0,0,0,662,6,656,90,122,12,73,12,3,0,0,0,29,85,219,11
99,98166,מעטפות חיצוניות,9999,166.0,0,0,0,621,8,613,97,103,38,50,4,4,4,0,0,14,94,167,38
99,98167,מעטפות חיצוניות,9999,167.0,0,0,0,641,1,640,81,135,16,42,71,28,0,0,0,36,88,140,3
99,98168,מעטפות חיצוניות,9999,168.0,0,0,0,636,6,630,98,85,27,87,6,8,0,0,0,15,30,178,96
99,98169,מעטפות חיצוניות,9999,169.0,0,0,0,636,13,623,136,107,17,111,19,10,6,1,0,35,33,139,9
99,98170,מעטפות חיצוניות,9999,170.0,0,0,0,646,9,637,153,61,65,94,26,0,0,1,0,14,40,181,2
99,98171,מעטפות חיצוניות,9999,171.0,0,0,0,632,3,629,129,73,39,40,61,15,2,2,47,16,11,184,10
99,98173,מעטפות חיצוניות,9999,173.0,0,0,0,631,8,623,117,80,23,30,2,0,0,0,0,46,69,224,32
99,98174,מעטפות חיצוניות,9999,174.0,0,0,0,601,4,597,79,76,46,87,14,0,0,0,0,9,32,173,81
99,98175,מעטפות חיצוניות,9999,175.0,0,0,0,638,6,632,73,147,49,38,33,9,0,0,0,46,69,140,28
99,98176,מעטפות חיצוניות,9999,176.0,0,0,0,636,4,632,92,260,10,42,16,8,0,0,0,23,25,143,13
99,98177,מעטפות חיצוניות,9999,177.0,0,0,0,624,8,616,200,47,24,56,46,7,0,0,0,25,80,110,21
99,98178,מעטפות חיצוניות,9999,178.0,0,0,0,643,4,639,77,119,50,91,28,2,1,1,0,14,59,172,25
99,98179,מעטפות חיצוניות,9999,179.0,0,0,0,629,15,614,102,102,32,38,62,67,29,1,1,23,70,77,10
99,98180,מעטפות חיצוניות,9999,180.0,0,0,0,628,0,628,64,90,35,77,65,27,33,54,7,55,25,85,11
99,98181,מעטפות חיצוניות,9999,181.0,0,0,0,529,4,525,77,140,14,73,2,0,0,0,0,30,43,144,2
99,98182,מעטפות חיצוניות,9999,182.0,0,0,0,651,1,650,104,135,16,111,10,3,3,5,0,21,42,188,12
99,98183,מעטפות חיצוניות,9999,183.0,0,0,0,630,5,625,149,153,2,21,8,7,0,0,0,13,128,130,14
99,98184,מעטפות חיצוניות,9999,184.0,0,0,0,654,9,645,34,142,56,81,24,0,0,0,0,10,21,245,32
99,98185,מעטפות חיצוניות,9999,185.0,0,0,0,615,3,612,100,125,25,73,75,3,0,0,0,6,82,112,11
99,98186,מעטפות חיצוניות,9999,186.0,0,0,0,638,3,635,129,121,22,63,3,0,4,0,0,41,43,171,38
99,98193,מעטפות חיצוניות,9999,193.0,0,0,0,619,12,607,130,121,27,71,17,2,0,0,0,14,61,157,7
99,98197,מעטפות חיצוניות,9999,197.0,0,0,0,637,8,629,122,141,25,109,34,0,0,0,0,19,55,108,16
99,98201,מעטפות חיצוניות,9999,201.0,0,0,0,629,1,628,77,97,49,31,50,51,21,5,13,2,72,159,1
99,98202,מעטפות חיצוניות,9999,202.0,0,0,0,629,10,619,123,45,113,58,65,19,20,22,2,22,11,109,10
99,98203,מעטפות חיצוניות,9999,203.0,0,0,0,620,8,612,216,33,42,29,65,12,20,56,10,4,20,88,17
99,98204,מעטפות חיצוניות,9999,204.0,0,0,0,648,10,638,91,63,94,39,33,38,30,2,1,10,79,104,54
99,98205,מעטפות חיצוניות,9999,205.0,0,0,0,633,9,624,40,55,19,13,104,74,20,10,32,19,154,78,6
99,98206,מעטפות חיצוניות,9999,206.0,0,0,0,633,1,632,49,59,24,62,59,118,10,18,6,33,62,124,8
99,98207,מעטפות חיצוניות,9999,207.0,0,0,0,634,5,629,107,84,73,134,9,9,41,4,0,8,68,85,7
99,98208,מעטפות חיצוניות,9999,208.0,0,0,0,637,8,629,201,51,102,18,19,9,36,1,25,10,38,86,33
99,98209,מעטפות חיצוניות,9999,209.0,0,0,0,626,4,622,109,67,14,59,56,15,15,19,1,44,77,138,8
99,98210,מעטפות חיצוניות,9999,210.0,0,0,0,648,5,643,90,92,12,79,56,10,4,0,7,20,36,199,38
99,98211,מעטפות חיצוניות,9999,211.0,0,0,0,632,6,626,87,110,36,48,31,19,52,5,12,5,54,142,25
99,98212,מעטפות חיצוניות,9999,212.0,0,0,0,634,3,631,32,75,22,50,90,93,31,21,7,4,120,80,6
99,98213,מעטפות חיצוניות,9999,213.0,0,0,0,641,17,624,110,97,234,45,15,5,17,7,5,0,8,64,17
99,98214,מעטפות חיצוניות,9999,214.0,0,0,0,633,3,630,54,89,18,59,128,8,25,49,0,8,61,121,10
99,98215,מעטפות חיצוניות,9999,215.0,0,0,0,640,8,632,112,74,93,63,29,5,44,0,21,2,2,162,25
99,98216,מעטפות חיצוניות,9999,216.0,0,0,0,620,5,615,120,34,18,24,99,34,1,0,0,25,127,111,22
99,98217,מעטפות חיצוניות,9999,217.0,0,0,0,627,3,624,132,79,83,35,17,12,31,9,5,63,58,87,13
99,98218,מעטפות חיצוניות,9999,218.0,0,0,0,651,5,646,132,62,41,70,61,24,3,13,1,36,26,162,15
99,98219,מעטפות חיצוניות,9999,219.0,0,0,0,615,3,612,158,46,17,27,35,62,5,2,0,87,60,82,31
99,98220,מעטפות חיצוניות,9999,220.0,0,0,0,633,4,629,74,163,90,43,15,52,13,4,1,5,7,140,22
99,98221,מעטפות חיצוניות,9999,221.0,0,0,0,634,9,625,95,95,76,30,26,32,8,81,1,4,13,162,2
99,98222,מעטפות חיצוניות,9999,222.0,0,0,0,663,13,650,161,48,30,44,41,44,55,19,1,9,37,133,28
99,98223,מעטפות חיצוניות,9999,223.0,0,0,0,628,8,620,64,81,90,91,34,15,46,11,7,4,31,137,9
99,98224,מעטפות חיצוניות,9999,224.0,0,0,0,627,4,623,82,95,4,118,28,9,24,31,12,25,100,85,10
99,98225,מעטפות חיצוניות,9999,225.0,0,0,0,630,6,624,53,230,22,61,29,12,17,7,2,24,24,138,5
99,98226,מעטפות חיצוניות,9999,226.0,0,0,0,632,2,630,156,53,56,44,32,4,25,43,10,17,34,140,16
99,98227,מעטפות חיצוניות,9999,227.0,0,0,0,624,18,606,56,81,113,56,34,41,10,11,6,16,13,151,18
99,98228,מעטפות חיצוניות,9999,228.0,0,0,0,625,2,623,101,102,33,18,53,24,28,58,3,18,74,90,21
99,98229,מעטפות חיצוניות,9999,229.0,0,0,0,628,8,620,121,108,18,60,15,2,12,2,7,7,26,241,1
99,98230,מעטפות חיצוניות,9999,230.0,0,0,0,687,2,685,64,157,29,77,30,3,1,2,0,6,28,265,23
99,98231,מעטפות חיצוניות,9999,231.0,0,0,0,623,6,617,116,87,7,45,63,3,1,16,0,31,72,129,47
99,98233,מעטפות חיצוניות,9999,233.0,0,0,0,640,8,632,70,76,14,85,56,17,20,2,6,34,49,151,52
99,98234,מעטפות חיצוניות,9999,234.0,0,0,0,618,6,612,120,71,53,43,32,38,1,3,4,11,47,158,31
99,98235,מעטפות חיצוניות,9999,235.0,0,0,0,632,8,624,143,32,87,23,19,26,33,0,3,36,82,136,4
99,98236,מעטפות חיצוניות,9999,236.0,0,0,0,635,6,629,104,41,27,66,43,21,4,29,17,11,81,143,42
99,98237,מעטפות חיצוניות,9999,237.0,0,0,0,640,9,631,70,73,45,35,64,30,3,9,5,9,73,194,21
99,98238,מעטפות חיצוניות,9999,238.0,0,0,0,637,8,629,89,73,23,62,128,71,3,23,0,0,41,94,22
99,98239,מעטפות חיצוניות,9999,239.0,0,0,0,668,3,665,81,77,22,36,120,96,20,0,5,65,80,47,16
99,98240,מעטפות חיצוניות,9999,240.0,0,0,0,621,8,613,187,86,26,10,57,61,31,1,0,30,52,68,4
99,98241,מעטפות חיצוניות,9999,241.0,0,0,0,832,6,826,34,140,59,83,44,23,45,36,0,46,56,232,28
99,98242,מעטפות חיצוניות,9999,242.0,0,0,0,619,6,613,219,37,14,29,73,27,53,20,2,16,46,73,4
99,98243,מעטפות חיצוניות,9999,243.0,0,0,0,633,2,631,104,140,39,36,59,3,9,6,4,27,53,124,27
99,98244,מעטפות חיצוניות,9999,244.0,0,0,0,638,8,630,127,116,84,10,83,70,2,3,13,24,14,70,14
99,98245,מעטפות חיצוניות,9999,245.0,0,0,0,667,5,662,135,57,15,76,91,16,40,0,0,45,84,101,2
99,98246,מעטפות חיצוניות,9999,246.0,0,0,0,640,6,634,93,78,190,14,6,1,23,12,3,18,14,174,8
99,98247,מעטפות חיצוניות,9999,247.0,0,0,0,617,3,614,128,108,28,16,36,21,2,55,9,26,76,78,31
99,98248,מעטפות חיצוניות,9999,248.0,0,0,0,653,4,649,66,158,74,76,41,0,6,2,1,9,60,146,10
99,98249,מעטפות חיצוניות,9999,249.0,0,0,0,636,12,624,61,85,36,87,51,17,3,13,1,72,38,134,26
99,98250,מעטפות חיצוניות,9999,250.0,0,0,0,622,16,606,88,123,26,33,14,27,33,23,11,34,50,115,29
99,98251,מעטפות חיצוניות,9999,251.0,0,0,0,635,2,633,165,111,15,66,13,32,14,7,2,21,65,120,2
99,98252,מעטפות חיצוניות,9999,252.0,0,0,0,644,5,639,69,65,45,128,22,36,13,10,5,24,79,129,14
99,98253,מעטפות חיצוניות,9999,253.0,0,0,0,624,5,619,102,72,79,60,43,35,14,14,0,30,68,98,4
99,98254,מעטפות חיצוניות,9999,254.0,0,0,0,658,0,658,40,112,30,35,46,89,95,16,17,28,34,90,26
99,98255,מעטפות חיצוניות,9999,255.0,0,0,0,644,8,636,120,155,23,56,31,29,2,0,3,30,16,135,36
99,98256,מעטפות חיצוניות,9999,256.0,0,0,0,651,8,643,82,80,36,111,26,7,16,6,11,6,50,190,22
99,98257,מעטפות חיצוניות,9999,257.0,0,0,0,651,12,639,99,43,99,51,111,39,13,11,8,14,39,92,20
99,98258,מעטפות חיצוניות,9999,258.0,0,0,0,621,6,615,87,58,61,25,76,10,7,45,4,29,68,132,13
99,98259,מעטפות חיצוניות,9999,259.0,0,0,0,644,10,634,90,52,146,35,39,10,2,4,0,17,75,144,20
99,98260,מעטפות חיצוניות,9999,260.0,0,0,0,628,10,618,217,90,49,36,18,30,6,3,3,3,55,98,10
99,98261,מעטפות חיצוניות,9999,261.0,0,0,0,644,81,563,47,127,29,58,5,5,9,10,8,2,51,198,14
99,98262,מעטפות חיצוניות,9999,262.0,0,0,0,630,3,627,75,112,21,67,47,39,7,5,12,27,99,104,12
99,98263,מעטפות חיצוניות,9999,263.0,0,0,0,645,8,637,93,109,77,37,47,53,12,8,0,4,23,153,21
99,98264,מעטפות חיצוניות,9999,264.0,0,0,0,636,6,630,137,56,15,50,93,77,5,3,0,49,42,94,9
99,98265,מעטפות חיצוניות,9999,265.0,0,0,0,611,4,607,112,85,23,37,73,30,25,19,1,50,40,93,19
99,98266,מעטפות חיצוניות,9999,266.0,0,0,0,625,9,616,101,97,34,57,38,12,43,33,3,1,64,81,52
99,98267,מעטפות חיצוניות,9999,267.0,0,0,0,625,6,619,107,85,115,39,20,17,17,47,7,8,19,135,3
99,98268,מעטפות חיצוניות,9999,268.0,0,0,0,636,9,627,117,108,54,30,74,48,12,0,42,13,33,81,15
99,98269,מעטפות חיצוניות,9999,269.0,0,0,0,626,22,604,100,63,146,49,29,23,14,11,16,10,26,100,17
99,98270,מעטפות חיצוניות,9999,270.0,0,0,0,642,6,636,115,111,15,127,34,6,7,3,0,8,17,120,73
99,98271,מעטפות חיצוניות,9999,271.0,0,0,0,631,3,628,75,54,33,48,78,12,72,21,21,52,53,91,18
99,98272,מעטפות חיצוניות,9999,272.0,0,0,0,632,3,629,93,26,22,57,131,99,6,0,0,40,82,72,1
99,98273,מעטפות חיצוניות,9999,273.0,0,0,0,630,5,625,177,59,35,27,51,19,4,2,17,22,66,77,69
99,98274,מעטפות חיצוניות,9999,274.0,0,0,0,606,10,596,104,62,90,37,30,15,19,10,1,5,13,199,11
99,98275,מעטפות חיצוניות,9999,275.0,0,0,0,620,17,603,139,80,25,15,23,7,89,26,6,27,28,136,2
99,98276,מעטפות חיצוניות,9999,276.0,0,0,0,671,3,668,89,184,39,18,34,12,36,8,12,50,21,155,10
99,98277,מעטפות חיצוניות,9999,277.0,0,0,0,651,10,641,79,165,74,79,8,6,13,14,5,57,35,93,13
99,98278,מעטפות חיצוניות,9999,278.0,0,0,0,626,10,616,96,80,48,45,48,10,34,29,0,1,37,168,20
99,98279,מעטפות חיצוניות,9999,279.0,0,0,0,633,4,629,110,56,114,18,97,40,0,0,3,26,55,80,30
99,98280,מעטפות חיצוניות,9999,280.0,0,0,0,621,8,613,171,53,50,63,27,36,44,30,23,6,21,74,15
99,98281,מעטפות חיצוניות,9999,281.0,0,0,0,632,4,628,53,49,3,17,180,163,2,9,0,7,69,67,9
99,98282,מעטפות חיצוניות,9999,282.0,0,0,0,628,4,624,190,60,16,28,60,41,24,0,4,28,90,73,10
99,98283,מעטפות חיצוניות,9999,283.0,0,0,0,630,3,627,81,81,69,76,6,1,0,0,0,21,52,177,63
99,98284,מעטפות חיצוניות,9999,284.0,0,0,0,626,4,622,135,100,13,76,17,3,0,0,0,19,42,200,17
99,98285,מעטפות חיצוניות,9999,285.0,0,0,0,644,2,642,172,80,26,78,15,2,0,0,0,32,65,133,39
99,98286,מעטפות חיצוניות,9999,286.0,0,0,0,625,10,615,198,83,21,64,21,0,0,0,0,49,76,98,5
99,98287,מעטפות חיצוניות,9999,287.0,0,0,0,600,4,596,67,110,11,72,5,12,50,12,15,41,41,140,20
99,98288,מעטפות חיצוניות,9999,288.0,0,0,0,636,6,630,91,47,36,35,94,123,0,15,0,13,61,80,35
99,98289,מעטפות חיצוניות,9999,289.0,0,0,0,654,5,649,111,103,58,61,67,32,1,27,1,13,69,71,35
99,98290,מעטפות חיצוניות,9999,290.0,0,0,0,630,5,625,88,19,4,18,156,157,0,0,2,23,63,91,4
99,98291,מעטפות חיצוניות,9999,291.0,0,0,0,627,9,618,110,61,76,102,72,23,10,16,3,7,49,82,7
99,98292,מעטפות חיצוניות,9999,292.0,0,0,0,632,4,628,96,86,39,33,57,72,17,11,1,47,37,114,18
99,98294,מעטפות חיצוניות,9999,294.0,0,0,0,681,9,672,237,92,12,20,44,2,0,3,0,32,100,109,21
99,98295,מעטפות חיצוניות,9999,295.0,0,0,0,621,11,610,120,91,84,38,58,12,16,15,22,5,81,65,3
99,98296,מעטפות חיצוניות,9999,296.0,0,0,0,636,8,628,95,53,34,89,33,34,13,2,6,28,87,139,15
99,98297,מעטפות חיצוניות,9999,297.0,0,0,0,641,4,637,93,110,54,94,30,31,24,11,6,13,26,100,45
99,98298,מעטפות חיצוניות,9999,298.0,0,0,0,635,2,633,43,76,73,66,16,35,59,1,11,17,31,173,32
99,98300,מעטפות חיצוניות,9999,300.0,0,0,0,630,9,621,94,98,19,40,17,9,0,0,0,29,102,197,16
99,98302,מעטפות חיצוניות,9999,302.0,0,0,0,633,13,620,85,136,93,78,46,13,7,4,0,11,56,78,13
99,98303,מעטפות חיצוניות,9999,303.0,0,0,0,641,11,630,89,106,37,65,5,6,1,7,6,24,83,145,56
99,98304,מעטפות חיצוניות,9999,304.0,0,0,0,643,9,634,35,94,90,82,15,19,55,4,5,37,30,102,66
99,98305,מעטפות חיצוניות,9999,305.0,0,0,0,635,9,626,136,85,38,39,5,0,10,0,0,43,54,196,20
99,98306,מעטפות חיצוניות,9999,306.0,0,0,0,622,9,613,158,79,4,7,24,4,0,0,0,69,66,185,17
99,98307,מעטפות חיצוניות,9999,307.0,0,0,0,645,1,644,144,105,29,48,24,6,0,0,1,20,79,174,14
99,98309,מעטפות חיצוניות,9999,309.0,0,0,0,628,9,619,158,103,14,52,25,5,0,0,0,38,81,108,35
99,98310,מעטפות חיצוניות,9999,310.0,0,0,0,638,8,630,81,88,32,50,90,89,3,6,3,12,20,115,41
99,98311,מעטפות חיצוניות,9999,311.0,0,0,0,622,5,617,108,109,24,60,17,2,6,1,8,52,73,157,0
99,98312,מעטפות חיצוניות,9999,312.0,0,0,0,615,5,610,146,78,37,43,11,11,0,0,0,29,101,121,33
99,98313,מעטפות חיצוניות,9999,313.0,0,0,0,625,6,619,57,115,14,15,74,68,59,0,0,23,38,146,10
99,98314,מעטפות חיצוניות,9999,314.0,0,0,0,630,5,625,237,116,7,77,18,0,0,0,0,21,89,53,7
99,98315,מעטפות חיצוניות,9999,315.0,0,0,0,628,10,618,98,67,8,105,12,4,0,0,0,57,60,194,13
99,98316,מעטפות חיצוניות,9999,316.0,0,0,0,630,1,629,169,107,27,35,20,6,0,0,0,29,44,182,10
99,98317,מעטפות חיצוניות,9999,317.0,0,0,0,599,6,593,97,54,64,80,71,8,18,6,6,51,12,122,4
99,98318,מעטפות חיצוניות,9999,318.0,0,0,0,636,5,631,171,82,30,59,7,1,1,0,0,17,67,183,13
99,98319,מעטפות חיצוניות,9999,319.0,0,0,0,625,6,619,123,108,16,34,15,2,0,0,0,21,86,201,13
99,98320,מעטפות חיצוניות,9999,320.0,0,0,0,636,12,624,71,123,18,17,86,54,0,0,0,38,87,119,11
99,98321,מעטפות חיצוניות,9999,321.0,0,0,0,647,4,643,53,120,6,100,56,17,12,17,3,41,94,112,12
99,98322,מעטפות חיצוניות,9999,322.0,0,0,0,654,6,648,113,94,46,42,56,16,7,20,12,25,51,135,31
99,98323,מעטפות חיצוניות,9999,323.0,0,0,0,603,5,598,150,95,27,28,27,1,3,0,0,50,63,137,17
99,98324,מעטפות חיצוניות,9999,324.0,0,0,0,630,6,624,187,105,9,41,2,0,0,0,0,52,59,130,39
99,98325,מעטפות חיצוניות,9999,325.0,0,0,0,626,12,614,133,90,37,30,1,21,3,0,0,16,98,150,35
99,98326,מעטפות חיצוניות,9999,326.0,0,0,0,629,8,621,152,72,10,57,2,2,4,0,1,77,39,194,11
99,98327,מעטפות חיצוניות,9999,327.0,0,0,0,630,9,621,109,25,33,8,144,73,6,0,4,43,99,62,15
99,98328,מעטפות חיצוניות,9999,328.0,0,0,0,625,12,613,110,64,23,88,33,0,0,1,0,45,63,180,6
99,98329,מעטפות חיצוניות,9999,329.0,0,0,0,566,4,562,158,36,49,88,25,0,0,0,0,54,63,70,19
99,98330,מעטפות חיצוניות,9999,330.0,0,0,0,596,6,590,153,44,23,15,96,48,3,0,0,26,76,106,0
99,98331,מעטפות חיצוניות,9999,331.0,0,0,0,603,3,600,145,92,91,37,47,42,2,1,0,31,34,76,2
99,98332,מעטפות חיצוניות,9999,332.0,0,0,0,643,11,632,92,92,30,30,63,36,18,29,17,48,53,89,35
99,98333,מעטפות חיצוניות,9999,333.0,0,0,0,606,5,601,117,72,34,55,71,42,7,5,1,43,59,93,2
99,98334,מעטפות חיצוניות,9999,334.0,0,0,0,627,6,621,68,82,26,86,48,61,4,5,1,51,57,113,19
99,98335,מעטפות חיצוניות,9999,335.0,0,0,0,644,8,636,70,176,65,36,44,91,9,5,0,12,34,87,7
99,98336,מעטפות חיצוניות,9999,336.0,0,0,0,646,5,641,187,52,31,71,19,14,47,6,3,10,79,99,23
99,98337,מעטפות חיצוניות,9999,337.0,0,0,0,631,5,626,154,85,44,23,29,98,10,8,7,4,35,112,17
99,98338,מעטפות חיצוניות,9999,338.0,0,0,0,633,3,630,118,105,20,60,29,6,0,14,0,24,97,126,31
99,98339,מעטפות חיצוניות,9999,339.0,0,0,0,645,4,641,92,106,55,89,28,17,34,6,4,1,50,113,46
99,98340,מעטפות חיצוניות,9999,340.0,0,0,0,620,9,611,107,75,57,24,39,38,26,36,9,7,17,138,38
99,98341,מעטפות חיצוניות,9999,341.0,0,0,0,621,1,620,74,63,18,51,86,8,10,11,6,32,83,166,12
99,98342,מעטפות חיצוניות,9999,342.0,0,0,0,651,2,649,119,88,64,104,71,6,17,11,14,5,22,122,6
99,98343,מעטפות חיצוניות,9999,343.0,0,0,0,631,10,621,70,104,136,12,40,15,28,14,13,1,35,130,23
99,98344,מעטפות חיצוניות,9999,344.0,0,0,0,636,6,630,131,115,47,53,15,0,0,0,0,54,85,123,7
99,98345,מעטפות חיצוניות,9999,345.0,0,0,0,632,4,628,93,110,23,70,28,5,0,0,0,8,114,166,11
99,98346,מעטפות חיצוניות,9999,346.0,0,0,0,646,6,640,160,60,24,62,30,6,7,7,0,25,46,178,35
99,98347,מעטפות חיצוניות,9999,347.0,0,0,0,645,4,641,108,107,36,82,6,16,1,0,0,11,60,191,23
99,98348,מעטפות חיצוניות,9999,348.0,0,0,0,617,1,616,141,106,48,68,4,2,0,0,0,23,63,147,14
99,98349,מעטפות חיצוניות,9999,349.0,0,0,0,626,10,616,88,61,11,70,94,14,13,25,22,14,29,162,13
99,98350,מעטפות חיצוניות,9999,350.0,0,0,0,633,10,623,142,67,14,57,37,2,2,1,0,7,58,225,11
99,98351,מעטפות חיצוניות,9999,351.0,0,0,0,613,5,608,147,57,41,97,14,1,0,0,0,21,124,86,20
99,98352,מעטפות חיצוניות,9999,352.0,0,0,0,630,4,626,83,49,9,65,46,21,1,6,2,71,71,149,53
99,98353,מעטפות חיצוניות,9999,353.0,0,0,0,631,3,628,186,62,12,34,35,6,26,7,4,48,68,134,6
99,98354,מעטפות חיצוניות,9999,354.0,0,0,0,529,1,528,58,44,26,20,88,85,10,0,0,3,44,139,11
99,98355,מעטפות חיצוניות,9999,355.0,0,0,0,601,1,600,143,102,16,19,71,29,13,4,13,48,28,103,11
99,98356,מעטפות חיצוניות,9999,356.0,0,0,0,643,8,635,77,156,10,77,13,7,63,2,21,21,22,132,34
99,98357,מעטפות חיצוניות,9999,357.0,0,0,0,619,1,618,53,49,28,33,81,40,1,0,0,91,103,82,57
99,98358,מעטפות חיצוניות,9999,358.0,0,0,0,643,2,641,113,35,28,47,144,23,43,7,1,33,64,84,19
99,98359,מעטפות חיצוניות,9999,359.0,0,0,0,624,4,620,93,146,37,71,63,14,7,10,0,50,51,74,4
99,98360,מעטפות חיצוניות,9999,360.0,0,0,0,619,3,616,154,117,48,35,24,0,0,2,0,19,46,151,20
99,98361,מעטפות חיצוניות,9999,361.0,0,0,0,646,4,642,71,154,31,60,5,10,1,0,0,30,46,188,46
99,98362,מעטפות חיצוניות,9999,362.0,0,0,0,625,6,619,52,67,123,67,12,8,30,95,7,21,56,79,2
99,98363,מעטפות חיצוניות,9999,363.0,0,0,0,573,2,571,161,80,14,34,77,4,14,0,2,26,46,98,15
99,98364,מעטפות חיצוניות,9999,364.0,0,0,0,632,26,606,63,62,42,63,14,32,15,33,4,26,111,138,3
99,98365,מעטפות חיצוניות,9999,365.0,0,0,0,637,20,617,140,102,25,55,75,11,6,2,0,52,63,75,11
99,98366,מעטפות חיצוניות,9999,366.0,0,0,0,621,2,619,128,70,19,65,13,35,0,12,0,33,68,121,55
99,98367,מעטפות חיצוניות,9999,367.0,0,0,0,624,1,623,146,96,36,60,59,1,21,6,0,15,41,122,20
99,98368,מעטפות חיצוניות,9999,368.0,0,0,0,624,5,619,133,85,59,48,19,20,13,4,12,48,70,100,8
99,98369,מעטפות חיצוניות,9999,369.0,0,0,0,638,2,636,110,81,37,46,75,23,19,0,0,17,52,136,40
99,98370,מעטפות חיצוניות,9999,370.0,0,0,0,631,4,627,73,167,28,50,50,25,0,0,1,37,68,73,55
99,98371,מעטפות חיצוניות,9999,371.0,0,0,0,632,2,630,152,82,15,31,80,70,1,1,0,15,46,131,6
99,98372,מעטפות חיצוניות,9999,372.0,0,0,0,630,4,626,107,69,22,31,52,2,0,0,0,43,80,183,37
99,98373,מעטפות חיצוניות,9999,373.0,0,0,0,622,8,614,132,148,29,41,35,10,0,1,0,41,47,108,22
99,98374,מעטפות חיצוניות,9999,374.0,0,0,0,618,2,616,129,77,28,63,39,1,25,16,7,30,44,131,26
99,98375,מעטפות חיצוניות,9999,375.0,0,0,0,626,4,622,108,120,32,70,68,25,0,0,0,31,35,112,21
99,98376,מעטפות חיצוניות,9999,376.0,0,0,0,647,2,645,133,33,28,40,95,17,10,56,29,32,87,77,8
99,98377,מעטפות חיצוניות,9999,377.0,0,0,0,650,1,649,152,78,28,43,92,43,4,3,0,9,59,131,7
99,98378,מעטפות חיצוניות,9999,378.0,0,0,0,631,6,625,86,63,16,131,32,46,0,0,2,21,34,125,69
99,98379,מעטפות חיצוניות,9999,379.0,0,0,0,632,1,631,123,67,9,19,40,47,24,0,0,33,31,191,47
99,98380,מעטפות חיצוניות,9999,380.0,0,0,0,633,1,632,104,69,21,68,31,9,13,75,6,24,53,142,17
99,98381,מעטפות חיצוניות,9999,381.0,0,0,0,515,2,513,114,55,21,44,48,2,0,0,0,16,34,154,25
99,98382,מעטפות חיצוניות,9999,382.0,0,0,0,517,2,515,93,85,16,42,50,6,1,4,0,21,112,83,2
99,98383,מעטפות חיצוניות,9999,383.0,0,0,0,541,3,538,45,116,8,87,22,20,1,0,0,28,50,154,7
99,98384,מעטפות חיצוניות,9999,384.0,0,0,0,534,2,532,85,69,40,30,37,44,6,8,0,26,59,79,49
99,98385,מעטפות חיצוניות,9999,385.0,0,0,0,539,4,535,86,120,18,84,8,33,0,0,1,16,9,134,26
99,98386,מעטפות חיצוניות,9999,386.0,0,0,0,520,9,511,57,95,41,20,34,14,0,0,0,38,78,99,35
99,98387,מעטפות חיצוניות,9999,387.0,0,0,0,543,4,539,49,85,46,51,30,9,9,0,0,42,29,155,34
99,98388,מעטפות חיצוניות,9999,388.0,0,0,0,524,6,518,159,80,22,48,22,28,1,0,0,6,47,79,26
99,98389,מעטפות חיצוניות,9999,389.0,0,0,0,538,8,530,48,83,21,65,80,26,52,0,11,1,22,101,20
99,98390,מעטפות חיצוניות,9999,390.0,0,0,0,459,2,457,79,93,42,25,37,0,0,0,0,50,26,94,11
99,98391,מעטפות חיצוניות,9999,391.0,0,0,0,535,6,529,102,131,22,36,35,0,8,0,5,25,66,90,9
99,98393,מעטפות חיצוניות,9999,393.0,0,0,0,519,2,517,112,69,7,62,52,22,0,0,1,14,35,127,16
99,98394,מעטפות חיצוניות,9999,394.0,0,0,0,522,5,517,107,49,14,9,52,79,38,7,1,17,36,73,35
99,98395,מעטפות חיצוניות,9999,395.0,0,0,0,556,3,553,56,111,11,44,15,13,4,31,1,16,72,158,21
99,98396,מעטפות חיצוניות,9999,396.0,0,0,0,529,3,526,55,52,17,76,80,79,0,3,0,40,34,77,13
99,98397,מעטפות חיצוניות,9999,397.0,0,0,0,550,1,549,125,56,22,51,45,99,0,1,0,32,29,73,16
99,98398,מעטפות חיצוניות,9999,398.0,0,0,0,511,3,508,104,51,62,73,23,12,0,0,0,4,45,121,13
99,98399,מעטפות חיצוניות,9999,399.0,0,0,0,299,3,296,40,29,25,21,56,53,2,0,1,7,16,40,6
99,98400,מעטפות חיצוניות,9999,400.0,0,0,0,322,4,318,49,42,6,28,7,32,3,0,0,7,31,76,37
99,98401,מעטפות חיצוניות,9999,401.0,0,0,0,525,1,524,86,91,35,46,19,29,0,4,0,69,45,89,11
99,98402,מעטפות חיצוניות,9999,402.0,0,0,0,530,10,520,115,82,43,33,12,18,0,0,0,2,52,150,13
99,98403,מעטפות חיצוניות,9999,403.0,0,0,0,519,4,515,54,29,114,22,78,50,0,0,6,12,14,101,35
99,98404,מעטפות חיצוניות,9999,404.0,0,0,0,530,3,527,82,86,28,91,37,22,0,0,0,29,39,88,25
99,98405,מעטפות חיצוניות,9999,405.0,0,1,0,533,0,533,134,75,38,101,13,16,10,11,0,18,29,69,19
99,98406,מעטפות חיצוניות,9999,406.0,0,0,0,529,0,529,96,91,13,51,73,26,9,0,0,9,37,111,13
99,98407,מעטפות חיצוניות,9999,407.0,0,0,0,525,1,524,113,43,18,39,121,36,1,2,0,20,73,50,8
99,98408,מעטפות חיצוניות,9999,408.0,0,0,0,537,2,535,123,106,24,10,22,0,2,0,0,77,63,97,11
99,98409,מעטפות חיצוניות,9999,409.0,0,0,0,529,6,523,94,91,14,18,27,13,0,0,0,44,45,161,16
99,98410,מעטפות חיצוניות,9999,410.0,0,0,0,539,4,535,57,84,22,92,41,62,1,27,0,7,29,91,22
99,98411,מעטפות חיצוניות,9999,411.0,0,0,0,529,4,525,85,60,11,35,125,65,1,0,1,15,35,82,10
99,98412,מעטפות חיצוניות,9999,412.0,0,0,0,536,3,533,102,104,41,52,44,21,10,3,0,13,23,113,7
99,98413,מעטפות חיצוניות,9999,413.0,0,0,0,519,5,514,68,76,19,17,52,75,1,0,0,50,43,98,15
99,98414,מעטפות חיצוניות,9999,414.0,0,0,0,538,8,530,86,123,24,74,25,9,0,0,0,16,31,132,10
99,98415,מעטפות חיצוניות,9999,415.0,0,0,0,503,3,500,126,79,18,58,8,47,0,1,0,26,17,91,29
99,98416,מעטפות חיצוניות,9999,416.0,0,0,0,536,1,535,32,64,35,25,68,98,9,0,1,18,45,134,6
99,98417,מעטפות חיצוניות,9999,417.0,0,0,0,535,4,531,88,36,21,27,44,57,33,0,1,23,37,156,8
99,98418,מעטפות חיצוניות,9999,418.0,0,0,0,525,2,523,47,74,20,39,51,47,3,1,0,45,41,146,9
99,98419,מעטפות חיצוניות,9999,419.0,0,0,0,525,4,521,154,82,13,35,36,48,5,1,0,22,22,90,13
99,98420,מעטפות חיצוניות,9999,420.0,0,0,0,522,2,520,48,53,14,26,48,40,0,1,1,37,83,160,9
99,98421,מעטפות חיצוניות,9999,421.0,0,0,0,320,1,319,35,30,18,31,69,25,0,0,0,9,26,64,12
99,98422,מעטפות חיצוניות,9999,422.0,0,0,0,199,4,195,34,47,6,9,13,21,3,0,0,5,17,39,1
99,98423,מעטפות חיצוניות,9999,423.0,0,0,0,323,1,322,63,49,11,27,15,19,0,1,0,14,29,89,5
99,98424,מעטפות חיצוניות,9999,424.0,0,0,0,318,1,317,86,63,10,21,17,2,0,0,0,12,14,86,6
99,98426,מעטפות חיצוניות,9999,426.0,0,0,0,637,4,633,97,102,48,41,68,10,13,0,0,61,72,92,29
99,98427,מעטפות חיצוניות,9999,427.0,0,0,0,647,5,642,63,72,79,126,10,0,46,20,2,17,19,162,26
99,98429,מעטפות חיצוניות,9999,429.0,0,0,0,634,6,628,121,150,15,84,17,0,16,2,8,9,62,122,22
99,98430,מעטפות חיצוניות,9999,430.0,0,0,0,629,4,625,79,55,47,69,6,9,17,33,3,32,74,188,13
99,98431,מעטפות חיצוניות,9999,431.0,0,0,0,503,5,498,80,40,21,8,36,7,0,0,0,37,115,119,35
99,98432,מעטפות חיצוניות,9999,432.0,0,0,0,622,2,620,162,118,8,25,10,4,0,0,0,30,66,165,32
99,98433,מעטפות חיצוניות,9999,433.0,0,0,0,547,5,542,84,72,4,64,28,12,1,29,3,32,51,139,23
99,98434,מעטפות חיצוניות,9999,434.0,0,0,0,626,2,624,82,63,48,16,42,24,61,21,2,54,73,119,19
99,98435,מעטפות חיצוניות,9999,435.0,0,0,0,625,2,623,77,51,18,61,46,17,33,162,1,6,41,110,0
99,98437,מעטפות חיצוניות,9999,437.0,0,0,0,627,3,624,105,111,18,48,12,1,0,0,0,33,115,161,20
99,98438,מעטפות חיצוניות,9999,438.0,0,0,0,629,6,623,124,63,1,73,30,8,53,36,23,6,45,148,13
99,98439,מעטפות חיצוניות,9999,439.0,0,0,0,637,2,635,102,65,33,79,85,81,1,0,0,8,27,137,17
99,98440,מעטפות חיצוניות,9999,440.0,0,0,0,621,6,615,71,42,22,36,36,17,1,31,10,16,129,193,11
99,98441,מעטפות חיצוניות,9999,441.0,0,0,0,641,3,638,144,160,25,67,26,2,2,0,0,23,38,132,19
99,98442,מעטפות חיצוניות,9999,442.0,0,0,0,635,2,633,149,59,43,90,48,33,6,0,0,15,32,122,36
99,98443,מעטפות חיצוניות,9999,443.0,0,0,0,639,2,637,83,109,43,65,23,13,2,0,0,51,51,191,6
99,98444,מעטפות חיצוניות,9999,444.0,0,0,0,627,4,623,141,82,2,93,4,13,0,0,0,8,41,230,9
99,98445,מעטפות חיצוניות,9999,445.0,0,0,0,627,2,625,132,62,21,60,6,36,4,8,0,37,62,137,60
99,98446,מעטפות חיצוניות,9999,446.0,0,0,0,628,10,618,122,123,47,36,9,16,2,3,0,39,85,127,9
99,98447,מעטפות חיצוניות,9999,447.0,0,0,0,621,3,618,133,132,28,23,59,12,14,45,8,52,28,79,5
99,98448,מעטפות חיצוניות,9999,448.0,0,0,0,647,8,639,165,98,20,62,25,21,2,0,0,13,33,187,13
99,98449,מעטפות חיצוניות,9999,449.0,0,0,0,629,14,615,168,48,42,65,23,0,1,0,0,26,93,123,26
99,98450,מעטפות חיצוניות,9999,450.0,0,0,0,633,9,624,127,109,50,99,53,0,0,0,0,37,48,95,6
99,98451,מעטפות חיצוניות,9999,451.0,0,0,0,632,8,624,47,103,8,46,45,54,12,0,0,14,93,152,50
99,98452,מעטפות חיצוניות,9999,452.0,0,0,0,582,3,579,81,97,34,35,51,51,13,16,1,19,44,135,2
99,98453,מעטפות חיצוניות,9999,453.0,0,0,0,634,5,629,129,98,50,52,16,45,15,34,0,4,76,105,5
99,98454,מעטפות חיצוניות,9999,454.0,0,0,0,605,5,600,125,103,18,84,1,15,0,0,0,27,48,171,8
99,98455,מעטפות חיצוניות,9999,455.0,0,0,0,641,2,639,118,105,52,53,24,3,0,0,0,21,161,85,17
99,98458,מעטפות חיצוניות,9999,458.0,0,0,0,621,3,618,151,102,20,77,11,0,0,0,0,40,91,110,16
99,98459,מעטפות חיצוניות,9999,459.0,0,0,0,579,3,576,150,70,27,33,16,3,0,0,0,68,92,84,33
99,98460,מעטפות חיצוניות,9999,460.0,0,0,0,624,1,623,189,120,42,52,6,6,0,0,0,35,24,131,18
99,98461,מעטפות חיצוניות,9999,461.0,0,0,0,631,1,630,82,144,40,79,18,13,0,0,0,25,67,149,13
99,98462,מעטפות חיצוניות,9999,462.0,0,0,0,631,5,626,63,76,35,42,68,8,28,5,34,38,89,116,24
99,98463,מעטפות חיצוניות,9999,463.0,0,0,0,633,23,610,120,110,22,55,26,0,4,3,0,20,37,156,57
99,98464,מעטפות חיצוניות,9999,464.0,0,0,0,634,5,629,68,83,11,61,47,100,13,12,29,25,100,71,9
99,98465,מעטפות חיצוניות,9999,465.0,0,0,0,646,9,637,43,140,25,142,16,11,34,1,3,17,18,168,19
99,98466,מעטפות חיצוניות,9999,466.0,0,0,0,645,4,641,112,155,38,60,8,0,0,0,0,57,38,160,13
99,98467,מעטפות חיצוניות,9999,467.0,0,0,0,619,4,615,107,84,42,114,14,6,0,0,0,5,70,141,32
99,98468,מעטפות חיצוניות,9999,468.0,0,0,0,624,3,621,117,103,32,66,41,0,7,0,0,89,58,74,34
99,98469,מעטפות חיצוניות,9999,469.0,0,0,0,631,3,628,189,89,42,35,63,3,4,8,0,13,45,132,5
99,98470,מעטפות חיצוניות,9999,470.0,0,0,0,634,3,631,124,76,20,83,31,17,0,0,0,79,96,101,4
99,98471,מעטפות חיצוניות,9999,471.0,0,0,0,621,9,612,103,106,10,42,1,4,0,1,0,8,67,265,5
99,98472,מעטפות חיצוניות,9999,472.0,0,0,0,640,2,638,123,107,34,57,40,24,44,10,4,32,39,87,37
99,98473,מעטפות חיצוניות,9999,473.0,0,0,0,635,6,629,137,129,13,54,4,1,0,0,0,61,72,128,30
99,98474,מעטפות חיצוניות,9999,474.0,0,0,0,624,3,621,177,96,21,18,29,10,1,0,0,52,82,115,20
99,98475,מעטפות חיצוניות,9999,475.0,0,0,0,614,10,604,56,115,39,37,24,60,4,28,0,37,61,126,17
99,98477,מעטפות חיצוניות,9999,477.0,0,0,0,624,5,619,88,105,17,53,19,7,44,38,36,20,83,108,1
99,98479,מעטפות חיצוניות,9999,479.0,0,0,0,637,3,634,149,135,29,46,15,6,1,0,0,29,36,169,19
99,98480,מעטפות חיצוניות,9999,480.0,0,0,0,620,4,616,146,69,7,68,31,17,22,34,13,10,62,129,8
99,98481,מעטפות חיצוניות,9999,481.0,0,0,0,623,4,619,170,79,31,33,6,0,0,0,0,33,49,204,14
99,98482,מעטפות חיצוניות,9999,482.0,0,0,0,627,13,614,131,61,19,86,8,11,1,55,0,8,103,130,1
99,98483,מעטפות חיצוניות,9999,483.0,0,0,0,626,6,620,52,98,30,57,42,17,6,19,1,21,75,131,71
99,98484,מעטפות חיצוניות,9999,484.0,0,0,0,621,4,617,113,60,25,23,65,5,2,72,15,46,57,114,20
99,98485,מעטפות חיצוניות,9999,485.0,0,0,0,620,10,610,76,118,12,104,75,22,11,14,5,38,37,85,13
99,98486,מעטפות חיצוניות,9999,486.0,0,0,0,635,8,627,256,81,10,38,21,6,0,1,0,48,77,87,2
99,98487,מעטפות חיצוניות,9999,487.0,0,0,0,622,6,616,147,87,15,64,17,3,0,0,0,32,53,173,25
99,98488,מעטפות חיצוניות,9999,488.0,0,0,0,644,5,639,79,118,48,126,1,0,5,1,0,27,46,160,28
99,98489,מעטפות חיצוניות,9999,489.0,0,0,0,609,3,606,61,43,43,88,44,36,18,19,41,6,73,127,7
99,98490,מעטפות חיצוניות,9999,490.0,0,0,0,620,0,620,111,79,31,50,15,8,0,0,0,18,181,112,15
99,98491,מעטפות חיצוניות,9999,491.0,0,0,0,634,1,633,154,59,20,31,20,18,61,26,0,43,63,113,25
99,98492,מעטפות חיצוניות,9999,492.0,0,0,0,620,5,615,158,73,32,37,40,3,0,0,0,68,47,148,9
99,98493,מעטפות חיצוניות,9999,493.0,0,0,0,633,6,627,163,94,24,34,12,2,0,0,0,19,95,148,36
99,98494,מעטפות חיצוניות,9999,494.0,0,0,0,629,13,616,166,68,41,29,27,0,0,0,0,38,87,147,13
99,98495,מעטפות חיצוניות,9999,495.0,0,0,0,640,3,637,109,80,17,55,44,6,11,4,0,29,67,187,28
99,98496,מעטפות חיצוניות,9999,496.0,0,0,0,646,3,643,119,70,42,41,45,37,6,5,21,18,71,148,20
99,98497,מעטפות חיצוניות,9999,497.0,0,0,0,636,2,634,105,60,26,44,55,27,24,21,9,28,92,142,1
99,98499,מעטפות חיצוניות,9999,499.0,0,0,0,632,4,628,157,62,23,22,14,32,14,18,1,33,110,138,4
99,98500,מעטפות חיצוניות,9999,500.0,0,0,0,630,5,625,101,121,27,85,37,5,0,0,0,21,101,102,25
99,98501,מעטפות חיצוניות,9999,501.0,0,0,0,506,4,502,89,56,8,44,40,11,1,5,0,49,36,142,21
99,98502,מעטפות חיצוניות,9999,502.0,0,0,0,620,6,614,101,127,28,51,20,5,3,0,0,45,39,187,8
99,98503,מעטפות חיצוניות,9999,503.0,0,0,0,626,3,623,90,97,22,25,54,90,16,48,0,29,35,98,19
99,98504,מעטפות חיצוניות,9999,504.0,0,0,0,522,5,517,42,64,18,15,60,50,14,15,0,14,102,120,3
99,98505,מעטפות חיצוניות,9999,505.0,0,0,0,668,8,660,94,121,10,97,38,24,0,0,0,18,13,233,12
99,98506,מעטפות חיצוניות,9999,506.0,0,0,0,527,2,525,73,34,5,23,38,80,0,3,0,34,89,136,10
99,98507,מעטפות חיצוניות,9999,507.0,0,0,0,531,5,526,47,44,5,19,100,36,0,2,0,45,112,110,6
99,98508,מעטפות חיצוניות,9999,508.0,0,0,0,519,4,515,73,71,25,28,18,33,2,0,0,43,80,131,11
99,98509,מעטפות חיצוניות,9999,509.0,0,0,0,520,4,516,114,94,38,16,31,35,0,0,0,17,60,95,16
99,98510,מעטפות חיצוניות,9999,510.0,0,0,0,522,0,522,88,52,27,59,66,72,2,0,27,35,35,53,6
99,98511,מעטפות חיצוניות,9999,511.0,0,0,0,638,2,636,107,70,36,59,35,0,0,0,0,41,41,204,43
99,98512,מעטפות חיצוניות,9999,512.0,0,0,0,530,1,529,129,72,14,45,20,8,0,10,0,9,104,112,6
99,98513,מעטפות חיצוניות,9999,513.0,0,0,0,632,8,624,169,69,20,60,6,0,3,0,0,35,54,196,12
99,98514,מעטפות חיצוניות,9999,514.0,0,0,0,524,6,518,94,45,47,18,53,47,10,3,0,40,42,110,9
99,98515,מעטפות חיצוניות,9999,515.0,0,0,0,516,1,515,92,88,13,10,54,22,4,11,0,12,66,87,56
99,98516,מעטפות חיצוניות,9999,516.0,0,0,0,517,3,514,105,18,68,16,18,38,22,1,0,33,72,108,15
99,98517,מעטפות חיצוניות,9999,517.0,0,0,0,524,13,511,96,66,10,32,51,57,7,9,0,9,47,116,11
99,98518,מעטפות חיצוניות,9999,518.0,0,0,0,524,4,520,94,73,40,26,43,54,5,2,0,22,44,101,16
99,98519,מעטפות חיצוניות,9999,519.0,0,0,0,316,1,315,43,30,3,12,29,23,0,0,2,33,80,59,1
99,98520,מעטפות חיצוניות,9999,520.0,0,0,0,512,3,509,68,36,10,18,77,105,1,0,0,64,63,48,19
99,98521,מעטפות חיצוניות,9999,521.0,0,0,0,621,4,617,72,61,43,35,63,43,4,7,1,70,81,132,5
99,98522,מעטפות חיצוניות,9999,522.0,0,0,0,522,2,520,112,80,17,22,43,52,6,1,0,23,63,95,6
99,98523,מעטפות חיצוניות,9999,523.0,0,0,0,311,2,309,43,17,6,10,54,31,1,0,0,33,76,36,2
99,98524,מעטפות חיצוניות,9999,524.0,0,0,0,317,0,317,59,13,16,5,62,49,2,1,9,10,44,36,11
99,98525,מעטפות חיצוניות,9999,525.0,0,0,0,326,6,320,22,53,11,29,18,40,0,3,0,27,46,69,2
99,98526,מעטפות חיצוניות,9999,526.0,0,0,0,326,2,324,27,53,90,51,15,14,9,0,1,2,9,49,4
99,98527,מעטפות חיצוניות,9999,527.0,0,0,0,314,4,310,112,27,17,42,2,0,0,0,0,22,25,57,6
99,98528,מעטפות חיצוניות,9999,528.0,0,0,0,214,1,213,35,15,10,29,10,9,7,0,0,14,8,71,5
99,98532,מעטפות חיצוניות,9999,532.0,0,0,0,210,0,210,61,26,12,8,3,0,0,2,0,4,22,67,5
99,98533,מעטפות חיצוניות,9999,533.0,0,0,0,314,1,313,45,9,26,5,22,27,9,0,2,40,65,61,2
99,98541,מעטפות חיצוניות,9999,541.0,0,0,0,517,2,515,105,101,21,88,10,0,0,0,0,23,38,122,7
99,98542,מעטפות חיצוניות,9999,542.0,0,0,0,640,3,637,113,104,27,65,19,24,0,0,0,45,68,156,16
99,98543,מעטפות חיצוניות,9999,543.0,0,0,0,627,5,622,158,104,8,26,15,5,0,0,0,38,69,177,22
99,98551,מעטפות חיצוניות,9999,551.0,0,0,0,632,5,627,97,54,16,62,97,94,5,1,0,23,75,88,15
99,98552,מעטפות חיצוניות,9999,552.0,0,0,0,627,10,617,169,85,16,59,11,13,0,1,0,60,79,90,34
99,98553,מעטפות חיצוניות,9999,553.0,0,0,0,571,1,570,63,101,17,21,52,44,28,19,0,62,51,83,29
99,98554,מעטפות חיצוניות,9999,554.0,0,0,0,637,3,634,148,60,29,40,54,47,11,21,0,21,68,122,13
99,98555,מעטפות חיצוניות,9999,555.0,0,0,0,620,1,619,79,86,40,63,56,5,10,12,2,31,82,141,12
99,98557,מעטפות חיצוניות,9999,557.0,0,0,0,534,14,520,67,87,70,24,53,6,2,26,18,6,21,121,19
99,98559,מעטפות חיצוניות,9999,559.0,0,0,0,627,3,624,89,23,89,82,35,3,2,52,2,30,121,45,51
99,98560,מעטפות חיצוניות,9999,560.0,0,0,0,612,9,603,112,59,22,39,73,92,3,12,8,54,18,107,4
99,98561,מעטפות חיצוניות,9999,561.0,0,0,0,628,9,619,142,93,36,54,31,3,20,26,0,25,37,130,22
99,98562,מעטפות חיצוניות,9999,562.0,0,0,0,488,1,487,56,56,26,114,16,26,4,0,2,19,16,138,14
99,98563,מעטפות חיצוניות,9999,563.0,0,0,0,622,2,620,85,110,14,48,121,45,43,2,5,63,26,55,3
99,98564,מעטפות חיצוניות,9999,564.0,0,0,0,627,1,626,118,96,53,104,12,28,13,15,1,31,24,119,12
99,98565,מעטפות חיצוניות,9999,565.0,0,0,0,629,4,625,97,106,10,49,71,49,15,0,0,33,91,89,15
99,98570,מעטפות חיצוניות,9999,570.0,0,0,0,610,3,607,97,78,23,21,87,75,2,4,0,13,60,123,24
99,98571,מעטפות חיצוניות,9999,571.0,0,0,0,436,2,434,16,128,29,70,26,15,6,5,11,5,20,87,16
99,98572,מעטפות חיצוניות,9999,572.0,0,0,0,655,4,651,100,136,50,79,31,27,21,7,7,4,36,108,45
99,98573,מעטפות חיצוניות,9999,573.0,0,0,0,624,5,619,129,41,53,37,102,7,3,9,1,29,61,140,7
99,98574,מעטפות חיצוניות,9999,574.0,0,0,0,654,0,654,73,168,19,80,11,18,37,32,5,10,20,158,23
99,98575,מעטפות חיצוניות,9999,575.0,0,0,0,658,3,655,191,144,38,53,6,5,1,0,2,32,19,137,27
99,98577,מעטפות חיצוניות,9999,577.0,0,0,0,636,4,632,81,70,13,59,125,105,2,0,1,48,32,95,1
99,98578,מעטפות חיצוניות,9999,578.0,0,0,0,621,1,620,172,58,31,45,37,8,8,6,11,39,84,98,23
99,98579,מעטפות חיצוניות,9999,579.0,0,0,0,634,6,628,72,133,27,59,32,0,30,19,12,51,22,167,4
99,98580,מעטפות חיצוניות,9999,580.0,0,0,0,631,5,626,77,71,22,116,10,33,40,4,1,4,42,166,40
99,98581,מעטפות חיצוניות,9999,581.0,0,0,0,628,8,620,98,54,52,48,161,76,19,5,0,17,35,52,3
99,98586,מעטפות חיצוניות,9999,586.0,0,0,0,633,1,632,112,83,43,43,36,39,2,2,0,23,67,156,26
99,98591,מעטפות חיצוניות,9999,591.0,0,0,0,827,2,825,200,81,41,40,44,14,19,25,0,15,46,247,53
99,98592,מעטפות חיצוניות,9999,592.0,0,0,0,636,13,623,100,65,111,16,41,81,23,24,3,61,29,63,6
99,98594,מעטפות חיצוניות,9999,594.0,0,0,0,635,2,633,146,74,3,86,63,46,5,3,0,51,50,96,10
99,98595,מעטפות חיצוניות,9999,595.0,0,0,0,640,16,624,139,93,36,56,32,22,4,36,14,11,44,113,24
99,98596,מעטפות חיצוניות,9999,596.0,0,0,0,626,4,622,143,80,32,53,45,30,0,0,1,37,107,80,14
99,98597,מעטפות חיצוניות,9999,597.0,0,0,0,639,9,630,91,129,58,64,13,18,20,1,0,2,13,208,13
99,98598,מעטפות חיצוניות,9999,598.0,0,0,0,434,4,430,57,60,17,106,11,13,8,1,0,10,41,93,13
99,98599,מעטפות חיצוניות,9999,599.0,0,0,0,629,6,623,67,62,21,54,26,42,3,12,5,36,85,185,25
99,98600,מעטפות חיצוניות,9999,600.0,0,0,0,636,5,631,63,186,12,76,27,1,0,0,3,31,85,141,6
99,98601,מעטפות חיצוניות,9999,601.0,0,0,0,619,2,617,120,80,23,50,55,12,5,75,2,53,34,105,3
99,98602,מעטפות חיצוניות,9999,602.0,0,0,0,645,2,643,96,144,9,58,90,26,12,0,0,5,53,142,8
99,98603,מעטפות חיצוניות,9999,603.0,0,0,0,577,4,573,122,62,21,16,57,20,22,21,9,32,47,136,8
99,98604,מעטפות חיצוניות,9999,604.0,0,0,0,664,8,656,88,170,82,70,16,28,31,0,0,13,45,107,6
99,98605,מעטפות חיצוניות,9999,605.0,0,0,0,650,9,641,104,151,31,144,25,1,19,5,2,6,30,122,1
99,98606,מעטפות חיצוניות,9999,606.0,0,0,0,659,3,656,87,104,74,83,28,5,42,6,0,9,18,190,10
99,98607,מעטפות חיצוניות,9999,607.0,0,0,0,632,6,626,104,142,7,84,28,18,2,0,0,40,16,169,16
99,98608,מעטפות חיצוניות,9999,608.0,0,0,0,628,5,623,171,69,14,24,95,52,0,7,3,50,34,76,28
99,98610,מעטפות חיצוניות,9999,610.0,0,0,0,647,9,638,90,135,43,73,9,2,51,28,6,4,60,120,17
99,98612,מעטפות חיצוניות,9999,612.0,0,0,0,532,5,527,49,77,28,93,61,22,63,7,1,12,45,67,2
99,98613,מעטפות חיצוניות,9999,613.0,0,0,0,528,11,517,104,52,17,105,9,4,6,14,2,38,34,124,8
99,98614,מעטפות חיצוניות,9999,614.0,0,0,0,608,12,596,85,105,31,17,22,9,9,36,1,24,91,149,17
99,98615,מעטפות חיצוניות,9999,615.0,0,0,0,635,8,627,56,137,132,20,31,54,9,6,5,4,48,123,2
99,98616,מעטפות חיצוניות,9999,616.0,0,0,0,627,6,621,99,74,10,60,38,2,6,2,1,42,109,148,30
99,98617,מעטפות חיצוניות,9999,617.0,0,0,0,620,5,615,153,32,19,60,24,27,48,28,38,32,59,82,13
99,98618,מעטפות חיצוניות,9999,618.0,0,0,0,628,5,623,110,51,23,65,32,55,8,11,12,21,68,129,38
99,98619,מעטפות חיצוניות,9999,619.0,0,0,0,751,8,743,89,63,41,98,70,20,64,12,18,38,105,100,25
99,98620,מעטפות חיצוניות,9999,620.0,0,0,0,631,6,625,54,95,19,92,57,47,4,2,7,21,89,132,6
99,98622,מעטפות חיצוניות,9999,622.0,0,0,0,435,4,431,63,66,34,92,11,1,13,19,4,1,7,100,20
99,98623,מעטפות חיצוניות,9999,623.0,0,0,0,625,4,621,148,73,91,53,44,20,12,20,0,4,12,141,3
99,98624,מעטפות חיצוניות,9999,624.0,0,0,0,634,4,630,112,154,14,43,76,19,5,0,7,6,48,129,17
99,98626,מעטפות חיצוניות,9999,626.0,0,0,0,630,3,627,173,90,26,28,43,21,0,0,0,39,67,128,12
99,98627,מעטפות חיצוניות,9999,627.0,0,0,0,612,8,604,104,61,100,51,25,4,11,4,2,11,118,100,13
99,98628,מעטפות חיצוניות,9999,628.0,0,0,0,642,8,634,114,173,46,32,60,12,10,8,0,3,26,146,4
99,98630,מעטפות חיצוניות,9999,630.0,0,0,0,423,6,417,49,85,9,70,46,26,27,4,1,15,25,56,4
99,98631,מעטפות חיצוניות,9999,631.0,0,0,0,654,4,650,137,123,10,117,24,15,10,31,5,11,45,112,10
99,98632,מעטפות חיצוניות,9999,632.0,0,0,0,626,4,622,85,51,13,63,6,23,41,24,28,62,124,85,17
99,98633,מעטפות חיצוניות,9999,633.0,0,0,0,652,1,651,22,117,70,100,11,5,6,8,4,14,58,221,15
99,98635,מעטפות חיצוניות,9999,635.0,0,0,0,639,16,623,75,113,38,104,13,2,56,8,27,31,40,105,11
99,98636,מעטפות חיצוניות,9999,636.0,0,0,0,620,6,614,80,45,17,113,60,9,66,6,3,31,26,149,9
99,98637,מעטפות חיצוניות,9999,637.0,0,0,0,622,6,616,148,44,35,22,56,35,23,18,2,43,42,145,3
99,98638,מעטפות חיצוניות,9999,638.0,0,0,0,629,4,625,64,121,30,47,26,1,36,25,15,29,71,152,8
99,98639,מעטפות חיצוניות,9999,639.0,0,0,0,626,6,620,142,62,20,46,82,21,18,12,19,25,50,117,6
99,98640,מעטפות חיצוניות,9999,640.0,0,0,0,573,8,565,72,79,117,33,22,40,2,5,0,19,43,118,15
99,98641,מעטפות חיצוניות,9999,641.0,0,0,0,262,2,260,42,32,3,37,8,0,3,14,7,4,19,73,18
99,98642,מעטפות חיצוניות,9999,642.0,0,0,0,624,2,622,125,87,28,63,24,3,28,60,2,52,20,112,18
99,98643,מעטפות חיצוניות,9999,643.0,0,0,0,632,2,630,69,106,84,39,33,21,1,22,0,27,19,157,52
99,98644,מעטפות חיצוניות,9999,644.0,0,0,0,626,2,624,103,89,33,83,18,8,24,30,17,12,40,132,35
99,98645,מעטפות חיצוניות,9999,645.0,0,0,0,629,0,629,97,63,42,97,70,7,61,2,20,13,10,135,12
99,98646,מעטפות חיצוניות,9999,646.0,0,0,0,631,8,623,160,42,169,34,33,2,14,3,0,6,41,110,9
99,98647,מעטפות חיצוניות,9999,647.0,0,0,0,655,2,653,106,103,104,61,61,9,2,0,5,1,5,187,9
99,98648,מעטפות חיצוניות,9999,648.0,0,0,0,617,2,615,189,78,12,12,16,31,10,24,6,45,32,136,24
99,98649,מעטפות חיצוניות,9999,649.0,0,0,0,621,3,618,126,79,25,67,27,30,13,25,2,10,97,113,4
99,98650,מעטפות חיצוניות,9999,650.0,0,0,0,620,6,614,60,59,55,23,140,15,29,16,9,75,43,86,4
99,98651,מעטפות חיצוניות,9999,651.0,0,0,0,209,1,208,51,20,15,6,37,10,10,0,0,5,18,33,3
99,98656,מעטפות חיצוניות,9999,656.0,0,0,0,210,2,208,20,27,25,8,18,24,2,0,1,16,14,47,6
99,98659,מעטפות חיצוניות,9999,659.0,0,0,0,647,2,645,50,63,17,93,39,12,11,1,6,54,40,230,29
99,98661,מעטפות חיצוניות,9999,661.0,0,0,0,209,4,205,50,23,14,16,20,9,3,4,0,19,5,33,9
99,98668,מעטפות חיצוניות,9999,668.0,0,0,0,214,3,211,19,54,17,15,19,8,1,0,15,6,12,39,6
99,98669,מעטפות חיצוניות,9999,669.0,0,0,0,209,2,207,36,24,17,18,12,4,1,1,3,11,8,69,3
99,98670,מעטפות חיצוניות,9999,670.0,0,0,0,206,3,203,37,48,8,12,13,10,0,0,0,25,9,30,11
99,98701,מעטפות חיצוניות,9999,701.0,0,0,0,632,9,623,94,87,36,26,60,97,23,0,0,50,88,57,5
99,98702,מעטפות חיצוניות,9999,702.0,0,0,0,630,13,617,112,83,88,41,22,16,70,6,0,13,51,110,5
99,98703,מעטפות חיצוניות,9999,703.0,0,0,0,634,5,629,98,103,23,53,62,69,11,14,0,25,58,108,5
99,98705,מעטפות חיצוניות,9999,705.0,0,0,0,650,2,648,93,42,13,43,123,132,2,1,0,34,60,103,2
99,98706,מעטפות חיצוניות,9999,706.0,0,0,0,634,1,633,48,72,37,4,84,150,22,1,0,32,80,95,8
99,98707,מעטפות חיצוניות,9999,707.0,0,0,0,629,9,620,76,80,35,36,25,53,2,33,1,7,114,138,20
99,98709,מעטפות חיצוניות,9999,709.0,0,0,0,629,0,629,74,65,15,49,53,34,1,3,1,60,61,178,35
99,98710,מעטפות חיצוניות,9999,710.0,0,0,0,628,1,627,67,45,12,19,125,35,0,0,2,38,158,123,3
99,98711,מעטפות חיצוניות,9999,711.0,0,0,0,634,3,631,107,88,22,43,52,55,14,0,0,7,87,115,41
99,98713,מעטפות חיצוניות,9999,713.0,0,0,0,652,4,648,39,110,23,148,44,40,2,12,0,26,44,158,2
99,98714,מעטפות חיצוניות,9999,714.0,0,0,0,632,3,629,69,103,0,28,24,33,0,0,0,55,210,84,23
99,98715,מעטפות חיצוניות,9999,715.0,0,0,0,649,1,648,87,145,18,38,42,6,2,1,0,19,76,180,34
99,98716,מעטפות חיצוניות,9999,716.0,0,0,0,656,0,656,20,93,38,164,59,38,13,8,12,8,37,155,11
99,98717,מעטפות חיצוניות,9999,717.0,0,0,0,625,5,620,147,65,48,18,33,2,16,49,11,32,61,118,20
99,98718,מעטפות חיצוניות,9999,718.0,0,0,0,661,2,659,113,133,88,68,2,9,9,2,0,4,20,198,13
99,98719,מעטפות חיצוניות,9999,719.0,0,0,0,662,6,656,46,80,44,147,8,7,0,1,13,13,71,214,12
99,98720,מעטפות חיצוניות,9999,720.0,0,0,0,638,3,635,76,130,28,80,79,38,25,7,0,12,46,89,25
99,98721,מעטפות חיצוניות,9999,721.0,0,0,0,698,2,696,111,95,73,71,33,1,17,34,2,7,46,193,13
99,98722,מעטפות חיצוניות,9999,722.0,0,0,0,638,3,635,57,89,30,66,94,14,20,1,18,4,34,192,16
99,98723,מעטפות חיצוניות,9999,723.0,0,0,0,619,4,615,71,68,30,31,77,56,2,3,1,17,61,140,58
99,98724,מעטפות חיצוניות,9999,724.0,0,0,0,651,6,645,92,107,31,87,17,0,10,1,6,34,26,189,45
99,98725,מעטפות חיצוניות,9999,725.0,0,0,0,652,3,649,40,163,15,99,20,33,12,23,1,25,65,145,8
99,98727,מעטפות חיצוניות,9999,727.0,0,0,0,647,1,646,69,202,41,89,15,14,14,5,0,19,25,138,15
99,98728,מעטפות חיצוניות,9999,728.0,0,0,0,654,1,653,74,69,22,82,28,3,0,0,0,16,37,307,15
99,98729,מעטפות חיצוניות,9999,729.0,0,0,0,631,5,626,131,121,14,88,46,3,20,5,1,40,30,118,9
99,98730,מעטפות חיצוניות,9999,730.0,0,0,0,648,3,645,89,149,10,85,55,9,40,5,9,11,13,157,13
99,98732,מעטפות חיצוניות,9999,732.0,0,0,0,641,1,640,97,120,48,90,43,23,4,0,0,8,45,154,8
99,98733,מעטפות חיצוניות,9999,733.0,0,0,0,634,2,632,71,65,20,76,3,3,64,17,14,17,133,137,12
99,98734,מעטפות חיצוניות,9999,734.0,0,0,0,626,10,616,61,102,10,23,76,34,4,21,39,19,93,107,27
99,98735,מעטפות חיצוניות,9999,735.0,0,0,0,634,5,629,94,63,72,126,31,18,14,6,0,9,34,128,34
99,98736,מעטפות חיצוניות,9999,736.0,0,0,0,663,1,662,25,163,26,160,8,14,0,16,14,4,6,214,12
99,98737,מעטפות חיצוניות,9999,737.0,0,0,0,635,2,633,130,81,53,26,34,15,25,1,9,32,77,130,20
99,98738,מעטפות חיצוניות,9999,738.0,0,0,0,659,3,656,66,124,70,151,36,0,11,8,3,23,24,125,15
99,98739,מעטפות חיצוניות,9999,739.0,0,0,0,651,8,643,107,94,57,150,28,2,13,5,0,7,22,128,30
99,98740,מעטפות חיצוניות,9999,740.0,0,0,0,666,2,664,56,140,37,146,4,19,1,10,10,4,14,202,21
99,98743,מעטפות חיצוניות,9999,743.0,0,0,0,652,5,647,113,89,30,69,8,52,14,6,9,16,57,170,14
99,98744,מעטפות חיצוניות,9999,744.0,0,0,0,629,5,624,108,85,20,19,84,30,4,10,27,9,94,113,21
99,98747,מעטפות חיצוניות,9999,747.0,0,0,0,630,4,626,101,22,18,14,95,57,49,18,44,19,55,117,17
99,98748,מעטפות חיצוניות,9999,748.0,0,0,0,643,4,639,128,115,28,66,41,9,34,1,9,6,22,161,19
99,98749,מעטפות חיצוניות,9999,749.0,0,0,0,659,4,655,59,116,45,143,6,0,2,1,22,17,54,152,38
99,98750,מעטפות חיצוניות,9999,750.0,0,0,0,651,4,647,49,197,53,89,3,11,30,7,0,3,23,159,23
99,98752,מעטפות חיצוניות,9999,752.0,0,0,0,624,6,618,98,84,46,34,37,25,14,7,32,98,22,108,13
99,98753,מעטפות חיצוניות,9999,753.0,0,0,0,637,11,626,127,41,71,48,49,34,1,33,0,19,78,124,1
99,98754,מעטפות חיצוניות,9999,754.0,0,0,0,666,1,665,67,145,26,237,18,4,5,4,0,27,9,103,20
99,98755,מעטפות חיצוניות,9999,755.0,0,0,0,652,10,642,88,111,114,22,36,15,37,18,3,3,59,122,14
99,98756,מעטפות חיצוניות,9999,756.0,0,0,0,626,8,618,139,45,12,97,35,19,9,41,1,20,100,55,45
99,98757,מעטפות חיצוניות,9999,757.0,0,0,0,630,9,621,92,93,52,46,63,59,25,83,0,4,32,53,19
99,98758,מעטפות חיצוניות,9999,758.0,0,0,0,626,2,624,182,39,51,46,50,61,0,8,0,22,47,109,9
99,98760,מעטפות חיצוניות,9999,760.0,0,0,0,620,0,620,163,72,8,57,18,29,29,0,0,12,45,163,24
99,98762,מעטפות חיצוניות,9999,762.0,0,0,0,651,5,646,115,68,90,73,63,15,11,23,1,4,28,148,7
99,98764,מעטפות חיצוניות,9999,764.0,0,0,0,606,3,603,124,92,33,62,22,13,43,13,4,8,88,94,7
99,98765,מעטפות חיצוניות,9999,765.0,0,0,0,695,5,690,51,115,30,143,31,9,33,0,1,34,23,189,31
99,98766,מעטפות חיצוניות,9999,766.0,0,0,0,668,5,663,63,115,25,87,25,2,69,12,5,13,18,200,29
99,98767,מעטפות חיצוניות,9999,767.0,0,0,0,635,4,631,80,120,1,51,96,81,68,1,17,21,7,80,8
99,98769,מעטפות חיצוניות,9999,769.0,0,0,0,639,1,638,139,27,28,95,31,33,35,9,10,35,63,96,37
99,98770,מעטפות חיצוניות,9999,770.0,0,0,0,636,14,622,82,71,40,27,40,87,72,23,14,13,7,141,5
99,98771,מעטפות חיצוניות,9999,771.0,0,0,0,640,11,629,61,133,36,67,42,37,9,11,27,33,13,144,16
99,98774,מעטפות חיצוניות,9999,774.0,0,0,0,631,5,626,193,37,14,39,39,54,8,2,40,43,28,113,16
99,98778,מעטפות חיצוניות,9999,778.0,0,0,0,536,2,534,74,107,16,37,83,110,1,0,0,5,37,60,4
99,98779,מעטפות חיצוניות,9999,779.0,0,0,0,531,3,528,66,24,5,18,77,87,4,6,0,61,126,45,9
99,98781,מעטפות חיצוניות,9999,781.0,0,0,0,633,8,625,81,102,106,48,42,6,37,2,2,14,28,139,18
99,98782,מעטפות חיצוניות,9999,782.0,0,0,0,571,0,571,72,70,37,50,47,8,36,22,4,9,78,128,10
99,98783,מעטפות חיצוניות,9999,783.0,0,0,0,620,9,611,80,117,14,50,21,1,30,70,22,48,45,97,16
99,98787,מעטפות חיצוניות,9999,787.0,0,0,0,649,8,641,187,139,40,51,26,32,0,14,0,23,53,65,11
99,98789,מעטפות חיצוניות,9999,789.0,0,0,0,609,6,603,58,148,87,30,69,8,15,1,0,51,35,96,5
99,98790,מעטפות חיצוניות,9999,790.0,0,0,0,642,3,639,72,46,74,52,29,53,29,14,6,37,50,164,13
99,98796,מעטפות חיצוניות,9999,796.0,0,0,0,318,1,317,38,23,16,27,18,8,21,25,1,16,32,85,7
99,98797,מעטפות חיצוניות,9999,797.0,0,0,0,264,4,260,27,35,33,36,17,5,1,4,5,5,34,52,6
99,98799,מעטפות חיצוניות,9999,799.0,0,0,0,254,1,253,31,37,9,32,28,3,10,9,19,5,29,37,4
99,98802,מעטפות חיצוניות,9999,802.0,0,0,0,609,4,605,42,42,6,131,38,5,32,25,1,34,32,178,39
99,98803,מעטפות חיצוניות,9999,803.0,0,0,0,635,4,631,105,144,32,43,26,14,7,78,3,8,51,94,26
99,98804,מעטפות חיצוניות,9999,804.0,0,0,0,628,5,623,84,64,20,82,43,25,29,24,6,47,53,128,18
99,98805,מעטפות חיצוניות,9999,805.0,0,0,0,632,1,631,145,105,29,62,7,41,13,0,0,12,56,138,23
99,98808,מעטפות חיצוניות,9999,808.0,0,0,0,623,6,617,95,100,40,108,76,6,22,2,3,7,62,79,17
99,98809,מעטפות חיצוניות,9999,809.0,0,0,0,629,4,625,163,37,8,67,42,16,23,10,13,42,79,118,7
99,98810,מעטפות חיצוניות,9999,810.0,0,0,0,642,11,631,66,109,166,55,25,32,0,6,2,2,21,132,15
99,98811,מעטפות חיצוניות,9999,811.0,0,0,0,632,5,627,74,83,26,71,110,83,1,1,1,8,49,80,40
99,98812,מעטפות חיצוניות,9999,812.0,0,0,0,632,6,626,116,44,27,46,53,16,10,13,6,21,71,175,28
99,98813,מעטפות חיצוניות,9999,813.0,0,0,0,652,1,651,106,50,2,39,131,85,10,6,2,54,41,107,18
99,98814,מעטפות חיצוניות,9999,814.0,0,0,0,635,16,619,64,94,63,60,13,13,30,17,11,20,86,142,6
99,98815,מעטפות חיצוניות,9999,815.0,0,0,0,633,11,622,139,68,95,80,25,24,5,1,12,22,39,108,4
99,98816,מעטפות חיצוניות,9999,816.0,0,0,0,643,4,639,134,94,4,45,101,65,11,2,6,39,84,49,5
99,98817,מעטפות חיצוניות,9999,817.0,0,0,0,630,1,629,143,90,4,12,87,25,2,12,12,11,82,146,3
99,98818,מעטפות חיצוניות,9999,818.0,0,0,0,624,6,618,127,62,92,96,16,49,9,6,6,3,57,89,6
99,98819,מעטפות חיצוניות,9999,819.0,0,0,0,624,0,624,154,109,24,26,89,26,3,0,4,16,68,94,11
99,98821,מעטפות חיצוניות,9999,821.0,0,0,0,620,2,618,124,105,20,70,74,6,16,0,9,23,59,98,14
99,98822,מעטפות חיצוניות,9999,822.0,0,0,0,633,11,622,179,56,31,64,84,12,5,5,8,10,28,134,6
99,98823,מעטפות חיצוניות,9999,823.0,0,0,0,637,11,626,75,131,101,34,50,29,3,10,1,28,38,101,25
99,98825,מעטפות חיצוניות,9999,825.0,0,0,0,642,5,637,82,71,26,47,41,41,10,8,9,29,91,156,26
99,98826,מעטפות חיצוניות,9999,826.0,0,0,0,650,15,635,52,53,160,39,33,17,15,12,10,3,23,203,15
99,98827,מעטפות חיצוניות,9999,827.0,0,0,0,632,4,628,144,71,20,48,40,1,38,16,0,31,85,120,14
99,98828,מעטפות חיצוניות,9999,828.0,0,0,0,635,18,617,54,134,33,15,69,11,24,13,18,40,36,168,2
99,98829,מעטפות חיצוניות,9999,829.0,0,0,0,626,4,622,86,120,18,74,14,12,60,50,2,29,39,110,8
99,98830,מעטפות חיצוניות,9999,830.0,0,0,0,631,4,627,147,98,38,50,39,2,23,18,9,15,39,131,18
99,98831,מעטפות חיצוניות,9999,831.0,0,0,0,303,4,299,62,20,20,45,11,5,3,11,0,25,9,62,26
99,98832,מעטפות חיצוניות,9999,832.0,0,0,0,319,3,316,58,15,2,29,2,12,8,25,18,17,44,83,3
99,98835,מעטפות חיצוניות,9999,835.0,0,0,0,290,2,288,38,20,24,39,16,8,5,16,2,12,36,62,10
99,98837,מעטפות חיצוניות,9999,837.0,0,0,0,637,4,633,115,65,15,63,30,27,64,4,11,26,35,166,12
99,98841,מעטפות חיצוניות,9999,841.0,0,0,0,624,4,620,57,80,76,90,9,9,12,39,0,41,25,175,7
99,98843,מעטפות חיצוניות,9999,843.0,0,0,0,580,1,579,91,125,36,47,43,8,4,8,1,19,46,148,3
99,98845,מעטפות חיצוניות,9999,845.0,0,0,0,530,10,520,92,40,75,53,50,7,6,7,4,22,35,102,27
99,98846,מעטפות חיצוניות,9999,846.0,0,0,0,530,3,527,36,75,68,65,14,28,25,6,7,1,34,152,16
99,98848,מעטפות חיצוניות,9999,848.0,0,0,0,542,4,538,28,93,25,68,14,2,115,2,14,10,16,130,21
99,98850,מעטפות חיצוניות,9999,850.0,0,0,0,505,2,503,90,96,35,74,50,13,2,5,4,15,54,58,7
99,98861,מעטפות חיצוניות,9999,861.0,0,0,0,627,6,621,75,110,11,84,28,6,24,17,1,27,75,158,5
99,98881,מעטפות חיצוניות,9999,881.0,0,0,0,642,1,641,118,97,26,103,24,16,6,41,20,23,55,87,25
99,98892,מעטפות חיצוניות,9999,892.0,0,0,0,517,3,514,76,64,23,66,19,19,20,4,10,28,69,106,10
99,98901,מעטפות חיצוניות,9999,901.0,0,0,0,427,9,418,86,50,15,52,17,21,28,5,6,22,38,77,1
99,98902,מעטפות חיצוניות,9999,902.0,0,0,0,537,6,531,117,44,25,49,29,61,22,15,13,19,59,76,2
99,98912,מעטפות חיצוניות,9999,912.0,0,0,0,530,10,520,39,102,29,90,41,3,16,13,7,25,39,100,16
99,98922,מעטפות חיצוניות,9999,922.0,0,0,0,638,5,633,65,99,10,64,45,37,30,98,7,29,35,75,39
99,98931,מעטפות חיצוניות,9999,931.0,0,0,0,283,3,280,78,52,21,23,6,2,0,0,0,10,25,40,23
99,98932,מעטפות חיצוניות,9999,932.0,0,0,0,210,4,206,34,26,7,26,2,1,0,8,0,26,30,37,9
99,98933,מעטפות חיצוניות,9999,933.0,0,0,0,215,4,211,18,46,11,26,4,10,8,4,0,11,11,52,10
99,98936,מעטפות חיצוניות,9999,936.0,0,0,0,114,2,112,22,15,3,14,8,8,4,0,0,3,11,23,1
99,98943,מעטפות חיצוניות,9999,943.0,0,0,0,263,3,260,51,22,5,37,25,9,19,4,1,19,22,26,20
99,98944,מעטפות חיצוניות,9999,944.0,0,0,0,206,0,206,31,25,7,10,39,13,1,11,0,13,18,33,5
99,98945,מעטפות חיצוניות,9999,945.0,0,0,0,312,2,310,70,42,32,17,9,8,0,0,0,14,31,85,2
99,98951,מעטפות חיצוניות,9999,951.0,0,0,0,103,1,102,9,7,2,3,6,4,4,30,2,7,6,20,2
99,98953,מעטפות חיצוניות,9999,953.0,0,0,0,208,0,208,22,37,10,22,41,2,0,0,2,4,16,47,5
99,98954,מעטפות חיצוניות,9999,954.0,0,0,0,188,2,186,55,23,2,11,6,0,0,0,0,13,26,47,3
99,98955,מעטפות חיצוניות,9999,955.0,0,0,0,108,0,108,20,5,4,12,18,7,0,0,0,12,15,12,3
99,98961,מעטפות חיצוניות,9999,961.0,0,0,0,317,3,314,35,36,12,36,37,12,28,7,10,26,24,48,3
99,98962,מעטפות חיצוניות,9999,962.0,0,0,0,330,0,330,58,50,16,22,29,19,3,11,9,27,27,48,11
99,98963,מעטפות חיצוניות,9999,963.0,0,0,0,317,5,312,65,50,28,30,3,4,0,2,0,19,25,77,9
99,98972,מעטפות חיצוניות,9999,972.0,0,0,0,269,1,268,43,49,8,27,16,0,27,5,1,1,8,76,7
99,98973,מעטפות חיצוניות,9999,973.0,0,0,0,315,10,305,46,56,20,17,23,27,2,4,1,36,31,38,4
99,98976,מעטפות חיצוניות,9999,976.0,0,0,0,164,0,164,13,22,2,39,2,14,4,17,0,6,19,26,0
99,98977,מעטפות חיצוניות,9999,977.0,0,0,0,314,0,314,49,56,16,46,26,2,0,0,0,18,32,64,5
99,98983,מעטפות חיצוניות,9999,983.0,0,0,0,158,1,157,13,20,8,13,11,1,9,1,4,12,26,35,4
99,98984,מעטפות חיצוניות,9999,984.0,0,0,0,107,0,107,12,9,7,11,5,3,0,0,0,21,13,26,0
99,98986,מעטפות חיצוניות,9999,986.0,0,0,0,319,4,315,48,71,6,30,24,25,1,0,0,14,30,49,17
99,98991,מעטפות חיצוניות,9999,991.0,0,0,0,107,0,107,13,20,4,7,7,4,2,0,1,8,20,17,4
99,98993,מעטפות חיצוניות,9999,993.0,0,0,0,106,0,106,20,13,13,2,6,5,3,0,2,12,5,23,2
99,98995,מעטפות חיצוניות,9999,995.0,0,0,0,109,1,108,9,29,11,10,0,0,0,0,0,7,5,35,2
99,99201,מעטפות חיצוניות,9999,1201.0,0,0,0,664,3,661,62,52,24,134,12,2,36,48,21,14,10,179,67
99,99202,מעטפות חיצוניות,9999,1202.0,0,0,0,317,1,316,31,65,4,39,7,0,55,5,7,6,33,56,8
99,99203,מעטפות חיצוניות,9999,1203.0,0,0,0,334,1,333,18,43,39,72,0,0,18,11,6,1,8,100,17
99,99204,מעטפות חיצוניות,9999,1204.0,0,0,0,314,0,314,35,20,14,7,25,16,7,7,2,11,55,107,8
99,99205,מעטפות חיצוניות,9999,1205.0,0,0,0,316,0,316,77,74,7,16,42,11,8,3,0,5,24,46,3
99,99206,מעטפות חיצוניות,9999,1206.0,0,0,0,311,4,307,39,38,12,17,41,22,20,9,3,19,38,48,1
99,99207,מעטפות חיצוניות,9999,1207.0,0,0,0,335,2,333,2,86,28,61,27,0,12,0,0,1,5,94,17
99,99208,מעטפות חיצוניות,9999,1208.0,0,0,0,333,2,331,15,44,36,83,19,11,6,2,17,8,4,79,7
99,99210,מעטפות חיצוניות,9999,1210.0,0,0,0,312,1,311,35,59,33,47,15,2,22,2,9,3,20,52,12
99,99211,מעטפות חיצוניות,9999,1211.0,0,0,0,308,2,306,82,29,6,14,37,10,16,25,5,15,18,30,19
99,99212,מעטפות חיצוניות,9999,1212.0,0,0,0,298,3,295,70,18,12,33,41,11,2,1,0,8,18,64,17
99,99213,מעטפות חיצוניות,9999,1213.0,0,0,0,309,0,309,48,38,4,48,7,1,12,19,3,6,72,45,6
99,99214,מעטפות חיצוניות,9999,1214.0,0,0,0,300,2,298,11,53,27,42,17,7,42,2,14,6,9,63,5
99,99215,מעטפות חיצוניות,9999,1215.0,0,0,0,318,0,318,11,38,13,16,51,39,28,15,5,12,58,30,2
99,99216,מעטפות חיצוניות,9999,1216.0,0,0,0,310,2,308,27,17,5,17,45,15,50,40,13,2,26,21,30
99,99217,מעטפות חיצוניות,9999,1217.0,0,0,0,271,2,269,30,70,17,36,4,0,6,1,5,7,25,60,8
99,99220,מעטפות חיצוניות,9999,1220.0,0,0,0,330,0,330,34,67,16,17,24,62,3,1,0,11,12,73,10
99,99222,מעטפות חיצוניות,9999,1222.0,0,0,0,321,1,320,37,69,51,42,22,2,0,3,2,0,39,47,6
99,99223,מעטפות חיצוניות,9999,1223.0,0,0,0,314,2,312,47,27,8,24,38,40,22,1,5,20,35,45,0
99,99224,מעטפות חיצוניות,9999,1224.0,0,0,0,322,1,321,50,42,35,15,12,16,12,7,0,7,26,88,11
99,99226,מעטפות חיצוניות,9999,1226.0,0,0,0,302,3,299,54,56,27,41,9,6,11,2,0,17,27,41,8
99,99227,מעטפות חיצוניות,9999,1227.0,0,0,0,316,1,315,56,38,13,30,45,11,5,0,0,11,14,88,4
99,99228,מעטפות חיצוניות,9999,1228.0,0,0,0,310,0,310,46,27,21,22,35,37,18,1,1,17,34,44,7
99,99258,מעטפות חיצוניות,9999,1258.0,0,0,0,325,1,324,28,42,17,49,4,21,2,18,1,8,20,102,12
